coin,date,n_fills,mean_fill_size,spread_capture_bp_10s,adverse_select_bp_10s,net_markout_bp_10s,spread_capture_bp_60s,adverse_select_bp_60s,net_markout_bp_60s,spread_capture_szw_bp_10s,adverse_select_szw_bp_10s,net_markout_szw_bp_10s,spread_capture_szw_bp_60s,adverse_select_szw_bp_60s,net_markout_szw_bp_60s,rv_10s_bp
ARB,20230401,3314,0.939469,1.95466,-1.650845,0.303815,1.95466,-2.113948,-0.159288,1.958156,-1.664317,0.293839,1.958156,-2.098623,-0.140467,5.765094
ARB,20230404,3384,0.956649,2.094719,-2.099927,-0.005207,2.094719,-1.748592,0.346127,2.094866,-2.116311,-0.021446,2.094866,-1.773845,0.32102,5.783577
ARB,20230407,856,0.966472,2.092745,-2.308058,-0.215314,2.092745,-2.025436,0.067309,2.09346,-2.357421,-0.263961,2.09346,-2.062546,0.030914,3.814196
ARB,20230410,4797,0.961664,0.607127,-2.341819,-1.734692,0.607127,-2.534662,-1.927535,0.608329,-2.353099,-1.74477,0.608329,-2.513717,-1.905388,4.029674
ARB,20230413,11475,0.961386,0.431595,-1.180212,-0.748617,0.431595,-0.738901,-0.307306,0.430699,-1.179874,-0.749175,0.430699,-0.771102,-0.340403,5.800634
ARB,20230416,14276,0.894662,0.360809,-1.6876,-1.326791,0.360809,-2.031625,-1.670816,0.359416,-1.618134,-1.258718,0.359416,-1.952881,-1.593465,6.19351
ARB,20230419,16398,0.934388,0.48439,-1.16528,-0.68089,0.48439,-1.037994,-0.553604,0.481016,-1.272358,-0.791343,0.481016,-1.302592,-0.821576,10.202902
ARB,20230422,9047,0.925589,0.367083,-1.308705,-0.941622,0.367083,-0.824531,-0.457448,0.366449,-1.336733,-0.970284,0.366449,-0.82044,-0.453991,5.227558
ARB,20230425,7637,0.924709,0.404452,-1.605738,-1.201286,0.404452,-0.927638,-0.523185,0.404876,-1.614306,-1.209429,0.404876,-0.91628,-0.511403,5.346142
ARB,20230428,4900,0.895469,0.38817,-1.242687,-0.854517,0.38817,-1.242855,-0.854685,0.38987,-1.271342,-0.881472,0.38987,-1.291584,-0.901714,4.374404
ARB,20230501,4222,0.81774,0.40272,-1.384191,-0.98147,0.40272,-1.644657,-1.241936,0.406674,-1.44964,-1.042966,0.406674,-1.608266,-1.201592,4.33512
ARB,20230504,2471,0.799312,0.379537,-1.370416,-0.990879,0.379537,-1.450872,-1.071335,0.37903,-1.601888,-1.222858,0.37903,-1.634086,-1.255056,2.761737
ARB,20230507,1894,0.865839,0.410038,-1.792098,-1.38206,0.410038,-1.263847,-0.853809,0.409666,-1.979178,-1.569512,0.409666,-1.557792,-1.148126,3.29775
ARB,20230510,7363,0.860627,0.511862,-2.181047,-1.669185,0.511862,-2.432918,-1.921056,0.517713,-2.326945,-1.809232,0.517713,-2.455163,-1.93745,7.81382
ARB,20230513,2301,0.882138,0.438535,-1.660542,-1.222007,0.438535,-1.391199,-0.952665,0.439806,-1.731752,-1.291946,0.439806,-1.653547,-1.213741,3.957635
ARB,20230516,2283,0.850153,0.440174,-1.676073,-1.235899,0.440174,-1.752091,-1.311917,0.44152,-1.924014,-1.482495,0.44152,-1.950984,-1.509464,3.724253
ARB,20230519,1299,0.910162,0.44512,-2.176915,-1.731795,0.44512,-2.615662,-2.170541,0.445354,-2.369675,-1.924322,0.445354,-2.632139,-2.186785,3.17461
ARB,20230522,992,0.87127,0.455858,-1.774846,-1.318989,0.455858,-1.853248,-1.39739,0.45603,-1.95338,-1.497351,0.45603,-2.025628,-1.569598,2.915514
ARB,20230525,1317,0.919134,0.47271,-2.146466,-1.673756,0.47271,-2.938423,-2.465712,0.474247,-2.126051,-1.651804,0.474247,-3.080851,-2.606604,3.385961
ARB,20230528,1959,0.92782,0.426613,-1.92586,-1.499247,0.426613,-1.723789,-1.297176,0.425799,-1.981523,-1.555724,0.425799,-1.650936,-1.225138,3.896546
ARB,20230531,1627,0.9311,0.457552,-2.608689,-2.151137,0.457552,-2.499023,-2.041471,0.458766,-2.345446,-1.886679,0.458766,-2.157324,-1.698558,3.930408
ARB,20230603,1343,0.915637,0.413847,-1.981771,-1.567924,0.413847,-2.097043,-1.683196,0.414545,-2.006277,-1.591732,0.414545,-1.881716,-1.467171,2.8551
ARB,20230606,2731,0.947565,0.452291,-1.956818,-1.504527,0.452291,-3.211368,-2.759077,0.452413,-2.03026,-1.577847,0.452413,-3.168132,-2.715719,4.70901
ARB,20230609,1139,0.96374,0.454678,-1.723153,-1.268475,0.454678,-1.904612,-1.449934,0.454388,-1.751099,-1.296711,0.454388,-1.877878,-1.42349,2.892756
ARB,20230612,2094,0.956351,0.53192,-2.57248,-2.04056,0.53192,-3.375556,-2.843636,0.53161,-2.561184,-2.029574,0.53161,-3.369167,-2.837557,5.113436
ARB,20230615,2570,0.909689,0.540847,-2.036202,-1.495356,0.540847,-1.533546,-0.992699,0.54123,-2.024796,-1.483565,0.54123,-1.662305,-1.121074,4.337878
ARB,20230618,2539,0.95896,0.508399,-1.75644,-1.248041,0.508399,-1.664931,-1.156532,0.50835,-1.740429,-1.232078,0.50835,-1.654348,-1.145998,3.817793
ARB,20230621,5789,0.897202,0.472775,-2.098059,-1.625283,0.472775,-2.794876,-2.322101,0.47409,-2.056093,-1.582003,0.47409,-2.78246,-2.30837,5.614172
ARB,20230624,2714,0.927155,0.477714,-1.822533,-1.344819,0.477714,-1.743203,-1.265489,0.479568,-1.831959,-1.352391,0.479568,-1.710189,-1.230621,4.086711
ARB,20230627,5587,0.959459,0.429344,-2.035253,-1.605909,0.429344,-1.865791,-1.436446,0.429643,-2.041806,-1.612163,0.429643,-1.880289,-1.450646,5.447894
ARB,20230630,6695,0.960926,0.503897,-2.787179,-2.283282,0.503897,-2.927536,-2.423639,0.505628,-2.831195,-2.325567,0.505628,-2.945668,-2.44004,7.939396
ARB,20230703,2525,0.932,0.437522,-2.322284,-1.884762,0.437522,-2.021135,-1.583613,0.438205,-2.338717,-1.900512,0.438205,-2.0567,-1.618495,3.645649
ARB,20230706,3696,0.959497,0.467902,-2.019166,-1.551263,0.467902,-2.127822,-1.65992,0.467822,-2.036901,-1.569079,0.467822,-2.108959,-1.641137,4.008437
ARB,20230709,1557,0.950546,0.448429,-1.939643,-1.491214,0.448429,-1.858733,-1.410303,0.448501,-1.937403,-1.488902,0.448501,-1.858227,-1.409727,2.369041
ARB,20230712,1616,0.962809,0.456339,-2.04493,-1.588591,0.456339,-2.313797,-1.857458,0.456552,-2.075948,-1.619396,0.456552,-2.308539,-1.851988,2.561865
ARB,20230715,5197,0.953454,0.410919,-2.183918,-1.772998,0.410919,-2.212553,-1.801633,0.411081,-2.179062,-1.767981,0.411081,-2.181367,-1.770286,5.189585
ARB,20230718,5106,0.954172,0.415471,-2.137744,-1.722273,0.415471,-2.483238,-2.067767,0.415981,-2.169033,-1.753052,0.415981,-2.441149,-2.025168,5.056514
ARB,20230721,2731,0.903186,0.407105,-1.786823,-1.379718,0.407105,-1.666689,-1.259584,0.407818,-1.781874,-1.374057,0.407818,-1.709983,-1.302165,3.210058
ARB,20230724,2157,0.943904,0.461339,-1.617548,-1.156209,0.461339,-1.348918,-0.887579,0.463294,-1.575262,-1.111968,0.463294,-1.222665,-0.759371,3.431525
ARB,20230727,1029,0.926628,0.426883,-1.464628,-1.037745,0.426883,-1.625144,-1.198261,0.426964,-1.470834,-1.04387,0.426964,-1.582919,-1.155955,2.124377
ARB,20230730,900,0.939778,0.478324,-1.630672,-1.152348,0.478324,-1.808424,-1.3301,0.480151,-1.565892,-1.085741,0.480151,-1.895712,-1.415562,2.406976
ARB,20230802,1539,0.923717,0.444266,-1.609021,-1.164755,0.444266,-1.735859,-1.291593,0.444938,-1.616666,-1.171727,0.444938,-1.837995,-1.393057,2.449756
ARB,20230805,599,0.923706,0.442116,-1.68939,-1.247274,0.442116,-1.393703,-0.951587,0.442602,-1.626615,-1.184013,0.442602,-1.281725,-0.839123,1.78611
ARB,20230808,1059,0.943626,0.443427,-1.70025,-1.256823,0.443427,-1.377678,-0.934251,0.444004,-1.674449,-1.230445,0.444004,-1.382953,-0.938949,2.17405
ARB,20230811,432,0.952546,0.436065,-1.316824,-0.880759,0.436065,-1.300649,-0.864584,0.436251,-1.317389,-0.881139,0.436251,-1.29158,-0.85533,1.360977
ARB,20230814,679,0.940648,0.44694,-1.333577,-0.886637,0.44694,-1.429632,-0.982693,0.447476,-1.251456,-0.80398,0.447476,-1.335717,-0.888241,1.492881
ARB,20230817,3324,0.964741,0.7874,-1.260062,-0.472662,0.7874,0.168102,0.955502,0.797562,-1.259708,-0.462146,0.797562,0.056151,0.853713,7.998125
ARB,20230820,776,0.830928,0.500606,-1.992483,-1.491877,0.500606,-1.945755,-1.445149,0.502765,-1.886122,-1.383357,0.502765,-1.593747,-1.090982,2.105282
ARB,20230823,1287,0.919503,0.516172,-1.669266,-1.153093,0.516172,-1.643473,-1.127301,0.516949,-1.673574,-1.156625,0.516949,-1.702663,-1.185714,2.966013
ARB,20230826,600,0.873833,0.536647,-1.851358,-1.314711,0.536647,-2.108023,-1.571376,0.537846,-1.808187,-1.27034,0.537846,-1.969243,-1.431397,1.781453
ARB,20230829,2161,0.949236,0.553355,-2.153062,-1.599708,0.553355,-2.149039,-1.595684,0.554473,-2.09389,-1.539416,0.554473,-2.029004,-1.47453,3.794234
ARB,20230901,1393,0.889519,0.567736,-2.106136,-1.538401,0.567736,-2.270348,-1.702613,0.569699,-2.01317,-1.443471,0.569699,-2.073186,-1.503488,3.290446
ARB,20230904,1045,0.952344,0.559589,-1.931323,-1.371735,0.559589,-2.028573,-1.468984,0.559899,-1.934347,-1.374448,0.559899,-1.925107,-1.365208,2.663692
ARB,20230907,907,0.923815,0.564192,-1.931649,-1.367456,0.564192,-1.622069,-1.057876,0.565184,-1.954036,-1.388852,0.565184,-1.715775,-1.150591,2.101513
ARB,20230910,1554,0.961261,0.616823,-3.197402,-2.580579,0.616823,-2.409148,-1.792325,0.61774,-3.274705,-2.656964,0.61774,-2.516879,-1.899138,4.179857
ARB,20230913,2873,0.969753,0.744512,-2.214937,-1.470425,0.744512,-2.284266,-1.539753,0.745596,-2.190917,-1.445321,0.745596,-2.167152,-1.421556,5.304436
ARB,20230916,1346,0.957652,0.617094,-3.007669,-2.390575,0.617094,-3.856121,-3.239027,0.616646,-3.004395,-2.387749,0.616646,-3.800905,-3.184259,3.345869
ARB,20230919,1420,0.954155,0.607448,-2.086993,-1.479545,0.607448,-2.74584,-2.138392,0.606252,-2.049036,-1.442784,0.606252,-2.623905,-2.017653,3.170106
ARB,20230922,949,0.944257,0.600217,-1.989252,-1.389035,0.600217,-2.099217,-1.499,0.600387,-2.005693,-1.405307,0.600387,-2.084476,-1.484089,2.635621
ARB,20230925,898,0.921381,0.6292,-2.387491,-1.758291,0.6292,-2.328598,-1.699398,0.630336,-2.407617,-1.777282,0.630336,-2.21655,-1.586214,2.618264
ARB,20230928,1820,0.975934,0.590739,-2.227903,-1.637164,0.590739,-2.025872,-1.435133,0.590663,-2.214826,-1.624163,0.590663,-1.911757,-1.321095,3.82231
ARB,20231001,2289,0.979904,0.568085,-2.586488,-2.018403,0.568085,-2.867357,-2.299272,0.566944,-2.633238,-2.066295,0.566944,-2.886049,-2.319106,4.350197
ARB,20231004,2239,0.975212,0.602363,-2.224946,-1.622583,0.602363,-3.095132,-2.49277,0.603222,-2.25939,-1.656169,0.603222,-3.167997,-2.564775,3.947712
ARB,20231007,826,0.941404,0.570361,-1.848903,-1.278542,0.570361,-1.922716,-1.352355,0.570553,-1.830381,-1.259829,0.570553,-1.89359,-1.323038,1.909198
ARB,20231010,987,0.951469,0.610192,-1.936311,-1.326119,0.610192,-2.386676,-1.776484,0.61024,-1.893239,-1.282999,0.61024,-2.345918,-1.735678,2.71489
ARB,20231013,894,0.959172,0.638868,-2.382853,-1.743986,0.638868,-2.9132,-2.274333,0.639667,-2.367804,-1.728137,0.639667,-2.978948,-2.339282,2.62278
ARB,20231016,1537,0.96864,0.655515,-2.196915,-1.5414,0.655515,-0.980837,-0.325322,0.656137,-2.188664,-1.532527,0.656137,-0.93239,-0.276253,3.204425
ARB,20231019,693,0.966522,0.677435,-2.178106,-1.500671,0.677435,-2.588323,-1.910888,0.678548,-2.184793,-1.506245,0.678548,-2.559786,-1.881239,2.609657
ARB,20231022,1160,0.950517,0.614849,-2.333044,-1.718195,0.614849,-3.783007,-3.168158,0.615643,-2.31589,-1.700247,0.615643,-3.770717,-3.155074,3.331651
ARB,20231025,2111,0.970393,0.563433,-2.126755,-1.563322,0.563433,-2.237408,-1.673974,0.563428,-2.107326,-1.543898,0.563428,-2.195028,-1.6316,4.642145
ARB,20231028,1199,0.95563,0.546632,-1.833041,-1.286408,0.546632,-2.068707,-1.522075,0.546804,-1.846559,-1.299755,0.546804,-2.096164,-1.54936,2.773966
ARB,20231031,2202,0.969936,0.564897,-1.951789,-1.386892,0.564897,-2.732492,-2.167595,0.565972,-1.880335,-1.314363,0.565972,-2.746798,-2.180825,4.340377
ARB,20231103,5340,0.989382,0.519971,-2.286009,-1.766038,0.519971,-2.39928,-1.879309,0.519768,-2.295291,-1.775523,0.519768,-2.372734,-1.852966,6.30773
ARB,20231106,4530,0.979492,0.472176,-2.085507,-1.61333,0.472176,-2.2412,-1.769024,0.472269,-2.079517,-1.607248,0.472269,-2.24512,-1.772851,5.437701
ARB,20231109,9765,0.984721,0.698492,-1.825259,-1.126767,0.698492,-3.201559,-2.503067,0.697301,-1.953701,-1.2564,0.697301,-3.382369,-2.685068,13.867502
ARB,20231112,3880,0.980541,0.468826,-2.099004,-1.630178,0.468826,-2.236855,-1.768028,0.469376,-2.073969,-1.604593,0.469376,-2.197139,-1.727763,5.077105
ARB,20231115,3482,0.9805,0.462154,-1.907605,-1.445451,0.462154,-1.815683,-1.353529,0.462394,-1.905801,-1.443407,0.462394,-1.814269,-1.351875,3.989414
ARB,20231118,2253,0.982024,0.507373,-1.992075,-1.484702,0.507373,-2.471649,-1.964276,0.507699,-1.996611,-1.488912,0.507699,-2.4869,-1.9792,4.004853
ARB,20231121,4152,0.986079,0.568989,-2.722542,-2.153553,0.568989,-2.386321,-1.817333,0.567624,-2.714045,-2.146421,0.567624,-2.413011,-1.845387,6.461847
ARB,20231124,2205,0.965896,0.493553,-1.998395,-1.504842,0.493553,-2.290733,-1.797181,0.493456,-1.986396,-1.492939,0.493456,-2.268901,-1.775445,3.461833
ARB,20231127,2145,0.960466,0.506935,-2.131476,-1.624541,0.506935,-2.000504,-1.493569,0.507117,-2.111204,-1.604087,0.507117,-1.960608,-1.453491,3.605131
ARB,20231130,1664,0.96232,0.502111,-1.883001,-1.38089,0.502111,-1.717283,-1.215172,0.502353,-1.87751,-1.375157,0.502353,-1.723649,-1.221296,2.633815
ARB,20231203,2298,0.966101,0.472145,-1.74576,-1.273615,0.472145,-1.968929,-1.496784,0.472792,-1.709666,-1.236873,0.472792,-1.938989,-1.466197,2.98206
ARB,20231206,3666,0.971331,0.494713,-2.083453,-1.58874,0.494713,-2.411299,-1.916586,0.495643,-2.071183,-1.57554,0.495643,-2.345074,-1.849431,4.832472
ARB,20231209,7279,0.981824,0.532753,-2.124538,-1.591786,0.532753,-2.133363,-1.60061,0.532807,-2.120853,-1.588047,0.532807,-2.039887,-1.507081,6.020341
ARB,20231212,8002,0.979955,0.476397,-2.472454,-1.996057,0.476397,-2.346809,-1.870412,0.476431,-2.470071,-1.99364,0.476431,-2.35698,-1.88055,7.314412
ARB,20231215,3975,0.974918,0.467556,-2.243453,-1.775897,0.467556,-2.124147,-1.656591,0.468143,-2.219818,-1.751674,0.468143,-2.083661,-1.615517,4.290375
ARB,20231218,3703,0.960383,0.498929,-2.323896,-1.824966,0.498929,-2.1061,-1.607171,0.499609,-2.342721,-1.843112,0.499609,-2.095904,-1.596295,4.844065
ARB,20231221,3306,0.983152,0.455559,-1.839734,-1.384175,0.455559,-1.520181,-1.064622,0.455631,-1.860444,-1.404813,0.455631,-1.526048,-1.070417,4.339083
ARB,20231224,7940,0.972406,0.431552,-2.114236,-1.682684,0.431552,-1.756529,-1.324976,0.432948,-2.120436,-1.687488,0.432948,-1.758234,-1.325287,7.054413
ARB,20231227,10179,0.980342,0.424033,-1.854583,-1.430551,0.424033,-1.487408,-1.063375,0.423863,-1.844771,-1.420908,0.423863,-1.456688,-1.032825,8.02791
ARB,20231230,7701,0.951967,0.365963,-1.974498,-1.608535,0.365963,-2.320933,-1.95497,0.366658,-1.959559,-1.592901,0.366658,-2.232727,-1.866069,4.848402
ARB,20240102,14621,0.955516,0.341179,-1.721743,-1.380564,0.341179,-1.785897,-1.444717,0.342231,-1.706531,-1.3643,0.342231,-1.743869,-1.401637,7.70008
ARB,20240105,19171,0.965323,0.347083,-1.864304,-1.517221,0.347083,-1.990099,-1.643016,0.348971,-1.873562,-1.524591,0.348971,-2.012148,-1.663177,9.201336
ARB,20240108,19450,0.977835,0.34422,-2.245025,-1.900805,0.34422,-2.564355,-2.220135,0.344807,-2.237287,-1.89248,0.344807,-2.493158,-2.148351,9.732569
ARB,20240111,24311,0.977973,0.280267,-1.80552,-1.525253,0.280267,-2.227688,-1.947421,0.2803,-1.797391,-1.517091,0.2803,-2.214955,-1.934655,9.5677
ARB,20240114,11740,0.960852,0.261646,-1.640444,-1.378797,0.261646,-1.879822,-1.618176,0.261817,-1.629957,-1.36814,0.261817,-1.857205,-1.595388,5.31261
ARB,20240117,9753,0.962811,0.262989,-1.567273,-1.304285,0.262989,-1.22453,-0.961542,0.263222,-1.527441,-1.264219,0.263222,-1.193411,-0.930189,4.660854
ARB,20240120,8757,0.961893,0.299971,-1.746582,-1.446611,0.299971,-1.759594,-1.459623,0.300257,-1.737223,-1.436965,0.300257,-1.749651,-1.449394,4.276177
ARB,20240123,17875,0.981807,0.349083,-1.826172,-1.477089,0.349083,-1.545715,-1.196632,0.349181,-1.824368,-1.475188,0.349181,-1.536389,-1.187208,7.494388
ARB,20240126,11051,0.975188,0.306378,-1.40935,-1.102972,0.306378,-1.281894,-0.975516,0.306392,-1.397739,-1.091348,0.306392,-1.245703,-0.939312,4.885837
ARB,20240129,9143,0.943771,0.300206,-1.419425,-1.119219,0.300206,-1.302636,-1.00243,0.300521,-1.41952,-1.118999,0.300521,-1.32648,-1.025959,4.000784
ARB,20240201,7949,0.955567,0.30937,-1.469382,-1.160012,0.30937,-1.356698,-1.047327,0.309858,-1.456838,-1.146981,0.309858,-1.34252,-1.032662,4.477505
ARB,20240204,7257,0.93664,0.304648,-1.327765,-1.023117,0.304648,-1.258285,-0.953637,0.305387,-1.309044,-1.003657,0.305387,-1.232857,-0.92747,3.056875
ARB,20240207,12854,0.892594,0.288646,-1.420572,-1.131926,0.288646,-1.667953,-1.379308,0.289673,-1.420821,-1.131148,0.289673,-1.652869,-1.363195,3.948607
ARB,20240210,8051,0.883903,0.261746,-1.435432,-1.173686,0.261746,-1.566968,-1.305222,0.262388,-1.454561,-1.192173,0.262388,-1.551951,-1.289563,2.767578
ARB,20240213,10587,0.906215,0.266417,-1.690713,-1.424296,0.266417,-1.982564,-1.716147,0.267448,-1.688284,-1.420836,0.267448,-1.985094,-1.717646,4.004997
ARB,20240216,6889,0.973291,0.290177,-1.403206,-1.113029,0.290177,-1.333936,-1.043759,0.288819,-1.378927,-1.090108,0.288819,-1.395078,-1.106258,4.046181
ARB,20240219,7438,0.965717,0.260427,-1.396723,-1.136296,0.260427,-1.265684,-1.005257,0.260694,-1.39984,-1.139145,0.260694,-1.256258,-0.995564,3.917652
ARB,20240222,11216,0.903272,0.290476,-1.536626,-1.24615,0.290476,-1.527554,-1.237078,0.291655,-1.495016,-1.20336,0.291655,-1.485305,-1.193649,4.73487
ARB,20240225,8639,0.955006,0.289437,-1.406894,-1.117458,0.289437,-1.307108,-1.017671,0.28902,-1.412888,-1.123868,0.28902,-1.331847,-1.042827,3.527065
ARB,20240228,14533,0.969931,0.410904,-1.491686,-1.080782,0.410904,-1.692264,-1.28136,0.409971,-1.495386,-1.085416,0.409971,-1.673336,-1.263366,7.714636
ARB,20240302,11814,0.969037,0.271118,-1.532703,-1.261585,0.271118,-1.737696,-1.466578,0.271518,-1.539746,-1.268228,0.271518,-1.7624,-1.490882,4.11014
ARB,20240305,27452,0.981426,0.466268,-1.703725,-1.237457,0.466268,-1.996537,-1.530269,0.462615,-1.704782,-1.242167,0.462615,-1.993323,-1.530708,13.83124
ARB,20240308,14988,0.977175,0.38256,-1.51054,-1.12798,0.38256,-1.911405,-1.528845,0.379069,-1.598386,-1.219317,0.379069,-1.920128,-1.541058,7.853428
ARB,20240311,11648,0.978022,0.306902,-1.463603,-1.156702,0.306902,-1.435821,-1.12892,0.305313,-1.464222,-1.158908,0.305313,-1.400075,-1.094762,5.562269
ARB,20240314,13145,0.973229,0.313353,-1.353315,-1.039962,0.313353,-0.938787,-0.625434,0.313651,-1.364085,-1.050435,0.313651,-0.954597,-0.640947,6.135532
ARB,20240317,14228,0.969019,0.331091,-1.571445,-1.240354,0.331091,-1.612244,-1.281153,0.331444,-1.578228,-1.246784,0.331444,-1.678029,-1.346585,5.85324
ARB,20240320,18195,0.973372,0.373816,-1.530566,-1.15675,0.373816,-1.269521,-0.895706,0.372893,-1.555526,-1.182633,0.372893,-1.314934,-0.942041,8.827278
ARB,20240323,8346,0.941337,0.332283,-1.764429,-1.432146,0.332283,-1.506095,-1.173813,0.332807,-1.760085,-1.427278,0.332807,-1.488228,-1.155421,4.093305
ARB,20240326,9482,0.972622,0.317776,-1.446099,-1.128323,0.317776,-1.423935,-1.106159,0.31809,-1.44549,-1.1274,0.31809,-1.444157,-1.126066,4.290756
ARB,20240329,8293,0.967081,0.326541,-1.488511,-1.161971,0.326541,-1.339624,-1.013083,0.32676,-1.472365,-1.145605,0.32676,-1.350374,-1.023613,3.657427
ARB,20240401,9636,0.972873,0.40096,-1.484883,-1.083923,0.40096,-1.707703,-1.306744,0.402869,-1.465553,-1.062684,0.402869,-1.682259,-1.279391,5.536221
ARB,20240404,6610,0.957685,0.361924,-1.637365,-1.275441,0.361924,-1.169538,-0.807614,0.362711,-1.628851,-1.266141,0.362711,-1.194904,-0.832194,4.293584
ARB,20240407,4671,0.963691,0.35617,-1.49173,-1.13556,0.35617,-1.469137,-1.112968,0.356823,-1.482538,-1.125715,0.356823,-1.446555,-1.089732,2.966664
ARB,20240410,7298,0.974089,0.403244,-1.618341,-1.215096,0.403244,-1.899058,-1.495813,0.404029,-1.621681,-1.217653,0.404029,-1.946102,-1.542073,4.920325
ARB,20240413,19034,0.985993,0.999584,-1.947694,-0.94811,0.999584,-0.824842,0.174742,1.003912,-1.927439,-0.923526,1.003912,-0.70644,0.297472,17.109872
ARB,20240416,9441,0.980902,0.498171,-1.738166,-1.239995,0.498171,-1.462167,-0.963996,0.498624,-1.733731,-1.235107,0.498624,-1.493554,-0.99493,7.743921
ARB,20240419,8785,0.964155,0.511542,-1.855478,-1.343936,0.511542,-1.417696,-0.906154,0.513277,-1.834231,-1.320954,0.513277,-1.392036,-0.87876,6.422825
ARB,20240422,5206,0.962255,0.450001,-1.840847,-1.390846,0.450001,-1.870787,-1.420785,0.450398,-1.823445,-1.373048,0.450398,-1.821215,-1.370817,4.150223
ARB,20240425,4840,0.972975,0.496239,-1.932129,-1.43589,0.496239,-1.883353,-1.387114,0.496669,-1.925561,-1.428893,0.496669,-1.86741,-1.370741,4.820599
ARB,20240428,5594,0.979353,0.471731,-1.920208,-1.448476,0.471731,-1.752794,-1.281063,0.472159,-1.92116,-1.449001,0.472159,-1.743556,-1.271397,4.643559
ARB,20240501,8834,0.981526,0.572964,-1.558791,-0.985828,0.572964,-1.906491,-1.333528,0.573893,-1.575205,-1.001312,0.573893,-1.906219,-1.332326,7.292521
ARB,20240504,3959,0.966481,0.506861,-1.596389,-1.089528,0.506861,-1.47274,-0.965879,0.50763,-1.605853,-1.098222,0.50763,-1.490373,-0.982743,3.067931
ARB,20240507,4113,0.967056,0.520599,-1.563864,-1.043265,0.520599,-1.570295,-1.049696,0.521229,-1.552288,-1.031059,0.521229,-1.530125,-1.008896,3.86628
ARB,20240510,4804,0.979059,0.531988,-1.481098,-0.94911,0.531988,-1.744358,-1.21237,0.53242,-1.481673,-0.949253,0.53242,-1.741072,-1.208652,4.16983
ARB,20240513,3972,0.979859,0.542506,-1.278918,-0.736413,0.542506,-1.047257,-0.504752,0.542948,-1.266355,-0.723407,0.542948,-1.034231,-0.491283,4.127003
ARB,20240516,3306,0.980551,0.52958,-1.574792,-1.045212,0.52958,-1.605513,-1.075933,0.529743,-1.562715,-1.032972,0.529743,-1.588593,-1.05885,3.455615
ARB,20240519,3308,0.977297,0.532899,-1.305633,-0.772735,0.532899,-1.211026,-0.678128,0.533571,-1.315947,-0.782376,0.533571,-1.225619,-0.692047,3.065218
ARB,20240522,6688,0.985153,0.455661,-1.651787,-1.196126,0.455661,-1.556509,-1.100848,0.455873,-1.64785,-1.191978,0.455873,-1.543,-1.087127,5.22115
ARB,20240525,4947,0.989064,0.42723,-1.703767,-1.276537,0.42723,-1.838754,-1.411524,0.4273,-1.70058,-1.27328,0.4273,-1.82292,-1.39562,3.865224
ARB,20240528,6140,0.987248,0.436128,-1.739926,-1.303799,0.436128,-1.40841,-0.972282,0.436314,-1.73301,-1.296696,0.436314,-1.392281,-0.955967,5.12175
ARB,20240531,4342,0.987517,0.456382,-1.544119,-1.087736,0.456382,-1.713401,-1.257018,0.456575,-1.54814,-1.091565,0.456575,-1.708227,-1.251652,3.634395
ARB,20240603,3455,0.986802,0.452771,-1.363975,-0.911204,0.452771,-1.575852,-1.12308,0.452609,-1.356853,-0.904244,0.452609,-1.546804,-1.094194,3.045943
ARB,20240606,3370,0.989733,0.460309,-1.210344,-0.750035,0.460309,-1.104762,-0.644453,0.460402,-1.216794,-0.756392,0.460402,-1.119248,-0.658846,2.547177
ARB,20240609,1694,0.987072,0.519306,-1.83878,-1.319474,0.519306,-1.834505,-1.315199,0.519389,-1.846131,-1.326742,0.519389,-1.871658,-1.352268,2.732742
ARB,20240612,4608,0.989301,0.676749,-1.472725,-0.795976,0.676749,-1.226633,-0.549884,0.677751,-1.465223,-0.787471,0.677751,-1.250244,-0.572493,4.664772
ARB,20240615,1947,0.985876,0.550027,-1.848017,-1.29799,0.550027,-1.841483,-1.291456,0.550146,-1.819293,-1.269147,0.550146,-1.833461,-1.283315,2.901588
ARB,20240618,7313,0.991125,0.910843,-3.380522,-2.469679,0.910843,-2.733306,-1.822463,0.911407,-3.425238,-2.513831,0.911407,-2.795386,-1.883979,9.416312
ARB,20240621,2859,0.992375,0.639496,-1.738482,-1.098986,0.639496,-1.882951,-1.243456,0.63961,-1.732639,-1.093029,0.63961,-1.882591,-1.242981,4.487105
ARB,20240624,4332,0.987696,0.728043,-2.218873,-1.49083,0.728043,-1.763502,-1.035459,0.728697,-2.200736,-1.472039,0.728697,-1.777026,-1.048329,5.902259
ARB,20240627,2669,0.985238,0.619354,-1.497148,-0.877795,0.619354,-1.348723,-0.729369,0.619514,-1.500592,-0.881078,0.619514,-1.354187,-0.734673,3.263258
ARB,20240630,1603,0.984342,0.645481,-1.742282,-1.0968,0.645481,-1.589657,-0.944175,0.645653,-1.730566,-1.084913,0.645653,-1.528715,-0.883062,2.570963
ARB,20240703,2615,0.990019,0.682284,-1.708923,-1.026639,0.682284,-1.804065,-1.121781,0.682603,-1.698632,-1.016029,0.682603,-1.784617,-1.102014,3.755125
ARB,20240706,2789,0.983184,0.776128,-1.952634,-1.176506,0.776128,-2.111339,-1.335211,0.77626,-1.952424,-1.176165,0.77626,-2.073291,-1.297031,4.454714
ARB,20240709,3281,0.985888,0.744978,-1.761408,-1.016429,0.744978,-2.05673,-1.311752,0.745158,-1.767582,-1.022425,0.745158,-2.063399,-1.318242,4.960871
ARB,20240712,2241,0.972914,0.731736,-1.479905,-0.748169,0.731736,-1.695081,-0.963346,0.731968,-1.484776,-0.752808,0.731968,-1.727797,-0.995829,3.926595
ARB,20240715,3393,0.981963,0.68926,-1.667223,-0.977963,0.68926,-1.386419,-0.697159,0.689483,-1.6674,-0.977917,0.689483,-1.400979,-0.711496,4.728431
ARB,20240718,2459,0.985238,0.674846,-1.575778,-0.900932,0.674846,-1.301456,-0.62661,0.674949,-1.591399,-0.91645,0.674949,-1.320548,-0.645599,4.193599
ARB,20240721,2767,0.990676,0.657927,-1.620879,-0.962952,0.657927,-1.607491,-0.949564,0.658088,-1.643483,-0.985395,0.658088,-1.593652,-0.935564,4.027294
ARB,20240724,3005,0.990516,0.687832,-1.619604,-0.931772,0.687832,-1.403446,-0.715614,0.688179,-1.620587,-0.932408,0.688179,-1.408695,-0.720516,4.326046
ARB,20240727,1748,0.991991,0.699469,-1.669158,-0.969689,0.699469,-1.394294,-0.694825,0.699547,-1.666331,-0.966784,0.699547,-1.407061,-0.707514,3.592993
ARB,20240730,1956,0.985378,0.728324,-1.534665,-0.806342,0.728324,-1.544675,-0.816352,0.728419,-1.527103,-0.798684,0.728419,-1.555149,-0.826731,3.513909
ARB,20240802,2405,0.991809,0.816453,-1.553618,-0.737165,0.816453,-1.710002,-0.893548,0.816527,-1.548779,-0.732252,0.816527,-1.680846,-0.864319,5.726352
ARB,20240805,9889,0.996451,1.421288,-2.38458,-0.963291,1.421288,-2.056437,-0.635148,1.420268,-2.397146,-0.976878,1.420268,-2.083285,-0.663017,15.927672
ARB,20240808,2540,0.994291,0.980298,-1.875137,-0.894839,0.980298,-1.628232,-0.647934,0.98034,-1.896779,-0.916439,0.98034,-1.660164,-0.679824,6.178788
ARB,20240811,1999,0.993797,0.883314,-2.294422,-1.411108,0.883314,-1.698771,-0.815457,0.883317,-2.289177,-1.40586,0.883317,-1.679825,-0.796508,4.573977
ARB,20240814,1760,0.993011,0.890197,-2.219608,-1.329411,0.890197,-2.794172,-1.903975,0.890331,-2.218693,-1.328362,0.890331,-2.812675,-1.922345,4.682649
ARB,20240817,683,0.991215,0.935056,-2.105774,-1.170718,0.935056,-2.148496,-1.21344,0.93505,-2.105063,-1.170013,0.93505,-2.172834,-1.237784,2.500988
ARB,20240820,1199,0.996997,0.929048,-1.960365,-1.031317,0.929048,-1.348426,-0.419378,0.929051,-1.969157,-1.040106,0.929051,-1.343125,-0.414074,3.461872
ARB,20240823,2049,0.995803,0.873384,-1.873207,-0.999823,0.873384,-2.417332,-1.543947,0.873458,-1.866831,-0.993372,0.873458,-2.42503,-1.551572,4.129353
ARB,20240826,1258,0.991017,0.858293,-2.286675,-1.428383,0.858293,-2.809897,-1.951604,0.858345,-2.288762,-1.430418,0.858345,-2.844372,-1.986027,4.391638
ARB,20240829,1148,0.984233,0.964952,-1.603305,-0.638353,0.964952,-1.633594,-0.668642,0.965138,-1.608539,-0.643401,0.965138,-1.663803,-0.698665,4.159287
ARB,20240901,897,0.993311,1.008532,-1.74576,-0.737228,1.008532,-1.515006,-0.506474,1.008588,-1.74791,-0.739322,1.008588,-1.486103,-0.477515,3.892892
ARB,20240904,1254,0.995534,1.057901,-1.736502,-0.678601,1.057901,-3.192789,-2.134888,1.058085,-1.7348,-0.676715,1.058085,-3.236459,-2.178374,4.59358
ARB,20240907,640,0.995,1.014437,-2.339869,-1.325432,1.014437,-2.231646,-1.217209,1.014518,-2.335297,-1.32078,1.014518,-2.222409,-1.207891,3.158764
ARB,20240910,658,0.990122,0.953134,-2.204182,-1.251048,0.953134,-2.473192,-1.520058,0.953221,-2.187115,-1.233894,0.953221,-2.476569,-1.523348,3.330791
ARB,20240913,709,0.995205,0.95427,-1.994816,-1.040546,0.95427,-2.729082,-1.774812,0.954321,-2.006678,-1.052357,0.954321,-2.751473,-1.797152,3.004756
ARB,20240916,644,0.99146,0.992604,-2.045842,-1.053238,0.992604,-2.465535,-1.472932,0.992679,-2.035736,-1.043057,0.992679,-2.473004,-1.480325,3.356202
ARB,20240919,1295,0.993205,0.91623,-1.73496,-0.81873,0.91623,-2.815644,-1.899413,0.915198,-1.723662,-0.808464,0.915198,-2.835784,-1.920586,4.180225
ARB,20240922,1500,0.991067,0.846624,-2.026979,-1.180355,0.846624,-1.675565,-0.828941,0.846729,-2.01916,-1.172431,0.846729,-1.626891,-0.780162,4.115758
ARB,20240925,1851,0.992653,0.827792,-2.24737,-1.419579,0.827792,-2.195983,-1.368192,0.827936,-2.243308,-1.415372,0.827936,-2.205864,-1.377928,4.355758
ARB,20240928,1404,0.993519,0.772531,-1.941745,-1.169214,0.772531,-2.264963,-1.492432,0.772553,-1.940429,-1.167877,0.772553,-2.255278,-1.482725,3.525312
ARB,20241001,2914,0.993034,0.930091,-2.141294,-1.211203,0.930091,-0.595042,0.335049,0.930752,-2.121348,-1.190596,0.930752,-0.560731,0.37002,6.610336
ARB,20241004,1595,0.993793,0.916923,-1.514518,-0.597595,0.916923,-1.011756,-0.094832,0.917019,-1.51476,-0.597741,0.917019,-1.02613,-0.109111,3.955501
ARB,20241007,2096,0.988931,0.898498,-1.42392,-0.525422,0.898498,-1.477696,-0.579199,0.898162,-1.408186,-0.510024,0.898162,-1.45612,-0.557958,4.077863
ARB,20241010,1610,0.99205,0.969862,-1.501262,-0.5314,0.969862,-1.481005,-0.511143,0.969963,-1.49678,-0.526816,0.969963,-1.464348,-0.494385,3.917029
ARB,20241013,1397,0.994202,0.952752,-1.629602,-0.67685,0.952752,-1.232644,-0.279892,0.952808,-1.637021,-0.684213,0.952808,-1.243292,-0.290484,3.321759
ARB,20241016,1770,0.993955,0.899027,-1.961211,-1.062183,0.899027,-1.772013,-0.872986,0.899129,-1.96973,-1.070601,0.899129,-1.82925,-0.930121,4.857846
ARB,20241019,719,0.991377,0.889715,-1.609325,-0.71961,0.889715,-1.7098,-0.820085,0.889756,-1.614532,-0.724776,0.889756,-1.711162,-0.821405,2.417795
ARB,20241022,1154,0.993847,0.858144,-1.717554,-0.85941,0.858144,-2.034154,-1.176009,0.858187,-1.721551,-0.863364,0.858187,-2.031682,-1.173495,3.758572
ARB,20241025,1938,0.997214,1.050241,-2.938138,-1.887897,1.050241,-2.4013,-1.351059,1.048676,-2.896554,-1.847877,1.048676,-2.309923,-1.261247,6.187332
ARB,20241028,1263,0.994616,0.982784,-1.982715,-0.999931,0.982784,-2.199976,-1.217192,0.98285,-1.994907,-1.012057,0.98285,-2.26099,-1.27814,4.232427
ARB,20241031,1008,0.996528,0.938715,-1.520281,-0.581566,0.938715,-2.032689,-1.093974,0.938724,-1.52124,-0.582516,0.938724,-2.025775,-1.087051,3.765344
ARB,20241103,1329,0.997743,1.052003,-1.869304,-0.817301,1.052003,-0.776988,0.275016,1.05205,-1.862525,-0.810475,1.05205,-0.795152,0.256898,5.154285
ARB,20241106,2356,0.99652,0.974893,-2.071769,-1.096875,0.974893,-2.065802,-1.090909,0.974629,-2.07238,-1.097751,0.974629,-2.062302,-1.087673,5.721625
ARB,20241109,3095,0.9958,0.856998,-1.656495,-0.799497,0.856998,-1.97086,-1.113863,0.856721,-1.653439,-0.796717,0.856721,-1.980698,-1.123977,4.915284
ARB,20241112,6825,0.969436,0.845817,-1.739489,-0.893672,0.845817,-1.963629,-1.117812,0.848451,-1.69543,-0.846979,0.848451,-1.934515,-1.086063,9.858826
ARB,20241115,4343,0.994428,0.880552,-1.447895,-0.567343,0.880552,-1.330025,-0.449473,0.880737,-1.436588,-0.555851,0.880737,-1.329227,-0.44849,5.809609
ARB,20241118,7775,0.99663,0.756425,-1.64562,-0.889196,0.756425,-1.837158,-1.080733,0.756459,-1.650018,-0.893558,0.756459,-1.856553,-1.100093,7.289044
ARB,20241121,11950,0.995649,0.760488,-1.403929,-0.643441,0.760488,-1.116512,-0.356025,0.760661,-1.414845,-0.654185,0.760661,-1.131806,-0.371145,9.476363
ARB,20241124,11578,0.992097,0.673516,-1.346989,-0.673473,0.673516,-1.157196,-0.48368,0.674004,-1.354085,-0.68008,0.674004,-1.171346,-0.497342,8.759123
ARB,20241127,13759,0.994048,0.635163,-1.495233,-0.86007,0.635163,-1.763315,-1.128151,0.635494,-1.492149,-0.856655,0.635494,-1.750654,-1.11516,8.388296
ARB,20241130,10341,0.990929,0.610482,-1.245154,-0.634672,0.610482,-1.150916,-0.540434,0.610956,-1.241645,-0.630688,0.610956,-1.158901,-0.547945,6.070513
ARB,20241203,12204,0.991609,0.587181,-1.308234,-0.721053,0.587181,-1.448668,-0.861487,0.587796,-1.305221,-0.717425,0.587796,-1.419177,-0.831381,8.70347
ARB,20241206,10175,0.986683,0.513983,-1.210389,-0.696406,0.513983,-1.307358,-0.793375,0.514466,-1.228118,-0.713652,0.514466,-1.339468,-0.825002,6.728523
ARB,20241209,12066,0.982181,0.902865,-1.81677,-0.913905,0.902865,-1.798281,-0.895416,0.908181,-1.745129,-0.836947,0.908181,-1.623442,-0.71526,12.374659
ARB,20241212,11308,0.990706,0.532224,-1.888195,-1.355971,0.532224,-2.319918,-1.787695,0.532397,-1.891009,-1.358613,0.532397,-2.344286,-1.81189,7.891055
ARB,20241215,7800,0.988474,0.534923,-1.804453,-1.26953,0.534923,-2.217252,-1.682329,0.534858,-1.804278,-1.269421,0.534858,-2.206968,-1.672111,5.097938
ARB,20241218,9932,0.990334,0.672009,-1.646794,-0.974785,0.672009,-0.789967,-0.117958,0.671926,-1.642554,-0.970628,0.671926,-0.843572,-0.171645,9.271445
ARB,20241221,8733,0.991068,0.683213,-1.993096,-1.309883,0.683213,-1.840323,-1.15711,0.683534,-1.993504,-1.30997,0.683534,-1.85341,-1.169876,7.624138
ARB,20241224,6628,0.988036,0.649465,-1.709819,-1.060354,0.649465,-1.465513,-0.816048,0.649597,-1.714742,-1.065145,0.649597,-1.470621,-0.821024,5.093459
ARB,20241227,5987,0.991498,0.699973,-1.5322,-0.832227,0.699973,-1.169154,-0.469182,0.700324,-1.529192,-0.828868,0.700324,-1.189514,-0.48919,5.355207
ARB,20241230,4667,0.992051,0.703446,-1.747219,-1.043773,0.703446,-1.397471,-0.694025,0.703523,-1.732759,-1.029235,0.703523,-1.393052,-0.689529,5.521639
ARB,20250102,4796,0.98653,0.685421,-1.378763,-0.693342,0.685421,-1.247862,-0.562442,0.685553,-1.388725,-0.703172,0.685553,-1.249134,-0.563581,4.330414
ARB,20250105,5708,0.979205,0.596767,-1.608585,-1.011818,0.596767,-1.506842,-0.910075,0.596878,-1.606293,-1.009415,0.596878,-1.542423,-0.945545,4.896284
ARB,20250108,7465,0.986631,0.673616,-1.442383,-0.768767,0.673616,-1.596851,-0.923235,0.673455,-1.438226,-0.764771,0.673455,-1.624478,-0.951024,6.635542
ARB,20250111,3502,0.981268,0.69713,-1.142205,-0.445075,0.69713,-1.309737,-0.612607,0.696934,-1.142698,-0.445764,0.696934,-1.323953,-0.627019,3.739968
ARB,20250114,4477,0.973978,0.715795,-1.051602,-0.335808,0.715795,-1.010109,-0.294314,0.716099,-1.068886,-0.352786,0.716099,-0.991765,-0.275665,5.105614
ARB,20250117,5160,0.992461,0.641953,-1.241693,-0.599739,0.641953,-1.070161,-0.428208,0.642056,-1.235854,-0.593798,0.642056,-1.079853,-0.437796,5.038913
ARB,20250120,12359,0.995388,0.795516,-1.399165,-0.603649,0.795516,-1.51208,-0.716564,0.7957,-1.399367,-0.603667,0.7957,-1.500447,-0.704747,10.850276
ARB,20250123,5426,0.979156,0.735088,-1.435214,-0.700126,0.735088,-1.362004,-0.626916,0.73546,-1.430889,-0.695429,0.73546,-1.348547,-0.613088,6.194903
ARB,20250126,3324,0.979813,0.721405,-1.194056,-0.47265,0.721405,-1.163481,-0.442076,0.72137,-1.211729,-0.490358,0.72137,-1.136874,-0.415503,3.501667
ARB,20250129,3970,0.972418,0.837698,-1.652179,-0.814481,0.837698,-1.765064,-0.927365,0.837901,-1.657793,-0.819892,0.837901,-1.81644,-0.978539,5.57594
ARB,20250201,4180,0.988158,0.824287,-2.091371,-1.267084,0.824287,-1.878795,-1.054508,0.824424,-2.110733,-1.286309,0.824424,-1.897718,-1.073293,5.454848
ARB,20250204,5727,0.992666,1.06917,-1.87896,-0.809789,1.06917,-1.782848,-0.713678,1.069364,-1.880984,-0.81162,1.069364,-1.814504,-0.74514,9.590223
ARB,20250207,3458,0.979381,1.13988,-1.618922,-0.479041,1.13988,-1.786055,-0.646174,1.139927,-1.614062,-0.474135,1.139927,-1.834132,-0.694206,7.008524
ARB,20250210,2637,0.961737,1.099719,-1.309431,-0.209712,1.099719,-1.652051,-0.552333,1.100471,-1.320665,-0.220195,1.100471,-1.586484,-0.486013,5.665972
ARB,20250213,2179,0.981,1.040087,-1.927239,-0.887152,1.040087,-1.506638,-0.46655,1.04033,-1.951897,-0.911567,1.04033,-1.508926,-0.468596,5.126006
ARB,20250216,1498,0.9751,1.055676,-1.541804,-0.486128,1.055676,-1.838673,-0.782996,1.056052,-1.56267,-0.506618,1.056052,-1.848943,-0.79289,3.836523
ARB,20250219,2253,0.868442,1.07643,-2.05783,-0.981401,1.07643,-2.445263,-1.368833,1.076878,-1.95668,-0.879802,1.076878,-2.486349,-1.409471,4.627235
ARB,20250222,2043,0.993979,1.1356,-1.738585,-0.602984,1.1356,-1.697107,-0.561507,1.136107,-1.745662,-0.609555,1.136107,-1.696693,-0.560586,3.162428
ARB,20250225,3377,0.995854,1.299446,-1.72111,-0.421664,1.299446,-1.261377,0.038069,1.299705,-1.741033,-0.441328,1.299705,-1.223505,0.076201,9.243686
ARB,20250228,1934,0.997001,1.272118,-1.402899,-0.130782,1.272118,-1.743528,-0.47141,1.272234,-1.403858,-0.131624,1.272234,-1.719257,-0.447023,7.619551
ARB,20250303,1832,0.997271,1.226978,-2.358401,-1.131423,1.226978,-2.107599,-0.880621,1.226969,-2.346805,-1.119835,1.226969,-2.09843,-0.871461,7.373409
ARB,20250306,1178,0.994992,1.209075,-1.642748,-0.433673,1.209075,-1.253699,-0.044624,1.209083,-1.654368,-0.445285,1.209083,-1.219313,-0.01023,5.507405
ARB,20250309,1021,0.99667,1.386627,-1.274204,0.112423,1.386627,-0.113169,1.273459,1.386671,-1.267618,0.119053,1.386671,-0.147047,1.239624,5.649928
ARB,20250312,1046,0.993786,1.517427,-1.885494,-0.368067,1.517427,-1.966403,-0.448976,1.517028,-1.87352,-0.356491,1.517028,-1.896423,-0.379395,6.331902
ARB,20250315,499,0.997996,1.377486,-2.032315,-0.654829,1.377486,-2.04217,-0.664684,1.377524,-2.036396,-0.658872,1.377524,-2.057182,-0.679658,3.09999
ARB,20250318,852,0.991901,1.391108,-1.89386,-0.502753,1.391108,-1.673836,-0.282728,1.391184,-1.897402,-0.506218,1.391184,-1.714527,-0.323343,3.974407
ARB,20250321,370,1.0,1.406947,-1.825404,-0.418457,1.406947,-1.73825,-0.331302,1.406947,-1.825404,-0.418457,1.406947,-1.73825,-0.331302,3.552903
ARB,20250324,601,0.999002,1.310339,-1.994612,-0.684273,1.310339,-2.176566,-0.866227,1.310318,-1.993091,-0.682773,1.310318,-2.174324,-0.864006,4.003609
ARB,20250327,266,0.996241,1.309172,-1.9128,-0.603628,1.309172,-1.983176,-0.674004,1.309103,-1.980131,-0.671028,1.309103,-2.050773,-0.74167,3.568188
ARB,20250330,459,0.997821,1.520466,-1.984622,-0.464156,1.520466,-1.276982,0.243484,1.520548,-1.988956,-0.468407,1.520548,-1.27718,0.243368,3.890494
ARB,20250402,945,0.991852,1.600423,-2.993757,-1.393335,1.600423,-0.626272,0.974151,1.600849,-3.032503,-1.431654,1.600849,-0.778965,0.821884,6.680685
ARB,20250405,299,0.996656,1.623394,-1.887099,-0.263705,1.623394,-2.219131,-0.595738,1.623419,-1.882587,-0.259168,1.623419,-2.226578,-0.603159,2.747109
ARB,20250408,732,0.997268,1.857693,-2.959109,-1.101416,1.857693,-2.480091,-0.622397,1.857851,-2.947611,-1.08976,1.857851,-2.437689,-0.579838,6.236205
ARB,20250411,731,0.998769,1.747793,-2.639998,-0.892205,1.747793,-2.183125,-0.435332,1.747839,-2.639969,-0.89213,1.747839,-2.178795,-0.430957,4.249355
ARB,20250414,782,0.996803,1.681729,-2.818883,-1.137154,1.681729,-2.982833,-1.301104,1.681781,-2.824516,-1.142735,1.681781,-3.006951,-1.32517,4.80605
ARB,20250417,346,1.0,1.791628,-2.788366,-0.996738,1.791628,-4.201251,-2.409623,1.791628,-2.788366,-0.996738,1.791628,-4.201251,-2.409623,3.889172
ARB,20250420,388,0.997423,1.658132,-2.595142,-0.93701,1.658132,-2.816338,-1.158207,1.658178,-2.601848,-0.94367,1.658178,-2.823616,-1.165438,3.092249
ARB,20250423,1182,0.999746,1.595187,-2.215855,-0.620668,1.595187,-2.441909,-0.846722,1.595211,-2.214895,-0.619683,1.595211,-2.441006,-0.845794,5.788202
ARB,20250426,528,1.0,1.441256,-2.17858,-0.737325,1.441256,-2.487226,-1.045971,1.441256,-2.17858,-0.737325,1.441256,-2.487226,-1.045971,4.052509
ARB,20250429,865,0.999191,1.497675,-1.956165,-0.458491,1.497675,-2.512511,-1.014836,1.497689,-1.953645,-0.455956,1.497689,-2.503248,-1.00556,4.037701
ARB,20250502,628,0.996975,1.493885,-2.093376,-0.599491,1.493885,-2.617637,-1.123752,1.49391,-2.097847,-0.603938,1.49391,-2.623699,-1.129789,3.62886
ARB,20250505,438,0.997717,1.601623,-2.447205,-0.845582,1.601623,-2.472649,-0.871026,1.601598,-2.445425,-0.843827,1.601598,-2.485688,-0.88409,3.840455
ARB,20250508,1146,0.997033,1.494458,-2.039842,-0.545384,1.494458,-2.211526,-0.717069,1.494698,-2.03845,-0.543752,1.494698,-2.226333,-0.731635,5.080818
ARB,20250511,5291,0.997373,1.096988,-1.690327,-0.593339,1.096988,-1.742532,-0.645544,1.097041,-1.685059,-0.588019,1.097041,-1.751545,-0.654504,8.211034
ARB,20250514,2356,0.998048,1.157321,-1.710523,-0.553202,1.157321,-1.162705,-0.005384,1.15735,-1.715805,-0.558455,1.15735,-1.170324,-0.012974,5.774426
ARB,20250517,1895,0.994354,1.354138,-2.488526,-1.134388,1.354138,-2.05314,-0.699002,1.354287,-2.475108,-1.12082,1.354287,-2.051059,-0.696771,6.064478
ARB,20250520,2146,0.996692,1.29265,-1.870325,-0.577675,1.29265,-2.26742,-0.97477,1.292692,-1.875294,-0.582603,1.292692,-2.294975,-1.002284,5.820277
ARB,20250523,3395,0.99673,1.239174,-2.33739,-1.098216,1.239174,-3.304435,-2.065261,1.239287,-2.330263,-1.090976,1.239287,-3.285606,-2.046319,6.851068
ARB,20250526,1389,0.989705,1.274067,-1.584007,-0.30994,1.274067,-1.504493,-0.230425,1.274189,-1.595384,-0.321194,1.274189,-1.526959,-0.252769,4.251049
ARB,20250529,3393,0.993663,1.224064,-1.78178,-0.557716,1.224064,-1.821725,-0.597661,1.224289,-1.787148,-0.562859,1.224289,-1.837887,-0.613598,6.105903
ARB,20250601,1163,0.991488,1.495312,-2.095279,-0.599967,1.495312,-1.471026,0.024286,1.495444,-2.083035,-0.58759,1.495444,-1.46518,0.030265,4.259955
ARB,20250604,1059,0.996695,1.385702,-2.367498,-0.981796,1.385702,-2.448809,-1.063107,1.385774,-2.376687,-0.990913,1.385774,-2.454618,-1.068844,4.636957
ARB,20250607,491,0.994094,1.456058,-2.185095,-0.729037,1.456058,-2.299477,-0.843419,1.456114,-2.18149,-0.725376,1.456114,-2.320311,-0.864197,3.348723
ARB,20250610,1923,0.999116,1.287932,-1.810162,-0.522229,1.287932,-1.064674,0.223258,1.287968,-1.811629,-0.523661,1.287968,-1.071731,0.216237,6.209414
ARB,20250613,2520,0.997302,1.480359,-2.481342,-1.000983,1.480359,-3.318414,-1.838055,1.480423,-2.477389,-0.996966,1.480423,-3.311966,-1.831543,7.234458
ARB,20250616,1181,1.0,1.514842,-1.854003,-0.339161,1.514842,-1.785013,-0.270171,1.514842,-1.854003,-0.339161,1.514842,-1.785013,-0.270171,5.266672
ARB,20250619,438,0.997717,1.667112,-2.464053,-0.796941,1.667112,-2.393753,-0.726641,1.667204,-2.454801,-0.787597,1.667204,-2.38434,-0.717136,4.020389
ARB,20250622,1159,0.999569,1.927332,-2.755255,-0.827923,1.927332,-2.273472,-0.34614,1.927336,-2.753457,-0.826121,1.927336,-2.272452,-0.345116,7.62169
ARB,20250625,989,0.998989,1.598636,-2.405045,-0.806409,1.598636,-1.426871,0.171766,1.598644,-2.40748,-0.808836,1.598644,-1.402548,0.196096,5.435765
ARB,20250628,619,1.0,1.650155,-2.447015,-0.79686,1.650155,-3.266261,-1.616106,1.650155,-2.447015,-0.79686,1.650155,-3.266261,-1.616106,3.584176
ARB,20250701,2041,0.998334,1.534128,-2.075005,-0.540877,1.534128,-2.592505,-1.058377,1.534139,-2.078461,-0.544323,1.534139,-2.595942,-1.061804,5.136912
ARB,20250704,2029,0.999458,1.544689,-1.905587,-0.360898,1.544689,-1.807303,-0.262614,1.544675,-1.91965,-0.374976,1.544675,-1.825966,-0.281291,4.380068
ARB,20250707,1280,0.997187,1.512154,-1.759234,-0.247079,1.512154,-1.761509,-0.249354,1.512161,-1.749467,-0.237306,1.512161,-1.736208,-0.224047,3.890424
ARB,20250710,2229,0.998205,1.385096,-1.638104,-0.253008,1.385096,-1.215449,0.169647,1.385229,-1.632045,-0.246816,1.385229,-1.203765,0.181464,5.092361
ARB,20250713,1902,0.998002,1.226199,-2.155699,-0.929499,1.226199,-2.514569,-1.28837,1.226205,-2.148159,-0.921954,1.226205,-2.515303,-1.289098,4.994274
ARB,20250716,4204,0.997621,1.148589,-2.125838,-0.977249,1.148589,-2.384441,-1.235852,1.148631,-2.130929,-0.982298,1.148631,-2.368447,-1.219816,7.041142
ARB,20250719,2372,0.996332,1.097177,-2.135352,-1.038175,1.097177,-2.417632,-1.320455,1.097231,-2.134312,-1.037081,1.097231,-2.397126,-1.299895,5.534462
ARB,20250722,3661,0.998306,1.098205,-1.91495,-0.816745,1.098205,-1.581879,-0.483673,1.098258,-1.913221,-0.814963,1.098258,-1.583866,-0.485608,7.627243
ARB,20250725,1633,0.998408,1.183785,-1.986368,-0.802584,1.183785,-2.985543,-1.801758,1.183291,-1.986533,-0.803242,1.183291,-2.997978,-1.814687,6.75709
ARB,20250727,1087,0.99908,1.12334,-2.124167,-1.000828,1.12334,-1.725134,-0.601794,1.123349,-2.124073,-1.000724,1.123349,-1.723646,-0.600298,4.09086
ARB,20250728,2161,0.997779,1.116584,-2.098895,-0.982311,1.116584,-1.320749,-0.204166,1.116575,-2.09734,-0.980765,1.116575,-1.320291,-0.203716,6.269837
ARB,20250731,2015,0.999007,1.231282,-1.798649,-0.567367,1.231282,-1.730661,-0.499379,1.231312,-1.803954,-0.572642,1.231312,-1.746725,-0.515413,5.154894
ARB,20250801,1945,0.997995,1.324172,-2.257826,-0.933654,1.324172,-2.208855,-0.884682,1.32422,-2.26266,-0.938441,1.32422,-2.200621,-0.876401,7.684855
ARB,20250803,739,0.994587,1.337516,-1.457799,-0.120283,1.337516,-1.370472,-0.032955,1.337515,-1.454935,-0.11742,1.337515,-1.410686,-0.073171,3.503498
ARB,20250806,826,0.998789,1.319103,-2.026268,-0.707165,1.319103,-1.777908,-0.458805,1.319129,-2.025578,-0.706449,1.319129,-1.780063,-0.460935,4.496129
ARB,20250809,1831,0.995685,1.097547,-2.179244,-1.081697,1.097547,-1.311685,-0.214139,1.097619,-2.188617,-1.090998,1.097619,-1.291717,-0.194099,4.743117
ARB,20250811,2209,0.99742,1.110534,-1.892853,-0.782319,1.110534,-2.051692,-0.941159,1.110579,-1.903522,-0.792943,1.110579,-2.061496,-0.950917,5.992749
ARB,20250812,2397,0.997539,1.116082,-2.362087,-1.246005,1.116082,-3.109129,-1.993047,1.116185,-2.358915,-1.24273,1.116185,-3.105669,-1.989485,6.011413
ARB,20250815,5125,0.997854,1.014868,-1.730825,-0.715957,1.014868,-1.640899,-0.626031,1.014923,-1.741743,-0.72682,1.014923,-1.694233,-0.67931,6.905402
ARB,20250816,1714,0.996558,1.039265,-1.698782,-0.659517,1.039265,-2.001017,-0.961752,1.039295,-1.710391,-0.671096,1.039295,-2.018391,-0.979096,4.304709
ARB,20250818,4273,0.997215,0.975781,-2.18947,-1.213689,0.975781,-2.178304,-1.202523,0.975821,-2.171554,-1.195733,0.975821,-2.138125,-1.162305,7.131448
AVAX,20230401,268,0.948881,1.412091,-2.435474,-1.023383,1.412091,-2.656114,-1.244023,1.412047,-2.396685,-0.984638,1.412047,-2.580245,-1.168198,2.155707
AVAX,20230404,302,0.96457,1.459992,-1.965448,-0.505457,1.459992,-1.077041,0.38295,1.460738,-1.985848,-0.52511,1.460738,-0.989134,0.471604,2.495532
AVAX,20230407,289,0.953287,1.430252,-2.601451,-1.171199,1.430252,-1.891816,-0.461564,1.43127,-2.598449,-1.167179,1.43127,-1.79096,-0.35969,2.416504
AVAX,20230410,411,0.916545,1.440848,-2.140985,-0.700137,1.440848,-1.275971,0.164877,1.439389,-2.069974,-0.630585,1.439389,-1.265229,0.17416,2.13716
AVAX,20230413,749,0.914286,1.356456,-2.505358,-1.148902,1.356456,-2.161436,-0.80498,1.355021,-2.457611,-1.10259,1.355021,-2.075911,-0.720889,2.957269
AVAX,20230416,1259,0.912391,1.285486,-2.420523,-1.135037,1.285486,-1.574545,-0.289059,1.286685,-2.364857,-1.078172,1.286685,-1.423104,-0.136419,3.766601
AVAX,20230419,2197,0.951616,1.501126,-3.144899,-1.643773,1.501126,-3.538935,-2.037809,1.509713,-3.101941,-1.592229,1.509713,-3.328746,-1.819033,6.778756
AVAX,20230422,336,0.914286,1.464212,-2.440427,-0.976215,1.464212,-2.580391,-1.116179,1.464582,-2.303829,-0.839247,1.464582,-2.377435,-0.912853,2.413088
AVAX,20230425,535,0.911402,1.460457,-2.568671,-1.108214,1.460457,-1.850172,-0.389716,1.460464,-2.472946,-1.012481,1.460464,-1.660148,-0.199683,3.643734
AVAX,20230428,345,0.903188,1.435709,-2.0166,-0.580891,1.435709,-1.278147,0.157562,1.430632,-1.960969,-0.530337,1.430632,-1.377134,0.053498,2.519257
AVAX,20230501,514,0.952529,1.509351,-4.034788,-2.525437,1.509351,-4.545723,-3.036372,1.508688,-3.983092,-2.474404,1.508688,-4.362551,-2.853864,3.169804
AVAX,20230504,217,0.913825,1.494664,-3.222225,-1.727561,1.494664,-3.574812,-2.080149,1.496425,-3.248814,-1.752389,1.496425,-3.322373,-1.825948,2.316302
AVAX,20230507,201,0.871144,1.540052,-2.466121,-0.926069,1.540052,-3.543569,-2.003517,1.535884,-2.369753,-0.833868,1.535884,-3.085282,-1.549397,2.329168
AVAX,20230510,1085,0.909585,1.761549,-4.299302,-2.537753,1.761549,-2.967401,-1.205852,1.76662,-4.235679,-2.469059,1.76662,-2.709458,-0.942839,5.263232
AVAX,20230513,169,0.840828,1.67231,-2.487659,-0.815349,1.67231,-2.088882,-0.416572,1.674677,-2.585552,-0.910874,1.674677,-2.087232,-0.412555,1.886392
AVAX,20230516,273,0.888278,1.682736,-3.792564,-2.109828,1.682736,-3.161239,-1.478502,1.68334,-3.865646,-2.182306,1.68334,-3.047585,-1.364245,2.653639
AVAX,20230519,173,0.852023,1.703772,-2.220753,-0.516981,1.703772,-2.513997,-0.810225,1.703768,-2.500146,-0.796378,1.703768,-2.724296,-1.020528,2.3466
AVAX,20230522,197,0.915736,1.726481,-2.167644,-0.441163,1.726481,-1.502765,0.223716,1.725273,-2.317655,-0.592383,1.725273,-1.974632,-0.249359,2.493847
AVAX,20230525,233,0.956652,1.812434,-3.684945,-1.87251,1.812434,-5.33758,-3.525145,1.813894,-3.756383,-1.942488,1.813894,-5.648074,-3.834179,2.359263
AVAX,20230528,392,0.959949,1.729524,-3.680764,-1.95124,1.729524,-7.072285,-5.342761,1.730707,-3.793779,-2.063072,1.730707,-7.389664,-5.658957,2.819899
AVAX,20230531,150,0.986667,1.816233,-2.753184,-0.936951,1.816233,-5.528087,-3.711854,1.817311,-2.790389,-0.973078,1.817311,-5.696651,-3.879339,2.61042
AVAX,20230603,65,0.953846,1.722584,-2.597619,-0.875035,1.722584,-3.528138,-1.805554,1.722686,-2.72331,-1.000625,1.722686,-3.643438,-1.920752,1.418589
AVAX,20230606,250,0.9216,1.760325,-2.265696,-0.505371,1.760325,-2.258179,-0.497854,1.760651,-2.362316,-0.601665,1.760651,-2.330805,-0.570154,3.100574
AVAX,20230609,329,0.894833,1.819734,-2.027048,-0.207315,1.819734,-5.522724,-3.702991,1.822434,-1.89554,-0.073106,1.822434,-5.176801,-3.354367,2.792282
AVAX,20230612,336,0.928869,2.236956,-4.954406,-2.717451,2.236956,-4.967166,-2.73021,2.237511,-4.513814,-2.276303,2.237511,-4.832233,-2.594722,3.774374
AVAX,20230615,354,0.941243,2.210233,-3.023266,-0.813034,2.210233,-2.808051,-0.597818,2.209913,-3.122059,-0.912146,2.209913,-2.996665,-0.786752,3.500937
AVAX,20230618,207,0.948792,2.195708,-2.734878,-0.539171,2.195708,-1.760574,0.435133,2.195928,-2.808663,-0.612735,2.195928,-2.288231,-0.092303,2.892826
AVAX,20230621,507,0.95286,2.024712,-3.099482,-1.07477,2.024712,-2.736408,-0.711696,2.021865,-3.233275,-1.211411,2.021865,-3.154623,-1.132759,4.470379
AVAX,20230624,260,0.957692,2.040629,-4.583479,-2.542851,2.040629,-3.068496,-1.027867,2.045569,-4.610663,-2.565094,2.045569,-3.189733,-1.144164,3.632525
AVAX,20230627,189,0.954497,1.882325,-3.646404,-1.764078,1.882325,-2.573524,-0.691199,1.882598,-3.784835,-1.902237,1.882598,-2.72526,-0.842662,3.155507
AVAX,20230630,1133,0.972198,2.107477,-2.408512,-0.301035,2.107477,-1.536303,0.571174,2.111718,-2.632332,-0.520613,2.111718,-1.701842,0.409876,6.657609
AVAX,20230703,320,0.9525,1.916906,-4.979286,-3.06238,1.916906,-4.232322,-2.315416,1.918401,-5.106119,-3.187718,1.918401,-4.193668,-2.275267,3.566618
AVAX,20230706,319,0.967712,1.976645,-2.533101,-0.556456,1.976645,-3.108562,-1.131917,1.97666,-2.657004,-0.680343,1.97666,-3.305461,-1.328801,4.146053
AVAX,20230709,659,0.980728,1.800852,-2.197852,-0.397,1.800852,-1.717311,0.083541,1.800926,-2.211247,-0.410321,1.800926,-1.747815,0.05311,3.633998
AVAX,20230712,248,0.972581,1.906271,-2.50464,-0.598369,1.906271,-3.180796,-1.274524,1.906082,-2.583566,-0.677485,1.906082,-3.489245,-1.583163,2.838311
AVAX,20230715,771,0.951881,1.699696,-3.512957,-1.813261,1.699696,-3.282139,-1.582443,1.700843,-3.521584,-1.820741,1.700843,-3.395419,-1.694575,4.159263
AVAX,20230718,484,0.946901,1.82912,-2.361669,-0.532549,1.82912,-1.379968,0.449151,1.823875,-2.393505,-0.56963,1.823875,-1.048521,0.775354,3.905482
AVAX,20230721,230,0.973043,1.801282,-1.974506,-0.173224,1.801282,-1.690076,0.111206,1.801607,-2.062922,-0.261315,1.801607,-1.651697,0.14991,2.679159
AVAX,20230724,545,0.958716,2.042452,-4.17284,-2.130388,2.042452,-2.386679,-0.344227,2.04358,-4.133832,-2.090252,2.04358,-2.073427,-0.029847,3.89365
AVAX,20230727,127,0.92126,1.8874,-1.694133,0.193267,1.8874,-2.026621,-0.139222,1.888183,-1.822776,0.065407,1.888183,-1.978692,-0.090509,2.167767
AVAX,20230730,210,0.985714,1.912398,-0.802899,1.109499,1.912398,0.89442,2.806818,1.912489,-1.090096,0.822393,1.912489,0.577359,2.489848,2.259774
AVAX,20230802,182,0.978022,2.008296,-1.65596,0.352336,2.008296,-2.327322,-0.319026,2.008628,-1.467811,0.540816,2.008628,-2.176099,-0.167471,2.503092
AVAX,20230805,41,1.0,2.024786,-1.779526,0.24526,2.024786,-1.977537,0.047249,2.024786,-1.779526,0.24526,2.024786,-1.977537,0.047249,1.447554
AVAX,20230808,101,0.989109,2.114167,-2.899934,-0.785767,2.114167,-3.374529,-1.260363,2.07659,-3.171318,-1.094728,2.07659,-3.454904,-1.378313,2.033388
AVAX,20230811,36,0.944444,2.008838,-3.125233,-1.116395,2.008838,-3.684085,-1.675247,2.009429,-2.956481,-0.947053,2.009429,-3.548207,-1.538779,1.182543
AVAX,20230814,72,0.958333,2.055022,-1.831755,0.223267,2.055022,-0.918444,1.136578,2.056777,-1.911397,0.145381,2.056777,-0.841805,1.214972,1.440956
AVAX,20230817,1369,0.97531,2.757068,-6.511895,-3.754826,2.757068,-13.958103,-11.201034,2.760156,-6.422572,-3.662416,2.760156,-14.340409,-11.580253,7.828642
AVAX,20230820,44,0.977273,2.306425,-2.829166,-0.522742,2.306425,-2.518817,-0.212392,2.306687,-2.894961,-0.588274,2.306687,-2.577394,-0.270707,1.701441
AVAX,20230823,106,1.0,2.461483,-3.881511,-1.420029,2.461483,-3.14639,-0.684908,2.461483,-3.881511,-1.420029,2.461483,-3.14639,-0.684908,2.531844
AVAX,20230826,33,0.969697,2.487376,-1.808771,0.678606,2.487376,-0.90777,1.579606,2.487235,-1.865295,0.62194,2.487235,-0.936138,1.551097,1.260158
AVAX,20230829,776,0.987887,2.339092,-2.925026,-0.585934,2.339092,0.301562,2.640654,2.339692,-3.055974,-0.716282,2.339692,0.414504,2.754197,4.448097
AVAX,20230901,109,0.972477,2.551325,-2.19753,0.353795,2.551325,-3.347495,-0.79617,2.552105,-2.164431,0.387673,2.552105,-3.489701,-0.937597,2.658394
AVAX,20230904,71,0.971831,2.540832,-3.712038,-1.171206,2.540832,-2.93341,-0.392578,2.540535,-3.745972,-1.205437,2.540535,-2.796322,-0.255787,2.107876
AVAX,20230907,75,0.973333,2.49783,-2.560391,-0.062561,2.49783,-1.701874,0.795956,2.498111,-2.494268,0.003844,2.498111,-1.680399,0.817712,1.849643
AVAX,20230910,307,0.990879,2.729756,-8.474663,-5.744908,2.729756,-10.603759,-7.874003,2.730211,-8.546553,-5.816342,2.730211,-10.466031,-7.73582,3.97116
AVAX,20230913,186,0.995161,2.757399,-11.755626,-8.998227,2.757399,-9.036294,-6.278895,2.757539,-11.812784,-9.055245,2.757539,-9.15983,-6.402291,3.865871
AVAX,20230916,62,1.0,2.640411,-3.999488,-1.359077,2.640411,-2.558176,0.082236,2.640411,-3.999488,-1.359077,2.640411,-2.558176,0.082236,2.24809
AVAX,20230919,88,0.979545,2.751787,-2.500137,0.25165,2.751787,-2.750083,0.001704,2.752023,-2.666796,0.085227,2.752023,-2.80751,-0.055486,2.499343
AVAX,20230922,51,1.0,2.826597,-3.819764,-0.993167,2.826597,-4.542325,-1.715727,2.826597,-3.819764,-0.993167,2.826597,-4.542325,-1.715727,2.100845
AVAX,20230925,67,1.0,2.834642,-3.681281,-0.84664,2.834642,-4.534548,-1.699906,2.834642,-3.681281,-0.84664,2.834642,-4.534548,-1.699906,2.343811
AVAX,20230928,73,0.958904,2.73861,-3.075938,-0.337328,2.73861,-2.284148,0.454463,2.739773,-2.998399,-0.258626,2.739773,-1.940552,0.799221,2.436273
AVAX,20231001,151,0.986755,2.636675,-4.144676,-1.508001,2.636675,-3.628105,-0.99143,2.636996,-4.511006,-1.87401,2.636996,-3.882738,-1.245742,3.136716
AVAX,20231004,560,0.974464,2.59348,-3.474892,-0.881412,2.59348,-2.935809,-0.342329,2.594141,-3.36401,-0.769868,2.594141,-2.800389,-0.206248,5.408334
AVAX,20231007,1104,0.984511,2.336096,-3.654123,-1.318027,2.336096,-3.887428,-1.551332,2.336842,-3.510423,-1.173581,2.336842,-3.786554,-1.449712,6.589195
AVAX,20231010,171,0.988304,2.591484,-3.363796,-0.772312,2.591484,-4.292722,-1.701238,2.591504,-3.311237,-0.719733,2.591504,-4.159631,-1.568127,3.544147
AVAX,20231013,133,0.992481,2.72936,-3.449617,-0.720257,2.72936,-3.699962,-0.970601,2.729667,-3.394269,-0.664602,2.729667,-3.727992,-0.998325,2.575187
AVAX,20231016,329,0.976292,2.624429,-3.199558,-0.575129,2.624429,-3.992975,-1.368547,2.62527,-3.253796,-0.628526,2.62527,-3.880566,-1.255297,3.584183
AVAX,20231019,137,0.919708,2.806933,-9.087027,-6.280094,2.806933,-11.182956,-8.376022,2.809221,-4.162167,-1.352946,2.809221,-5.786056,-2.976835,2.872488
AVAX,20231022,291,0.989347,2.566733,-3.610255,-1.043522,2.566733,-4.501348,-1.934616,2.567194,-3.666335,-1.099141,2.567194,-4.553944,-1.986749,4.487483
AVAX,20231025,304,0.967105,2.410291,-3.082037,-0.671746,2.410291,-2.286552,0.123739,2.410259,-3.121302,-0.711043,2.410259,-2.625572,-0.215313,4.900273
AVAX,20231028,257,0.988327,2.306367,-3.072024,-0.765657,2.306367,-2.650476,-0.344109,2.306619,-3.090351,-0.783732,2.306619,-2.645867,-0.339248,3.457455
AVAX,20231031,460,0.973696,2.260004,-3.297339,-1.037335,2.260004,-2.056261,0.203743,2.261332,-3.225916,-0.964584,2.261332,-1.889502,0.37183,4.91234
AVAX,20231103,587,0.973765,2.110402,-2.933176,-0.822774,2.110402,-3.036492,-0.92609,2.111017,-2.834474,-0.723457,2.111017,-3.010931,-0.899914,5.375869
AVAX,20231106,616,0.978896,1.956867,-3.302907,-1.34604,1.956867,-4.113546,-2.156679,1.957093,-3.293388,-1.336294,1.957093,-4.002593,-2.045499,4.96196
AVAX,20231109,2417,0.973231,2.145815,-4.334454,-2.188638,2.145815,-9.797475,-7.651659,2.143947,-4.694108,-2.550161,2.143947,-9.080075,-6.936128,10.692588
AVAX,20231112,11597,0.917505,1.422867,-2.712991,-1.290124,1.422867,-2.991361,-1.568494,1.424458,-2.702376,-1.277918,1.424458,-2.971659,-1.5472,11.556494
AVAX,20231115,11034,0.952601,1.333044,-2.51296,-1.179916,1.333044,-1.672497,-0.339453,1.332096,-2.546283,-1.214187,1.332096,-1.7886,-0.456505,10.474553
AVAX,20231118,5629,0.956316,1.177783,-2.701786,-1.524002,1.177783,-2.39463,-1.216847,1.178463,-2.708635,-1.530172,1.178463,-2.344209,-1.165746,8.505969
AVAX,20231121,8806,0.963105,1.242284,-2.602291,-1.360007,1.242284,-2.142167,-0.899883,1.242872,-2.627158,-1.384286,1.242872,-2.160061,-0.917189,9.859686
AVAX,20231124,2733,0.973216,1.233968,-2.314198,-1.08023,1.233968,-2.640134,-1.406165,1.229807,-2.291462,-1.061656,1.229807,-2.631305,-1.401498,5.826747
AVAX,20231127,2277,0.964207,1.229003,-2.147959,-0.918956,1.229003,-1.765784,-0.536782,1.229322,-2.184976,-0.955654,1.229322,-1.748947,-0.519625,5.124137
AVAX,20231130,1431,0.964361,1.188846,-2.410874,-1.222028,1.188846,-1.991665,-0.802818,1.18913,-2.411115,-1.221985,1.18913,-2.021798,-0.832668,4.018785
AVAX,20231203,1262,0.947068,1.169195,-2.543407,-1.374212,1.169195,-1.736486,-0.567291,1.169588,-2.498024,-1.328436,1.169588,-1.652506,-0.482917,3.404492
AVAX,20231206,10528,0.943978,1.08669,-2.427424,-1.340734,1.08669,-1.402009,-0.31532,1.088061,-2.416828,-1.328767,1.088061,-1.450307,-0.362245,10.608132
AVAX,20231209,9571,0.950089,0.905633,-2.076375,-1.170742,0.905633,-1.837759,-0.932126,0.906142,-1.998807,-1.092666,0.906142,-1.817178,-0.911036,10.196397
AVAX,20231212,17955,0.950504,0.715773,-1.831362,-1.115589,0.715773,-1.775071,-1.059298,0.715761,-1.782309,-1.066548,0.715761,-1.71608,-1.000318,10.684998
AVAX,20231215,13780,0.935813,0.687101,-1.762067,-1.074966,0.687101,-1.617096,-0.929995,0.686769,-1.825275,-1.138506,0.686769,-1.592832,-0.906063,9.37739
AVAX,20231218,10840,0.937989,0.677138,-1.805385,-1.128247,0.677138,-1.606935,-0.929797,0.676517,-1.848301,-1.171784,0.676517,-1.735264,-1.058747,8.194877
AVAX,20231221,13264,0.909153,0.610082,-1.767257,-1.157174,0.610082,-1.353606,-0.743523,0.606057,-1.768265,-1.162208,0.606057,-1.529919,-0.923862,8.275236
AVAX,20231224,11449,0.912883,0.562283,-2.076183,-1.5139,0.562283,-2.001505,-1.439222,0.561411,-2.062156,-1.500745,0.561411,-2.125513,-1.564102,7.818087
AVAX,20231227,6665,0.934134,0.596958,-1.810572,-1.213613,0.596958,-1.508281,-0.911323,0.596044,-1.851438,-1.255394,0.596044,-1.566809,-0.970765,6.034967
AVAX,20231230,4254,0.909309,0.668916,-1.915414,-1.246498,0.668916,-1.952953,-1.284037,0.665192,-1.925024,-1.259831,0.665192,-2.026908,-1.361716,4.578197
AVAX,20240102,6591,0.910044,0.64337,-1.71457,-1.0712,0.64337,-1.741338,-1.097967,0.637514,-1.630845,-0.993331,0.637514,-1.809356,-1.171842,5.557709
AVAX,20240105,5542,0.910429,0.824648,-2.196603,-1.371955,0.824648,-1.86592,-1.041272,0.81192,-1.976601,-1.164681,0.81192,-1.739431,-0.927511,7.524733
AVAX,20240108,6973,0.916994,0.802984,-2.064418,-1.261433,0.802984,-1.648855,-0.845871,0.802127,-2.153063,-1.350936,0.802127,-1.659234,-0.857107,7.976378
AVAX,20240111,6961,0.920328,0.679974,-1.692359,-1.012386,0.679974,-2.283922,-1.603949,0.680797,-1.700078,-1.019281,0.680797,-2.280239,-1.599442,7.025713
AVAX,20240114,3305,0.897549,0.723642,-2.128067,-1.404425,0.723642,-1.513644,-0.790003,0.714638,-2.091986,-1.377349,0.714638,-1.656418,-0.941781,5.223639
AVAX,20240117,2704,0.906731,0.707069,-1.768595,-1.061526,0.707069,-1.574011,-0.866942,0.708151,-1.828061,-1.11991,0.708151,-1.598103,-0.889952,4.485772
AVAX,20240120,1498,0.924499,0.785306,-1.82418,-1.038874,0.785306,-1.488194,-0.702888,0.786757,-1.810708,-1.02395,0.786757,-1.548201,-0.761444,3.538708
AVAX,20240123,5608,0.910681,0.90196,-1.717175,-0.815215,0.90196,-1.485432,-0.583472,0.901182,-1.891198,-0.990016,0.901182,-1.757319,-0.856137,7.118351
AVAX,20240126,3406,0.935526,0.812093,-1.765024,-0.952932,0.812093,-1.838385,-1.026292,0.811432,-1.814231,-1.002799,0.811432,-2.058653,-1.247221,4.822204
AVAX,20240129,6087,0.867307,0.725121,-1.614605,-0.889484,0.725121,-1.555121,-0.83,0.724067,-1.742921,-1.018854,0.724067,-1.855785,-1.131718,5.303603
AVAX,20240201,2964,0.929656,0.762464,-1.847616,-1.085152,0.762464,-1.75987,-0.997406,0.762899,-1.848926,-1.086027,0.762899,-1.757775,-0.994876,4.312007
AVAX,20240204,2698,0.903892,0.721249,-1.687131,-0.965882,0.721249,-1.581513,-0.860265,0.716041,-1.641371,-0.92533,0.716041,-1.425477,-0.709435,3.559761
AVAX,20240207,2521,0.910115,0.761886,-1.518459,-0.756573,0.761886,-1.761777,-0.999891,0.7557,-1.530952,-0.775252,0.7557,-1.652774,-0.897074,3.839841
AVAX,20240210,4538,0.909872,0.644,-1.493296,-0.849297,0.644,-1.678486,-1.034486,0.644328,-1.519356,-0.875029,0.644328,-1.782176,-1.137848,4.436999
AVAX,20240213,4742,0.914213,0.64585,-1.604242,-0.958393,0.64585,-1.940021,-1.294171,0.643562,-1.512112,-0.86855,0.643562,-1.817159,-1.173597,4.609844
AVAX,20240216,4047,0.914603,0.625207,-1.396449,-0.771241,0.625207,-1.136253,-0.511046,0.624147,-1.456771,-0.832625,0.624147,-1.333092,-0.708946,4.15349
AVAX,20240219,2988,0.929451,0.637785,-1.537858,-0.900073,0.637785,-1.460559,-0.822775,0.637904,-1.511644,-0.87374,0.637904,-1.438163,-0.80026,3.930438
AVAX,20240222,2681,0.915106,0.68514,-1.631731,-0.946591,0.68514,-0.798433,-0.113293,0.685204,-1.65547,-0.970266,0.685204,-0.957283,-0.272079,4.209175
AVAX,20240225,2200,0.917864,0.684186,-1.869813,-1.185627,0.684186,-1.838028,-1.153842,0.684491,-1.849896,-1.165404,0.684491,-1.590587,-0.906096,3.097807
AVAX,20240228,8108,0.880427,0.774327,-1.462694,-0.688367,0.774327,-2.861148,-2.08682,0.765931,-1.5086,-0.742669,0.765931,-3.067957,-2.302025,9.245111
AVAX,20240302,5602,0.906426,0.596775,-1.664429,-1.067654,0.596775,-1.856241,-1.259467,0.59761,-1.669272,-1.071661,0.59761,-1.820558,-1.222948,5.096419
AVAX,20240305,18422,0.873293,1.005929,-1.253438,-0.247508,1.005929,-1.585678,-0.579749,0.974931,-1.855791,-0.880859,0.974931,-2.943711,-1.96878,13.315398
AVAX,20240308,6064,0.876979,0.732821,-0.936488,-0.203667,0.732821,-1.193127,-0.460306,0.727715,-1.235093,-0.507378,0.727715,-1.32292,-0.595205,6.17249
AVAX,20240311,12890,0.880357,0.580604,-1.476075,-0.895471,0.580604,-1.762822,-1.182218,0.578,-1.704424,-1.126424,0.578,-1.568523,-0.990523,7.734374
AVAX,20240314,18632,0.850268,0.504978,-1.466703,-0.961725,0.504978,-0.963062,-0.458084,0.50441,-1.58069,-1.07628,0.50441,-0.968677,-0.464266,9.032381
AVAX,20240317,18322,0.848155,0.50491,-1.565095,-1.060185,0.50491,-1.509525,-1.004615,0.502899,-1.769509,-1.26661,0.502899,-1.805967,-1.303068,9.207079
AVAX,20240320,27198,0.862398,0.526216,-1.44061,-0.914395,0.526216,-0.860895,-0.334679,0.525078,-1.607773,-1.082695,0.525078,-1.26993,-0.744852,10.596102
AVAX,20240323,10015,0.861218,0.484713,-1.645099,-1.160386,0.484713,-1.94525,-1.460537,0.481284,-1.682998,-1.201714,0.481284,-1.851173,-1.36989,5.477916
AVAX,20240326,8726,0.85526,0.459554,-1.126656,-0.667102,0.459554,-1.678127,-1.218573,0.458319,-1.288765,-0.830445,0.458319,-1.682234,-1.223914,5.077995
AVAX,20240329,4786,0.884789,0.47933,-1.307477,-0.828146,0.47933,-1.134401,-0.655071,0.479599,-1.27801,-0.798411,0.479599,-1.177149,-0.69755,3.844581
AVAX,20240401,8633,0.875779,0.570975,-1.755713,-1.184737,0.570975,-1.20492,-0.633944,0.568851,-1.925478,-1.356626,0.568851,-1.062862,-0.494011,5.926747
AVAX,20240404,5135,0.863934,0.549972,-1.542148,-0.992177,0.549972,-1.2661,-0.716129,0.548576,-1.559473,-1.010897,0.548576,-1.331966,-0.78339,4.417862
AVAX,20240407,3467,0.878973,0.526214,-1.480018,-0.953804,0.526214,-1.392971,-0.866757,0.527457,-1.478779,-0.951322,0.527457,-1.423238,-0.89578,3.494052
AVAX,20240410,5648,0.856091,0.61814,-1.458656,-0.840516,0.61814,-2.139569,-1.521429,0.602289,-1.57562,-0.973331,0.602289,-2.310884,-1.708594,5.532924
AVAX,20240413,15452,0.912231,1.158933,-2.093809,-0.934876,1.158933,-2.11066,-0.951726,1.144479,-2.211544,-1.067065,1.144479,-2.433732,-1.289254,15.401452
AVAX,20240416,5917,0.917069,0.741207,-2.104604,-1.363397,0.741207,-2.15906,-1.417853,0.741325,-2.29527,-1.553945,0.741325,-2.407544,-1.666218,8.308885
AVAX,20240419,5847,0.905114,0.754076,-1.693626,-0.93955,0.754076,-1.7057,-0.951624,0.754067,-1.755005,-1.000937,0.754067,-1.615406,-0.861338,6.910728
AVAX,20240422,3672,0.908469,0.656616,-1.692154,-1.035538,0.656616,-1.481612,-0.824996,0.656588,-1.754937,-1.098348,0.656588,-1.687744,-1.031156,5.433138
AVAX,20240425,3428,0.907847,0.716989,-1.878704,-1.161715,0.716989,-1.512013,-0.795024,0.717847,-1.867361,-1.149514,0.717847,-1.509787,-0.79194,4.965202
AVAX,20240428,1900,0.901421,0.730702,-1.607077,-0.876375,0.730702,-1.856806,-1.126104,0.731885,-1.556048,-0.824163,0.731885,-1.783641,-1.051756,3.456116
AVAX,20240501,4741,0.893187,0.850227,-1.616079,-0.765852,0.850227,-2.138571,-1.288343,0.851444,-1.826656,-0.975213,0.851444,-2.137125,-1.285681,7.120951
AVAX,20240504,2769,0.912279,0.717766,-2.004794,-1.287027,0.717766,-2.263493,-1.545727,0.714605,-2.057123,-1.342519,0.714605,-2.172282,-1.457677,3.753838
AVAX,20240507,3417,0.896195,0.698867,-1.879118,-1.180251,0.698867,-2.129392,-1.430525,0.698662,-1.860147,-1.161486,0.698662,-2.107771,-1.409109,4.095417
AVAX,20240510,2909,0.922035,0.728722,-1.933018,-1.204296,0.728722,-1.333652,-0.60493,0.728481,-1.90896,-1.180479,0.728481,-1.354542,-0.626061,4.527129
AVAX,20240513,2856,0.914006,0.76959,-1.504613,-0.735024,0.76959,-1.627589,-0.858,0.769464,-1.578413,-0.808949,0.769464,-1.575676,-0.806212,4.406903
AVAX,20240516,2507,0.912206,0.733896,-1.935174,-1.201279,0.733896,-1.653688,-0.919792,0.734356,-1.966426,-1.232069,0.734356,-1.735894,-1.001538,3.694211
AVAX,20240519,2097,0.906581,0.706899,-1.320599,-0.6137,0.706899,-1.170239,-0.46334,0.706526,-1.359039,-0.652513,0.706526,-1.196755,-0.490229,3.144919
AVAX,20240522,3802,0.903577,0.635689,-1.85238,-1.216691,0.635689,-1.942149,-1.306459,0.635701,-1.839686,-1.203985,0.635701,-1.968917,-1.333216,4.718935
AVAX,20240525,1421,0.89247,0.658517,-1.930894,-1.272377,0.658517,-1.959972,-1.301455,0.658972,-1.912405,-1.253433,0.658972,-1.997342,-1.33837,2.765572
AVAX,20240528,2399,0.922343,0.683944,-1.766621,-1.082677,0.683944,-1.892275,-1.208331,0.684572,-1.776568,-1.091996,0.684572,-1.838455,-1.153883,4.768579
AVAX,20240531,1931,0.868824,0.702608,-1.305779,-0.603171,0.702608,-1.004434,-0.301826,0.699172,-1.428748,-0.729576,0.699172,-1.069078,-0.369906,3.386564
AVAX,20240603,2239,0.915989,0.711497,-1.618032,-0.906534,0.711497,-1.570321,-0.858823,0.712071,-1.590959,-0.878889,0.712071,-1.533964,-0.821893,3.695094
AVAX,20240606,1701,0.910582,0.689031,-1.533393,-0.844362,0.689031,-1.29534,-0.606309,0.689469,-1.550089,-0.86062,0.689469,-1.196055,-0.506586,2.754863
AVAX,20240609,672,0.898661,0.770166,-1.535942,-0.765776,0.770166,-1.241579,-0.471413,0.770374,-1.478884,-0.70851,0.770374,-1.228757,-0.458383,2.450398
AVAX,20240612,3065,0.880294,0.890304,-1.30493,-0.414626,0.890304,-0.99935,-0.109046,0.883054,-1.51306,-0.630005,0.883054,-1.679746,-0.796692,4.830355
AVAX,20240615,836,0.917703,0.830455,-1.967797,-1.137343,0.830455,-2.064719,-1.234264,0.830775,-1.994375,-1.1636,0.830775,-2.038714,-1.207939,2.68475
AVAX,20240618,4054,0.914554,1.191978,-2.816275,-1.624297,1.191978,-2.630294,-1.438316,1.1879,-3.171713,-1.983813,1.1879,-3.106164,-1.918264,8.091694
AVAX,20240621,1409,0.918453,0.914052,-1.570634,-0.656582,0.914052,-1.782967,-0.868915,0.914776,-1.59898,-0.684205,0.914776,-1.843011,-0.928235,4.701678
AVAX,20240624,4806,0.933812,1.096043,-2.202776,-1.106732,1.096043,-2.295531,-1.199488,1.096416,-2.325654,-1.229238,1.096416,-2.284933,-1.188517,7.177298
AVAX,20240627,2785,0.913501,0.94128,-1.768355,-0.827075,0.94128,-1.336392,-0.395112,0.942079,-1.727423,-0.785344,0.942079,-1.417308,-0.47523,4.806954
AVAX,20240630,2038,0.9158,0.891695,-2.082057,-1.190361,0.891695,-2.04173,-1.150035,0.891528,-1.960277,-1.068749,0.891528,-2.04627,-1.154742,3.812796
AVAX,20240703,2570,0.914086,0.930175,-1.84197,-0.911795,0.930175,-1.939522,-1.009347,0.931931,-1.827418,-0.895487,0.931931,-1.974694,-1.042763,4.244943
AVAX,20240706,1959,0.918377,0.965046,-1.984602,-1.019556,0.965046,-2.114333,-1.149287,0.965647,-1.983843,-1.018196,0.965647,-2.039013,-1.073366,4.774448
AVAX,20240709,2116,0.945463,0.993125,-1.784105,-0.790981,0.993125,-2.041695,-1.04857,0.99274,-1.782394,-0.789654,0.99274,-2.011054,-1.018314,5.303895
AVAX,20240712,1275,0.926353,1.002384,-1.812971,-0.810587,1.002384,-1.477019,-0.474634,1.002331,-1.800848,-0.798517,1.002331,-1.579328,-0.576996,4.326245
AVAX,20240715,1887,0.916269,0.932445,-1.799163,-0.866718,0.932445,-1.677912,-0.745468,0.932554,-1.891968,-0.959414,0.932554,-1.652697,-0.720143,4.500179
AVAX,20240718,1589,0.923033,0.917488,-1.592544,-0.675056,0.917488,-1.242337,-0.324849,0.917695,-1.606441,-0.688746,0.917695,-1.322323,-0.404628,4.028754
AVAX,20240721,5372,0.913812,0.823452,-1.888759,-1.065307,0.823452,-1.739246,-0.915795,0.824598,-1.961039,-1.136441,0.824598,-1.751219,-0.926621,5.92663
AVAX,20240724,4384,0.932071,0.86474,-1.877606,-1.012866,0.86474,-2.107244,-1.242504,0.86518,-1.920215,-1.055034,0.86518,-2.188386,-1.323205,5.084595
AVAX,20240727,1733,0.909002,0.879748,-2.134952,-1.255204,0.879748,-2.210314,-1.330566,0.879789,-2.086785,-1.206996,0.879789,-2.166158,-1.286369,4.341405
AVAX,20240730,1294,0.885703,0.937983,-2.036612,-1.098629,0.937983,-2.091908,-1.153925,0.938664,-2.028858,-1.090194,0.938664,-2.262958,-1.324294,3.838322
AVAX,20240802,1671,0.901795,1.027778,-2.09057,-1.062792,1.027778,-1.726564,-0.698786,1.028885,-2.03455,-1.005666,1.028885,-1.639579,-0.610694,5.83356
AVAX,20240805,8773,0.947384,1.479249,-2.412072,-0.932823,1.479249,-5.915048,-4.435799,1.481784,-2.474494,-0.99271,1.481784,-5.6848,-4.203015,15.280826
AVAX,20240808,1515,0.907921,1.180809,-3.024158,-1.843349,1.180809,-2.862257,-1.681448,1.180407,-3.086277,-1.90587,1.180407,-2.932455,-1.752048,5.834416
AVAX,20240811,956,0.912134,1.213969,-3.478597,-2.264627,1.213969,-2.748189,-1.53422,1.217407,-3.614812,-2.397406,1.217407,-2.754081,-1.536674,4.302098
AVAX,20240814,641,0.939314,1.175977,-2.110008,-0.934031,1.175977,-2.415267,-1.23929,1.175929,-2.026413,-0.850483,1.175929,-2.384987,-1.209058,4.14568
AVAX,20240817,200,0.9655,1.220012,-1.892899,-0.672887,1.220012,-2.317432,-1.09742,1.219989,-1.898474,-0.678485,1.219989,-2.378295,-1.158306,2.573245
AVAX,20240820,829,0.924729,1.13454,-1.988286,-0.853746,1.13454,-1.947456,-0.812916,1.13487,-2.055952,-0.921081,1.13487,-2.050856,-0.915985,4.155952
AVAX,20240823,2641,0.893828,0.960986,-2.179652,-1.218666,0.960986,-2.604187,-1.643201,0.961832,-2.180869,-1.219037,0.961832,-2.616629,-1.654798,5.403404
AVAX,20240826,1078,0.927644,0.950764,-1.681468,-0.730705,0.950764,-1.180147,-0.229383,0.950346,-1.732028,-0.781681,0.950346,-1.27874,-0.328394,4.568161
AVAX,20240829,1348,0.881083,1.060599,-2.188047,-1.127448,1.060599,-2.487524,-1.426925,1.061095,-2.065854,-1.004759,1.061095,-2.361945,-1.30085,4.779161
AVAX,20240901,1069,0.909074,1.151549,-2.102116,-0.950567,1.151549,-1.267919,-0.11637,1.153701,-1.986795,-0.833094,1.153701,-1.20425,-0.050549,4.947654
AVAX,20240904,889,0.885714,1.173647,-2.264735,-1.091088,1.173647,-3.726423,-2.552776,1.175605,-2.163211,-0.987605,1.175605,-3.472636,-2.297031,4.62953
AVAX,20240907,343,0.837609,1.162618,-2.136767,-0.974149,1.162618,-2.955176,-1.792558,1.163443,-2.203633,-1.04019,1.163443,-3.135312,-1.971868,2.967774
AVAX,20240910,447,0.910738,1.04539,-1.883295,-0.837905,1.04539,-1.206178,-0.160788,1.045787,-1.797434,-0.751647,1.045787,-1.040365,0.005422,3.669849
AVAX,20240913,1050,0.88,1.032505,-2.037777,-1.005272,1.032505,-2.015757,-0.983252,1.03227,-1.984006,-0.951736,1.03227,-1.780088,-0.747818,3.871879
AVAX,20240916,532,0.881579,1.060846,-2.083628,-1.022781,1.060846,-1.879988,-0.819142,1.061101,-2.14168,-1.080579,1.061101,-2.069657,-1.008556,3.684375
AVAX,20240919,1432,0.946788,0.964036,-1.780232,-0.816195,0.964036,-1.093451,-0.129415,0.964232,-1.745445,-0.781213,0.964232,-1.101082,-0.136851,4.555523
AVAX,20240922,702,0.94886,0.927736,-2.062558,-1.134822,0.927736,-2.768468,-1.840732,0.927832,-2.028079,-1.100247,0.927832,-2.665803,-1.737971,3.384352
AVAX,20240925,1615,0.923963,0.917258,-1.88851,-0.971251,0.917258,-1.755271,-0.838013,0.917966,-1.980268,-1.062303,0.917966,-1.740761,-0.822795,3.857073
AVAX,20240928,1572,0.946501,0.851694,-1.89649,-1.044796,0.851694,-1.488263,-0.636569,0.852323,-1.921905,-1.069582,0.852323,-1.494948,-0.642625,2.930165
AVAX,20241001,2410,0.937261,0.951271,-2.255192,-1.303921,0.951271,-2.145392,-1.194121,0.951151,-2.240839,-1.289687,0.951151,-1.888377,-0.937225,6.349061
AVAX,20241004,1637,0.93256,0.993874,-1.955629,-0.961755,0.993874,-0.761935,0.231939,0.994735,-1.962999,-0.968264,0.994735,-0.839128,0.155607,4.486062
AVAX,20241007,1628,0.911425,0.931795,-2.210694,-1.278899,0.931795,-2.441031,-1.509236,0.93205,-2.229442,-1.297392,0.93205,-2.267482,-1.335431,4.217769
AVAX,20241010,1471,0.829912,0.976179,-1.768939,-0.79276,0.976179,-1.351962,-0.375783,0.976954,-1.933748,-0.956795,0.976954,-1.610101,-0.633147,4.154683
AVAX,20241013,1575,0.928952,0.876596,-2.071377,-1.194781,0.876596,-1.468201,-0.591605,0.876275,-2.080604,-1.204329,0.876275,-1.535666,-0.659391,3.44645
AVAX,20241016,1398,0.894492,0.905865,-1.64489,-0.739025,0.905865,-1.295569,-0.389704,0.906768,-1.665834,-0.759066,0.906768,-1.502953,-0.596185,4.205669
AVAX,20241019,608,0.918257,0.895066,-1.434782,-0.539716,0.895066,-1.348458,-0.453393,0.895287,-1.464482,-0.569195,0.895287,-1.3666,-0.471313,2.110144
AVAX,20241022,991,0.853986,0.908389,-1.7716,-0.863212,0.908389,-1.825854,-0.917465,0.908343,-1.915438,-1.007095,0.908343,-1.851852,-0.943509,3.769823
AVAX,20241025,1577,0.933862,1.098641,-3.226231,-2.127589,1.098641,-3.864667,-2.766025,1.097295,-2.915155,-1.81786,1.097295,-3.627009,-2.529714,5.269429
AVAX,20241028,755,0.918278,0.976777,-2.318188,-1.341411,0.976777,-2.426737,-1.44996,0.975203,-2.331113,-1.35591,0.975203,-2.44443,-1.469226,4.052984
AVAX,20241031,530,0.953774,0.992878,-2.162842,-1.169963,0.992878,-1.753958,-0.76108,0.991132,-2.143808,-1.152676,0.991132,-1.727297,-0.736165,3.378148
AVAX,20241103,850,0.957294,1.07544,-1.614713,-0.539273,1.07544,-0.451357,0.624083,1.075355,-1.709211,-0.633856,1.075355,-0.530097,0.545258,4.488041
AVAX,20241106,2911,0.951563,0.982696,-1.765094,-0.782397,0.982696,-2.08881,-1.106114,0.983265,-1.766771,-0.783505,0.983265,-2.016575,-1.033309,5.882904
AVAX,20241109,4446,0.932614,0.907933,-1.737883,-0.82995,0.907933,-1.682316,-0.774383,0.907304,-1.789149,-0.881845,0.907304,-1.718975,-0.811671,4.865987
AVAX,20241112,14099,0.939251,0.755699,-1.909157,-1.153458,0.755699,-2.438494,-1.682794,0.755981,-1.90485,-1.148869,0.755981,-2.383963,-1.627982,10.610405
AVAX,20241115,8407,0.900428,0.789548,-1.809085,-1.019537,0.789548,-1.918027,-1.128479,0.789448,-1.814477,-1.025028,0.789448,-1.955631,-1.166182,6.603055
AVAX,20241118,8124,0.922033,0.720844,-1.522618,-0.801774,0.720844,-1.910251,-1.189408,0.720664,-1.51741,-0.796746,0.720664,-1.890223,-1.169559,6.372483
AVAX,20241121,6980,0.899542,0.726881,-1.686634,-0.959753,0.726881,-1.489915,-0.763034,0.727227,-1.652542,-0.925315,0.727227,-1.450559,-0.723332,6.472882
AVAX,20241124,12047,0.851689,0.629474,-1.771577,-1.142103,0.629474,-2.205192,-1.575718,0.629758,-1.833075,-1.203317,0.629758,-2.26443,-1.634672,7.963926
AVAX,20241127,12797,0.865132,0.59832,-1.594835,-0.996515,0.59832,-1.528622,-0.930302,0.598961,-1.597611,-0.99865,0.598961,-1.651197,-1.052236,7.606364
AVAX,20241130,6876,0.895622,0.562088,-1.288881,-0.726793,0.562088,-1.045987,-0.483899,0.562432,-1.325616,-0.763184,0.562432,-1.107173,-0.544741,5.061164
AVAX,20241203,22146,0.901603,0.53528,-1.254294,-0.719014,0.53528,-1.486962,-0.951682,0.536083,-1.267133,-0.731051,0.536083,-1.422384,-0.886302,9.729238
AVAX,20241206,11307,0.879252,0.500635,-1.349683,-0.849048,0.500635,-1.163794,-0.663159,0.501027,-1.355362,-0.854335,0.501027,-1.150027,-0.649,6.173126
AVAX,20241209,19078,0.900194,0.747499,-1.346468,-0.598969,0.747499,-2.438269,-1.69077,0.735773,-1.337582,-0.601809,0.735773,-2.167234,-1.431461,11.164752
AVAX,20241212,19333,0.884638,0.507824,-1.387546,-0.879722,0.507824,-1.232257,-0.724433,0.507022,-1.432324,-0.925302,0.507022,-1.426439,-0.919417,8.171554
AVAX,20241215,9912,0.877462,0.51385,-1.451431,-0.93758,0.51385,-1.982276,-1.468426,0.513926,-1.445973,-0.932047,0.513926,-1.960769,-1.446843,4.865215
AVAX,20241218,11955,0.898185,0.624255,-1.58239,-0.958135,0.624255,-0.98448,-0.360225,0.617865,-1.650896,-1.03303,0.617865,-1.291837,-0.673971,8.717581
AVAX,20241221,9501,0.888728,0.647117,-1.874186,-1.227069,0.647117,-1.555618,-0.9085,0.647336,-1.92151,-1.274173,0.647336,-1.669101,-1.021765,7.399688
AVAX,20241224,7345,0.890456,0.634909,-1.634427,-0.999518,0.634909,-1.512359,-0.877451,0.634648,-1.637949,-1.0033,0.634648,-1.535153,-0.900504,5.893242
AVAX,20241227,6162,0.879406,0.673667,-1.45912,-0.785453,0.673667,-1.266023,-0.592356,0.67386,-1.419357,-0.745498,0.67386,-1.32291,-0.649051,5.210027
AVAX,20241230,4624,0.90558,0.695357,-1.714335,-1.018979,0.695357,-1.512206,-0.816849,0.696009,-1.715372,-1.019363,0.696009,-1.59955,-0.903541,5.533953
AVAX,20250102,4929,0.9042,0.642969,-1.656617,-1.013648,0.642969,-1.393122,-0.750153,0.643438,-1.659738,-1.016301,0.643438,-1.349873,-0.706436,4.83323
AVAX,20250105,4880,0.879119,0.600013,-1.647163,-1.04715,0.600013,-1.465387,-0.865374,0.600305,-1.651563,-1.051258,0.600305,-1.43564,-0.835335,3.716435
AVAX,20250108,5751,0.899061,0.669176,-1.504647,-0.835472,0.669176,-1.912263,-1.243087,0.669649,-1.516469,-0.84682,0.669649,-1.887876,-1.218227,6.226177
AVAX,20250111,2606,0.862087,0.686877,-1.685431,-0.998553,0.686877,-1.609701,-0.922824,0.687566,-1.671925,-0.984359,0.687566,-1.60937,-0.921804,3.56915
AVAX,20250114,3035,0.859473,0.703021,-1.544292,-0.841271,0.703021,-1.491444,-0.788423,0.703401,-1.546049,-0.842648,0.703401,-1.546028,-0.842627,4.339719
AVAX,20250117,5135,0.895443,0.618,-1.312653,-0.694653,0.618,-1.001912,-0.383912,0.61853,-1.331579,-0.713049,0.61853,-1.036397,-0.417867,4.228888
AVAX,20250120,13273,0.908009,0.755943,-1.31692,-0.560976,0.755943,-0.841741,-0.085798,0.752405,-1.326334,-0.573929,0.752405,-0.742912,0.009494,10.939638
AVAX,20250123,6143,0.885431,0.713289,-1.723601,-1.010312,0.713289,-1.555959,-0.842669,0.713987,-1.768509,-1.054521,0.713987,-1.544734,-0.830747,5.948881
AVAX,20250126,3914,0.871231,0.67505,-1.556139,-0.881089,0.67505,-1.505793,-0.830743,0.675689,-1.557154,-0.881464,0.675689,-1.515046,-0.839356,3.84242
AVAX,20250129,3907,0.877272,0.76628,-1.810183,-1.043903,0.76628,-1.097884,-0.331604,0.76666,-1.812227,-1.045567,0.76666,-1.090192,-0.323532,5.437923
AVAX,20250201,3233,0.861676,0.749345,-1.682848,-0.933502,0.749345,-1.667126,-0.917781,0.749817,-1.672866,-0.923049,0.749817,-1.73113,-0.981313,3.935157
AVAX,20250204,4448,0.879969,0.946868,-1.763716,-0.816848,0.946868,-1.492989,-0.54612,0.946748,-1.88324,-0.936492,0.946748,-1.361845,-0.415097,8.774954
AVAX,20250207,2015,0.901886,1.011208,-1.949505,-0.938297,1.011208,-1.717109,-0.705901,1.012,-1.835263,-0.823263,1.012,-1.582016,-0.570016,6.367613
AVAX,20250210,1839,0.866612,0.994724,-1.740156,-0.745433,0.994724,-1.56451,-0.569786,0.994861,-1.862856,-0.867995,0.994861,-1.590259,-0.595397,5.742396
AVAX,20250213,1404,0.90114,0.979696,-1.783587,-0.803891,0.979696,-2.131694,-1.151998,0.9795,-1.766023,-0.786523,0.9795,-2.069307,-1.089807,4.575302
AVAX,20250216,1055,0.857725,0.994663,-1.782197,-0.787534,0.994663,-1.618548,-0.623885,0.994813,-1.79241,-0.797597,0.994813,-1.592845,-0.598032,3.466933
AVAX,20250219,897,0.945039,1.066658,-1.597718,-0.531059,1.066658,-2.277283,-1.210625,1.067139,-1.556328,-0.489188,1.067139,-2.294632,-1.227493,4.187294
AVAX,20250222,3108,0.925354,1.01716,-2.203904,-1.186744,1.01716,-2.244363,-1.227203,1.01619,-2.226593,-1.210404,1.01619,-2.277207,-1.261017,4.287173
AVAX,20250225,2988,0.938487,1.209563,-2.59154,-1.381977,1.209563,-2.30143,-1.091866,1.210548,-2.584895,-1.374347,1.210548,-2.481232,-1.270684,9.52997
AVAX,20250228,2658,0.945184,1.196178,-2.090286,-0.894108,1.196178,-2.507722,-1.311544,1.196301,-2.049896,-0.853595,1.196301,-2.332219,-1.135918,7.912485
AVAX,20250303,2986,0.950268,1.12528,-1.690119,-0.564839,1.12528,-2.090972,-0.965692,1.12394,-1.65821,-0.534269,1.12394,-2.081194,-0.957253,8.40359
AVAX,20250306,2349,0.94172,1.159147,-2.217593,-1.058446,1.159147,-2.444201,-1.285054,1.159075,-2.15486,-0.995785,1.159075,-2.375477,-1.216402,6.971799
AVAX,20250309,10155,0.911275,0.332076,-1.464363,-1.132286,0.332076,-1.479909,-1.147833,0.331516,-1.485867,-1.154351,0.331516,-1.559752,-1.228236,5.787353
AVAX,20250312,16187,0.914765,0.298796,-1.495529,-1.196733,0.298796,-1.56346,-1.264664,0.297233,-1.487582,-1.190349,0.297233,-1.467785,-1.170551,7.562095
AVAX,20250315,11725,0.897424,0.27657,-1.615863,-1.339293,0.27657,-1.447159,-1.170588,0.275948,-1.642561,-1.366613,0.275948,-1.465464,-1.189517,4.735499
AVAX,20250318,13268,0.913627,0.274061,-1.474448,-1.200387,0.274061,-1.408366,-1.134304,0.273888,-1.484602,-1.210714,0.273888,-1.398094,-1.124206,5.728831
AVAX,20250321,10218,0.880554,0.272177,-1.353414,-1.081237,0.272177,-1.378871,-1.106694,0.272228,-1.368155,-1.095927,0.272228,-1.365452,-1.093224,4.142033
AVAX,20250324,14673,0.904832,0.245466,-1.16747,-0.922003,0.245466,-1.340145,-1.094679,0.245436,-1.197631,-0.952194,0.245436,-1.338609,-1.093172,4.926935
AVAX,20250327,11068,0.848708,0.234289,-1.239072,-1.004783,0.234289,-1.117994,-0.883705,0.234358,-1.277108,-1.042751,0.234358,-1.224521,-0.990164,3.826453
AVAX,20250330,8876,0.896665,0.270254,-1.402375,-1.132121,0.270254,-1.132115,-0.861861,0.269661,-1.411458,-1.141797,0.269661,-1.123688,-0.854027,4.241206
AVAX,20250402,13030,0.909501,0.303811,-1.144328,-0.840517,0.303811,-0.934185,-0.630374,0.303024,-1.111086,-0.808062,0.303024,-1.1688,-0.865776,7.647307
AVAX,20250405,5618,0.886668,0.283764,-1.202924,-0.91916,0.283764,-1.24297,-0.959206,0.283726,-1.232795,-0.949069,0.283726,-1.280225,-0.996499,2.917144
AVAX,20250408,18973,0.925568,0.307719,-1.45712,-1.149401,0.307719,-1.481951,-1.174233,0.307533,-1.454464,-1.146931,0.307533,-1.510358,-1.202825,6.76192
AVAX,20250411,15455,0.9079,0.274639,-1.248682,-0.974043,0.274639,-1.013061,-0.738422,0.274828,-1.282027,-1.007199,0.274828,-1.050601,-0.775773,5.14261
AVAX,20250414,16606,0.898603,0.257465,-1.381099,-1.123635,0.257465,-1.323432,-1.065967,0.257436,-1.381746,-1.12431,0.257436,-1.344255,-1.086819,5.413772
AVAX,20250417,8646,0.884733,0.268352,-1.307543,-1.039191,0.268352,-1.066236,-0.797884,0.268403,-1.307055,-1.038653,0.268403,-1.090991,-0.822589,3.750021
AVAX,20250420,7324,0.886729,0.262255,-1.126257,-0.864003,0.262255,-0.98052,-0.718265,0.262156,-1.144483,-0.882327,0.262156,-1.016836,-0.75468,2.751995
AVAX,20250423,13012,0.875085,0.239763,-1.349785,-1.110023,0.239763,-1.308328,-1.068565,0.238095,-1.358064,-1.119969,0.238095,-1.212593,-0.974498,5.260236
AVAX,20250426,10131,0.875274,0.23305,-1.40239,-1.16934,0.23305,-1.423977,-1.190928,0.233078,-1.408925,-1.175846,0.233078,-1.49019,-1.257112,3.959245
AVAX,20250429,8190,0.876508,0.237588,-1.372165,-1.134577,0.237588,-1.535362,-1.297773,0.236995,-1.386207,-1.149212,0.236995,-1.515971,-1.278976,3.993049
AVAX,20250502,10523,0.896874,0.24689,-1.000775,-0.753885,0.24689,-0.844682,-0.597792,0.246718,-1.027802,-0.781084,0.246718,-0.880987,-0.634269,4.067843
AVAX,20250505,9209,0.881377,0.259503,-1.164215,-0.904712,0.259503,-1.105181,-0.845678,0.259097,-1.157735,-0.898639,0.259097,-1.103691,-0.844594,3.414357
AVAX,20250508,11770,0.896474,0.252965,-1.100344,-0.847379,0.252965,-1.008449,-0.755484,0.253023,-1.09254,-0.839517,0.253023,-1.050951,-0.797928,4.553097
AVAX,20250511,11641,0.885843,0.215994,-1.293165,-1.077171,0.215994,-1.28968,-1.073686,0.214986,-1.293358,-1.078372,0.214986,-1.251992,-1.037006,5.276927
AVAX,20250514,13018,0.888462,0.208015,-1.236833,-1.028818,0.208015,-1.08133,-0.873315,0.20822,-1.264285,-1.056066,0.20822,-1.101399,-0.893179,5.343406
AVAX,20250517,9129,0.884533,0.230981,-1.211077,-0.980097,0.230981,-1.119834,-0.888854,0.230535,-1.219085,-0.98855,0.230535,-1.164342,-0.933807,4.911711
AVAX,20250520,9305,0.892563,0.232221,-1.229539,-0.997318,0.232221,-1.080579,-0.848358,0.232105,-1.234319,-1.002215,0.232105,-1.094898,-0.862793,4.750584
AVAX,20250523,13432,0.892272,0.220277,-1.123817,-0.90354,0.220277,-1.007435,-0.787158,0.219733,-1.176152,-0.956418,0.219733,-1.094236,-0.874503,6.101782
AVAX,20250526,8082,0.876021,0.221476,-1.216438,-0.994962,0.221476,-1.055596,-0.834119,0.221673,-1.226232,-1.004559,0.221673,-1.057591,-0.835918,4.02696
AVAX,20250529,9815,0.900642,0.228553,-1.112473,-0.88392,0.228553,-0.989319,-0.760766,0.228772,-1.123344,-0.894572,0.228772,-1.004698,-0.775926,4.674059
AVAX,20250601,6782,0.901062,0.248769,-1.311656,-1.062888,0.248769,-1.292532,-1.043763,0.248413,-1.320461,-1.072048,0.248413,-1.262434,-1.014022,3.410801
AVAX,20250604,7181,0.90156,0.247927,-1.207574,-0.959646,0.247927,-1.233884,-0.985957,0.247753,-1.210537,-0.962785,0.247753,-1.272585,-1.024832,3.531578
AVAX,20250607,6471,0.909628,0.248769,-1.042091,-0.793322,0.248769,-0.796867,-0.548098,0.248797,-1.056257,-0.80746,0.248797,-0.877848,-0.629052,3.430329
AVAX,20250610,8753,0.896344,0.237638,-1.079831,-0.842193,0.237638,-1.311588,-1.073951,0.238133,-1.103928,-0.865795,0.238133,-1.307701,-1.069568,4.736543
AVAX,20250613,11856,0.901054,0.27451,-1.205021,-0.93051,0.27451,-1.054959,-0.780448,0.274881,-1.177473,-0.902592,0.274881,-1.071897,-0.797016,6.290699
AVAX,20250616,7559,0.897566,0.263136,-1.286274,-1.023138,0.263136,-1.400926,-1.13779,0.263526,-1.266533,-1.003007,0.263526,-1.404466,-1.14094,3.99057
AVAX,20250619,7221,0.890431,0.284216,-1.393715,-1.109499,0.284216,-1.516368,-1.232152,0.284096,-1.412391,-1.128295,0.284096,-1.549652,-1.265556,3.487381
AVAX,20250622,9493,0.924618,0.316808,-1.223027,-0.906218,0.316808,-1.220875,-0.904067,0.317175,-1.230946,-0.913771,0.317175,-1.3061,-0.988925,6.083194
AVAX,20250625,8588,0.780356,0.284274,-1.158758,-0.874484,0.284274,-1.159822,-0.875548,0.284308,-1.263839,-0.979531,0.284308,-1.283888,-0.99958,3.72807
AVAX,20250628,5346,0.884886,0.284235,-1.39429,-1.110054,0.284235,-1.302546,-1.01831,0.284217,-1.404884,-1.120667,0.284217,-1.344514,-1.060298,2.230106
AVAX,20250701,6197,0.891673,0.290422,-1.239113,-0.948691,0.290422,-1.177911,-0.887488,0.290573,-1.250798,-0.960225,0.290573,-1.220731,-0.930159,2.798423
AVAX,20250704,5854,0.902836,0.280974,-1.199068,-0.918094,0.280974,-1.4368,-1.155826,0.28111,-1.200812,-0.919702,0.28111,-1.393919,-1.112809,3.31318
AVAX,20250707,5289,0.898544,0.281455,-1.31358,-1.032125,0.281455,-1.358539,-1.077085,0.281183,-1.336954,-1.055771,0.281183,-1.372484,-1.091301,2.966029
AVAX,20250710,7056,0.908248,0.270377,-1.281933,-1.011556,0.270377,-1.230248,-0.95987,0.270778,-1.281416,-1.010638,0.270778,-1.269441,-0.998663,3.763934
AVAX,20250713,7721,0.904857,0.251065,-1.337404,-1.086339,0.251065,-1.313652,-1.062587,0.25068,-1.324084,-1.073404,0.25068,-1.28379,-1.03311,4.184501
AVAX,20250716,9506,0.871218,0.240656,-1.098271,-0.857615,0.240656,-1.099601,-0.858945,0.239632,-1.120897,-0.881264,0.239632,-1.204154,-0.964522,4.184418
AVAX,20250719,12152,0.897054,0.220451,-1.271009,-1.050558,0.220451,-1.591016,-1.370565,0.220278,-1.28006,-1.059782,0.220278,-1.633196,-1.412918,4.544188
AVAX,20250722,18875,0.913473,0.214221,-1.282878,-1.068657,0.214221,-1.230203,-1.015982,0.214099,-1.30577,-1.091671,0.214099,-1.257948,-1.043849,6.580757
AVAX,20250725,13096,0.909224,0.223499,-1.310562,-1.087064,0.223499,-1.437267,-1.213768,0.223163,-1.308043,-1.08488,0.223163,-1.431725,-1.208563,5.210935
AVAX,20250727,11594,0.881283,0.206268,-1.32284,-1.116572,0.206268,-1.280676,-1.074409,0.206128,-1.306105,-1.099978,0.206128,-1.240229,-1.034101,3.489498
AVAX,20250728,17832,0.912057,0.203224,-1.302393,-1.099169,0.203224,-1.043133,-0.839909,0.202524,-1.296814,-1.09429,0.202524,-0.981268,-0.778744,5.59952
AVAX,20250731,9946,0.916308,0.227611,-1.298924,-1.071314,0.227611,-1.216833,-0.989222,0.227095,-1.286781,-1.059686,0.227095,-1.210267,-0.983172,4.176416
AVAX,20250801,13825,0.91992,0.243713,-1.361661,-1.117949,0.243713,-1.161171,-0.917458,0.243863,-1.379663,-1.135799,0.243863,-1.205747,-0.961884,6.318519
AVAX,20250803,6571,0.903165,0.241735,-1.216849,-0.975115,0.241735,-1.145781,-0.904046,0.241794,-1.237296,-0.995503,0.241794,-1.137365,-0.895572,3.084764
AVAX,20250806,7417,0.899097,0.234992,-1.214442,-0.97945,0.234992,-1.12496,-0.889968,0.234996,-1.235144,-1.000147,0.234996,-1.15702,-0.922023,3.612021
AVAX,20250809,9213,0.883502,0.214013,-1.197261,-0.983248,0.214013,-1.412296,-1.198283,0.214163,-1.21105,-0.996887,0.214163,-1.465558,-1.251396,3.369123
AVAX,20250811,12337,0.907384,0.222511,-1.261553,-1.039041,0.222511,-1.251231,-1.02872,0.22247,-1.281561,-1.059091,0.22247,-1.255747,-1.033277,4.699623
AVAX,20250812,10782,0.907234,0.220366,-1.140821,-0.920455,0.220366,-1.11388,-0.893514,0.219972,-1.14948,-0.929508,0.219972,-1.152173,-0.932202,4.255638
AVAX,20250815,15254,0.912239,0.216662,-1.152291,-0.935629,0.216662,-1.111437,-0.894776,0.216433,-1.146167,-0.929734,0.216433,-1.138796,-0.922363,5.219861
AVAX,20250816,8474,0.891161,0.214352,-1.410669,-1.196317,0.214352,-1.553437,-1.339086,0.214417,-1.415555,-1.201137,0.214417,-1.553253,-1.338836,3.474546
AVAX,20250818,13629,0.907286,0.217403,-1.297587,-1.080184,0.217403,-1.307724,-1.090322,0.217406,-1.307503,-1.090098,0.217406,-1.314991,-1.097585,4.847066
BNB,20230401,326,0.628436,0.804066,-1.635871,-0.831805,0.804066,-1.666884,-0.862818,0.805941,-1.268987,-0.463046,0.805941,-1.323558,-0.517617,1.18376
BNB,20230404,675,0.704148,0.823513,-1.580142,-0.756628,0.823513,-1.84841,-1.024897,0.818419,-1.524307,-0.705888,0.818419,-1.457724,-0.639304,1.641554
BNB,20230407,205,0.605854,0.813383,-1.842618,-1.029235,0.813383,-1.515744,-0.702361,0.816914,-1.644504,-0.82759,0.816914,-1.208825,-0.391911,1.002232
BNB,20230410,304,0.679408,0.799918,-1.382046,-0.582128,0.799918,-1.768082,-0.968165,0.800987,-1.266024,-0.465037,0.800987,-1.726007,-0.925019,0.918124
BNB,20230413,590,0.559068,0.783591,-1.557581,-0.77399,0.783591,-2.242842,-1.459251,0.785349,-1.360639,-0.57529,0.785349,-1.76367,-0.97832,1.188247
BNB,20230416,1601,0.611274,0.737879,-1.669098,-0.931219,0.737879,-2.403581,-1.665701,0.739305,-1.396802,-0.657497,0.739305,-2.088875,-1.34957,2.286938
BNB,20230419,3659,0.264591,0.784512,-0.396536,0.387976,0.784512,-2.0378,-1.253288,0.810155,-2.144708,-1.334553,0.810155,-4.88848,-4.078324,2.846541
BNB,20230422,1277,0.358677,0.769838,-0.867275,-0.097436,0.769838,-1.115329,-0.34549,0.77796,-1.325466,-0.547507,0.77796,-1.048964,-0.271004,1.681211
BNB,20230425,1119,0.446363,0.759812,-0.835371,-0.075558,0.759812,-0.597181,0.162631,0.76265,-1.436027,-0.673377,0.76265,-0.976016,-0.213366,1.964289
BNB,20230428,2766,0.449082,0.780362,-0.86941,-0.089048,0.780362,-0.334092,0.44627,0.783574,-1.464326,-0.680752,0.783574,-1.405044,-0.62147,2.286369
BNB,20230501,4899,0.182121,0.772455,-0.808672,-0.036217,0.772455,-0.96112,-0.188666,0.763829,-1.455989,-0.69216,0.763829,-1.861321,-1.097492,2.192587
BNB,20230504,1949,0.105967,0.768861,0.245933,1.014794,0.768861,0.614825,1.383686,0.768503,-1.024312,-0.255809,0.768503,-1.264813,-0.49631,1.129385
BNB,20230507,1591,0.123759,0.774237,-0.465306,0.308931,0.774237,0.920216,1.694453,0.777668,-1.118045,-0.340377,0.777668,-0.816077,-0.038409,1.173257
BNB,20230510,3273,0.169141,0.806014,-0.032442,0.773572,0.806014,1.520597,2.326611,0.822599,-2.366088,-1.54349,0.822599,-1.798107,-0.975508,2.204291
BNB,20230513,1919,0.099026,0.807585,-0.470481,0.337104,0.807585,-0.801616,0.005969,0.807349,-1.494617,-0.687268,0.807349,-1.64875,-0.841401,1.050416
BNB,20230516,3657,0.057473,0.802375,-0.431438,0.370937,0.802375,-0.737538,0.064837,0.803384,-1.264178,-0.460794,0.803384,-0.978229,-0.174845,1.10361
BNB,20230519,1567,0.075571,0.817882,-0.222251,0.595632,0.817882,-0.041047,0.776835,0.822665,-1.805188,-0.982523,0.822665,-1.137946,-0.315281,1.04722
BNB,20230522,1118,0.196807,0.813221,-0.459191,0.35403,0.813221,-0.971333,-0.158111,0.814575,-1.399162,-0.584587,0.814575,-1.723231,-0.908656,1.147948
BNB,20230525,622,0.240949,0.85885,-0.233408,0.625442,0.85885,-0.450562,0.408289,0.83144,-2.402375,-1.570935,0.83144,-2.580314,-1.748874,1.233876
BNB,20230528,550,0.403909,0.809923,-1.017247,-0.207325,0.809923,-1.070399,-0.260477,0.809236,-1.342706,-0.53347,0.809236,-1.44999,-0.640754,1.136485
BNB,20230531,1000,0.18049,0.818443,-0.047236,0.771207,0.818443,-0.527814,0.290629,0.832876,-2.050601,-1.217725,0.832876,-2.000981,-1.168105,1.49186
BNB,20230603,289,0.247059,0.815221,-0.672382,0.142839,0.815221,-1.064748,-0.249526,0.815738,-1.315874,-0.500136,0.815738,-1.757727,-0.941989,0.652451
BNB,20230606,1623,0.618805,0.905539,-2.539946,-1.634406,0.905539,-2.197647,-1.292107,0.907903,-2.384047,-1.476145,0.907903,-2.065156,-1.157253,3.11026
BNB,20230609,2073,0.63944,0.971829,-1.649823,-0.677994,0.971829,-1.554256,-0.582427,0.974945,-1.42855,-0.453605,0.974945,-1.097262,-0.122317,2.890721
BNB,20230612,6780,0.667891,1.11069,-2.17853,-1.06784,1.11069,-2.044164,-0.933474,1.114943,-2.095081,-0.980138,1.114943,-1.934734,-0.819792,6.480929
BNB,20230615,2551,0.662685,1.073817,-1.574326,-0.50051,1.073817,-1.384582,-0.310765,1.074282,-1.576781,-0.502499,1.074282,-1.383083,-0.308801,3.639623
BNB,20230618,696,0.611767,1.034326,-2.059017,-1.024691,1.034326,-1.850396,-0.81607,1.033997,-1.905256,-0.871259,1.033997,-1.798625,-0.764628,2.106586
BNB,20230621,2014,0.588461,1.009791,-2.030884,-1.021093,1.009791,-1.870852,-0.861061,1.011443,-1.94316,-0.931717,1.011443,-1.518363,-0.50692,3.331422
BNB,20230624,1596,0.675677,1.139562,-3.901629,-2.762067,1.139562,-2.6864,-1.546838,1.161883,-4.283132,-3.121249,1.161883,-3.968488,-2.806605,3.813164
BNB,20230627,626,0.646422,1.053052,-2.319012,-1.26596,1.053052,-2.450212,-1.39716,1.054502,-2.453288,-1.398786,1.054502,-2.359501,-1.304999,1.876476
BNB,20230630,1716,0.668718,1.066223,-2.812888,-1.746665,1.066223,-2.447451,-1.381228,1.06918,-2.805646,-1.736466,1.06918,-2.658666,-1.589486,3.350223
BNB,20230703,1273,0.652522,1.03518,-2.201651,-1.166471,1.03518,-3.315916,-2.280736,1.043487,-2.137357,-1.09387,1.043487,-3.348022,-2.304535,3.908972
BNB,20230706,1909,0.665647,1.081221,-2.116005,-1.034784,1.081221,-2.707827,-1.626606,1.086012,-1.94289,-0.856879,1.086012,-2.478824,-1.392812,2.772111
BNB,20230709,348,0.608879,1.074723,-1.433594,-0.35887,1.074723,-1.375518,-0.300795,1.078255,-1.671275,-0.59302,1.078255,-1.637956,-0.559701,1.267094
BNB,20230712,1030,0.646485,1.025269,-1.844099,-0.81883,1.025269,-2.520437,-1.495168,1.027596,-1.966689,-0.939093,1.027596,-2.51538,-1.487784,2.078615
BNB,20230715,846,0.639752,1.001527,-2.044519,-1.042993,1.001527,-2.245386,-1.243859,1.001346,-2.107383,-1.106038,1.001346,-2.207637,-1.206292,1.658088
BNB,20230718,1585,0.664612,1.038485,-2.168898,-1.130413,1.038485,-1.684693,-0.646208,1.039742,-2.205527,-1.165784,1.039742,-1.762914,-0.723172,2.55912
BNB,20230721,417,0.698609,1.034636,-2.037622,-1.002985,1.034636,-1.966456,-0.93182,1.038755,-2.024411,-0.985656,1.038755,-1.839218,-0.800463,1.359126
BNB,20230724,749,0.74749,1.055656,-2.65186,-1.596204,1.055656,-4.000794,-2.945138,1.056467,-2.814429,-1.757962,1.056467,-4.516218,-3.459751,1.973316
BNB,20230727,395,0.693975,1.044071,-1.324949,-0.280877,1.044071,-2.09473,-1.050659,1.047637,-1.557013,-0.509377,1.047637,-1.91579,-0.868153,1.403216
BNB,20230730,266,0.706541,1.05204,-1.977751,-0.925712,1.05204,-1.68218,-0.630141,1.060162,-1.971288,-0.911126,1.060162,-1.657044,-0.596882,1.150596
BNB,20230802,1879,0.750266,1.073484,-1.951331,-0.877847,1.073484,-2.913666,-1.840182,1.070304,-2.755516,-1.685212,1.070304,-4.01886,-2.948556,2.688535
BNB,20230805,193,0.702176,1.034019,-1.58671,-0.552691,1.034019,-1.564992,-0.530973,1.033973,-1.700217,-0.666244,1.033973,-1.78927,-0.755298,0.916667
BNB,20230808,439,0.745376,1.042528,-1.823222,-0.780695,1.042528,-1.89871,-0.856182,1.050036,-1.976552,-0.926517,1.050036,-2.138281,-1.088246,1.447009
BNB,20230811,335,0.71406,1.046438,-1.565311,-0.518874,1.046438,-2.348245,-1.301807,1.048091,-1.771494,-0.723403,1.048091,-2.77988,-1.73179,1.155072
BNB,20230814,174,0.621897,1.039804,-1.361923,-0.322119,1.039804,-1.565273,-0.525469,1.03977,-1.498713,-0.458943,1.03977,-1.69401,-0.65424,0.707405
BNB,20230817,2565,0.723345,1.180048,-2.620688,-1.44064,1.180048,-1.099203,0.080846,1.179314,-2.605286,-1.425972,1.179314,-2.035311,-0.855996,6.15988
BNB,20230820,269,0.749182,1.168358,-1.817503,-0.649145,1.168358,-1.674954,-0.506597,1.172466,-1.852379,-0.679913,1.172466,-1.932344,-0.759878,1.174473
BNB,20230823,1588,0.78165,1.209056,-2.408179,-1.199123,1.209056,-2.933195,-1.724138,1.174472,-2.26185,-1.087378,1.174472,-2.551895,-1.377424,3.129902
BNB,20230826,229,0.774192,1.151997,-1.800387,-0.64839,1.151997,-2.282378,-1.130382,1.151932,-1.693466,-0.541535,1.151932,-2.105381,-0.95345,1.032115
BNB,20230829,1953,0.794788,1.288575,-1.016998,0.271577,1.288575,-3.117474,-1.828899,1.271953,-1.322598,-0.050645,1.271953,-5.019409,-3.747456,5.903476
BNB,20230901,714,0.79486,1.177581,-1.59532,-0.417738,1.177581,-1.997718,-0.820137,1.177932,-1.534738,-0.356806,1.177932,-1.956075,-0.778142,2.081576
BNB,20230904,309,0.779709,1.1702,-1.9794,-0.8092,1.1702,-2.648485,-1.478285,1.17214,-2.030745,-0.858605,1.17214,-2.678066,-1.505926,1.366348
BNB,20230907,317,0.72959,1.159586,-2.12866,-0.969074,1.159586,-2.628234,-1.468647,1.160182,-1.886431,-0.726249,1.160182,-2.42523,-1.265048,1.351187
BNB,20230910,300,0.686233,1.176563,-1.769099,-0.592537,1.176563,-2.555738,-1.379176,1.176724,-1.71739,-0.540666,1.176724,-2.157302,-0.980578,1.2731
BNB,20230913,488,0.655656,1.18463,-2.074414,-0.889784,1.18463,-1.492536,-0.307906,1.186591,-2.104865,-0.918274,1.186591,-1.589438,-0.402848,1.710993
BNB,20230916,155,0.728516,1.188171,-2.69815,-1.509979,1.188171,-2.481487,-1.293316,1.175893,-2.558469,-1.382576,1.175893,-2.12377,-0.947878,1.166882
BNB,20230919,329,0.738146,1.151012,-1.58796,-0.436947,1.151012,-2.248175,-1.097163,1.150968,-1.686265,-0.535297,1.150968,-2.205231,-1.054262,1.343037
BNB,20230922,160,0.822938,1.185838,-1.749767,-0.563929,1.185838,-2.120967,-0.935129,1.185558,-1.726379,-0.540821,1.185558,-2.022672,-0.837114,0.987424
BNB,20230925,237,0.781646,1.197884,-1.757809,-0.559925,1.197884,-1.37555,-0.177666,1.197354,-1.925608,-0.728255,1.197354,-1.428991,-0.231637,1.301463
BNB,20230928,242,0.814298,1.171192,-1.783868,-0.612676,1.171192,-1.867917,-0.696725,1.172619,-1.776358,-0.603739,1.172619,-1.528111,-0.355492,1.339848
BNB,20231001,449,0.693586,1.472513,-1.571642,-0.099129,1.472513,-0.331044,1.141469,1.19287,-2.40047,-1.2076,1.19287,-1.00248,0.19039,1.769432
BNB,20231004,337,0.762047,1.179247,-1.821654,-0.642407,1.179247,-2.536084,-1.356837,1.178983,-1.790106,-0.611122,1.178983,-2.401027,-1.222044,1.345735
BNB,20231007,75,0.733867,1.176064,-1.944596,-0.768532,1.176064,-2.101677,-0.925613,1.175934,-1.866841,-0.690907,1.175934,-2.20067,-1.024735,0.634179
BNB,20231010,765,0.784784,1.361274,-1.565714,-0.20444,1.361274,-1.828465,-0.467191,1.287313,-1.613327,-0.326014,1.287313,-1.784402,-0.497089,2.870773
BNB,20231013,248,0.730121,1.212428,-1.771218,-0.55879,1.212428,-2.315855,-1.103427,1.212717,-1.975924,-0.763207,1.212717,-2.414119,-1.201402,1.480685
BNB,20231016,902,0.753769,1.200171,-2.971496,-1.771325,1.200171,-2.700817,-1.500646,1.19861,-2.611604,-1.412994,1.19861,-2.340748,-1.142138,2.680028
BNB,20231019,188,0.760426,1.190524,-1.912193,-0.721668,1.190524,-2.061199,-0.870675,1.190398,-1.921282,-0.730884,1.190398,-1.97171,-0.781312,1.241641
BNB,20231022,180,0.813944,1.160531,-2.416072,-1.255541,1.160531,-0.6962,0.464331,1.160299,-2.80436,-1.644061,1.160299,-0.885541,0.274758,1.418173
BNB,20231025,690,0.695681,1.110706,-2.124061,-1.013355,1.110706,-2.462305,-1.351599,1.111123,-2.20447,-1.093347,1.111123,-2.193044,-1.08192,2.493099
BNB,20231028,206,0.762718,1.114009,-2.14153,-1.027521,1.114009,-2.539242,-1.425233,1.117503,-2.295086,-1.177583,1.117503,-2.386936,-1.269433,1.349177
BNB,20231031,234,0.762607,1.113783,-2.247355,-1.133571,1.113783,-2.413497,-1.299714,1.116179,-2.251613,-1.135434,1.116179,-2.646453,-1.530274,1.934413
BNB,20231103,522,0.596686,1.093257,-1.718917,-0.62566,1.093257,-0.360703,0.732554,1.092354,-2.855808,-1.763455,1.092354,-2.486395,-1.394041,2.306603
BNB,20231106,2024,0.733335,1.016052,-2.519832,-1.50378,1.016052,-3.222114,-2.206062,1.017249,-2.785345,-1.768096,1.017249,-3.57734,-2.560091,3.425998
BNB,20231109,2881,0.677362,1.041629,-2.895972,-1.854343,1.041629,-3.824043,-2.782414,1.047426,-2.959135,-1.911709,1.047426,-4.313387,-3.265961,4.62177
BNB,20231112,779,0.643107,1.068691,-2.460005,-1.391314,1.068691,-2.978024,-1.909333,1.029377,-2.262133,-1.232756,1.029377,-2.110411,-1.081034,2.644688
BNB,20231115,1399,0.688813,1.011014,-2.080917,-1.069903,1.011014,-1.859415,-0.848401,1.013086,-2.133377,-1.120291,1.013086,-1.993047,-0.979961,3.029131
BNB,20231118,548,0.619234,1.033048,-2.568882,-1.535833,1.033048,-2.528544,-1.495496,1.032529,-2.388001,-1.355472,1.032529,-2.74295,-1.710421,2.071393
BNB,20231121,23201,0.637078,1.344311,-3.165964,-1.821653,1.344311,-3.024441,-1.68013,1.309545,-2.512397,-1.202853,1.309545,-1.25686,0.052685,12.999172
BNB,20231124,1325,0.705638,1.078689,-2.129877,-1.051188,1.078689,-1.963322,-0.884633,1.078358,-2.216719,-1.138361,1.078358,-2.154311,-1.075953,2.52662
BNB,20231127,1129,0.706395,1.111777,-2.44482,-1.333043,1.111777,-2.160664,-1.048887,1.113821,-2.635689,-1.521868,1.113821,-2.096214,-0.982392,3.085231
BNB,20231130,390,0.643256,1.100918,-2.705918,-1.605,1.100918,-2.63186,-1.530942,1.102569,-2.674209,-1.57164,1.102569,-2.742545,-1.639977,1.547424
BNB,20231203,717,0.721199,1.104475,-2.219219,-1.114744,1.104475,-2.488581,-1.384106,1.101797,-2.276049,-1.174252,1.101797,-2.430848,-1.32905,1.915542
BNB,20231206,1053,0.718015,1.106773,-2.407654,-1.300881,1.106773,-2.255633,-1.14886,1.112756,-2.41213,-1.299373,1.112756,-1.851824,-0.739068,2.862698
BNB,20231209,1499,0.683055,1.048153,-2.836811,-1.788658,1.048153,-1.972423,-0.92427,1.045789,-2.834574,-1.788785,1.045789,-1.912242,-0.866453,3.298496
BNB,20231212,3753,0.630442,1.000269,-2.304254,-1.303985,1.000269,-2.744313,-1.744044,1.003694,-2.607717,-1.604023,1.003694,-2.601843,-1.598149,4.639211
BNB,20231215,996,0.616888,1.018299,-2.146085,-1.127785,1.018299,-2.435236,-1.416936,1.023679,-2.387273,-1.363594,1.023679,-2.456071,-1.432392,2.435523
BNB,20231218,1359,0.547756,1.059562,-2.337552,-1.277989,1.059562,-2.252548,-1.192986,1.064881,-2.24835,-1.183469,1.064881,-1.692535,-0.627654,2.83062
BNB,20231221,2823,0.611296,0.946556,-2.033014,-1.086458,0.946556,-1.449302,-0.502746,0.95018,-2.350406,-1.400226,0.95018,-1.994629,-1.044448,3.91996
BNB,20231224,1811,0.5463,0.992863,-2.277897,-1.285034,0.992863,-1.694276,-0.701413,0.981309,-2.069923,-1.088614,0.981309,-1.584227,-0.602919,2.652732
BNB,20231227,7032,0.574858,0.837039,-2.345115,-1.508077,0.837039,-2.251946,-1.414907,0.839193,-2.380999,-1.541806,0.839193,-2.129468,-1.290275,5.621926
BNB,20231230,1748,0.528141,0.797943,-2.198654,-1.400711,0.797943,-2.579722,-1.78178,0.798486,-2.184158,-1.385672,0.798486,-2.288344,-1.489858,2.865498
BNB,20240102,2802,0.496499,0.835627,-2.096557,-1.26093,0.835627,-2.625808,-1.790181,0.810934,-2.129128,-1.318194,0.810934,-2.38803,-1.577096,3.553078
BNB,20240105,3987,0.501031,0.816665,-2.640046,-1.823381,0.816665,-3.085343,-2.268679,0.833252,-2.305387,-1.472135,0.833252,-1.962058,-1.128806,4.008649
BNB,20240108,4181,0.448694,0.878015,-1.919826,-1.041811,0.878015,-2.544757,-1.666743,0.91449,-2.212527,-1.298037,0.91449,-2.605639,-1.691149,4.120699
BNB,20240111,4734,0.473223,0.843865,-1.919688,-1.075823,0.843865,-1.670906,-0.827041,0.834637,-2.051486,-1.216849,0.834637,-1.54612,-0.711483,4.319651
BNB,20240114,1773,0.408156,0.837892,-1.718748,-0.880856,0.837892,-2.52262,-1.684728,0.841819,-1.87368,-1.031861,0.841819,-2.335594,-1.493775,2.528307
BNB,20240117,2788,0.523171,0.824791,-1.821525,-0.996734,0.824791,-1.370137,-0.545346,0.835438,-1.767914,-0.932475,0.835438,-0.769061,0.066378,3.544876
BNB,20240120,1462,0.459166,0.809916,-1.920005,-1.110089,0.809916,-1.833724,-1.023808,0.801904,-1.895302,-1.093398,0.801904,-1.823262,-1.021359,1.795448
BNB,20240123,2944,0.484389,0.864908,-1.487698,-0.62279,0.864908,-2.876721,-2.011813,0.877103,-2.008287,-1.131184,0.877103,-1.866117,-0.989014,3.953932
BNB,20240126,2053,0.482051,0.850864,-1.520035,-0.669171,0.850864,-1.681875,-0.831011,0.855197,-1.819466,-0.96427,0.855197,-1.622312,-0.767115,2.340305
BNB,20240129,1605,0.378698,0.813977,-1.686076,-0.872099,0.813977,-1.588203,-0.774226,0.815704,-1.798947,-0.983243,0.815704,-1.544208,-0.728504,1.828224
BNB,20240201,1388,0.475915,0.84965,-2.25476,-1.40511,0.84965,-1.929433,-1.079783,0.854676,-2.376541,-1.521865,0.854676,-1.814345,-0.959669,2.103224
BNB,20240204,1896,0.53028,0.843544,-1.843015,-0.999471,0.843544,-1.742924,-0.899379,0.855247,-1.916371,-1.061124,0.855247,-1.721234,-0.865986,2.035882
BNB,20240207,1877,0.575392,0.830366,-2.119064,-1.288698,0.830366,-1.881877,-1.051511,0.834667,-2.206238,-1.371571,0.834667,-1.788788,-0.954121,1.676881
BNB,20240210,1090,0.520853,0.782308,-1.284014,-0.501706,0.782308,-1.546124,-0.763816,0.786015,-1.414983,-0.628967,0.786015,-1.434812,-0.648797,1.295978
BNB,20240213,2022,0.502646,0.805688,-2.344768,-1.539081,0.805688,-1.141439,-0.335751,0.788736,-1.956524,-1.167788,0.788736,-1.936078,-1.147342,2.091841
BNB,20240216,5706,0.460347,0.715777,-1.521878,-0.806101,0.715777,-1.788289,-1.072512,0.710533,-1.956656,-1.246123,0.710533,-2.170011,-1.459478,3.383246
BNB,20240219,2398,0.527673,0.720396,-1.831069,-1.110673,0.720396,-1.610404,-0.890008,0.718084,-1.95043,-1.232347,0.718084,-1.712856,-0.994772,2.496143
BNB,20240222,7743,0.46602,0.691062,-2.292914,-1.601852,0.691062,-1.578546,-0.887483,0.674719,-1.875697,-1.200978,0.674719,-1.473965,-0.799246,3.983779
BNB,20240225,3983,0.432581,0.691888,-1.229185,-0.537297,0.691888,-0.233894,0.457995,0.676689,-1.880714,-1.204024,0.676689,-1.902768,-1.226079,2.463918
BNB,20240228,14273,0.360609,0.728944,-0.174731,0.554214,0.728944,5.363906,6.09285,0.693588,-1.863026,-1.169438,0.693588,-2.154707,-1.461119,4.971713
BNB,20240302,3842,0.36613,0.623619,-1.246231,-0.622612,0.623619,-0.590799,0.03282,0.619225,-1.720921,-1.101696,0.619225,-1.535668,-0.916443,2.42348
BNB,20240305,20092,0.520896,0.934916,-1.145814,-0.210898,0.934916,1.723599,2.658515,0.758666,-2.246019,-1.487353,0.758666,-2.499104,-1.740438,7.633756
BNB,20240308,15567,0.34676,0.671087,-1.206165,-0.535078,0.671087,-1.73369,-1.062602,0.598041,-1.932885,-1.334844,0.598041,-2.345671,-1.74763,5.320375
BNB,20240311,17394,0.382526,0.540499,-0.77005,-0.229551,0.540499,-1.260672,-0.720174,0.513538,-1.836311,-1.322773,0.513538,-2.105947,-1.592409,5.119171
BNB,20240314,19882,0.422858,0.450773,-1.609603,-1.158829,0.450773,-1.670744,-1.219971,0.448757,-1.788875,-1.340118,0.448757,-1.568985,-1.120229,6.482357
BNB,20240317,14433,0.418023,0.448435,-1.704699,-1.256264,0.448435,-1.836185,-1.38775,0.451452,-1.848285,-1.396834,0.451452,-1.753893,-1.302441,5.581767
BNB,20240320,21130,0.376957,0.501992,-1.641971,-1.139979,0.501992,-1.489028,-0.987036,0.50779,-1.903136,-1.395346,0.50779,-1.878771,-1.370981,6.25029
BNB,20240323,12610,0.330715,0.486485,-1.847318,-1.360833,0.486485,-1.70816,-1.221675,0.489526,-2.01256,-1.523034,0.489526,-1.922463,-1.432937,3.723115
BNB,20240326,12276,0.307366,0.451178,-1.395346,-0.944168,0.451178,-1.478299,-1.027121,0.45312,-1.673716,-1.220595,0.45312,-1.567199,-1.114079,3.284165
BNB,20240329,15274,0.380769,0.469468,-1.474397,-1.004929,0.469468,-0.845346,-0.375878,0.465635,-1.707877,-1.242242,0.465635,-1.711766,-1.246131,4.231894
BNB,20240401,12280,0.35266,0.481769,-1.208515,-0.726746,0.481769,-1.5519,-1.070131,0.501507,-1.868141,-1.366634,0.501507,-2.03267,-1.531163,3.977817
BNB,20240404,16523,0.336993,0.457631,-1.577702,-1.12007,0.457631,-1.396329,-0.938698,0.473018,-1.798748,-1.32573,0.473018,-1.871116,-1.398098,4.238395
BNB,20240407,5429,0.332052,0.437334,-1.497301,-1.059967,0.437334,-1.347982,-0.910648,0.44085,-1.619688,-1.178838,0.44085,-1.468181,-1.027331,1.935395
BNB,20240410,16379,0.361206,0.438017,-1.414675,-0.976658,0.438017,-1.710054,-1.272038,0.440842,-1.553213,-1.112371,0.440842,-1.722726,-1.281884,3.497243
BNB,20240413,24544,0.430318,0.777561,-1.730469,-0.952908,0.777561,-1.918625,-1.141064,0.832797,-1.644303,-0.811506,0.832797,-1.219567,-0.38677,9.943716
BNB,20240416,11559,0.425996,0.482062,-1.817235,-1.335173,0.482062,-1.828318,-1.346256,0.486779,-1.830065,-1.343286,0.486779,-1.774062,-1.287283,4.89245
BNB,20240419,10172,0.415143,0.477002,-1.81938,-1.342378,0.477002,-2.434516,-1.957514,0.482583,-1.815112,-1.332529,0.482583,-2.374595,-1.892012,4.181529
BNB,20240422,12008,0.425915,0.43243,-1.659276,-1.226846,0.43243,-1.675437,-1.243007,0.432975,-1.794665,-1.36169,0.432975,-1.748832,-1.315856,3.313867
BNB,20240425,9351,0.410699,0.423612,-1.399662,-0.976049,0.423612,-1.570864,-1.147252,0.42761,-1.451037,-1.023427,0.42761,-1.597815,-1.170205,3.22837
BNB,20240428,4691,0.35292,0.421739,-1.480871,-1.059132,0.421739,-1.422967,-1.001228,0.424639,-1.509348,-1.084709,0.424639,-1.634564,-1.209925,2.05917
BNB,20240501,11473,0.420992,0.487733,-1.801808,-1.314075,0.487733,-2.018443,-1.530711,0.494873,-1.790083,-1.295211,0.494873,-1.872568,-1.377695,4.981925
BNB,20240504,3505,0.413198,0.433863,-1.60821,-1.174347,0.433863,-1.396994,-0.963131,0.433833,-1.721971,-1.288138,0.433833,-1.247335,-0.813502,2.177874
BNB,20240507,7446,0.37034,0.434984,-1.537132,-1.102148,0.434984,-1.671771,-1.236787,0.437009,-1.634771,-1.197762,0.437009,-1.985913,-1.548904,2.564669
BNB,20240510,5494,0.408848,0.441707,-1.647642,-1.205935,0.441707,-1.328754,-0.887046,0.432563,-1.707239,-1.274676,0.432563,-1.175576,-0.743013,2.377565
BNB,20240513,5068,0.441235,0.424868,-1.470074,-1.045206,0.424868,-1.602057,-1.177189,0.426505,-1.522919,-1.096414,0.426505,-1.612393,-1.185888,2.261763
BNB,20240516,3362,0.437826,0.453447,-1.295022,-0.841575,0.453447,-1.43164,-0.978193,0.457398,-1.435393,-0.977995,0.457398,-1.556235,-1.098837,2.087637
BNB,20240519,3080,0.337419,0.433663,-1.25475,-0.821087,0.433663,-1.340374,-0.906711,0.433541,-1.311978,-0.878437,0.433541,-1.337997,-0.904456,1.305159
BNB,20240522,11361,0.359707,0.409719,-1.519891,-1.110172,0.409719,-1.672705,-1.262986,0.410534,-1.606286,-1.195751,0.410534,-1.766092,-1.355558,2.977857
BNB,20240525,1793,0.365906,0.418529,-1.417128,-0.998598,0.418529,-1.416438,-0.997908,0.418323,-1.398551,-0.980228,0.418323,-1.433046,-1.014724,1.207064
BNB,20240528,4171,0.397569,0.421412,-1.602498,-1.181086,0.421412,-1.967012,-1.5456,0.422272,-1.6022,-1.179928,0.422272,-1.919702,-1.49743,2.096259
BNB,20240531,2916,0.381166,0.425059,-1.286817,-0.861758,0.425059,-1.277791,-0.852731,0.42547,-1.289837,-0.864366,0.42547,-1.229649,-0.804178,1.512024
BNB,20240603,12590,0.405619,0.410995,-1.455762,-1.044767,0.410995,-1.052107,-0.641112,0.413644,-1.585402,-1.171758,0.413644,-1.276812,-0.863168,3.410364
BNB,20240606,10353,0.409038,0.36992,-1.195915,-0.825996,0.36992,-1.300039,-0.930119,0.37141,-1.288305,-0.916895,0.37141,-1.353777,-0.982367,3.260209
BNB,20240609,3611,0.363719,0.373555,-1.14039,-0.766835,0.373555,-0.884725,-0.511171,0.374784,-1.184476,-0.809692,0.374784,-0.940911,-0.566127,1.826892
BNB,20240612,11084,0.354247,0.437124,-1.001318,-0.564194,0.437124,-1.029158,-0.592035,0.444788,-1.22888,-0.784092,0.444788,-1.257467,-0.812678,3.825258
BNB,20240615,2353,0.388474,0.414452,-1.479274,-1.064822,0.414452,-1.36976,-0.955308,0.414937,-1.378651,-0.963714,0.414937,-1.317554,-0.902617,1.623541
BNB,20240618,13235,0.383083,0.457319,-1.769948,-1.312629,0.457319,-2.482198,-2.02488,0.460479,-1.682666,-1.222187,0.460479,-2.180289,-1.71981,3.76991
BNB,20240621,4227,0.378715,0.446257,-1.457284,-1.011027,0.446257,-1.359468,-0.913211,0.44419,-1.304735,-0.860545,0.44419,-1.131286,-0.687095,2.553483
BNB,20240624,8335,0.370082,0.462165,-2.179352,-1.717187,0.462165,-2.52473,-2.062565,0.465437,-1.928338,-1.462901,0.465437,-2.218538,-1.753101,3.83744
BNB,20240627,3247,0.350271,0.43736,-1.378213,-0.940853,0.43736,-1.217087,-0.779728,0.439107,-1.284667,-0.84556,0.439107,-1.100335,-0.661228,1.989927
BNB,20240630,2596,0.40433,0.439075,-1.45875,-1.019675,0.439075,-1.581895,-1.14282,0.437277,-1.368197,-0.93092,0.437277,-1.611802,-1.174524,1.520518
BNB,20240703,3759,0.409636,0.454455,-1.602205,-1.14775,0.454455,-1.489659,-1.035205,0.457852,-1.661993,-1.204141,0.457852,-1.7121,-1.254248,2.396945
BNB,20240706,3451,0.404859,0.493651,-1.691705,-1.198053,0.493651,-1.678075,-1.184424,0.496499,-1.566145,-1.069646,0.496499,-1.555546,-1.059047,3.00132
BNB,20240709,2668,0.412058,0.490853,-1.664379,-1.173525,0.490853,-1.353406,-0.862552,0.492995,-1.592202,-1.099207,0.492995,-1.508312,-1.015317,3.180044
BNB,20240712,3115,0.418665,0.486516,-1.745809,-1.259293,0.486516,-1.747657,-1.261141,0.488939,-1.644914,-1.155974,0.488939,-1.561889,-1.07295,2.831995
BNB,20240715,5619,0.396505,0.445927,-1.317087,-0.87116,0.445927,-0.904655,-0.458728,0.448129,-1.379088,-0.93096,0.448129,-1.047472,-0.599344,3.045721
BNB,20240718,2791,0.389767,0.439975,-1.694557,-1.254582,0.439975,-1.512504,-1.072529,0.441145,-1.598587,-1.157441,0.441145,-1.510642,-1.069496,2.430688
BNB,20240721,3657,0.339089,0.428474,-1.398377,-0.969903,0.428474,-1.616424,-1.18795,0.4334,-1.493847,-1.060447,0.4334,-1.358161,-0.924761,2.516896
BNB,20240724,2931,0.369205,0.437846,-1.5327,-1.094853,0.437846,-1.726038,-1.288191,0.441502,-1.277387,-0.835885,0.441502,-1.421604,-0.980102,2.153884
BNB,20240727,3005,0.313554,0.434099,-1.737753,-1.303654,0.434099,-2.28849,-1.85439,0.437369,-1.455001,-1.017633,0.437369,-2.096956,-1.659588,2.421175
BNB,20240730,2705,0.259527,0.436402,-1.448575,-1.012172,0.436402,-1.474004,-1.037602,0.438091,-1.157291,-0.7192,0.438091,-0.997359,-0.559268,2.278856
BNB,20240802,3962,0.335876,0.450378,-1.753809,-1.30343,0.450378,-2.201001,-1.750623,0.45243,-1.407614,-0.955183,0.45243,-1.479848,-1.027418,3.521038
BNB,20240805,16678,0.500233,0.751095,-1.102865,-0.35177,0.751095,-1.97292,-1.221825,0.744507,-1.062216,-0.317709,0.744507,-0.683517,0.06099,12.452267
BNB,20240808,4915,0.297913,0.514008,-2.052167,-1.538159,0.514008,-2.170466,-1.656458,0.520627,-1.715759,-1.195131,0.520627,-1.942711,-1.422083,4.206215
BNB,20240811,37837,0.042637,0.478767,-1.799253,-1.320486,0.478767,-2.009965,-1.531198,0.484152,-1.622285,-1.138133,0.484152,-1.850944,-1.366792,3.194851
BNB,20240814,4376,0.293663,0.479822,-1.928391,-1.448569,0.479822,-1.53781,-1.057988,0.481828,-1.749476,-1.267647,0.481828,-1.089206,-0.607378,2.95266
BNB,20240817,3477,0.305151,0.471411,-1.716,-1.244589,0.471411,-1.815536,-1.344125,0.473096,-1.742611,-1.269514,0.473096,-1.864795,-1.391699,2.36155
BNB,20240820,10507,0.286214,0.447333,-1.535785,-1.088452,0.447333,-2.908971,-2.461638,0.454085,-1.60566,-1.151575,0.454085,-2.967109,-2.513024,3.379491
BNB,20240823,8607,0.292828,0.439456,-1.433248,-0.993792,0.439456,-1.515473,-1.076017,0.443607,-1.340239,-0.896632,0.443607,-1.529773,-1.086166,3.053758
BNB,20240826,10899,0.172439,0.456292,-1.710172,-1.25388,0.456292,-1.591864,-1.135572,0.472665,-1.519107,-1.046442,0.472665,-1.413206,-0.940541,2.929521
BNB,20240829,4062,0.281251,0.465572,-1.897003,-1.431431,0.465572,-1.54369,-1.078117,0.46749,-1.648751,-1.181261,0.46749,-1.298417,-0.830927,2.639801
BNB,20240901,3773,0.259584,0.484784,-1.491738,-1.006953,0.484784,-1.263123,-0.778338,0.488492,-1.403615,-0.915124,0.488492,-1.218309,-0.729817,2.897676
BNB,20240904,6483,0.339866,0.497894,-2.028856,-1.530962,0.497894,-2.994227,-2.496333,0.502225,-2.074055,-1.57183,0.502225,-3.448215,-2.94599,3.768891
BNB,20240907,3000,0.31808,0.511071,-1.523548,-1.012477,0.511071,-1.33457,-0.823499,0.513401,-1.327379,-0.813978,0.513401,-1.19858,-0.685179,2.332389
BNB,20240910,3434,0.360847,0.486801,-1.664797,-1.177996,0.486801,-1.602137,-1.115336,0.488282,-1.513663,-1.025381,0.488282,-1.486491,-0.998209,2.330472
BNB,20240913,4084,0.398587,0.459115,-1.608628,-1.149513,0.459115,-1.910552,-1.451437,0.460665,-1.576863,-1.116198,0.460665,-1.940832,-1.480167,2.536132
BNB,20240916,3687,0.356322,0.463975,-1.677695,-1.213719,0.463975,-1.780424,-1.316449,0.465651,-1.506432,-1.040782,0.465651,-1.554902,-1.089251,2.711063
BNB,20240919,3122,0.488642,0.455134,-1.354437,-0.899303,0.455134,-1.232256,-0.777122,0.457762,-1.351114,-0.893352,0.457762,-1.193135,-0.735373,2.681738
BNB,20240922,2582,0.453095,0.432905,-1.42545,-0.992545,0.432905,-1.38922,-0.956315,0.435118,-1.376026,-0.940908,0.435118,-1.554541,-1.119424,2.154893
BNB,20240925,3060,0.454493,0.422507,-1.484613,-1.062106,0.422507,-1.427122,-1.004615,0.424454,-1.470057,-1.045604,0.424454,-1.072632,-0.648179,2.41186
BNB,20240928,4948,0.478494,0.419273,-1.532853,-1.11358,0.419273,-1.442391,-1.023119,0.419961,-1.583136,-1.163175,0.419961,-1.624711,-1.20475,2.237488
BNB,20241001,9318,0.348492,0.452778,-1.432733,-0.979955,0.452778,-1.952157,-1.499379,0.456737,-1.495959,-1.039222,0.456737,-1.968236,-1.511499,4.060457
BNB,20241004,4077,0.344984,0.456913,-1.309067,-0.852154,0.456913,-1.056748,-0.599835,0.458856,-1.31939,-0.860534,0.458856,-0.935624,-0.476768,2.260239
BNB,20241007,4693,0.33453,0.438735,-1.42907,-0.990335,0.438735,-1.257015,-0.81828,0.439903,-1.513712,-1.073809,0.439903,-1.445939,-1.006036,2.470086
BNB,20241010,5059,0.317654,0.445804,-1.422014,-0.97621,0.445804,-1.597163,-1.151359,0.447196,-1.413823,-0.966627,0.447196,-1.387133,-0.939937,2.212039
BNB,20241013,2046,0.348969,0.43875,-1.346835,-0.908084,0.43875,-1.422703,-0.983952,0.439099,-1.309407,-0.870308,0.439099,-1.406861,-0.967761,1.39367
BNB,20241016,4837,0.323432,0.423448,-1.435829,-1.012381,0.423448,-1.506234,-1.082786,0.425832,-1.450204,-1.024371,0.425832,-1.45903,-1.033197,2.400046
BNB,20241019,1176,0.402313,0.41924,-1.232878,-0.813638,0.41924,-1.27033,-0.85109,0.419913,-1.201228,-0.781315,0.419913,-1.172228,-0.752315,0.901282
BNB,20241022,3587,0.349593,0.428336,-1.460523,-1.032187,0.428336,-1.627754,-1.199418,0.431448,-1.504193,-1.072746,0.431448,-1.508154,-1.076706,2.203463
BNB,20241025,4315,0.386999,0.429714,-1.273874,-0.84416,0.429714,-1.881603,-1.451889,0.431793,-1.085021,-0.653227,0.431793,-1.760557,-1.328763,2.633683
BNB,20241028,3278,0.327026,0.425441,-1.169681,-0.744239,0.425441,-1.157054,-0.731613,0.428852,-1.016521,-0.587669,0.428852,-1.057607,-0.628756,1.884837
BNB,20241031,3940,0.334921,0.433811,-1.533001,-1.09919,0.433811,-1.610189,-1.176378,0.437806,-1.500543,-1.062737,0.437806,-1.48105,-1.043244,2.254986
BNB,20241103,4519,0.29674,0.449269,-1.292303,-0.843034,0.449269,-1.235898,-0.786629,0.449702,-1.172881,-0.723179,0.449702,-1.146408,-0.696707,2.410227
BNB,20241106,11568,0.320833,0.439942,-1.269608,-0.829666,0.439942,-1.408342,-0.9684,0.444189,-1.343472,-0.899284,0.444189,-1.426259,-0.98207,3.194772
BNB,20241109,11132,0.412825,0.410514,-1.2128,-0.802286,0.410514,-0.948048,-0.537533,0.413254,-1.325295,-0.912041,0.413254,-1.095073,-0.68182,3.357691
BNB,20241112,20864,0.391828,0.429118,-1.51775,-1.088632,0.429118,-1.829731,-1.400613,0.434492,-1.55453,-1.120038,0.434492,-2.089611,-1.655119,6.554608
BNB,20241115,14707,0.37451,0.416021,-1.255352,-0.839331,0.416021,-1.190382,-0.774361,0.419062,-1.371504,-0.952442,0.419062,-1.219111,-0.800049,3.90718
BNB,20241118,10276,0.375338,0.415617,-1.25257,-0.836953,0.415617,-1.558837,-1.14322,0.422076,-1.219609,-0.797532,0.422076,-1.504144,-1.082068,3.634678
BNB,20241121,11607,0.374154,0.417636,-1.192671,-0.775035,0.417636,-1.198388,-0.780753,0.421393,-1.159702,-0.73831,0.421393,-1.114184,-0.692791,3.272165
BNB,20241124,18297,0.354184,0.396268,-1.357889,-0.961621,0.396268,-1.329769,-0.9335,0.401828,-1.397458,-0.995629,0.401828,-1.371729,-0.9699,5.083934
BNB,20241127,13051,0.313518,0.408166,-1.187939,-0.779772,0.408166,-1.061819,-0.653652,0.412304,-1.190235,-0.77793,0.412304,-0.99692,-0.584615,3.222951
BNB,20241130,14232,0.310643,0.392058,-0.960376,-0.568318,0.392058,-0.864167,-0.472109,0.395589,-0.99101,-0.59542,0.395589,-0.751479,-0.35589,2.950783
BNB,20241203,29647,0.379498,0.402356,-0.996452,-0.594097,0.402356,-1.034567,-0.632212,0.406397,-1.120418,-0.714021,0.406397,-1.329153,-0.922756,6.085362
BNB,20241206,20311,0.287667,0.361218,-1.238234,-0.877015,0.361218,-1.014966,-0.653748,0.370944,-1.177404,-0.80646,0.370944,-0.982253,-0.61131,4.198443
BNB,20241209,29242,0.3524,0.483172,-1.341872,-0.8587,0.483172,0.18432,0.667493,0.49738,-1.311286,-0.813906,0.49738,-0.108264,0.389116,7.021517
BNB,20241212,16345,0.319813,0.357581,-1.408095,-1.050514,0.357581,-1.559681,-1.2021,0.359903,-1.421009,-1.061106,0.359903,-1.536587,-1.176684,3.804608
BNB,20241215,10674,0.280998,0.355534,-1.276119,-0.920585,0.355534,-1.287363,-0.931829,0.357885,-1.280582,-0.922697,0.357885,-1.400973,-1.043088,2.273534
BNB,20241218,17499,0.326712,0.380619,-1.099295,-0.718675,0.380619,-0.811069,-0.43045,0.388245,-1.263698,-0.875453,0.388245,-0.687665,-0.29942,4.821442
BNB,20241221,19253,0.293299,0.384646,-1.457883,-1.073237,0.384646,-1.456672,-1.072026,0.387309,-1.449727,-1.062418,0.387309,-1.438242,-1.050933,4.052841
BNB,20241224,13862,0.276552,0.36746,-1.213963,-0.846503,0.36746,-1.321564,-0.954104,0.368068,-1.29358,-0.925511,0.368068,-1.45764,-1.089571,2.566015
BNB,20241227,15465,0.307154,0.369501,-1.312508,-0.943007,0.369501,-1.091982,-0.722481,0.371438,-1.397648,-1.02621,0.371438,-1.148334,-0.776896,3.230734
BNB,20241230,12667,0.283602,0.367708,-1.264513,-0.896805,0.367708,-1.227694,-0.859986,0.370266,-1.28073,-0.910464,0.370266,-1.453668,-1.083402,3.000609
BNB,20250102,9987,0.311617,0.362116,-1.066129,-0.704014,0.362116,-0.933472,-0.571356,0.36451,-1.039651,-0.675141,0.36451,-0.880864,-0.516354,2.266878
BNB,20250105,5625,0.274857,0.358045,-1.015262,-0.657217,0.358045,-1.033151,-0.675106,0.359503,-1.003835,-0.644332,0.359503,-1.067467,-0.707963,1.332693
BNB,20250108,14323,0.31704,0.37034,-1.164488,-0.794148,0.37034,-1.005041,-0.6347,0.373008,-1.270655,-0.897647,0.373008,-1.476292,-1.103285,3.447862
BNB,20250111,5034,0.249384,0.365919,-1.042938,-0.677019,0.365919,-1.059933,-0.694014,0.366817,-1.020391,-0.653574,0.366817,-1.09817,-0.731353,1.262741
BNB,20250114,5423,0.303421,0.363011,-1.023073,-0.660062,0.363011,-0.934606,-0.571595,0.364476,-1.016298,-0.651822,0.364476,-0.740574,-0.376099,1.662861
BNB,20250117,8141,0.306542,0.34982,-1.046846,-0.697026,0.34982,-1.201535,-0.851715,0.350932,-1.048757,-0.697825,0.350932,-1.118805,-0.767873,1.933654
BNB,20250120,19901,0.326377,0.375938,-1.268488,-0.892549,0.375938,-1.218353,-0.842414,0.379139,-1.212275,-0.833136,0.379139,-1.266279,-0.887139,4.446424
BNB,20250123,9751,0.296938,0.368915,-1.261437,-0.892523,0.368915,-1.313045,-0.944131,0.369901,-1.294901,-0.925,0.369901,-1.317277,-0.947376,2.645032
BNB,20250126,4249,0.289936,0.375733,-1.079275,-0.703542,0.375733,-0.968844,-0.59311,0.372655,-1.118762,-0.746107,0.372655,-0.994605,-0.62195,1.366929
BNB,20250129,7326,0.289948,0.375419,-1.215849,-0.840429,0.375419,-1.22127,-0.845851,0.376515,-1.18177,-0.805255,0.376515,-1.260811,-0.884297,2.247068
BNB,20250201,5197,0.293148,0.375872,-1.192068,-0.816196,0.375872,-1.422573,-1.046702,0.376788,-1.215324,-0.838536,0.376788,-1.36396,-0.987172,1.625067
BNB,20250204,14029,0.368837,0.4397,-1.478294,-1.038594,0.4397,-1.351397,-0.911697,0.44278,-1.510626,-1.067846,0.44278,-1.259647,-0.816868,5.428561
BNB,20250207,7372,0.307124,0.437596,-1.525919,-1.088322,0.437596,-1.383914,-0.946318,0.439515,-1.458902,-1.019387,0.439515,-1.291851,-0.852335,3.276892
BNB,20250210,10216,0.343679,0.422022,-1.28042,-0.858398,0.422022,-1.031326,-0.609304,0.42461,-1.270947,-0.846337,0.42461,-0.887019,-0.462409,3.546984
BNB,20250213,39176,0.369498,0.413129,-1.217008,-0.803879,0.413129,-0.837376,-0.424247,0.416355,-1.38286,-0.966506,0.416355,-1.338133,-0.921778,7.268816
BNB,20250216,24525,0.223326,0.382884,-1.12954,-0.746657,0.382884,-0.988274,-0.60539,0.385884,-1.191017,-0.805133,0.385884,-1.135628,-0.749744,3.130986
BNB,20250219,17885,0.267957,0.396048,-1.193968,-0.797919,0.396048,-1.360472,-0.964424,0.398578,-1.365951,-0.967373,0.398578,-1.477362,-1.078784,3.128585
BNB,20250222,7533,0.333763,0.427452,-1.425209,-0.997757,0.427452,-1.858161,-1.430709,0.432765,-1.513912,-1.081147,0.432765,-1.6925,-1.259734,3.717901
BNB,20250225,18300,0.33608,0.428059,-1.35911,-0.931051,0.428059,-0.793341,-0.365282,0.431414,-1.45516,-1.023746,0.431414,-0.818584,-0.38717,5.75845
BNB,20250228,17698,0.302049,0.442195,-1.549291,-1.107096,0.442195,-1.474423,-1.032228,0.44376,-1.553098,-1.109338,0.44376,-1.724147,-1.280387,5.409646
BNB,20250303,15392,0.30673,0.429874,-1.154994,-0.725119,0.429874,-0.913026,-0.483152,0.434788,-1.260328,-0.82554,0.434788,-0.903239,-0.468451,4.534955
BNB,20250306,8294,0.292227,0.421859,-1.32792,-0.906062,0.421859,-1.428248,-1.006389,0.423669,-1.28306,-0.859391,0.423669,-1.26266,-0.838992,2.708972
BNB,20250309,9238,0.330557,0.442734,-1.44738,-1.004646,0.442734,-1.257264,-0.81453,0.444263,-1.562371,-1.118109,0.444263,-1.494227,-1.049965,3.20618
BNB,20250312,5783,0.401574,0.945025,-1.846502,-0.901477,0.945025,-2.353861,-1.408836,0.947848,-2.269424,-1.321576,0.947848,-3.15817,-2.210321,4.175577
BNB,20250315,2805,0.361408,0.829216,-1.768044,-0.938828,0.829216,-1.571378,-0.742162,0.829889,-1.748731,-0.918842,0.829889,-1.648661,-0.818772,2.367364
BNB,20250318,7367,0.402461,0.799257,-1.557419,-0.758162,0.799257,-1.603338,-0.804081,0.800341,-1.635114,-0.834773,0.800341,-1.550432,-0.750091,3.551929
BNB,20250321,4351,0.281168,0.789621,-0.797406,-0.007785,0.789621,-0.920937,-0.131316,0.792433,-1.273658,-0.481226,0.792433,-1.313679,-0.521247,2.215815
BNB,20250324,2180,0.477628,0.798362,-1.633314,-0.834952,0.798362,-0.817357,-0.018994,0.798941,-1.800062,-1.001121,0.798941,-1.197534,-0.398593,2.298284
BNB,20250327,3373,0.491995,0.791409,-1.180202,-0.388794,0.791409,-1.738695,-0.947287,0.791991,-1.174047,-0.382056,0.791991,-1.275631,-0.48364,2.355516
BNB,20250330,1226,0.419437,0.828305,-1.708891,-0.880586,0.828305,-1.929852,-1.101547,0.829675,-1.604701,-0.775026,0.829675,-1.843058,-1.013383,2.21074
BNB,20250402,2799,0.514362,0.836887,-1.592671,-0.755784,0.836887,-1.588996,-0.752109,0.838545,-1.506706,-0.668161,0.838545,-1.968458,-1.129913,3.183051
BNB,20250405,553,0.378553,0.841992,-1.131906,-0.289913,0.841992,-0.568264,0.273728,0.841782,-1.228069,-0.386287,0.841782,-0.96339,-0.121608,1.254538
BNB,20250408,1486,0.456218,0.899237,-1.623726,-0.724489,0.899237,-1.850563,-0.951326,0.901797,-1.618914,-0.717117,0.901797,-2.031022,-1.129225,3.284794
BNB,20250411,871,0.465729,0.860629,-1.379249,-0.51862,0.860629,-1.327229,-0.4666,0.863835,-1.315618,-0.451784,0.863835,-1.211781,-0.347946,1.969415
BNB,20250414,940,0.363106,0.850268,-1.709577,-0.859309,0.850268,-1.46108,-0.610812,0.85071,-1.600036,-0.749325,0.85071,-1.450928,-0.600218,1.8551
BNB,20250417,705,0.446809,0.852913,-1.541846,-0.688934,0.852913,-1.379185,-0.526273,0.854985,-1.526572,-0.671587,0.854985,-1.236849,-0.381864,1.501278
BNB,20250420,426,0.523263,0.845494,-1.758147,-0.912653,0.845494,-1.517243,-0.67175,0.845624,-1.824338,-0.978715,0.845624,-1.633507,-0.787883,1.140319
BNB,20250423,1457,0.455793,0.84856,-1.099312,-0.250752,0.84856,-0.933506,-0.084946,0.847036,-1.263019,-0.415983,0.847036,-0.876325,-0.029289,2.264265
BNB,20250426,458,0.42345,0.827584,-1.666839,-0.839255,0.827584,-1.835422,-1.007838,0.827634,-1.749899,-0.922265,0.827634,-1.789607,-0.961973,1.533146
BNB,20250429,523,0.504685,0.830454,-1.200687,-0.370233,0.830454,-1.442515,-0.61206,0.831649,-1.251139,-0.419491,0.831649,-1.367759,-0.53611,1.496812
BNB,20250502,385,0.563091,0.836818,-1.019839,-0.183021,0.836818,-0.603361,0.233457,0.8383,-1.248903,-0.410603,0.8383,-0.927112,-0.088812,1.247955
BNB,20250505,473,0.609112,0.842191,-1.474294,-0.632103,0.842191,-1.630966,-0.788775,0.841708,-1.619078,-0.77737,0.841708,-1.641885,-0.800177,1.625788
BNB,20250508,912,0.566996,0.814925,-1.372255,-0.55733,0.814925,-0.623808,0.191117,0.81669,-1.666024,-0.849334,0.81669,-1.670614,-0.853924,2.22275
BNB,20250511,1366,0.509224,0.764867,-1.163323,-0.398456,0.764867,-1.152016,-0.387149,0.764522,-1.37881,-0.614288,0.764522,-1.949956,-1.185434,2.59161
BNB,20250514,1201,0.458226,0.767965,-1.902376,-1.134411,0.767965,-2.006602,-1.238637,0.769231,-1.639934,-0.870703,0.769231,-1.942723,-1.173492,2.409464
BNB,20250517,1460,0.411473,0.781232,-1.428245,-0.647013,0.781232,-1.39805,-0.616818,0.781995,-1.73029,-0.948295,0.781995,-1.413433,-0.631438,1.924609
BNB,20250520,1049,0.477398,0.776506,-1.584251,-0.807745,0.776506,-1.663801,-0.887295,0.775719,-1.478012,-0.702293,0.775719,-1.340671,-0.564952,1.784635
BNB,20250523,2321,0.490155,0.753988,-1.572177,-0.818189,0.753988,-1.654599,-0.900611,0.758993,-1.726344,-0.967351,0.758993,-1.71116,-0.952167,2.558872
BNB,20250526,972,0.445617,0.743015,-1.330122,-0.587107,0.743015,-1.213963,-0.470948,0.743061,-1.270448,-0.527386,0.743061,-1.065118,-0.322057,1.51601
BNB,20250529,1832,0.545584,0.749003,-1.584719,-0.835715,0.749003,-1.421424,-0.672421,0.747681,-1.633733,-0.886052,0.747681,-1.341357,-0.593676,2.146618
BNB,20250601,881,0.439432,0.76523,-1.451929,-0.686699,0.76523,-1.40866,-0.64343,0.766355,-1.435757,-0.669402,0.766355,-1.675936,-0.909582,1.576655
BNB,20250604,722,0.494363,0.754021,-1.177999,-0.423978,0.754021,-1.413499,-0.659478,0.755828,-1.124563,-0.368735,0.755828,-1.398593,-0.642765,1.39742
BNB,20250607,381,0.512677,0.771525,-1.24415,-0.472625,0.771525,-1.194097,-0.422571,0.771723,-1.360888,-0.589165,0.771723,-1.259561,-0.487838,1.124145
BNB,20250610,756,0.520516,0.753086,-1.401836,-0.648749,0.753086,-1.106622,-0.353535,0.754019,-1.503104,-0.749084,0.754019,-1.030849,-0.276829,1.772971
BNB,20250613,1010,0.515079,0.775641,-1.29482,-0.519179,0.775641,-1.604639,-0.828997,0.776389,-1.240719,-0.46433,0.776389,-1.675859,-0.89947,2.316681
BNB,20250616,502,0.534183,0.764105,-1.296371,-0.532266,0.764105,-0.99544,-0.231336,0.764095,-1.250177,-0.486082,0.764095,-0.949869,-0.185774,1.310126
BNB,20250619,353,0.47204,0.777729,-1.467301,-0.689572,0.777729,-1.806523,-1.028794,0.777707,-1.527354,-0.749647,0.777707,-1.684341,-0.906635,1.044174
BNB,20250622,1086,0.510479,0.815795,-1.29876,-0.482965,0.815795,-1.357072,-0.541277,0.81596,-1.139208,-0.323248,0.81596,-0.775649,0.040311,2.48341
BNB,20250625,572,0.537675,0.790505,-2.328067,-1.537562,0.790505,-2.66736,-1.876855,0.794371,-2.253573,-1.459202,0.794371,-2.636301,-1.841929,1.799087
BNB,20250628,188,0.512713,0.777718,-1.48544,-0.707722,0.777718,-2.016624,-1.238906,0.777511,-1.309808,-0.532297,0.777511,-1.553231,-0.775721,0.640449
BNB,20250701,410,0.496268,0.781276,-1.055373,-0.274097,0.781276,-0.95241,-0.171134,0.773808,-1.142343,-0.368535,0.773808,-1.210074,-0.436266,1.125834
BNB,20250704,480,0.476604,0.761722,-1.252351,-0.490629,0.761722,-1.307841,-0.546119,0.762045,-1.187209,-0.425163,0.762045,-1.024975,-0.262929,1.212742
BNB,20250707,317,0.548391,0.759579,-1.582195,-0.822616,0.759579,-1.410219,-0.65064,0.761569,-1.640058,-0.878488,0.761569,-1.304193,-0.542624,1.035515
BNB,20250710,896,0.494821,0.741155,-1.519842,-0.778687,0.741155,-1.079014,-0.337859,0.741864,-1.343815,-0.60195,0.741864,-1.31209,-0.570225,1.634723
BNB,20250713,626,0.499744,0.724165,-1.170444,-0.446279,0.724165,-1.501572,-0.777407,0.724202,-1.204644,-0.480442,0.724202,-1.446303,-0.722102,1.209276
BNB,20250716,2136,0.470234,0.715755,-1.59445,-0.878694,0.715755,-1.535496,-0.819741,0.7149,-1.626219,-0.911319,0.7149,-1.901313,-1.186413,2.098483
BNB,20250719,2208,0.409221,0.684633,-1.5014,-0.816767,0.684633,-1.326615,-0.641983,0.685227,-1.35953,-0.674302,0.685227,-1.420138,-0.734911,2.339377
BNB,20250722,3423,0.488531,0.657364,-1.657234,-0.999869,0.657364,-1.524617,-0.867253,0.656972,-1.633905,-0.976933,0.656972,-1.609303,-0.952332,3.335589
BNB,20250725,3314,0.403144,0.654035,-1.433055,-0.77902,0.654035,-1.411025,-0.75699,0.654978,-1.410166,-0.755188,0.654978,-1.702747,-1.047769,3.40466
BNB,20250727,4362,0.485101,0.614962,-1.554995,-0.940034,0.614962,-1.479647,-0.864685,0.615518,-1.692995,-1.077477,0.615518,-1.518085,-0.902567,3.029254
BNB,20250728,9194,0.417518,0.600562,-1.384786,-0.784224,0.600562,-1.337867,-0.737305,0.60061,-1.474616,-0.874006,0.60061,-1.356615,-0.756005,3.923233
BNB,20250731,5772,0.432978,0.628198,-1.37029,-0.742092,0.628198,-1.106778,-0.47858,0.628382,-1.261638,-0.633256,0.628382,-0.904243,-0.275861,2.978037
BNB,20250801,7184,0.430999,0.653689,-1.536798,-0.883109,0.653689,-1.471889,-0.8182,0.655586,-1.63143,-0.975844,0.655586,-1.735144,-1.079558,4.24465
BNB,20250803,2552,0.332857,0.670953,-1.449996,-0.779043,0.670953,-2.384291,-1.713338,0.670879,-1.342409,-0.67153,0.670879,-1.392346,-0.721468,2.016711
BNB,20250806,2539,0.422915,0.657031,-1.29003,-0.632999,0.657031,-1.039582,-0.382551,0.658172,-1.278114,-0.619942,0.658172,-1.162355,-0.504183,2.093808
BNB,20250809,3210,0.446081,0.620744,-1.311241,-0.690497,0.620744,-1.226179,-0.605435,0.620652,-1.270278,-0.649626,0.620652,-1.230029,-0.609376,2.03619
BNB,20250811,5079,0.443666,0.620184,-1.469031,-0.848847,0.620184,-1.546269,-0.926085,0.619508,-1.404764,-0.785257,0.619508,-1.403376,-0.783868,3.107218
BNB,20250812,3692,0.423215,0.612021,-1.29197,-0.679948,0.612021,-1.371959,-0.759938,0.613655,-1.312192,-0.698537,0.613655,-1.432093,-0.818437,2.588239
BNB,20250815,4088,0.436084,0.600444,-1.293853,-0.693409,0.600444,-1.396746,-0.796302,0.602729,-1.250005,-0.647276,0.602729,-1.366948,-0.764219,3.072746
BNB,20250816,1497,0.397188,0.603245,-1.380913,-0.777668,0.603245,-1.276097,-0.672851,0.602604,-1.304896,-0.702292,0.602604,-1.092437,-0.489833,1.748666
BNB,20250818,4792,0.391407,0.599063,-1.397052,-0.797989,0.599063,-1.100688,-0.501625,0.601062,-1.378359,-0.777297,0.601062,-0.977457,-0.376395,2.765807
BTC,20230401,27181,0.104782,0.019249,-0.418482,-0.399233,0.019249,-0.409711,-0.390463,0.02089,-0.471843,-0.450953,0.02089,-0.476403,-0.455513,1.578231
BTC,20230404,42355,0.102839,0.019693,-0.583543,-0.56385,0.019693,-0.646794,-0.627101,0.020637,-0.501637,-0.481,0.020637,-0.665363,-0.644726,2.375642
BTC,20230407,23089,0.10872,0.019247,-0.423746,-0.404499,0.019247,-0.30558,-0.286333,0.019498,-0.485861,-0.466363,0.019498,-0.297428,-0.27793,1.427318
BTC,20230410,51171,0.10342,0.025434,-0.448557,-0.423122,0.025434,-0.487537,-0.462103,0.023219,-0.646147,-0.622928,0.023219,-0.616517,-0.593299,2.844107
BTC,20230413,36922,0.108437,0.023658,-0.497449,-0.473791,0.023658,-0.400021,-0.376362,0.019508,-0.547546,-0.528039,0.019508,-0.46357,-0.444062,1.862664
BTC,20230416,20760,0.10552,0.017832,-0.475256,-0.457424,0.017832,-0.591102,-0.57327,0.017709,-0.538853,-0.521144,0.017709,-0.594353,-0.576644,1.17299
BTC,20230419,50860,0.126009,0.040077,-0.897075,-0.856998,0.040077,-0.679075,-0.638998,0.039658,-0.85791,-0.818252,0.039658,-0.861017,-0.821359,3.536973
BTC,20230422,28538,0.109307,0.020021,-0.411056,-0.391035,0.020021,-0.699887,-0.679866,0.019736,-0.526187,-0.506452,0.019736,-0.69844,-0.678704,1.496534
BTC,20230425,38937,0.113423,0.02084,-0.583956,-0.563115,0.02084,-0.33729,-0.31645,0.020062,-0.606835,-0.586774,0.020062,-0.221963,-0.201901,2.246733
BTC,20230428,38669,0.109956,0.019826,-0.385963,-0.366136,0.019826,0.148498,0.168324,0.019806,-0.533948,-0.514141,0.019806,-0.253394,-0.233588,2.389342
BTC,20230501,48767,0.122158,0.024504,-0.307924,-0.28342,0.024504,-0.290296,-0.265792,0.022724,-0.531655,-0.508931,0.022724,-0.558885,-0.536162,3.064706
BTC,20230504,32440,0.108894,0.019387,-0.371005,-0.351618,0.019387,-0.248937,-0.22955,0.022454,-0.522424,-0.499969,0.022454,-0.264268,-0.241813,2.08116
BTC,20230507,22865,0.106351,0.01893,-0.410826,-0.391896,0.01893,-0.41789,-0.39896,0.019099,-0.533514,-0.514415,0.019099,-0.447254,-0.428154,1.822267
BTC,20230510,44343,0.113597,0.037017,-0.388402,-0.351385,0.037017,0.291275,0.328292,0.042112,-0.976396,-0.934284,0.042112,-0.891738,-0.849626,3.946311
BTC,20230513,21264,0.09122,0.020593,-0.431686,-0.411093,0.020593,-0.387219,-0.366626,0.020498,-0.503728,-0.48323,0.020498,-0.442047,-0.421549,1.559807
BTC,20230516,33736,0.0908,0.020694,-0.463189,-0.442494,0.020694,-0.651999,-0.631305,0.022185,-0.562987,-0.540803,0.022185,-0.532472,-0.510288,1.878955
BTC,20230519,21786,0.11029,0.021989,-0.781568,-0.759578,0.021989,-1.329526,-1.307537,0.021186,-0.806381,-0.785195,0.021186,-1.508679,-1.487493,1.713944
BTC,20230522,24865,0.102922,0.020481,-0.553857,-0.533376,0.020481,-0.461497,-0.441016,0.021868,-0.699707,-0.677839,0.021868,-0.681169,-0.659301,1.679835
BTC,20230525,28042,0.104633,0.021403,-0.469503,-0.448099,0.021403,-0.536266,-0.514863,0.022558,-0.596869,-0.574311,0.022558,-0.640177,-0.617619,1.922752
BTC,20230528,33941,0.098162,0.02329,-0.249014,-0.225723,0.02329,-0.805554,-0.782264,0.026353,-0.543705,-0.517352,0.026353,-0.60324,-0.576887,2.132234
BTC,20230531,31417,0.110416,0.02326,-0.598906,-0.575646,0.02326,-0.748225,-0.724965,0.022205,-0.554468,-0.532263,0.022205,-0.617549,-0.595344,1.94689
BTC,20230603,14568,0.095047,0.022135,-0.225294,-0.203159,0.022135,-0.272012,-0.249877,0.022463,-0.467118,-0.444656,0.022463,-0.423035,-0.400573,1.027673
BTC,20230606,35146,0.132437,0.021827,-0.578502,-0.556675,0.021827,-0.775652,-0.753825,0.023332,-0.631743,-0.60841,0.023332,-0.660039,-0.636706,2.990126
BTC,20230609,19698,0.116992,0.020228,-0.46843,-0.448202,0.020228,-0.685213,-0.664985,0.02044,-0.527598,-0.507158,0.02044,-0.657042,-0.636602,1.4593
BTC,20230612,23520,0.112686,0.020505,-0.764391,-0.743886,0.020505,-0.874042,-0.853536,0.021151,-0.740307,-0.719156,0.021151,-0.905111,-0.883961,1.842818
BTC,20230615,25746,0.136366,0.020873,-0.631093,-0.61022,0.020873,-0.449591,-0.428718,0.021113,-0.683224,-0.66211,0.021113,-0.48404,-0.462926,2.199535
BTC,20230618,16759,0.124112,0.019616,-0.60005,-0.580434,0.019616,-0.654199,-0.634582,0.02014,-0.709698,-0.689557,0.02014,-0.691117,-0.670976,1.425485
BTC,20230621,53413,0.135279,0.023479,-0.642146,-0.618668,0.023479,-0.864386,-0.840907,0.025815,-0.803885,-0.77807,0.025815,-0.769333,-0.743517,4.080871
BTC,20230624,22092,0.109513,0.017573,-0.718272,-0.700698,0.017573,-0.777396,-0.759822,0.017685,-0.692112,-0.674427,0.017685,-0.795462,-0.777777,1.743884
BTC,20230627,29302,0.119355,0.018751,-0.663567,-0.644816,0.018751,-0.691994,-0.673244,0.019522,-0.619362,-0.59984,0.019522,-0.53611,-0.516589,2.135111
BTC,20230630,45367,0.140838,0.027387,-0.860884,-0.833497,0.027387,-1.384156,-1.35677,0.027877,-0.793489,-0.765612,0.027877,-1.131889,-1.104012,3.582059
BTC,20230703,26685,0.115914,0.01849,-0.730291,-0.711801,0.01849,-0.492522,-0.474032,0.021226,-0.770293,-0.749068,0.021226,-0.495185,-0.47396,1.895698
BTC,20230706,41437,0.123203,0.019786,-0.56678,-0.546994,0.019786,-0.767664,-0.747877,0.021056,-0.625258,-0.604201,0.021056,-0.757802,-0.736745,2.834849
BTC,20230709,13069,0.10151,0.016895,-0.733782,-0.716888,0.016895,-0.830703,-0.813808,0.017166,-0.55994,-0.542773,0.017166,-0.692228,-0.675061,0.981002
BTC,20230712,24450,0.133514,0.018625,-0.559778,-0.541153,0.018625,-0.857969,-0.839343,0.019384,-0.665101,-0.645717,0.019384,-0.857972,-0.838588,1.856946
BTC,20230715,9988,0.093589,0.016867,-0.373957,-0.35709,0.016867,-0.469512,-0.452645,0.016936,-0.455813,-0.438877,0.016936,-0.488055,-0.471119,0.674879
BTC,20230718,22654,0.123975,0.024759,-0.720924,-0.696165,0.024759,-0.716743,-0.691983,0.021429,-0.643246,-0.621817,0.021429,-0.494981,-0.473553,1.790136
BTC,20230721,12769,0.1337,0.019094,-0.483418,-0.464324,0.019094,-0.58085,-0.561756,0.018646,-0.508018,-0.489372,0.018646,-0.55279,-0.534144,1.168987
BTC,20230724,25946,0.129606,0.032751,-0.628866,-0.596115,0.032751,-0.283495,-0.250744,0.022675,-0.692599,-0.669924,0.022675,-0.43744,-0.414764,2.475075
BTC,20230727,17752,0.109424,0.017577,-0.539913,-0.522336,0.017577,-0.916055,-0.898478,0.017511,-0.492645,-0.475135,0.017511,-0.757797,-0.740287,0.965452
BTC,20230730,12603,0.122566,0.019573,-0.533175,-0.513602,0.019573,-0.856589,-0.837016,0.02067,-0.540153,-0.519483,0.02067,-0.642464,-0.621794,0.9855
BTC,20230802,26552,0.143984,0.025596,-0.592727,-0.567131,0.025596,-0.976301,-0.950705,0.022447,-0.691313,-0.668867,0.022447,-0.781049,-0.758603,1.85832
BTC,20230805,7637,0.106903,0.017446,-0.278487,-0.261041,0.017446,-0.470723,-0.453277,0.017906,-0.283028,-0.265122,0.017906,-0.49699,-0.479085,0.407162
BTC,20230808,28317,0.135139,0.019909,-0.636851,-0.616941,0.019909,-0.657398,-0.637489,0.020233,-0.617189,-0.596957,0.020233,-0.498254,-0.478021,1.632402
BTC,20230811,13628,0.108325,0.017855,-0.499716,-0.481861,0.017855,-0.819553,-0.801698,0.018192,-0.471643,-0.453451,0.018192,-0.765745,-0.747552,0.802622
BTC,20230814,20241,0.109521,0.017765,-0.609011,-0.591245,0.017765,-0.898703,-0.880938,0.018642,-0.500569,-0.481927,0.018642,-0.657096,-0.638454,1.096375
BTC,20230817,43288,0.153483,0.039523,-1.422423,-1.3829,0.039523,-2.278044,-2.238521,0.043602,-1.279327,-1.235725,0.043602,-1.497586,-1.453985,6.52007
BTC,20230820,9779,0.141543,0.020404,-0.602027,-0.581622,0.020404,-0.888143,-0.867738,0.020612,-0.543927,-0.523315,0.020612,-0.683924,-0.663313,1.033881
BTC,20230823,20679,0.162739,0.022927,-0.715583,-0.692655,0.022927,-0.535888,-0.512961,0.022979,-0.728541,-0.705561,0.022979,-0.564366,-0.541387,2.120303
BTC,20230826,4007,0.129935,0.019316,-0.367144,-0.347828,0.019316,-0.648591,-0.629275,0.019355,-0.459736,-0.440381,0.019355,-0.650723,-0.631368,0.475332
BTC,20230829,28782,0.170659,0.027167,-0.950267,-0.9231,0.027167,-0.584291,-0.557124,0.030015,-1.114663,-1.084649,0.030015,-1.032779,-1.002765,3.610998
BTC,20230901,19728,0.154395,0.022325,-0.647447,-0.625122,0.022325,-0.638619,-0.616294,0.023288,-0.859828,-0.83654,0.023288,-0.958215,-0.934927,2.179017
BTC,20230904,13149,0.124805,0.021564,-0.542054,-0.52049,0.021564,-0.768067,-0.746504,0.023102,-0.599138,-0.576037,0.023102,-0.898989,-0.875888,1.309701
BTC,20230907,17030,0.15556,0.023505,-0.781957,-0.758452,0.023505,-0.890237,-0.866732,0.025385,-0.825618,-0.800233,0.025385,-0.852131,-0.826746,1.753698
BTC,20230910,16917,0.092572,0.020186,-0.508474,-0.488288,0.020186,-0.750144,-0.729958,0.021745,-0.73553,-0.713785,0.021745,-0.937656,-0.915911,1.233875
BTC,20230913,32549,0.111521,0.020701,-0.515386,-0.494686,0.020701,-0.558292,-0.537591,0.021137,-0.623514,-0.602377,0.021137,-0.604402,-0.583265,2.149713
BTC,20230916,24263,0.057338,0.019315,-0.250919,-0.231603,0.019315,-0.420073,-0.400758,0.019805,-0.592554,-0.57275,0.019805,-0.82168,-0.801876,0.914729
BTC,20230919,24787,0.164752,0.019812,-0.774998,-0.755186,0.019812,-1.082477,-1.062666,0.02019,-0.905595,-0.885405,0.02019,-1.156302,-1.136112,2.146513
BTC,20230922,17609,0.103203,0.019257,-0.793208,-0.773951,0.019257,-0.960484,-0.941226,0.019391,-0.55507,-0.535679,0.019391,-0.665922,-0.646532,1.066225
BTC,20230925,19242,0.157413,0.020622,-0.679634,-0.659012,0.020622,-0.746744,-0.726122,0.020617,-0.734435,-0.713818,0.020617,-0.787143,-0.766526,1.597388
BTC,20230928,25711,0.167366,0.021654,-0.623742,-0.602088,0.021654,-0.635944,-0.614289,0.021694,-0.653447,-0.631753,0.021694,-0.930787,-0.909093,2.019962
BTC,20231001,16602,0.141962,0.028715,-0.840293,-0.811578,0.028715,-1.693973,-1.665257,0.032596,-0.890393,-0.857798,0.032596,-1.763357,-1.730761,2.904126
BTC,20231004,23106,0.148153,0.019369,-0.617258,-0.597889,0.019369,-0.533899,-0.51453,0.019951,-0.628819,-0.608868,0.019951,-0.601104,-0.581153,1.694145
BTC,20231007,11928,0.128283,0.01797,-0.411946,-0.393976,0.01797,-0.455642,-0.437672,0.017958,-0.449625,-0.431667,0.017958,-0.329911,-0.311953,0.766618
BTC,20231010,21323,0.138661,0.018976,-0.592552,-0.573576,0.018976,-0.918054,-0.899077,0.019315,-0.532659,-0.513343,0.019315,-0.851605,-0.83229,1.420378
BTC,20231013,19784,0.147127,0.020329,-0.516246,-0.495917,0.020329,-0.89328,-0.872951,0.020527,-0.693604,-0.673077,0.020527,-0.956591,-0.936064,1.566193
BTC,20231016,52096,0.168782,0.046283,-0.46085,-0.414567,0.046283,-0.163843,-0.11756,0.045506,-0.901827,-0.856321,0.045506,-1.070421,-1.024915,5.691586
BTC,20231019,30775,0.131012,0.019218,-0.615465,-0.596246,0.019218,-0.428712,-0.409493,0.019943,-0.587619,-0.567676,0.019943,-0.281532,-0.261589,2.150903
BTC,20231022,23181,0.125783,0.018305,-0.589879,-0.571574,0.018305,-0.683352,-0.665047,0.019835,-0.622331,-0.602496,0.019835,-0.652699,-0.632864,1.547949
BTC,20231025,54722,0.127808,0.016945,-0.686962,-0.670018,0.016945,-1.01061,-0.993665,0.017264,-0.698925,-0.681661,0.017264,-0.825053,-0.807789,3.244961
BTC,20231028,22206,0.104759,0.025089,-0.682418,-0.657329,0.025089,-1.122606,-1.097517,0.019728,-0.751211,-0.731483,0.019728,-1.15883,-1.139102,1.593425
BTC,20231031,35092,0.112363,0.015905,-0.59206,-0.576156,0.015905,-0.61959,-0.603685,0.016461,-0.670268,-0.653807,0.016461,-0.780133,-0.763673,1.857538
BTC,20231103,46885,0.128065,0.016847,-0.76429,-0.747443,0.016847,-0.807805,-0.790958,0.017808,-0.814958,-0.79715,0.017808,-0.617878,-0.60007,2.403147
BTC,20231106,34069,0.116373,0.015725,-0.645761,-0.630036,0.015725,-0.680283,-0.664558,0.015397,-0.640978,-0.625581,0.015397,-0.64186,-0.626463,1.640718
BTC,20231109,75325,0.139404,0.026319,-0.566421,-0.540102,0.026319,-0.585131,-0.558812,0.028657,-0.613335,-0.584678,0.028657,-0.660435,-0.631778,4.454816
BTC,20231112,21073,0.104842,0.014774,-0.52221,-0.507436,0.014774,-0.447406,-0.432632,0.014978,-0.513617,-0.498639,0.014978,-0.426467,-0.411489,1.306467
BTC,20231115,53487,0.12269,0.022563,-0.647818,-0.625256,0.022563,-0.413104,-0.390541,0.023376,-0.711301,-0.687925,0.023376,-0.698259,-0.674882,3.982567
BTC,20231118,19887,0.112226,0.015274,-0.551962,-0.536688,0.015274,-0.533334,-0.51806,0.015943,-0.603308,-0.587365,0.015943,-0.545136,-0.529192,1.306358
BTC,20231121,55286,0.125436,0.019191,-0.487998,-0.468807,0.019191,-0.461253,-0.442062,0.020714,-0.634066,-0.613352,0.020714,-0.398552,-0.377838,3.254369
BTC,20231124,43210,0.127891,0.03171,-0.48617,-0.45446,0.03171,-0.234127,-0.202417,0.021186,-0.58319,-0.562004,0.021186,-0.4429,-0.421713,2.775984
BTC,20231127,33148,0.123076,0.014616,-0.582942,-0.568325,0.014616,-0.908532,-0.893916,0.015038,-0.522343,-0.507305,0.015038,-0.636622,-0.621584,2.055133
BTC,20231130,32481,0.105375,0.014446,-0.451747,-0.437301,0.014446,-0.48524,-0.470793,0.014985,-0.442611,-0.427626,0.014985,-0.465908,-0.450923,1.612113
BTC,20231203,42253,0.092968,0.014868,-0.463646,-0.448778,0.014868,-0.722808,-0.707941,0.016674,-0.492618,-0.475943,0.016674,-0.621869,-0.605195,2.008565
BTC,20231206,54186,0.114326,0.012967,-0.479428,-0.466462,0.012967,-0.468805,-0.455839,0.013461,-0.538517,-0.525056,0.013461,-0.598502,-0.585041,2.666729
BTC,20231209,33828,0.097819,0.016248,-0.528891,-0.512642,0.016248,-0.389558,-0.37331,0.016998,-0.634935,-0.617937,0.016998,-0.524674,-0.507676,1.89035
BTC,20231212,46492,0.128677,0.015508,-0.665872,-0.650364,0.015508,-0.68147,-0.665961,0.016665,-0.721996,-0.705331,0.016665,-0.723807,-0.707142,2.770083
BTC,20231215,42463,0.106721,0.0144,-0.613116,-0.598716,0.0144,-0.866891,-0.852491,0.014226,-0.717796,-0.70357,0.014226,-0.763046,-0.74882,2.408692
BTC,20231218,53148,0.11878,0.01743,-0.558863,-0.541433,0.01743,-0.60321,-0.585781,0.01476,-0.677968,-0.663207,0.01476,-0.589568,-0.574807,2.754695
BTC,20231221,39283,0.125786,0.013157,-0.562136,-0.548978,0.013157,-0.536307,-0.52315,0.013478,-0.681807,-0.668328,0.013478,-0.674961,-0.661483,2.38591
BTC,20231224,30824,0.096581,0.022238,-0.729246,-0.707007,0.022238,-0.737915,-0.715677,0.015872,-0.877914,-0.862042,0.015872,-0.8234,-0.807527,1.956523
BTC,20231227,39094,0.104724,0.025846,-0.537888,-0.512042,0.025846,-0.389409,-0.363564,0.014512,-0.600069,-0.585557,0.014512,-0.541151,-0.526638,2.226475
BTC,20231230,29962,0.105698,0.015487,-0.606416,-0.590929,0.015487,-0.679605,-0.664118,0.013119,-0.693997,-0.680879,0.013119,-0.714724,-0.701605,1.800391
BTC,20240102,66050,0.106656,0.01697,-0.087983,-0.071013,0.01697,0.325182,0.342153,0.016292,-0.642418,-0.626126,0.016292,-0.669551,-0.653259,3.341902
BTC,20240105,69524,0.107642,0.020701,-0.744863,-0.724162,0.020701,-0.608391,-0.58769,0.022703,-0.984449,-0.961746,0.022703,-0.857287,-0.834584,4.57162
BTC,20240108,77823,0.104085,0.029738,-0.412072,-0.382335,0.029738,-0.39054,-0.360802,0.021639,-0.607422,-0.585783,0.021639,-0.666462,-0.644823,3.949228
BTC,20240111,103443,0.09026,0.022081,-0.535051,-0.51297,0.022081,-0.466617,-0.444536,0.02012,-0.725071,-0.704951,0.02012,-0.720388,-0.700268,4.776104
BTC,20240114,37017,0.095547,0.014429,-0.795251,-0.780821,0.014429,-0.710202,-0.695773,0.013678,-0.61714,-0.603462,0.013678,-0.522212,-0.508533,2.493413
BTC,20240117,38665,0.107498,0.01532,-0.563356,-0.548036,0.01532,0.038258,0.053578,0.013296,-0.596647,-0.583351,0.013296,-0.568496,-0.5552,2.317679
BTC,20240120,20649,0.098878,0.012401,-0.464896,-0.452495,0.012401,-0.367888,-0.355487,0.01245,-0.529931,-0.517481,0.01245,-0.37424,-0.361791,1.330326
BTC,20240123,57648,0.124111,0.015483,-0.468616,-0.453133,0.015483,-0.628434,-0.612951,0.015979,-0.674202,-0.658223,0.015979,-0.947817,-0.931838,3.279977
BTC,20240126,57307,0.109622,0.013877,-0.17333,-0.159453,0.013877,0.145868,0.159745,0.014638,-0.489002,-0.474364,0.014638,-0.207469,-0.192831,2.758847
BTC,20240129,45747,0.110987,0.020441,-0.427467,-0.407026,0.020441,-0.638405,-0.617964,0.014164,-0.492622,-0.478458,0.014164,-0.570334,-0.55617,2.211647
BTC,20240201,53520,0.101291,0.018476,-0.595027,-0.576552,0.018476,-0.634154,-0.615678,0.013798,-0.598289,-0.584491,0.013798,-0.509219,-0.495421,2.451218
BTC,20240204,28706,0.07981,0.015963,-0.465459,-0.449495,0.015963,-0.595318,-0.579354,0.015473,-0.530698,-0.515225,0.015473,-0.344913,-0.329441,1.654295
BTC,20240207,47306,0.09247,0.013425,-0.535395,-0.52197,0.013425,-0.296074,-0.28265,0.014474,-0.516334,-0.50186,0.014474,-0.532122,-0.517647,1.991097
BTC,20240210,37322,0.083406,0.01127,-0.448844,-0.437574,0.01127,-0.383082,-0.371812,0.011406,-0.508392,-0.496986,0.011406,-0.526717,-0.515311,1.723769
BTC,20240213,68545,0.092972,0.01296,-0.491794,-0.478834,0.01296,-1.162535,-1.149575,0.0132,-0.642561,-0.629361,0.0132,-0.824646,-0.811445,2.818367
BTC,20240216,49663,0.098177,0.010776,-0.503859,-0.493083,0.010776,-0.779678,-0.768903,0.011025,-0.565818,-0.554792,0.011025,-0.757503,-0.746478,2.281687
BTC,20240219,46155,0.0853,0.01081,-0.498482,-0.487672,0.01081,-0.522032,-0.511221,0.011187,-0.577925,-0.566738,0.011187,-0.480221,-0.469035,1.873822
BTC,20240222,47262,0.100522,0.011784,-0.593531,-0.581747,0.011784,-0.849161,-0.837377,0.012995,-0.657054,-0.644059,0.012995,-0.848772,-0.835777,2.238419
BTC,20240225,30965,0.080521,0.010395,-0.473144,-0.462749,0.010395,-0.473971,-0.463575,0.010329,-0.500805,-0.490476,0.010329,-0.520569,-0.51024,1.348737
BTC,20240228,133303,0.093638,0.027499,-0.960178,-0.932679,0.027499,-1.180668,-1.15317,0.031726,-0.842909,-0.811183,0.031726,-0.816647,-0.784921,7.409558
BTC,20240302,38812,0.080352,0.009769,-0.581642,-0.571873,0.009769,-0.592072,-0.582302,0.009906,-0.644236,-0.63433,0.009906,-0.44653,-0.436624,1.955984
BTC,20240305,167758,0.079699,0.026839,-0.762463,-0.735624,0.026839,-0.967323,-0.940484,0.029005,-0.841532,-0.812527,0.029005,-0.775242,-0.746237,8.286668
BTC,20240308,114797,0.062323,0.01975,-0.628896,-0.609146,0.01975,-0.939993,-0.920243,0.024853,-0.747373,-0.722521,0.024853,-1.109776,-1.084923,4.878432
BTC,20240311,130463,0.062112,0.013386,-0.468802,-0.455416,0.013386,-0.632382,-0.618997,0.011673,-0.708456,-0.696782,0.011673,-0.740109,-0.728436,4.132776
BTC,20240314,133149,0.065549,0.011746,-0.500503,-0.488757,0.011746,-0.525487,-0.513741,0.011575,-0.599845,-0.58827,0.011575,-0.527473,-0.515898,4.327332
BTC,20240317,104389,0.060189,0.010268,-0.534164,-0.523896,0.010268,-0.491674,-0.481406,0.01152,-0.665149,-0.65363,0.01152,-0.645863,-0.634343,3.903038
BTC,20240320,162643,0.065691,0.013947,-0.587981,-0.574035,0.013947,-0.604652,-0.590705,0.013815,-0.78431,-0.770496,0.013815,-0.687874,-0.67406,5.917379
BTC,20240323,86720,0.058787,0.010166,-0.637205,-0.627039,0.010166,-0.409119,-0.398953,0.010518,-0.771585,-0.761067,0.010518,-0.556405,-0.545887,2.936408
BTC,20240326,112708,0.061682,0.011381,-0.52087,-0.50949,0.011381,-0.556135,-0.544754,0.01141,-0.565288,-0.553878,0.01141,-0.62106,-0.60965,3.215621
BTC,20240329,84746,0.054252,0.009246,-0.395631,-0.386385,0.009246,-0.382188,-0.372942,0.010222,-0.455391,-0.445169,0.010222,-0.511715,-0.501493,2.144052
BTC,20240401,100069,0.06177,0.009796,-0.538479,-0.528683,0.009796,-0.519877,-0.510081,0.010466,-0.653866,-0.6434,0.010466,-0.548432,-0.537966,2.735872
BTC,20240404,105060,0.061969,0.009392,-0.465011,-0.455619,0.009392,-0.31383,-0.304438,0.009795,-0.536322,-0.526526,0.009795,-0.382935,-0.37314,2.958449
BTC,20240407,66192,0.053399,0.008415,-0.489511,-0.481095,0.008415,-0.346964,-0.338548,0.00949,-0.515803,-0.506313,0.00949,-0.385434,-0.375944,2.15849
BTC,20240410,106721,0.062687,0.009672,-0.41963,-0.409958,0.009672,-0.57259,-0.562918,0.010544,-0.40462,-0.394077,0.010544,-0.523696,-0.513152,3.272887
BTC,20240413,121886,0.064227,0.032773,-0.961689,-0.928915,0.032773,-0.741643,-0.70887,0.032617,-0.888335,-0.855718,0.032617,-0.465232,-0.432615,7.261644
BTC,20240416,127815,0.059672,0.012543,-0.516354,-0.503811,0.012543,-1.03379,-1.021248,0.012384,-0.729454,-0.71707,0.012384,-0.811143,-0.798759,4.580352
BTC,20240419,151762,0.064826,0.015749,-0.588003,-0.572254,0.015749,-0.855484,-0.839735,0.01667,-0.701101,-0.684431,0.01667,-0.95628,-0.93961,5.271247
BTC,20240422,99295,0.049149,0.01143,-0.488586,-0.477155,0.01143,-0.416576,-0.405146,0.012126,-0.579138,-0.567011,0.012126,-0.488699,-0.476572,2.823929
BTC,20240425,90797,0.057972,0.011148,-0.602765,-0.591616,0.011148,-0.801451,-0.790303,0.011733,-0.709077,-0.697344,0.011733,-0.832558,-0.820825,2.864687
BTC,20240428,49920,0.053451,0.010733,-0.41288,-0.402147,0.010733,-0.396675,-0.385942,0.011537,-0.57894,-0.567403,0.011537,-0.536431,-0.524894,1.807172
BTC,20240501,127538,0.07609,0.016393,-0.40064,-0.384247,0.016393,0.253504,0.269897,0.016628,-0.679628,-0.663,0.016628,-0.509267,-0.49264,5.415902
BTC,20240504,61050,0.065784,0.010916,-0.500891,-0.489975,0.010916,-0.347367,-0.336452,0.011583,-0.651554,-0.63997,0.011583,-0.41751,-0.405927,2.49576
BTC,20240507,66533,0.078177,0.010198,-0.610271,-0.600072,0.010198,-0.506056,-0.495858,0.010049,-0.698488,-0.688439,0.010049,-0.596185,-0.586136,2.717752
BTC,20240510,62734,0.080735,0.010833,-0.632061,-0.621228,0.010833,-0.502823,-0.49199,0.011125,-0.599654,-0.588529,0.011125,-0.604114,-0.592989,2.919154
BTC,20240513,66782,0.076468,0.009382,-0.474325,-0.464942,0.009382,-0.620359,-0.610977,0.009654,-0.470053,-0.460399,0.009654,-0.631489,-0.621835,2.540265
BTC,20240516,56415,0.078537,0.01131,-0.613741,-0.602431,0.01131,-0.533049,-0.521739,0.009619,-0.64548,-0.635861,0.009619,-0.678758,-0.66914,2.476679
BTC,20240519,58242,0.055073,0.009788,-0.390521,-0.380733,0.009788,-0.511296,-0.501507,0.009408,-0.555641,-0.546233,0.009408,-0.7824,-0.772992,1.765387
BTC,20240522,56640,0.073038,0.009114,-0.60079,-0.591676,0.009114,-0.55816,-0.549046,0.009071,-0.713622,-0.704552,0.009071,-0.628441,-0.61937,2.592605
BTC,20240525,37735,0.051397,0.009473,-0.376375,-0.366902,0.009473,-0.462194,-0.452722,0.009019,-0.461574,-0.452555,0.009019,-0.469763,-0.460744,1.163038
BTC,20240528,75781,0.073554,0.011162,-0.657801,-0.646639,0.011162,-0.832473,-0.821312,0.0109,-0.724202,-0.713301,0.0109,-0.993928,-0.983028,2.463152
BTC,20240531,54493,0.07108,0.008598,-0.582744,-0.574146,0.008598,-0.924843,-0.916245,0.009492,-0.585896,-0.576404,0.009492,-0.662707,-0.653214,2.121237
BTC,20240603,61653,0.07122,0.009271,-0.573194,-0.563923,0.009271,-0.764771,-0.7555,0.00928,-0.626024,-0.616744,0.00928,-0.734756,-0.725475,2.165777
BTC,20240606,51701,0.06787,0.008437,-0.652596,-0.64416,0.008437,-0.905623,-0.897186,0.008894,-0.689209,-0.680315,0.008894,-0.870926,-0.862032,1.724338
BTC,20240609,28349,0.058353,0.008639,-0.424083,-0.415444,0.008639,-0.323369,-0.314729,0.008324,-0.490214,-0.48189,0.008324,-0.45168,-0.443356,0.911793
BTC,20240612,94189,0.067657,0.010818,-0.554431,-0.543613,0.010818,-0.492561,-0.481743,0.011213,-0.622105,-0.610892,0.011213,-0.624836,-0.613623,2.982499
BTC,20240615,31849,0.059177,0.008372,-0.485751,-0.477379,0.008372,-0.548958,-0.540586,0.009226,-0.533912,-0.524686,0.009226,-0.549107,-0.539881,0.817577
BTC,20240618,89380,0.077307,0.010082,-0.852264,-0.842182,0.010082,-0.798281,-0.7882,0.009886,-0.909136,-0.89925,0.009886,-0.893938,-0.884052,3.082778
BTC,20240621,61014,0.073588,0.010507,-0.550548,-0.540041,0.010507,-0.520583,-0.510076,0.010575,-0.727533,-0.716958,0.010575,-0.726885,-0.71631,2.447544
BTC,20240624,94028,0.086649,0.013565,-0.865705,-0.85214,0.013565,-0.889241,-0.875676,0.014071,-0.918177,-0.904106,0.014071,-1.068885,-1.054815,3.752315
BTC,20240627,50345,0.078354,0.009318,-0.777787,-0.76847,0.009318,-0.9027,-0.893382,0.009493,-0.645023,-0.635529,0.009493,-0.474016,-0.464522,1.962598
BTC,20240630,50656,0.065224,0.009636,-0.538428,-0.528793,0.009636,-0.534961,-0.525326,0.010537,-0.667851,-0.657314,0.010537,-0.543204,-0.532667,1.626791
BTC,20240703,69904,0.077769,0.01088,-0.608006,-0.597126,0.01088,-0.574595,-0.563715,0.01167,-0.622596,-0.610926,0.01167,-0.555046,-0.543376,2.472791
BTC,20240706,45672,0.079661,0.011269,-0.550487,-0.539218,0.011269,-0.498931,-0.487663,0.011266,-0.517128,-0.505862,0.011266,-0.390628,-0.379362,2.29975
BTC,20240709,58638,0.086493,0.01211,-0.702298,-0.690188,0.01211,-0.824469,-0.812359,0.011869,-0.774563,-0.762694,0.011869,-0.985481,-0.973612,3.145559
BTC,20240712,60981,0.079118,0.010444,-0.64363,-0.633186,0.010444,-0.562104,-0.55166,0.010747,-0.670266,-0.659519,0.010747,-0.502305,-0.491558,2.788518
BTC,20240715,83213,0.081092,0.010637,-0.580701,-0.570064,0.010637,-0.571699,-0.561062,0.010544,-0.638899,-0.628355,0.010544,-0.543762,-0.533217,3.074394
BTC,20240718,55780,0.090994,0.009081,-0.563497,-0.554416,0.009081,-0.610609,-0.601527,0.009116,-0.619207,-0.610091,0.009116,-0.557434,-0.548318,2.424079
BTC,20240721,56275,0.089368,0.013192,-0.705616,-0.692424,0.013192,-0.809976,-0.796784,0.011962,-0.808673,-0.796712,0.011962,-0.84671,-0.834748,2.450004
BTC,20240724,58280,0.091336,0.009273,-0.701447,-0.692174,0.009273,-0.760264,-0.750991,0.009278,-0.793433,-0.784154,0.009278,-0.734161,-0.724883,2.316054
BTC,20240727,77864,0.083932,0.011043,-0.814061,-0.803018,0.011043,-1.050969,-1.039926,0.012165,-0.869521,-0.857356,0.012165,-1.411416,-1.399252,3.712515
BTC,20240730,67986,0.088355,0.008728,-0.676704,-0.667976,0.008728,-0.715247,-0.706519,0.009112,-0.818725,-0.809612,0.009112,-0.707675,-0.698562,2.743521
BTC,20240802,66411,0.115716,0.010905,-0.581556,-0.570651,0.010905,-1.168092,-1.157187,0.010297,-0.759876,-0.749579,0.010297,-0.950221,-0.939924,4.005008
BTC,20240805,165114,0.100898,0.028024,-1.145117,-1.117093,0.028024,-1.204872,-1.176848,0.025356,-1.150833,-1.125477,0.025356,-1.271041,-1.245685,11.441535
BTC,20240808,96936,0.096549,0.013333,-0.878343,-0.86501,0.013333,-0.624865,-0.611532,0.013057,-0.887747,-0.87469,0.013057,-0.841072,-0.828015,5.171634
BTC,20240811,67899,0.074793,0.010164,-0.825494,-0.81533,0.010164,-0.783476,-0.773313,0.010228,-0.912993,-0.902764,0.010228,-0.860681,-0.850453,2.965119
BTC,20240814,72765,0.089987,0.011243,-0.790399,-0.779156,0.011243,-0.707044,-0.695801,0.012127,-0.859843,-0.847716,0.012127,-0.885098,-0.872971,3.411339
BTC,20240817,30971,0.081821,0.009149,-0.581906,-0.572757,0.009149,-0.376262,-0.367113,0.00972,-0.669352,-0.659633,0.00972,-0.490595,-0.480875,1.484585
BTC,20240820,67856,0.094986,0.015202,-0.774854,-0.759652,0.015202,-0.68935,-0.674149,0.013407,-0.817108,-0.803702,0.013407,-0.58437,-0.570963,2.809652
BTC,20240823,68159,0.09487,0.013458,-0.461505,-0.448047,0.013458,-0.541574,-0.528116,0.013756,-0.55739,-0.543634,0.013756,-0.649458,-0.635702,3.440294
BTC,20240826,56089,0.085884,0.009662,-0.732369,-0.722707,0.009662,-0.837345,-0.827682,0.009324,-0.68288,-0.673556,0.009324,-0.70997,-0.700646,2.340489
BTC,20240829,52904,0.096761,0.009828,-0.725769,-0.715941,0.009828,-0.590877,-0.581049,0.009589,-0.660163,-0.650574,0.009589,-0.640075,-0.630486,2.896053
BTC,20240901,51050,0.095095,0.01111,-0.730264,-0.719154,0.01111,-0.682939,-0.67183,0.011407,-0.819701,-0.808294,0.011407,-0.734021,-0.722614,2.726347
BTC,20240904,63299,0.095025,0.012108,-0.741861,-0.729753,0.012108,-0.4307,-0.418591,0.012524,-0.724236,-0.711711,0.012524,-0.774408,-0.761884,3.278386
BTC,20240907,41085,0.079524,0.010409,-0.582372,-0.571963,0.010409,-0.391787,-0.381379,0.010518,-0.696938,-0.68642,0.010518,-0.581157,-0.570639,1.808131
BTC,20240910,45641,0.100522,0.010648,-0.669943,-0.659295,0.010648,-0.566739,-0.556091,0.010779,-0.673835,-0.663057,0.010779,-0.54116,-0.530381,2.627941
BTC,20240913,60665,0.091791,0.010462,-0.498551,-0.488089,0.010462,-0.243214,-0.232752,0.011163,-0.574185,-0.563021,0.011163,-0.292616,-0.281453,2.559276
BTC,20240916,52517,0.097078,0.010312,-0.571073,-0.560761,0.010312,-0.559298,-0.548986,0.010515,-0.589481,-0.578966,0.010515,-0.61746,-0.606946,2.535548
BTC,20240919,60805,0.096245,0.010491,-0.506037,-0.495545,0.010491,-0.578485,-0.567994,0.011282,-0.592269,-0.580987,0.011282,-0.550976,-0.539694,2.837593
BTC,20240922,40164,0.085956,0.009388,-0.514697,-0.505309,0.009388,-0.327028,-0.31764,0.01117,-0.682739,-0.67157,0.01117,-0.48939,-0.47822,1.74753
BTC,20240925,49965,0.087112,0.00936,-0.561764,-0.552403,0.00936,-0.376214,-0.366854,0.008962,-0.662756,-0.653794,0.008962,-0.55115,-0.542188,1.965362
BTC,20240928,32168,0.066185,0.008165,-0.540402,-0.532237,0.008165,-0.686799,-0.678634,0.008203,-0.475671,-0.467468,0.008203,-0.487332,-0.479129,1.044374
BTC,20241001,77799,0.098769,0.010894,-0.762609,-0.751714,0.010894,-0.585623,-0.574728,0.010453,-0.783865,-0.773412,0.010453,-0.736279,-0.725826,3.342563
BTC,20241004,51202,0.089171,0.009191,-0.655748,-0.646557,0.009191,-0.762342,-0.753151,0.009104,-0.604106,-0.595002,0.009104,-0.778878,-0.769774,2.340289
BTC,20241007,53346,0.094341,0.00953,-0.660694,-0.651164,0.00953,-0.606068,-0.596538,0.009582,-0.660498,-0.650917,0.009582,-0.617956,-0.608374,2.421925
BTC,20241010,52846,0.085933,0.010108,-0.695468,-0.685361,0.010108,-0.610423,-0.600315,0.010351,-0.642765,-0.632414,0.010351,-0.405309,-0.394959,2.364344
BTC,20241013,32657,0.08783,0.009037,-0.65382,-0.644783,0.009037,-0.600751,-0.591714,0.009511,-0.559655,-0.550145,0.009511,-0.55592,-0.54641,1.44764
BTC,20241016,51352,0.093118,0.009845,-0.742471,-0.732626,0.009845,-0.898059,-0.888214,0.009275,-0.680001,-0.670727,0.009275,-0.742241,-0.732966,2.709823
BTC,20241019,23095,0.072162,0.007649,-0.503718,-0.496069,0.007649,-0.581669,-0.57402,0.007749,-0.457357,-0.449608,0.007749,-0.472025,-0.464276,0.869754
BTC,20241022,45698,0.088875,0.008182,-0.565472,-0.557289,0.008182,-0.600624,-0.592442,0.008191,-0.541889,-0.533698,0.008191,-0.529175,-0.520984,2.175437
BTC,20241025,68819,0.087621,0.009743,-0.713154,-0.70341,0.009743,-1.22493,-1.215186,0.010073,-0.706764,-0.696691,0.010073,-1.078853,-1.06878,2.739908
BTC,20241028,61071,0.082146,0.008186,-0.753109,-0.744923,0.008186,-0.704671,-0.696485,0.00917,-0.670522,-0.661352,0.00917,-0.650192,-0.641021,2.307372
BTC,20241031,57904,0.090972,0.008289,-0.794068,-0.785779,0.008289,-0.716523,-0.708234,0.007932,-0.664038,-0.656106,0.007932,-0.429291,-0.421359,2.360179
BTC,20241103,41813,0.098989,0.008992,-0.674014,-0.665023,0.008992,-0.523264,-0.514272,0.008952,-0.705914,-0.696962,0.008952,-0.494293,-0.485341,2.297845
BTC,20241106,111172,0.101127,0.010362,-0.674476,-0.664114,0.010362,-0.811222,-0.80086,0.009646,-0.571884,-0.562238,0.009646,-0.63453,-0.624885,4.75364
BTC,20241109,36400,0.069323,0.007305,-0.511127,-0.503822,0.007305,-0.61005,-0.602745,0.007756,-0.55751,-0.549754,0.007756,-0.675193,-0.667437,1.420878
BTC,20241112,130075,0.086988,0.009067,-0.745032,-0.735964,0.009067,-0.849372,-0.840305,0.008994,-0.780869,-0.771875,0.008994,-1.15516,-1.146166,5.255629
BTC,20241115,78274,0.082616,0.007685,-0.751519,-0.743834,0.007685,-0.66779,-0.660105,0.007247,-0.849644,-0.842396,0.007247,-0.746359,-0.739112,3.672477
BTC,20241118,85478,0.08105,0.007985,-0.589838,-0.581854,0.007985,-0.529842,-0.521857,0.008545,-0.733236,-0.724691,0.008545,-0.617729,-0.609184,3.598654
BTC,20241121,103987,0.076946,0.006919,-0.696433,-0.689514,0.006919,-0.867434,-0.860515,0.007366,-0.701666,-0.6943,0.007366,-1.019351,-1.011985,3.343393
BTC,20241124,70645,0.067598,0.005857,-0.650516,-0.644659,0.005857,-0.78119,-0.775333,0.005874,-0.715555,-0.709681,0.005874,-0.798807,-0.792933,2.107879
BTC,20241127,80387,0.074099,0.005886,-0.620541,-0.614655,0.005886,-0.65337,-0.647484,0.005861,-0.664241,-0.65838,0.005861,-0.496799,-0.490938,2.715672
BTC,20241130,38790,0.065476,0.005704,-0.497845,-0.49214,0.005704,-0.489476,-0.483771,0.005813,-0.520675,-0.514862,0.005813,-0.388069,-0.382256,1.446116
BTC,20241203,62888,0.083044,0.006036,-0.627525,-0.621489,0.006036,-0.590679,-0.584643,0.006148,-0.686806,-0.680657,0.006148,-0.700866,-0.694717,2.596887
BTC,20241206,90809,0.075891,0.007174,-0.507551,-0.500377,0.007174,-0.643282,-0.636108,0.007117,-0.588602,-0.581485,0.007117,-0.6883,-0.681183,3.398701
BTC,20241209,106316,0.073273,0.007559,-0.614216,-0.606657,0.007559,-0.912653,-0.905094,0.007592,-0.772152,-0.76456,0.007592,-0.718182,-0.71059,4.109981
BTC,20241212,103572,0.060965,0.005933,-0.740964,-0.735031,0.005933,-0.825987,-0.820054,0.006113,-0.81423,-0.808117,0.006113,-0.827001,-0.820888,2.899936
BTC,20241215,65161,0.062882,0.006417,-0.543648,-0.537231,0.006417,-0.47669,-0.470273,0.007554,-0.625063,-0.617509,0.007554,-0.48102,-0.473466,2.108905
BTC,20241218,109650,0.070189,0.007413,-0.769134,-0.761721,0.007413,-0.905086,-0.897673,0.007018,-0.789129,-0.782111,0.007018,-0.757888,-0.75087,3.903444
BTC,20241221,69966,0.063027,0.005724,-0.577702,-0.571978,0.005724,-0.51494,-0.509215,0.005798,-0.66871,-0.662912,0.005798,-0.530863,-0.525064,2.662382
BTC,20241224,106788,0.056464,0.006528,-0.449723,-0.443195,0.006528,-0.579439,-0.572911,0.006932,-0.55733,-0.550398,0.006932,-0.478744,-0.471812,2.716253
BTC,20241227,90667,0.062745,0.00731,-0.53367,-0.52636,0.00731,-0.630667,-0.623358,0.007248,-0.618621,-0.611373,0.007248,-0.673713,-0.666464,3.115945
BTC,20241230,93053,0.066468,0.007384,-0.342601,-0.335218,0.007384,0.144586,0.15197,0.007502,-0.580853,-0.573351,0.007502,-0.779354,-0.771852,3.191729
BTC,20250102,72472,0.069335,0.006376,-0.557893,-0.551517,0.006376,-0.492096,-0.485721,0.006549,-0.575745,-0.569196,0.006549,-0.532487,-0.525938,2.673623
BTC,20250105,35615,0.065623,0.005861,-0.524316,-0.518455,0.005861,-0.53118,-0.525319,0.005858,-0.498776,-0.492918,0.005858,-0.422033,-0.416175,1.289594
BTC,20250108,94266,0.074284,0.00654,-0.600399,-0.593859,0.00654,-0.531206,-0.524666,0.006854,-0.667884,-0.66103,0.006854,-0.66809,-0.661236,3.322852
BTC,20250111,32952,0.062814,0.005814,-0.509796,-0.503982,0.005814,-0.405736,-0.399922,0.00623,-0.555033,-0.548802,0.00623,-0.404078,-0.397848,1.304135
BTC,20250114,75761,0.06456,0.006276,-0.623713,-0.617438,0.006276,-0.425678,-0.419402,0.006545,-0.62393,-0.617385,0.006545,-0.434782,-0.428236,2.919447
BTC,20250117,78462,0.070714,0.006408,-0.530468,-0.52406,0.006408,-0.671188,-0.66478,0.006685,-0.630694,-0.624009,0.006685,-0.618284,-0.611599,2.726789
BTC,20250120,165922,0.05894,0.011902,-1.1253,-1.113398,0.011902,-1.556318,-1.544416,0.010495,-1.114582,-1.104087,0.010495,-1.409567,-1.399072,7.786297
BTC,20250123,125860,0.061785,0.009231,-0.876855,-0.867625,0.009231,-1.246079,-1.236848,0.009615,-0.987005,-0.977389,0.009615,-0.858675,-0.84906,5.698144
BTC,20250126,32704,0.061836,0.005545,-0.384204,-0.378659,0.005545,-0.319241,-0.313696,0.00581,-0.495715,-0.489904,0.00581,-0.333414,-0.327604,1.536655
BTC,20250129,65187,0.065097,0.006365,-0.596662,-0.590297,0.006365,-0.511695,-0.50533,0.00678,-0.640126,-0.633346,0.00678,-0.397924,-0.391144,3.025866
BTC,20250201,53992,0.05346,0.005532,-0.616275,-0.610743,0.005532,-0.542068,-0.536536,0.005577,-0.63483,-0.629253,0.005577,-0.501242,-0.495666,1.611433
BTC,20250204,85263,0.069528,0.006607,-0.702872,-0.696265,0.006607,-0.685378,-0.678771,0.006631,-0.785935,-0.779305,0.006631,-0.83873,-0.8321,4.134763
BTC,20250207,58741,0.074818,0.006811,-0.662487,-0.655675,0.006811,-0.567455,-0.560644,0.006449,-0.745154,-0.738705,0.006449,-0.7058,-0.69935,3.180866
BTC,20250210,47320,0.066903,0.005851,-0.613136,-0.607285,0.005851,-0.588347,-0.582496,0.005744,-0.64276,-0.637017,0.005744,-0.695294,-0.68955,2.320624
BTC,20250213,47211,0.072425,0.005889,-0.634865,-0.628976,0.005889,-0.387383,-0.381494,0.006178,-0.688956,-0.682778,0.006178,-0.467712,-0.461534,2.212214
BTC,20250216,26339,0.065016,0.005611,-0.584082,-0.578471,0.005611,-0.598168,-0.592557,0.005884,-0.54668,-0.540796,0.005884,-0.456231,-0.450347,1.129448
BTC,20250219,42557,0.070234,0.00569,-0.537058,-0.531368,0.00569,-0.592134,-0.586443,0.005808,-0.622025,-0.616216,0.005808,-0.740028,-0.73422,1.789772
BTC,20250222,49039,0.037755,0.00559,-0.402765,-0.397175,0.00559,-0.412909,-0.407319,0.005467,-0.492313,-0.486846,0.005467,-0.479664,-0.474197,0.983556
BTC,20250225,81914,0.074481,0.007812,-0.912271,-0.90446,0.007812,-1.017333,-1.009522,0.007924,-1.006273,-0.99835,0.007924,-1.000573,-0.992649,5.162381
BTC,20250228,111507,0.071827,0.00947,-0.875131,-0.865661,0.00947,-0.584913,-0.575443,0.008956,-0.906919,-0.897964,0.008956,-0.727393,-0.718437,6.363376
BTC,20250303,85633,0.07007,0.009937,-0.682312,-0.672376,0.009937,-0.749064,-0.739128,0.008987,-0.637703,-0.628716,0.008987,-0.455346,-0.446359,5.415874
BTC,20250306,64734,0.069964,0.007411,-0.64663,-0.639219,0.007411,-0.698554,-0.691143,0.007257,-0.831769,-0.824511,0.007257,-0.829581,-0.822324,4.323132
BTC,20250309,68395,0.06415,0.00815,-0.692891,-0.684741,0.00815,-0.578755,-0.570605,0.008572,-0.730187,-0.721615,0.008572,-0.599027,-0.590455,3.596729
BTC,20250312,75957,0.074885,0.008425,-0.547338,-0.538913,0.008425,-0.869296,-0.860871,0.007578,-0.558509,-0.550931,0.007578,-0.918989,-0.911411,3.956638
BTC,20250315,30927,0.062211,0.006231,-0.5403,-0.534069,0.006231,-0.446667,-0.440436,0.006415,-0.481787,-0.475372,0.006415,-0.3757,-0.369285,1.256728
BTC,20250318,37636,0.082825,0.007148,-0.549646,-0.542498,0.007148,-0.473092,-0.465944,0.007058,-0.554253,-0.547196,0.007058,-0.58925,-0.582193,2.48156
BTC,20250321,40711,0.076277,0.00662,-0.601727,-0.595107,0.00662,-0.584231,-0.577611,0.006763,-0.573461,-0.566698,0.006763,-0.439686,-0.432923,1.944221
BTC,20250324,54264,0.081387,0.006307,-0.642782,-0.636475,0.006307,-0.531215,-0.524908,0.006417,-0.715844,-0.709427,0.006417,-0.580477,-0.57406,2.229428
BTC,20250327,44062,0.075494,0.006545,-0.66394,-0.657395,0.006545,-0.611802,-0.605257,0.006674,-0.653707,-0.647033,0.006674,-0.461842,-0.455168,1.952779
BTC,20250330,31652,0.082738,0.006897,-0.671089,-0.664192,0.006897,-0.600251,-0.593354,0.007088,-0.710127,-0.70304,0.007088,-0.693631,-0.686543,1.813511
BTC,20250402,68482,0.081783,0.009551,-0.672269,-0.662717,0.009551,-0.709393,-0.699842,0.008716,-0.781095,-0.772379,0.008716,-0.616077,-0.607361,4.026548
BTC,20250405,28784,0.078407,0.006685,-0.583387,-0.576702,0.006685,-0.380785,-0.3741,0.006969,-0.658273,-0.651304,0.006969,-0.394422,-0.387453,1.532608
BTC,20250408,54121,0.089099,0.007847,-0.620995,-0.613148,0.007847,-0.615816,-0.607969,0.008181,-0.52851,-0.520329,0.008181,-0.441795,-0.433615,3.95717
BTC,20250411,60047,0.086929,0.008122,-0.642217,-0.634095,0.008122,-0.631172,-0.62305,0.008744,-0.732472,-0.723728,0.008744,-0.868769,-0.860025,3.126098
BTC,20250414,48700,0.080706,0.006982,-0.803849,-0.796866,0.006982,-0.673857,-0.666875,0.00771,-0.843254,-0.835544,0.00771,-0.905151,-0.897441,2.989331
BTC,20250417,40948,0.07444,0.006619,-0.545075,-0.538457,0.006619,-0.572996,-0.566378,0.006858,-0.514969,-0.508111,0.006858,-0.468599,-0.461741,1.862422
BTC,20250420,31488,0.069667,0.00623,-0.497471,-0.491241,0.00623,-0.537012,-0.530783,0.006343,-0.596358,-0.590014,0.006343,-0.577794,-0.57145,1.133291
BTC,20250423,50604,0.084087,0.007764,-0.567473,-0.559708,0.007764,-0.634731,-0.626967,0.007915,-0.669807,-0.661891,0.007915,-0.545066,-0.537151,2.821191
BTC,20250426,22327,0.077187,0.005584,-0.526147,-0.520563,0.005584,-0.699481,-0.693896,0.005507,-0.570414,-0.564907,0.005507,-0.639815,-0.634308,1.21907
BTC,20250429,33341,0.09261,0.006201,-0.551131,-0.544931,0.006201,-0.559488,-0.553287,0.006703,-0.692808,-0.686105,0.006703,-0.675252,-0.668549,1.908293
BTC,20250502,44442,0.064172,0.005939,-0.589477,-0.583539,0.005939,-0.609369,-0.60343,0.005839,-0.618095,-0.612256,0.005839,-0.696088,-0.690249,1.746607
BTC,20250505,43990,0.073037,0.006041,-0.639378,-0.633337,0.006041,-0.779929,-0.773887,0.006404,-0.640006,-0.633603,0.006404,-0.670936,-0.664532,1.759643
BTC,20250508,71975,0.070252,0.006153,-0.592413,-0.58626,0.006153,-0.533719,-0.527566,0.006258,-0.641541,-0.635283,0.006258,-0.686278,-0.68002,2.804845
BTC,20250511,49072,0.062006,0.005638,-0.735603,-0.729965,0.005638,-0.757522,-0.751884,0.005607,-0.738577,-0.73297,0.005607,-0.634179,-0.628572,1.89933
BTC,20250514,35262,0.079823,0.00553,-0.732705,-0.727176,0.00553,-0.814754,-0.809224,0.005829,-0.668116,-0.662287,0.005829,-0.643634,-0.637805,1.781902
BTC,20250517,26964,0.068786,0.005948,-0.61767,-0.611722,0.005948,-0.652513,-0.646565,0.006308,-0.676659,-0.670351,0.006308,-0.616496,-0.610188,1.333113
BTC,20250520,69414,0.071173,0.006028,-0.589498,-0.58347,0.006028,-0.626061,-0.620033,0.006081,-0.625349,-0.619268,0.006081,-0.59428,-0.588199,2.168939
BTC,20250523,64178,0.076371,0.005607,-0.593624,-0.588016,0.005607,-0.217471,-0.211863,0.00557,-0.600724,-0.595154,0.00557,-0.277935,-0.272365,2.872255
BTC,20250526,48381,0.065655,0.005809,-0.668971,-0.663162,0.005809,-0.624541,-0.618732,0.005759,-0.703761,-0.698003,0.005759,-0.547116,-0.541358,1.834816
BTC,20250529,57700,0.067068,0.005552,-0.577923,-0.572371,0.005552,-0.540334,-0.534783,0.005752,-0.711397,-0.705645,0.005752,-0.701395,-0.695643,2.161148
BTC,20250601,37469,0.062998,0.005627,-0.68835,-0.682723,0.005627,-0.582494,-0.576867,0.005465,-0.724946,-0.719481,0.005465,-0.436231,-0.430766,1.388602
BTC,20250604,41814,0.072119,0.005111,-0.518089,-0.512978,0.005111,-0.511638,-0.506527,0.005104,-0.523932,-0.518828,0.005104,-0.463451,-0.458347,1.392332
BTC,20250607,32999,0.064016,0.005461,-0.531833,-0.526371,0.005461,-0.62018,-0.614718,0.005557,-0.573124,-0.567567,0.005557,-0.674175,-0.668618,1.098993
BTC,20250610,43293,0.068448,0.005507,-0.622237,-0.616731,0.005507,-0.652398,-0.646891,0.005733,-0.604055,-0.598322,0.005733,-0.757626,-0.751893,1.764905
BTC,20250613,70250,0.065539,0.006315,-0.700545,-0.69423,0.006315,-0.590499,-0.584184,0.006396,-0.720265,-0.713869,0.006396,-0.545977,-0.539582,2.869435
BTC,20250616,51137,0.067067,0.00559,-0.684983,-0.679393,0.00559,-0.6932,-0.68761,0.005985,-0.625585,-0.619601,0.005985,-0.633092,-0.627108,1.873127
BTC,20250619,36438,0.056588,0.00545,-0.720813,-0.715364,0.00545,-0.744542,-0.739092,0.005648,-0.637211,-0.631563,0.005648,-0.65444,-0.648792,1.311498
BTC,20250622,69956,0.069185,0.005979,-0.704525,-0.698546,0.005979,-0.421511,-0.415532,0.006374,-0.661534,-0.65516,0.006374,-0.333322,-0.326948,3.151323
BTC,20250625,49176,0.059492,0.005212,-0.660735,-0.655523,0.005212,-0.463609,-0.458397,0.00555,-0.586039,-0.580489,0.00555,-0.422919,-0.417369,1.762637
BTC,20250628,17416,0.049453,0.005083,-0.40677,-0.401687,0.005083,-0.593201,-0.588118,0.005376,-0.367313,-0.361937,0.005376,-0.503147,-0.497771,0.537864
BTC,20250701,41734,0.062467,0.0054,-0.69687,-0.69147,0.0054,-0.794519,-0.78912,0.005532,-0.524616,-0.519083,0.005532,-0.561957,-0.556424,1.404868
BTC,20250704,39035,0.061108,0.005004,-0.552988,-0.547985,0.005004,-0.54018,-0.535176,0.005073,-0.530169,-0.525096,0.005073,-0.441718,-0.436645,1.266561
BTC,20250707,31900,0.072189,0.005773,-0.641578,-0.635804,0.005773,-0.597242,-0.591469,0.006502,-0.565964,-0.559461,0.006502,-0.529257,-0.522755,1.358917
BTC,20250710,48887,0.071011,0.007133,-0.744671,-0.737538,0.007133,-0.368062,-0.360929,0.007267,-0.87365,-0.866383,0.007267,-0.309989,-0.302722,2.799792
BTC,20250713,32097,0.061713,0.008842,-0.663964,-0.655122,0.008842,-0.628786,-0.619944,0.006106,-0.672359,-0.666253,0.006106,-0.476723,-0.470616,1.429352
BTC,20250716,43915,0.073448,0.006778,-0.645378,-0.6386,0.006778,-0.798927,-0.792149,0.005245,-0.736093,-0.730848,0.005245,-0.845254,-0.840009,2.063454
BTC,20250719,23860,0.069543,0.004643,-0.610261,-0.605618,0.004643,-0.800986,-0.796343,0.005502,-0.630155,-0.624653,0.005502,-0.69934,-0.693838,1.012256
BTC,20250722,47611,0.075586,0.004831,-0.681499,-0.676668,0.004831,-0.790928,-0.786097,0.004911,-0.689702,-0.684791,0.004911,-0.721163,-0.716252,2.097424
BTC,20250725,67351,0.06404,0.00531,-0.758174,-0.752864,0.00531,-0.83526,-0.82995,0.005953,-0.658481,-0.652527,0.005953,-0.754393,-0.74844,2.298711
BTC,20250727,28243,0.061274,0.005421,-0.410137,-0.404716,0.005421,-0.434954,-0.429533,0.005829,-0.506842,-0.501013,0.005829,-0.575725,-0.569896,1.116762
BTC,20250728,29688,0.071713,0.005042,-0.619413,-0.61437,0.005042,-0.701092,-0.696049,0.004978,-0.557071,-0.552093,0.004978,-0.5338,-0.528822,1.651209
BTC,20250731,40483,0.073854,0.00513,-0.722154,-0.717024,0.00513,-0.781073,-0.775943,0.005197,-0.740071,-0.734873,0.005197,-0.76614,-0.760943,1.530865
BTC,20250801,66884,0.074123,0.005627,-0.772614,-0.766987,0.005627,-0.961595,-0.955968,0.006087,-0.773905,-0.767818,0.006087,-0.945566,-0.939479,2.529552
BTC,20250803,28044,0.065645,0.005134,-0.590756,-0.585622,0.005134,-0.60232,-0.597186,0.005163,-0.589953,-0.58479,0.005163,-0.556814,-0.551651,1.182914
BTC,20250806,41529,0.066354,0.005686,-0.539106,-0.53342,0.005686,-0.477836,-0.47215,0.006389,-0.579871,-0.573483,0.006389,-0.579892,-0.573503,1.502083
BTC,20250809,36875,0.0634,0.004892,-0.516766,-0.511874,0.004892,-0.685917,-0.681025,0.004951,-0.593263,-0.588312,0.004951,-0.704701,-0.699749,0.999454
BTC,20250811,68634,0.073455,0.005439,-0.680553,-0.675113,0.005439,-0.76678,-0.76134,0.005652,-0.744159,-0.738507,0.005652,-0.637748,-0.632096,2.157234
BTC,20250812,53373,0.069693,0.00586,-0.62048,-0.61462,0.00586,-0.713437,-0.707577,0.00601,-0.577668,-0.571658,0.00601,-0.621278,-0.615269,1.697479
BTC,20250815,45071,0.068439,0.004972,-0.624278,-0.619307,0.004972,-0.669677,-0.664705,0.005017,-0.637794,-0.632776,0.005017,-0.702297,-0.69728,1.795401
BTC,20250816,19763,0.06324,0.004739,-0.472539,-0.4678,0.004739,-0.503835,-0.499096,0.005149,-0.517314,-0.512165,0.005149,-0.478808,-0.473659,0.915347
BTC,20250818,51377,0.072087,0.005194,-0.527341,-0.522147,0.005194,-0.462992,-0.457799,0.005247,-0.586136,-0.580889,0.005247,-0.458195,-0.452949,1.792533
DOGE,20230401,3096,1.0,0.652842,-1.886355,-1.233513,0.652842,-2.379262,-1.72642,0.652842,-1.886355,-1.233513,0.652842,-2.379262,-1.72642,5.032455
DOGE,20230404,15499,1.0,0.564806,-1.740138,-1.175332,0.564806,-2.100002,-1.535195,0.564806,-1.740138,-1.175332,0.564806,-2.100002,-1.535195,9.952089
DOGE,20230407,3963,1.0,0.639726,-2.029642,-1.389916,0.639726,-1.102796,-0.46307,0.639726,-2.029642,-1.389916,0.639726,-1.102796,-0.46307,4.958391
DOGE,20230410,1719,1.0,0.612534,-1.740387,-1.127853,0.612534,-1.303314,-0.69078,0.612534,-1.740387,-1.127853,0.612534,-1.303314,-0.69078,3.061783
DOGE,20230413,3551,1.0,0.599853,-1.688185,-1.088332,0.599853,-1.501179,-0.901326,0.599853,-1.688185,-1.088332,0.599853,-1.501179,-0.901326,4.298878
DOGE,20230416,2462,1.0,0.579572,-1.805579,-1.226007,0.579572,-2.059257,-1.479685,0.579572,-1.805579,-1.226007,0.579572,-2.059257,-1.479685,3.734009
DOGE,20230419,6347,1.0,0.719904,-2.446985,-1.727081,0.719904,-2.658311,-1.938407,0.719904,-2.446985,-1.727081,0.719904,-2.658311,-1.938407,7.388476
DOGE,20230422,1157,1.0,0.637141,-1.654721,-1.01758,0.637141,-1.400976,-0.763835,0.637141,-1.654721,-1.01758,0.637141,-1.400976,-0.763835,2.474879
DOGE,20230425,1099,1.0,0.643944,-1.441289,-0.797345,0.643944,-1.253354,-0.60941,0.643944,-1.441289,-0.797345,0.643944,-1.253354,-0.60941,2.672857
DOGE,20230428,640,1.0,0.635008,-1.682068,-1.04706,0.635008,-1.487778,-0.85277,0.635008,-1.682068,-1.04706,0.635008,-1.487778,-0.85277,2.139437
DOGE,20230501,946,1.0,0.655398,-1.82319,-1.167792,0.655398,-2.62716,-1.971762,0.655398,-1.82319,-1.167792,0.655398,-2.62716,-1.971762,3.205587
DOGE,20230504,624,1.0,0.647454,-1.555267,-0.907813,0.647454,-0.953585,-0.306131,0.647454,-1.555267,-0.907813,0.647454,-0.953585,-0.306131,2.398823
DOGE,20230507,487,1.0,0.652901,-2.374021,-1.721119,0.652901,-3.20363,-2.550729,0.652901,-2.374021,-1.721119,0.652901,-3.20363,-2.550729,1.849876
DOGE,20230510,1557,1.0,0.744695,-3.143624,-2.398929,0.744695,-0.327203,0.417492,0.744695,-3.143624,-2.398929,0.744695,-0.327203,0.417492,4.099809
DOGE,20230513,416,1.0,0.704694,-2.101863,-1.397169,0.704694,-2.36249,-1.657796,0.704694,-2.101863,-1.397169,0.704694,-2.36249,-1.657796,1.813067
DOGE,20230516,708,1.0,0.709491,-2.110373,-1.400882,0.709491,-2.539244,-1.829753,0.709491,-2.110373,-1.400882,0.709491,-2.539244,-1.829753,2.416839
DOGE,20230519,399,1.0,0.695565,-1.891529,-1.195964,0.695565,-1.294108,-0.598543,0.695565,-1.891529,-1.195964,0.695565,-1.294108,-0.598543,1.988581
DOGE,20230522,647,1.0,0.706345,-2.018008,-1.311662,0.706345,-1.551085,-0.844739,0.706345,-2.018008,-1.311662,0.706345,-1.551085,-0.844739,2.424884
DOGE,20230525,507,1.0,0.740031,-2.79758,-2.057549,0.740031,-3.798368,-3.058337,0.740031,-2.79758,-2.057549,0.740031,-3.798368,-3.058337,2.385058
DOGE,20230528,492,1.0,0.702207,-1.930483,-1.228275,0.702207,-2.319747,-1.61754,0.702207,-1.930483,-1.228275,0.702207,-2.319747,-1.61754,2.056118
DOGE,20230531,530,1.0,0.735862,-1.775197,-1.039335,0.735862,-1.566159,-0.830298,0.735862,-1.775197,-1.039335,0.735862,-1.566159,-0.830298,1.985289
DOGE,20230603,190,1.0,0.689593,-1.83418,-1.144587,0.689593,-1.543925,-0.854332,0.689593,-1.83418,-1.144587,0.689593,-1.543925,-0.854332,1.055271
DOGE,20230606,1473,1.0,0.782524,-2.037941,-1.255418,0.782524,-2.771616,-1.989092,0.782524,-2.037941,-1.255418,0.782524,-2.771616,-1.989092,4.435959
DOGE,20230609,1209,1.0,0.749992,-1.980565,-1.230573,0.749992,-1.572217,-0.822225,0.749992,-1.980565,-1.230573,0.749992,-1.572217,-0.822225,2.766912
DOGE,20230612,888,1.0,0.838756,-2.362911,-1.524154,0.838756,-1.713272,-0.874515,0.838756,-2.362911,-1.524154,0.838756,-1.713272,-0.874515,3.227174
DOGE,20230615,1059,1.0,0.828621,-1.847313,-1.018692,0.828621,-1.850085,-1.021463,0.828621,-1.847313,-1.018692,0.828621,-1.850085,-1.021463,2.945681
DOGE,20230618,989,1.0,0.817699,-2.270942,-1.453244,0.817699,-2.711326,-1.893628,0.817699,-2.270942,-1.453244,0.817699,-2.711326,-1.893628,3.225236
DOGE,20230621,1809,1.0,0.781589,-2.188331,-1.406742,0.781589,-2.091977,-1.310388,0.781589,-2.188331,-1.406742,0.781589,-2.091977,-1.310388,3.456997
DOGE,20230624,1509,1.0,0.789773,-2.939661,-2.149889,0.789773,-1.838208,-1.048435,0.789773,-2.939661,-2.149889,0.789773,-1.838208,-1.048435,3.306846
DOGE,20230627,825,1.0,0.773454,-2.16163,-1.388176,0.773454,-1.917995,-1.14454,0.773454,-2.16163,-1.388176,0.773454,-1.917995,-1.14454,2.343053
DOGE,20230630,2780,1.0,0.830251,-2.370264,-1.540013,0.830251,-2.63279,-1.80254,0.830251,-2.370264,-1.540013,0.830251,-2.63279,-1.80254,5.89958
DOGE,20230703,948,1.0,0.741668,-1.964693,-1.223026,0.741668,-2.109287,-1.36762,0.741668,-1.964693,-1.223026,0.741668,-2.109287,-1.36762,2.717841
DOGE,20230706,1087,1.0,0.761325,-2.149267,-1.387942,0.761325,-2.77178,-2.010454,0.761325,-2.149267,-1.387942,0.761325,-2.77178,-2.010454,3.390889
DOGE,20230709,427,1.0,0.762749,-2.111845,-1.349095,0.762749,-2.289833,-1.527084,0.762749,-2.111845,-1.349095,0.762749,-2.289833,-1.527084,1.647526
DOGE,20230712,491,1.0,0.791738,-2.00792,-1.216182,0.791738,-2.058729,-1.266991,0.791738,-2.00792,-1.216182,0.791738,-2.058729,-1.266991,2.116326
DOGE,20230715,4063,1.0,0.702368,-2.043438,-1.34107,0.702368,-1.400029,-0.697661,0.702368,-2.043438,-1.34107,0.702368,-1.400029,-0.697661,6.689106
DOGE,20230718,1069,1.0,0.741163,-2.124167,-1.383004,0.741163,-1.988668,-1.247506,0.741163,-2.124167,-1.383004,0.741163,-1.988668,-1.247506,2.990772
DOGE,20230721,3543,1.0,0.688863,-1.944813,-1.255951,0.688863,-1.39089,-0.702028,0.688863,-1.944813,-1.255951,0.688863,-1.39089,-0.702028,4.823032
DOGE,20230724,9106,1.0,0.709708,-2.088515,-1.378808,0.709708,-2.168289,-1.458581,0.709708,-2.088515,-1.378808,0.709708,-2.168289,-1.458581,8.884129
DOGE,20230727,2627,1.0,0.646005,-1.4126,-0.766595,0.646005,-1.636705,-0.990699,0.646005,-1.4126,-0.766595,0.646005,-1.636705,-0.990699,3.473104
DOGE,20230730,2097,1.0,0.65527,-1.494596,-0.839326,0.65527,-0.772052,-0.116782,0.65527,-1.494596,-0.839326,0.65527,-0.772052,-0.116782,3.368882
DOGE,20230802,1773,1.0,0.6811,-1.617724,-0.936624,0.6811,-1.614251,-0.933151,0.6811,-1.617724,-0.936624,0.6811,-1.614251,-0.933151,3.083008
DOGE,20230805,2026,1.0,0.665573,-1.783355,-1.117782,0.665573,-1.673913,-1.00834,0.665573,-1.783355,-1.117782,0.665573,-1.673913,-1.00834,3.056442
DOGE,20230808,1226,1.0,0.675505,-1.667499,-0.991994,0.675505,-1.493645,-0.81814,0.675505,-1.667499,-0.991994,0.675505,-1.493645,-0.81814,2.321274
DOGE,20230811,703,1.0,0.669428,-1.245444,-0.576017,0.669428,-1.311866,-0.642439,0.669428,-1.245444,-0.576017,0.669428,-1.311866,-0.642439,1.694595
DOGE,20230814,1159,1.0,0.725383,-2.403034,-1.677651,0.725383,-3.581615,-2.856232,0.725383,-2.403034,-1.677651,0.725383,-3.581615,-2.856232,3.613768
DOGE,20230817,4588,1.0,1.016336,-1.86374,-0.847404,1.016336,-0.675203,0.341133,1.016336,-1.86374,-0.847404,1.016336,-0.675203,0.341133,10.041908
DOGE,20230820,571,1.0,0.784728,-1.58845,-0.803721,0.784728,-1.623922,-0.839194,0.784728,-1.58845,-0.803721,0.784728,-1.623922,-0.839194,1.837538
DOGE,20230823,1048,1.0,0.848485,-2.327297,-1.478812,0.848485,-2.043694,-1.195209,0.848485,-2.327297,-1.478812,0.848485,-2.043694,-1.195209,3.921945
DOGE,20230826,206,1.0,0.797931,-1.498681,-0.700751,0.797931,-1.236933,-0.439003,0.797931,-1.498681,-0.700751,0.797931,-1.236933,-0.439003,1.032927
DOGE,20230829,2445,1.0,0.794392,-3.29393,-2.499538,0.794392,-2.514185,-1.719793,0.794392,-3.29393,-2.499538,0.794392,-2.514185,-1.719793,5.395713
DOGE,20230901,822,1.0,0.795979,-2.380406,-1.584427,0.795979,-2.893504,-2.097525,0.795979,-2.380406,-1.584427,0.795979,-2.893504,-2.097525,2.602054
DOGE,20230904,347,1.0,0.80241,-1.883088,-1.080678,0.80241,-1.483573,-0.681163,0.80241,-1.883088,-1.080678,0.80241,-1.483573,-0.681163,2.000842
DOGE,20230907,418,1.0,0.798964,-1.880257,-1.081293,0.798964,-2.410152,-1.611188,0.798964,-1.880257,-1.081293,0.798964,-2.410152,-1.611188,1.366404
DOGE,20230910,992,1.0,0.876624,-4.647664,-3.77104,0.876624,-9.36414,-8.487517,0.876624,-4.647664,-3.77104,0.876624,-9.36414,-8.487517,4.358415
DOGE,20230913,619,1.0,0.836441,-2.605586,-1.769144,0.836441,-2.538669,-1.702227,0.836441,-2.605586,-1.769144,0.836441,-2.538669,-1.702227,2.244099
DOGE,20230916,320,1.0,0.845339,-1.896338,-1.050999,0.845339,-2.233421,-1.388082,0.845339,-1.896338,-1.050999,0.845339,-2.233421,-1.388082,1.411645
DOGE,20230919,412,1.0,0.804465,-1.435876,-0.631411,0.804465,-1.479076,-0.674611,0.804465,-1.435876,-0.631411,0.804465,-1.479076,-0.674611,1.608644
DOGE,20230922,327,1.0,0.81653,-2.249026,-1.432496,0.81653,-2.080655,-1.264126,0.81653,-2.249026,-1.432496,0.81653,-2.080655,-1.264126,1.406105
DOGE,20230925,332,1.0,0.8302,-1.828118,-0.997918,0.8302,-1.674939,-0.844739,0.8302,-1.828118,-0.997918,0.8302,-1.674939,-0.844739,1.310822
DOGE,20230928,315,1.0,0.832727,-1.633128,-0.800401,0.832727,-2.005881,-1.173154,0.832727,-1.633128,-0.800401,0.832727,-2.005881,-1.173154,1.425602
DOGE,20231001,476,1.0,0.807293,-1.800085,-0.992791,0.807293,-0.985501,-0.178208,0.807293,-1.800085,-0.992791,0.807293,-0.985501,-0.178208,1.708975
DOGE,20231004,437,1.0,0.837179,-2.535579,-1.6984,0.837179,-2.273707,-1.436528,0.837179,-2.535579,-1.6984,0.837179,-2.273707,-1.436528,1.860879
DOGE,20231007,157,1.0,0.819911,-1.338727,-0.518816,0.819911,-1.810733,-0.990822,0.819911,-1.338727,-0.518816,0.819911,-1.810733,-0.990822,0.682798
DOGE,20231010,363,1.0,0.855044,-1.979862,-1.124818,0.855044,-2.18338,-1.328336,0.855044,-1.979862,-1.124818,0.855044,-2.18338,-1.328336,1.353033
DOGE,20231013,292,1.0,0.953738,-2.253327,-1.299589,0.953738,-2.63009,-1.676352,0.953738,-2.253327,-1.299589,0.953738,-2.63009,-1.676352,1.88396
DOGE,20231016,898,1.0,0.894984,-2.06715,-1.172166,0.894984,-1.760609,-0.865625,0.894984,-2.06715,-1.172166,0.894984,-1.760609,-0.865625,2.864176
DOGE,20231019,411,1.0,0.864158,-2.725933,-1.861775,0.864158,-2.408671,-1.544513,0.864158,-2.725933,-1.861775,0.864158,-2.408671,-1.544513,1.730736
DOGE,20231022,555,1.0,0.833348,-2.225535,-1.392187,0.833348,-3.198762,-2.365414,0.833348,-2.225535,-1.392187,0.833348,-3.198762,-2.365414,2.153313
DOGE,20231025,2864,1.0,0.754989,-2.070711,-1.315722,0.754989,-1.629244,-0.874255,0.754989,-2.070711,-1.315722,0.754989,-1.629244,-0.874255,5.428874
DOGE,20231028,1228,1.0,0.737453,-1.799909,-1.062457,0.737453,-1.938829,-1.201376,0.737453,-1.799909,-1.062457,0.737453,-1.938829,-1.201376,2.68459
DOGE,20231031,1776,1.0,0.785238,-2.22273,-1.437492,0.785238,-2.101272,-1.316035,0.785238,-2.22273,-1.437492,0.785238,-2.101272,-1.316035,4.295846
DOGE,20231103,924,1.0,0.745948,-1.947157,-1.20121,0.745948,-1.459899,-0.713951,0.745948,-1.947157,-1.20121,0.745948,-1.459899,-0.713951,3.242941
DOGE,20231106,3703,1.0,0.69488,-2.023847,-1.328968,0.69488,-2.304172,-1.609292,0.69488,-2.023847,-1.328968,0.69488,-2.304172,-1.609292,5.084773
DOGE,20231109,7337,1.0,0.873425,-2.543591,-1.670166,0.873425,-2.197229,-1.323804,0.873425,-2.543591,-1.670166,0.873425,-2.197229,-1.323804,9.789643
DOGE,20231112,3853,1.0,0.673672,-1.946618,-1.272946,0.673672,-1.744019,-1.070347,0.673672,-1.946618,-1.272946,0.673672,-1.744019,-1.070347,5.152475
DOGE,20231115,2455,1.0,0.680432,-1.73807,-1.057638,0.680432,-1.637635,-0.957203,0.680432,-1.73807,-1.057638,0.680432,-1.637635,-0.957203,3.799178
DOGE,20231118,10277,1.0,0.668867,-2.101478,-1.432611,0.668867,-2.381552,-1.712685,0.668867,-2.101478,-1.432611,0.668867,-2.381552,-1.712685,8.119207
DOGE,20231121,5000,1.0,0.732221,-1.80869,-1.076469,0.732221,-2.106823,-1.374602,0.732221,-1.80869,-1.076469,0.732221,-2.106823,-1.374602,6.10632
DOGE,20231124,1798,1.0,0.65438,-1.752924,-1.098544,0.65438,-1.760375,-1.105995,0.65438,-1.752924,-1.098544,0.65438,-1.760375,-1.105995,2.68343
DOGE,20231127,4545,1.0,0.649797,-1.852351,-1.202554,0.649797,-1.290983,-0.641186,0.649797,-1.852351,-1.202554,0.649797,-1.290983,-0.641186,4.864199
DOGE,20231130,3732,1.0,0.622337,-1.954871,-1.332534,0.622337,-1.970767,-1.348431,0.622337,-1.954871,-1.332534,0.622337,-1.970767,-1.348431,3.775172
DOGE,20231203,3449,1.0,0.598757,-1.686024,-1.087266,0.598757,-1.601208,-1.00245,0.598757,-1.686024,-1.087266,0.598757,-1.601208,-1.00245,3.081719
DOGE,20231206,20346,1.0,0.545841,-1.881671,-1.33583,0.545841,-1.899271,-1.35343,0.545841,-1.881671,-1.33583,0.545841,-1.899271,-1.35343,9.768667
DOGE,20231209,6654,1.0,0.520189,-1.794614,-1.274425,0.520189,-1.925277,-1.405088,0.520189,-1.794614,-1.274425,0.520189,-1.925277,-1.405088,4.924669
DOGE,20231212,5967,1.0,0.548606,-1.926692,-1.378085,0.548606,-1.403763,-0.855157,0.548606,-1.926692,-1.378085,0.548606,-1.403763,-0.855157,5.339682
DOGE,20231215,3142,1.0,0.53336,-1.748959,-1.2156,0.53336,-1.942066,-1.408706,0.53336,-1.748959,-1.2156,0.53336,-1.942066,-1.408706,3.520411
DOGE,20231218,4201,1.0,0.583459,-1.927879,-1.344421,0.583459,-1.834237,-1.250778,0.583459,-1.927879,-1.344421,0.583459,-1.834237,-1.250778,4.523213
DOGE,20231221,5182,1.0,0.570799,-1.966269,-1.39547,0.570799,-1.328149,-0.75735,0.570799,-1.966269,-1.39547,0.570799,-1.328149,-0.75735,5.232603
DOGE,20231224,3510,1.0,0.582684,-1.918252,-1.335568,0.582684,-1.796813,-1.214129,0.582684,-1.918252,-1.335568,0.582684,-1.796813,-1.214129,3.733623
DOGE,20231227,3221,1.0,0.544604,-1.853906,-1.309302,0.544604,-2.003875,-1.459271,0.544604,-1.853906,-1.309302,0.544604,-2.003875,-1.459271,3.098421
DOGE,20231230,1514,1.0,0.556457,-1.971501,-1.415044,0.556457,-2.02507,-1.468613,0.556457,-1.971501,-1.415044,0.556457,-2.02507,-1.468613,2.213575
DOGE,20240102,2593,1.0,0.551456,-1.682549,-1.131094,0.551456,-1.473075,-0.921619,0.551456,-1.682549,-1.131094,0.551456,-1.473075,-0.921619,3.270428
DOGE,20240105,3591,1.0,0.693567,-1.97192,-1.278353,0.693567,-1.56672,-0.873153,0.693567,-1.97192,-1.278353,0.693567,-1.56672,-0.873153,5.0245
DOGE,20240108,4369,1.0,0.658693,-1.9436,-1.284907,0.658693,-1.506819,-0.848125,0.658693,-1.9436,-1.284907,0.658693,-1.506819,-0.848125,5.240345
DOGE,20240111,5383,1.0,0.617854,-1.800297,-1.182443,0.617854,-2.407813,-1.789958,0.617854,-1.800297,-1.182443,0.617854,-2.407813,-1.789958,5.442453
DOGE,20240114,2576,1.0,0.628422,-2.130227,-1.501804,0.628422,-2.343326,-1.714904,0.628422,-2.130227,-1.501804,0.628422,-2.343326,-1.714904,3.951002
DOGE,20240117,1308,1.0,0.628663,-1.860622,-1.231959,0.628663,-2.199902,-1.571239,0.628663,-1.860622,-1.231959,0.628663,-2.199902,-1.571239,2.511029
DOGE,20240120,5894,1.0,0.637532,-2.010331,-1.372798,0.637532,-0.998452,-0.36092,0.637532,-2.010331,-1.372798,0.637532,-0.998452,-0.36092,5.537118
DOGE,20240123,4512,1.0,0.696412,-1.589888,-0.893476,0.696412,-2.040443,-1.344031,0.696412,-1.589888,-0.893476,0.696412,-2.040443,-1.344031,4.857589
DOGE,20240126,1564,1.0,0.637463,-1.605172,-0.967709,0.637463,-1.366905,-0.729442,0.637463,-1.605172,-0.967709,0.637463,-1.366905,-0.729442,2.502782
DOGE,20240129,4163,1.0,0.635797,-2.063927,-1.42813,0.635797,-2.065189,-1.429392,0.635797,-2.063927,-1.42813,0.635797,-2.065189,-1.429392,4.720073
DOGE,20240201,1457,1.0,0.642408,-1.505309,-0.862901,0.642408,-1.448931,-0.806523,0.642408,-1.505309,-0.862901,0.642408,-1.448931,-0.806523,2.465768
DOGE,20240204,1028,1.0,0.658596,-1.615379,-0.956783,0.658596,-1.679285,-1.020689,0.658596,-1.615379,-0.956783,0.658596,-1.679285,-1.020689,1.910947
DOGE,20240207,829,1.0,0.637627,-1.275175,-0.637548,0.637627,-1.300825,-0.663198,0.637627,-1.275175,-0.637548,0.637627,-1.300825,-0.663198,1.57224
DOGE,20240210,753,1.0,0.61865,-1.306708,-0.688058,0.61865,-1.436758,-0.818108,0.61865,-1.306708,-0.688058,0.61865,-1.436758,-0.818108,1.352458
DOGE,20240213,2116,1.0,0.650213,-1.630836,-0.980623,0.650213,-1.617029,-0.966815,0.650213,-1.630836,-0.980623,0.650213,-1.617029,-0.966815,2.74185
DOGE,20240216,2645,1.0,0.596133,-1.224674,-0.628541,0.596133,-1.420731,-0.824598,0.596133,-1.224674,-0.628541,0.596133,-1.420731,-0.824598,3.087228
DOGE,20240219,3557,1.0,0.58067,-1.892293,-1.311622,0.58067,-2.264335,-1.683665,0.58067,-1.892293,-1.311622,0.58067,-2.264335,-1.683665,3.897693
DOGE,20240222,2288,1.0,0.605351,-1.569817,-0.964467,0.605351,-0.732758,-0.127408,0.605351,-1.569817,-0.964467,0.605351,-0.732758,-0.127408,3.156035
DOGE,20240225,1813,1.0,0.591734,-1.63887,-1.047136,0.591734,-1.371317,-0.779583,0.591734,-1.63887,-1.047136,0.591734,-1.371317,-0.779583,2.247843
DOGE,20240228,32698,1.0,0.78956,-2.006322,-1.216762,0.78956,-1.659591,-0.870031,0.78956,-2.006322,-1.216762,0.78956,-1.659591,-0.870031,16.736808
DOGE,20240302,31708,1.0,0.460077,-1.457704,-0.997626,0.460077,-1.11297,-0.652893,0.460077,-1.457704,-0.997626,0.460077,-1.11297,-0.652893,11.408653
DOGE,20240305,78904,1.0,0.60286,-1.564685,-0.961825,0.60286,-1.493619,-0.890759,0.60286,-1.564685,-0.961825,0.60286,-1.493619,-0.890759,26.688028
DOGE,20240308,42642,1.0,0.416796,-1.437596,-1.020799,0.416796,-1.263344,-0.846547,0.416796,-1.437596,-1.020799,0.416796,-1.263344,-0.846547,12.692265
DOGE,20240311,27141,1.0,0.352413,-1.400851,-1.048437,0.352413,-1.078405,-0.725992,0.352413,-1.400851,-1.048437,0.352413,-1.078405,-0.725992,8.10955
DOGE,20240314,44720,1.0,0.427287,-1.167612,-0.740324,0.427287,-1.11395,-0.686663,0.427287,-1.167612,-0.740324,0.427287,-1.11395,-0.686663,12.882708
DOGE,20240317,20645,1.0,0.37676,-1.424998,-1.048238,0.37676,-1.305874,-0.929114,0.37676,-1.424998,-1.048238,0.37676,-1.305874,-0.929114,8.181068
DOGE,20240320,29152,1.0,0.430727,-1.358933,-0.928206,0.430727,-1.270678,-0.839951,0.430727,-1.358933,-0.928206,0.430727,-1.270678,-0.839951,11.570713
DOGE,20240323,23311,1.0,0.342419,-1.255445,-0.913025,0.342419,-1.243687,-0.901267,0.342419,-1.255445,-0.913025,0.342419,-1.243687,-0.901267,7.807825
DOGE,20240326,22493,1.0,0.316274,-1.258656,-0.942382,0.316274,-1.621626,-1.305352,0.316274,-1.258656,-0.942382,0.316274,-1.621626,-1.305352,7.327611
DOGE,20240329,31027,1.0,0.269341,-1.041516,-0.772174,0.269341,-1.051993,-0.782651,0.269341,-1.041516,-0.772174,0.269341,-1.051993,-0.782651,7.522591
DOGE,20240401,29428,1.0,0.392941,-0.53542,-0.142479,0.392941,0.288672,0.681613,0.392941,-0.53542,-0.142479,0.392941,0.288672,0.681613,14.016514
DOGE,20240404,22821,1.0,0.297716,-1.139745,-0.842029,0.297716,-0.899705,-0.60199,0.297716,-1.139745,-0.842029,0.297716,-0.899705,-0.60199,6.554757
DOGE,20240407,19110,1.0,0.275318,-1.163044,-0.887726,0.275318,-1.048148,-0.772829,0.275318,-1.163044,-0.887726,0.275318,-1.048148,-0.772829,6.226133
DOGE,20240410,19833,1.0,0.289782,-1.166349,-0.876567,0.289782,-1.202574,-0.912792,0.289782,-1.166349,-0.876567,0.289782,-1.202574,-0.912792,6.849571
DOGE,20240413,36708,1.0,0.662124,-1.446717,-0.784593,0.662124,-1.529363,-0.86724,0.662124,-1.446717,-0.784593,0.662124,-1.529363,-0.86724,18.135042
DOGE,20240416,22991,1.0,0.354699,-1.376782,-1.022083,0.354699,-1.390493,-1.035794,0.354699,-1.376782,-1.022083,0.354699,-1.390493,-1.035794,9.010307
DOGE,20240419,19680,1.0,0.361161,-1.308502,-0.947341,0.361161,-1.165948,-0.804787,0.361161,-1.308502,-0.947341,0.361161,-1.165948,-0.804787,7.522828
DOGE,20240422,11754,1.0,0.32798,-1.074765,-0.746785,0.32798,-0.853231,-0.525251,0.32798,-1.074765,-0.746785,0.32798,-0.853231,-0.525251,5.034122
DOGE,20240425,10443,1.0,0.341848,-1.212082,-0.870234,0.341848,-1.224506,-0.882658,0.341848,-1.212082,-0.870234,0.341848,-1.224506,-0.882658,4.694016
DOGE,20240428,5379,1.0,0.341774,-1.173853,-0.832078,0.341774,-0.913125,-0.571351,0.341774,-1.173853,-0.832078,0.341774,-0.913125,-0.571351,2.901335
DOGE,20240501,15670,1.0,0.425316,-1.314284,-0.888968,0.425316,-1.546739,-1.121423,0.425316,-1.314284,-0.888968,0.425316,-1.546739,-1.121423,8.276164
DOGE,20240504,23347,1.0,0.347589,-1.230251,-0.882663,0.347589,-0.894588,-0.546999,0.347589,-1.230251,-0.882663,0.347589,-0.894588,-0.546999,7.402944
DOGE,20240507,10093,1.0,0.332737,-1.118575,-0.785838,0.332737,-0.952565,-0.619828,0.332737,-1.118575,-0.785838,0.332737,-0.952565,-0.619828,4.888438
DOGE,20240510,8872,1.0,0.351632,-1.19968,-0.848048,0.351632,-1.008674,-0.657042,0.351632,-1.19968,-0.848048,0.351632,-1.008674,-0.657042,4.772889
DOGE,20240513,15376,1.0,0.361122,-1.099912,-0.738789,0.361122,-1.344601,-0.983478,0.361122,-1.099912,-0.738789,0.361122,-1.344601,-0.983478,6.536496
DOGE,20240516,9246,1.0,0.337529,-1.214714,-0.877185,0.337529,-1.28678,-0.949251,0.337529,-1.214714,-0.877185,0.337529,-1.28678,-0.949251,4.177646
DOGE,20240519,5628,1.0,0.337913,-1.111644,-0.773731,0.337913,-1.063221,-0.725308,0.337913,-1.111644,-0.773731,0.337913,-1.063221,-0.725308,3.286732
DOGE,20240522,12394,1.0,0.314847,-1.316303,-1.001455,0.314847,-1.605143,-1.290296,0.314847,-1.316303,-1.001455,0.314847,-1.605143,-1.290296,5.569345
DOGE,20240525,9228,1.0,0.308863,-1.297093,-0.98823,0.308863,-1.46243,-1.153567,0.308863,-1.297093,-0.98823,0.308863,-1.46243,-1.153567,4.236485
DOGE,20240528,11044,1.0,0.313942,-1.140732,-0.82679,0.313942,-1.110283,-0.79634,0.313942,-1.140732,-0.82679,0.313942,-1.110283,-0.79634,4.451705
DOGE,20240531,7771,1.0,0.324874,-1.169362,-0.844488,0.324874,-1.431561,-1.106686,0.324874,-1.169362,-0.844488,0.324874,-1.431561,-1.106686,3.636637
DOGE,20240603,6318,1.0,0.31794,-1.04,-0.72206,0.31794,-1.156081,-0.838141,0.31794,-1.04,-0.72206,0.31794,-1.156081,-0.838141,3.254044
DOGE,20240606,4445,1.0,0.316678,-1.220024,-0.903346,0.316678,-1.188479,-0.871801,0.316678,-1.220024,-0.903346,0.316678,-1.188479,-0.871801,2.798949
DOGE,20240609,2353,1.0,0.348738,-1.345867,-0.997129,0.348738,-1.255453,-0.906715,0.348738,-1.345867,-0.997129,0.348738,-1.255453,-0.906715,2.305016
DOGE,20240612,9233,1.0,0.401142,-1.34302,-0.941878,0.401142,-1.610521,-1.209379,0.401142,-1.34302,-0.941878,0.401142,-1.610521,-1.209379,5.123979
DOGE,20240615,2420,1.0,0.374104,-1.540506,-1.166402,0.374104,-1.361775,-0.987672,0.374104,-1.540506,-1.166402,0.374104,-1.361775,-0.987672,2.318508
DOGE,20240618,10882,1.0,0.548401,-1.82627,-1.27787,0.548401,-1.589339,-1.040939,0.548401,-1.82627,-1.27787,0.548401,-1.589339,-1.040939,7.698645
DOGE,20240621,4587,1.0,0.412403,-1.620913,-1.208511,0.412403,-1.611507,-1.199105,0.412403,-1.620913,-1.208511,0.412403,-1.611507,-1.199105,4.050745
DOGE,20240624,7993,1.0,0.456785,-1.757345,-1.30056,0.456785,-2.004215,-1.54743,0.456785,-1.757345,-1.30056,0.456785,-2.004215,-1.54743,5.560088
DOGE,20240627,4361,1.0,0.412508,-1.413948,-1.00144,0.412508,-1.70569,-1.293183,0.412508,-1.413948,-1.00144,0.412508,-1.70569,-1.293183,3.340749
DOGE,20240630,2522,1.0,0.411185,-1.355982,-0.944797,0.411185,-1.455243,-1.044058,0.411185,-1.355982,-0.944797,0.411185,-1.455243,-1.044058,2.393308
DOGE,20240703,4006,1.0,0.429159,-1.2712,-0.842041,0.429159,-1.485144,-1.055985,0.429159,-1.2712,-0.842041,0.429159,-1.485144,-1.055985,3.51469
DOGE,20240706,5575,1.0,0.46811,-1.457231,-0.989121,0.46811,-1.54421,-1.0761,0.46811,-1.457231,-0.989121,0.46811,-1.54421,-1.0761,5.282619
DOGE,20240709,4082,1.0,0.471735,-1.177388,-0.705652,0.471735,-1.123016,-0.65128,0.471735,-1.177388,-0.705652,0.471735,-1.123016,-0.65128,4.34126
DOGE,20240712,3092,1.0,0.47489,-1.571917,-1.097027,0.47489,-1.551631,-1.07674,0.47489,-1.571917,-1.097027,0.47489,-1.551631,-1.07674,3.228384
DOGE,20240715,5290,1.0,0.426247,-1.347846,-0.921598,0.426247,-1.439423,-1.013176,0.426247,-1.347846,-0.921598,0.426247,-1.439423,-1.013176,4.447652
DOGE,20240718,3911,1.0,0.421087,-1.501512,-1.080426,0.421087,-1.297105,-0.876018,0.421087,-1.501512,-1.080426,0.421087,-1.297105,-0.876018,4.091654
DOGE,20240721,8142,1.0,0.388912,-1.908166,-1.519254,0.388912,-2.244729,-1.855817,0.388912,-1.908166,-1.519254,0.388912,-2.244729,-1.855817,5.835566
DOGE,20240724,9516,1.0,0.385573,-1.48989,-1.104317,0.385573,-1.703723,-1.318149,0.385573,-1.48989,-1.104317,0.385573,-1.703723,-1.318149,4.339729
DOGE,20240727,10794,1.0,0.415167,-1.70575,-1.290584,0.415167,-3.134174,-2.719008,0.415167,-1.70575,-1.290584,0.415167,-3.134174,-2.719008,6.907233
DOGE,20240730,5641,1.0,0.400069,-1.483408,-1.083339,0.400069,-1.293063,-0.892994,0.400069,-1.483408,-1.083339,0.400069,-1.293063,-0.892994,4.113998
DOGE,20240802,6886,1.0,0.446764,-1.587448,-1.140683,0.446764,-1.463901,-1.017137,0.446764,-1.587448,-1.140683,0.446764,-1.463901,-1.017137,5.661645
DOGE,20240805,24720,1.0,0.679059,-1.867777,-1.188718,0.679059,-1.609564,-0.930505,0.679059,-1.867777,-1.188718,0.679059,-1.609564,-0.930505,15.841935
DOGE,20240808,8252,1.0,0.506181,-1.630459,-1.124277,0.506181,-1.904417,-1.398236,0.506181,-1.630459,-1.124277,0.506181,-1.904417,-1.398236,6.218593
DOGE,20240811,6315,1.0,0.476688,-1.545349,-1.068661,0.476688,-1.632528,-1.15584,0.476688,-1.545349,-1.068661,0.476688,-1.632528,-1.15584,4.641097
DOGE,20240814,4142,1.0,0.487049,-1.559199,-1.07215,0.487049,-1.427729,-0.940679,0.487049,-1.559199,-1.07215,0.487049,-1.427729,-0.940679,4.107958
DOGE,20240817,2222,1.0,0.492902,-1.43258,-0.939678,0.492902,-1.629344,-1.136442,0.492902,-1.43258,-0.939678,0.492902,-1.629344,-1.136442,2.410852
DOGE,20240820,5331,1.0,0.492361,-1.643214,-1.150853,0.492361,-1.691546,-1.199185,0.492361,-1.643214,-1.150853,0.492361,-1.691546,-1.199185,5.088588
DOGE,20240823,5006,1.0,0.47222,-1.523006,-1.050786,0.47222,-1.413411,-0.941191,0.47222,-1.523006,-1.050786,0.47222,-1.413411,-0.941191,5.11742
DOGE,20240826,3094,1.0,0.471001,-1.412855,-0.941855,0.471001,-1.301161,-0.830161,0.471001,-1.412855,-0.941855,0.471001,-1.301161,-0.830161,3.664135
DOGE,20240829,3050,1.0,0.502765,-1.825505,-1.32274,0.502765,-1.329404,-0.826639,0.502765,-1.825505,-1.32274,0.502765,-1.329404,-0.826639,3.38449
DOGE,20240901,2998,1.0,0.51486,-1.58548,-1.07062,0.51486,-1.914948,-1.400088,0.51486,-1.58548,-1.07062,0.51486,-1.914948,-1.400088,3.554775
DOGE,20240904,3985,1.0,0.527792,-1.251327,-0.723535,0.527792,-0.73398,-0.206188,0.527792,-1.251327,-0.723535,0.527792,-0.73398,-0.206188,4.237982
DOGE,20240907,2277,1.0,0.534942,-1.478856,-0.943914,0.534942,-1.169421,-0.634479,0.534942,-1.478856,-0.943914,0.534942,-1.169421,-0.634479,2.882204
DOGE,20240910,2520,1.0,0.4879,-1.482843,-0.994943,0.4879,-1.486463,-0.998562,0.4879,-1.482843,-0.994943,0.4879,-1.486463,-0.998562,3.084974
DOGE,20240913,3291,1.0,0.478134,-1.457966,-0.979833,0.478134,-1.335729,-0.857595,0.478134,-1.457966,-0.979833,0.478134,-1.335729,-0.857595,3.532412
DOGE,20240916,2542,1.0,0.500195,-1.513226,-1.013032,0.500195,-1.243284,-0.743089,0.500195,-1.513226,-1.013032,0.500195,-1.243284,-0.743089,3.317145
DOGE,20240919,2692,1.0,0.484675,-1.318966,-0.834291,0.484675,-1.40605,-0.921375,0.484675,-1.318966,-0.834291,0.484675,-1.40605,-0.921375,3.267303
DOGE,20240922,2286,1.0,0.476317,-1.250458,-0.774141,0.476317,-1.165573,-0.689256,0.476317,-1.250458,-0.774141,0.476317,-1.165573,-0.689256,2.760746
DOGE,20240925,2881,1.0,0.472498,-1.341848,-0.86935,0.472498,-1.199841,-0.727342,0.472498,-1.341848,-0.86935,0.472498,-1.199841,-0.727342,3.100331
DOGE,20240928,12377,1.0,0.407937,-1.655416,-1.247479,0.407937,-1.709894,-1.301957,0.407937,-1.655416,-1.247479,0.407937,-1.709894,-1.301957,5.347264
DOGE,20241001,8135,1.0,0.463581,-1.8711,-1.407519,0.463581,-2.09419,-1.630609,0.463581,-1.8711,-1.407519,0.463581,-2.09419,-1.630609,6.73341
DOGE,20241004,8584,1.0,0.465777,-1.552645,-1.086867,0.465777,-1.262604,-0.796827,0.465777,-1.552645,-1.086867,0.465777,-1.262604,-0.796827,4.23106
DOGE,20241007,9002,1.0,0.447263,-1.507359,-1.060096,0.447263,-1.669024,-1.221761,0.447263,-1.507359,-1.060096,0.447263,-1.669024,-1.221761,4.369253
DOGE,20241010,7599,1.0,0.473426,-1.43109,-0.957664,0.473426,-1.30276,-0.829334,0.473426,-1.43109,-0.957664,0.473426,-1.30276,-0.829334,3.780616
DOGE,20241013,4774,1.0,0.453824,-1.507869,-1.054045,0.453824,-1.54602,-1.092195,0.453824,-1.507869,-1.054045,0.453824,-1.54602,-1.092195,2.772726
DOGE,20241016,17650,1.0,0.412906,-1.536402,-1.123496,0.412906,-1.480161,-1.067255,0.412906,-1.536402,-1.123496,0.412906,-1.480161,-1.067255,7.095504
DOGE,20241019,16317,1.0,0.356612,-1.426704,-1.070093,0.356612,-1.423888,-1.067276,0.356612,-1.426704,-1.070093,0.356612,-1.423888,-1.067276,5.667545
DOGE,20241022,14990,1.0,0.358939,-1.457709,-1.09877,0.358939,-1.460704,-1.101764,0.358939,-1.457709,-1.09877,0.358939,-1.460704,-1.101764,5.426488
DOGE,20241025,13011,1.0,0.379669,-1.359987,-0.980318,0.379669,-1.473744,-1.094075,0.379669,-1.359987,-0.980318,0.379669,-1.473744,-1.094075,5.403176
DOGE,20241028,23564,1.0,0.346795,-1.346254,-0.99946,0.346795,-1.526869,-1.180075,0.346795,-1.346254,-0.99946,0.346795,-1.526869,-1.180075,7.231518
DOGE,20241031,18767,1.0,0.30738,-1.502817,-1.195437,0.30738,-1.526116,-1.218736,0.30738,-1.502817,-1.195437,0.30738,-1.526116,-1.218736,6.118861
DOGE,20241103,21550,1.0,0.342103,-1.253392,-0.911289,0.342103,-1.122161,-0.780057,0.342103,-1.253392,-0.911289,0.342103,-1.122161,-0.780057,6.506234
DOGE,20241106,68980,1.0,0.355775,-1.21765,-0.861875,0.355775,-1.201369,-0.845593,0.355775,-1.21765,-0.861875,0.355775,-1.201369,-0.845593,15.27627
DOGE,20241109,33468,1.0,0.258044,-1.126979,-0.868935,0.258044,-1.091724,-0.83368,0.258044,-1.126979,-0.868935,0.258044,-1.091724,-0.83368,6.341382
DOGE,20241112,108928,1.0,0.493268,-0.892941,-0.399673,0.493268,-0.503764,-0.010495,0.493268,-0.892941,-0.399673,0.493268,-0.503764,-0.010495,24.975165
DOGE,20241115,57032,1.0,0.19197,-0.840478,-0.648509,0.19197,-0.924352,-0.732383,0.19197,-0.840478,-0.648509,0.19197,-0.924352,-0.732383,9.10136
DOGE,20241118,49402,1.0,0.174213,-0.83648,-0.662267,0.174213,-0.798716,-0.624503,0.174213,-0.83648,-0.662267,0.174213,-0.798716,-0.624503,7.531363
DOGE,20241121,35985,1.0,0.152591,-0.838071,-0.68548,0.152591,-0.747025,-0.594434,0.152591,-0.838071,-0.68548,0.152591,-0.747025,-0.594434,6.510599
DOGE,20241124,47667,1.0,0.161102,-1.006102,-0.844999,0.161102,-0.877632,-0.71653,0.161102,-1.006102,-0.844999,0.161102,-0.877632,-0.71653,9.251421
DOGE,20241127,31832,1.0,0.138926,-0.900797,-0.761871,0.138926,-0.873745,-0.734819,0.138926,-0.900797,-0.761871,0.138926,-0.873745,-0.734819,6.290635
DOGE,20241130,28380,1.0,0.125995,-0.852401,-0.726406,0.125995,-0.871286,-0.745291,0.125995,-0.852401,-0.726406,0.125995,-0.871286,-0.745291,4.739619
DOGE,20241203,36176,1.0,0.142746,-0.878462,-0.735716,0.142746,-0.881863,-0.739117,0.142746,-0.878462,-0.735716,0.142746,-0.881863,-0.739117,7.367001
DOGE,20241206,30028,1.0,0.126521,-0.934838,-0.808317,0.126521,-0.823944,-0.697423,0.126521,-0.934838,-0.808317,0.126521,-0.823944,-0.697423,5.488937
DOGE,20241209,47838,1.0,0.214853,-1.009881,-0.795027,0.214853,-1.193611,-0.978758,0.214853,-1.009881,-0.795027,0.214853,-1.193611,-0.978758,10.827203
DOGE,20241212,30994,1.0,0.129648,-1.015522,-0.885875,0.129648,-1.093793,-0.964146,0.129648,-1.015522,-0.885875,0.129648,-1.093793,-0.964146,5.710443
DOGE,20241215,18892,1.0,0.129935,-0.92399,-0.794056,0.129935,-0.998489,-0.868554,0.129935,-0.92399,-0.794056,0.129935,-0.998489,-0.868554,3.561041
DOGE,20241218,28577,1.0,0.168748,-0.976144,-0.807396,0.168748,-1.012783,-0.844035,0.168748,-0.976144,-0.807396,0.168748,-1.012783,-0.844035,8.41756
DOGE,20241221,40367,1.0,0.179427,-1.251798,-1.072371,0.179427,-1.404291,-1.224864,0.179427,-1.251798,-1.072371,0.179427,-1.404291,-1.224864,8.609521
DOGE,20241224,24136,1.0,0.162918,-0.97554,-0.812623,0.162918,-0.921647,-0.758729,0.162918,-0.97554,-0.812623,0.162918,-0.921647,-0.758729,5.088681
DOGE,20241227,17381,1.0,0.170428,-1.01948,-0.849052,0.170428,-0.983112,-0.812684,0.170428,-1.01948,-0.849052,0.170428,-0.983112,-0.812684,4.7428
DOGE,20241230,20923,1.0,0.167539,-1.204599,-1.037059,0.167539,-1.197084,-1.029545,0.167539,-1.204599,-1.037059,0.167539,-1.197084,-1.029545,5.01187
DOGE,20250102,19761,1.0,0.156149,-1.036811,-0.880663,0.156149,-0.994184,-0.838036,0.156149,-1.036811,-0.880663,0.156149,-0.994184,-0.838036,4.74255
DOGE,20250105,21818,1.0,0.13285,-1.089198,-0.956349,0.13285,-1.111484,-0.978635,0.13285,-1.089198,-0.956349,0.13285,-1.111484,-0.978635,3.609627
DOGE,20250108,30487,1.0,0.162508,-1.060999,-0.898491,0.162508,-1.182632,-1.020124,0.162508,-1.060999,-0.898491,0.162508,-1.182632,-1.020124,7.082887
DOGE,20250111,15271,1.0,0.152823,-1.020925,-0.868102,0.152823,-0.975603,-0.822779,0.152823,-1.020925,-0.868102,0.152823,-0.975603,-0.822779,3.511392
DOGE,20250114,21894,1.0,0.152255,-0.930822,-0.778567,0.152255,-0.741691,-0.589435,0.152255,-0.930822,-0.778567,0.152255,-0.741691,-0.589435,5.154532
DOGE,20250117,34459,1.0,0.136382,-0.975164,-0.838782,0.136382,-0.811441,-0.67506,0.136382,-0.975164,-0.838782,0.136382,-0.811441,-0.67506,6.247531
DOGE,20250120,43883,1.0,0.208903,-1.158431,-0.949528,0.208903,-1.253244,-1.044341,0.208903,-1.158431,-0.949528,0.208903,-1.253244,-1.044341,12.13656
DOGE,20250123,27293,1.0,0.159295,-0.970198,-0.810903,0.159295,-0.794665,-0.635371,0.159295,-0.970198,-0.810903,0.159295,-0.794665,-0.635371,6.197579
DOGE,20250126,14927,1.0,0.159507,-0.668125,-0.508618,0.159507,-0.382444,-0.222937,0.159507,-0.668125,-0.508618,0.159507,-0.382444,-0.222937,3.105734
DOGE,20250129,19762,1.0,0.16707,-1.016246,-0.849176,0.16707,-1.051028,-0.883958,0.16707,-1.016246,-0.849176,0.16707,-1.051028,-0.883958,5.462727
DOGE,20250201,17178,1.0,0.163917,-1.076785,-0.912867,0.163917,-1.229244,-1.065327,0.163917,-1.076785,-0.912867,0.163917,-1.229244,-1.065327,4.125626
DOGE,20250204,34610,1.0,0.206765,-1.110776,-0.904012,0.206765,-0.886684,-0.679919,0.206765,-1.110776,-0.904012,0.206765,-0.886684,-0.679919,9.586796
DOGE,20250207,24866,1.0,0.208631,-1.22015,-1.011519,0.208631,-1.276803,-1.068172,0.208631,-1.22015,-1.011519,0.208631,-1.276803,-1.068172,6.196713
DOGE,20250210,18985,1.0,0.20469,-1.121526,-0.916836,0.20469,-1.118379,-0.913689,0.20469,-1.121526,-0.916836,0.20469,-1.118379,-0.913689,4.937563
DOGE,20250213,16559,1.0,0.199132,-1.095791,-0.896658,0.199132,-1.167175,-0.968042,0.199132,-1.095791,-0.896658,0.199132,-1.167175,-0.968042,4.50853
DOGE,20250216,12988,1.0,0.189087,-1.200132,-1.011045,0.189087,-1.186099,-0.997012,0.189087,-1.200132,-1.011045,0.189087,-1.186099,-0.997012,3.350859
DOGE,20250219,12707,1.0,0.201392,-1.10497,-0.903578,0.201392,-1.021212,-0.81982,0.201392,-1.10497,-0.903578,0.201392,-1.021212,-0.81982,3.537194
DOGE,20250222,10855,1.0,0.215049,-0.97055,-0.755501,0.215049,-0.92899,-0.713941,0.215049,-0.97055,-0.755501,0.215049,-0.92899,-0.713941,2.886373
DOGE,20250225,19825,1.0,0.270421,-1.355457,-1.085036,0.270421,-1.126808,-0.856386,0.270421,-1.355457,-1.085036,0.270421,-1.126808,-0.856386,10.001442
DOGE,20250228,29136,1.0,0.274891,-1.315294,-1.040403,0.274891,-1.20118,-0.926289,0.274891,-1.315294,-1.040403,0.274891,-1.20118,-0.926289,8.560656
DOGE,20250303,26882,1.0,0.246554,-1.257753,-1.0112,0.246554,-1.253902,-1.007348,0.246554,-1.257753,-1.0112,0.246554,-1.253902,-1.007348,8.473332
DOGE,20250306,21854,1.0,0.247482,-1.227197,-0.979715,0.247482,-1.368262,-1.12078,0.247482,-1.227197,-0.979715,0.247482,-1.368262,-1.12078,5.865344
DOGE,20250309,23619,1.0,0.284068,-1.207329,-0.923261,0.284068,-1.144555,-0.860487,0.284068,-1.207329,-0.923261,0.284068,-1.144555,-0.860487,6.47814
DOGE,20250312,24880,1.0,0.30893,-1.268184,-0.959254,0.30893,-1.49597,-1.18704,0.30893,-1.268184,-0.959254,0.30893,-1.49597,-1.18704,6.646235
DOGE,20250315,12834,1.0,0.288294,-1.294831,-1.006537,0.288294,-1.177525,-0.889231,0.288294,-1.294831,-1.006537,0.288294,-1.177525,-0.889231,3.291414
DOGE,20250318,15948,1.0,0.302364,-1.290268,-0.987904,0.302364,-1.195933,-0.893569,0.302364,-1.290268,-0.987904,0.302364,-1.195933,-0.893569,3.927873
DOGE,20250321,11613,1.0,0.29934,-1.206435,-0.907095,0.29934,-1.15153,-0.85219,0.29934,-1.206435,-0.907095,0.29934,-1.15153,-0.85219,3.286927
DOGE,20250324,14891,1.0,0.281428,-1.139669,-0.858242,0.281428,-1.237137,-0.955709,0.281428,-1.139669,-0.858242,0.281428,-1.237137,-0.955709,4.361416
DOGE,20250327,13978,1.0,0.262822,-1.00069,-0.737869,0.262822,-1.185535,-0.922713,0.262822,-1.00069,-0.737869,0.262822,-1.185535,-0.922713,4.726267
DOGE,20250330,10221,1.0,0.298914,-1.19217,-0.893256,0.298914,-1.169708,-0.870794,0.298914,-1.19217,-0.893256,0.298914,-1.169708,-0.870794,4.129433
DOGE,20250402,15594,1.0,0.307392,-1.257139,-0.949747,0.307392,-0.939358,-0.631966,0.307392,-1.257139,-0.949747,0.307392,-0.939358,-0.631966,6.58522
DOGE,20250405,6544,1.0,0.298404,-1.077297,-0.778893,0.298404,-0.867766,-0.569362,0.298404,-1.077297,-0.778893,0.298404,-0.867766,-0.569362,2.724376
DOGE,20250408,16533,1.0,0.34118,-1.326732,-0.985552,0.34118,-1.317238,-0.976057,0.34118,-1.326732,-0.985552,0.34118,-1.317238,-0.976057,6.610113
DOGE,20250411,9135,1.0,0.319872,-1.32571,-1.005838,0.319872,-1.091179,-0.771307,0.319872,-1.32571,-1.005838,0.319872,-1.091179,-0.771307,4.155709
DOGE,20250414,12786,1.0,0.309734,-1.337502,-1.027768,0.309734,-1.250644,-0.94091,0.309734,-1.337502,-1.027768,0.309734,-1.250644,-0.94091,4.911408
DOGE,20250417,7899,1.0,0.322116,-1.2127,-0.890584,0.322116,-1.114306,-0.79219,0.322116,-1.2127,-0.890584,0.322116,-1.114306,-0.79219,3.588071
DOGE,20250420,6636,1.0,0.323925,-1.099233,-0.775308,0.323925,-1.092665,-0.76874,0.323925,-1.099233,-0.775308,0.323925,-1.092665,-0.76874,2.747672
DOGE,20250423,15086,1.0,0.284495,-1.126809,-0.842314,0.284495,-0.85469,-0.570195,0.284495,-1.126809,-0.842314,0.284495,-0.85469,-0.570195,5.222686
DOGE,20250426,11621,1.0,0.27502,-1.148678,-0.873658,0.27502,-1.276353,-1.001333,0.27502,-1.148678,-0.873658,0.27502,-1.276353,-1.001333,4.165785
DOGE,20250429,10113,1.0,0.283292,-1.231695,-0.948403,0.283292,-1.386279,-1.102987,0.283292,-1.231695,-0.948403,0.283292,-1.386279,-1.102987,3.798876
DOGE,20250502,9380,1.0,0.28013,-1.027749,-0.74762,0.28013,-0.827725,-0.547595,0.28013,-1.027749,-0.74762,0.28013,-0.827725,-0.547595,3.500054
DOGE,20250505,7755,1.0,0.295102,-1.057027,-0.761925,0.295102,-0.86947,-0.574368,0.295102,-1.057027,-0.761925,0.295102,-0.86947,-0.574368,3.354646
DOGE,20250508,12884,1.0,0.275225,-1.12412,-0.848895,0.275225,-1.003657,-0.728433,0.275225,-1.12412,-0.848895,0.275225,-1.003657,-0.728433,4.998868
DOGE,20250511,26988,1.0,0.229205,-1.271526,-1.042321,0.229205,-1.385218,-1.156014,0.229205,-1.271526,-1.042321,0.229205,-1.385218,-1.156014,7.566121
DOGE,20250514,20273,1.0,0.219231,-0.985217,-0.765986,0.219231,-1.090516,-0.871285,0.219231,-0.985217,-0.765986,0.219231,-1.090516,-0.871285,5.849796
DOGE,20250517,15504,1.0,0.237535,-1.022389,-0.784854,0.237535,-1.032629,-0.795094,0.237535,-1.022389,-0.784854,0.237535,-1.032629,-0.795094,4.905128
DOGE,20250520,17658,1.0,0.229041,-1.079293,-0.850252,0.229041,-1.038056,-0.809015,0.229041,-1.079293,-0.850252,0.229041,-1.038056,-0.809015,5.000287
DOGE,20250523,22660,1.0,0.222361,-1.031198,-0.808837,0.222361,-1.095215,-0.872854,0.222361,-1.031198,-0.808837,0.222361,-1.095215,-0.872854,6.481608
DOGE,20250526,10518,1.0,0.22462,-1.078636,-0.854016,0.22462,-1.115641,-0.891021,0.22462,-1.078636,-0.854016,0.22462,-1.115641,-0.891021,3.654894
DOGE,20250529,12956,1.0,0.231092,-1.070602,-0.83951,0.231092,-1.072039,-0.840947,0.231092,-1.070602,-0.83951,0.231092,-1.072039,-0.840947,4.040083
DOGE,20250601,12004,1.0,0.266701,-1.116432,-0.849732,0.266701,-1.145565,-0.878864,0.266701,-1.116432,-0.849732,0.266701,-1.145565,-0.878864,3.759396
DOGE,20250604,9812,1.0,0.262238,-1.085137,-0.822899,0.262238,-1.066862,-0.804624,0.262238,-1.085137,-0.822899,0.262238,-1.066862,-0.804624,3.214041
DOGE,20250607,8118,1.0,0.273561,-1.219848,-0.946287,0.273561,-1.14527,-0.871709,0.273561,-1.219848,-0.946287,0.273561,-1.14527,-0.871709,3.158695
DOGE,20250610,12578,1.0,0.262075,-0.966839,-0.704764,0.262075,-1.064369,-0.802294,0.262075,-0.966839,-0.704764,0.262075,-1.064369,-0.802294,4.457065
DOGE,20250613,14548,1.0,0.294192,-1.103766,-0.809574,0.294192,-0.907304,-0.613112,0.294192,-1.103766,-0.809574,0.294192,-0.907304,-0.613112,5.760303
DOGE,20250616,9622,1.0,0.286539,-1.149902,-0.863363,0.286539,-1.166734,-0.880195,0.286539,-1.149902,-0.863363,0.286539,-1.166734,-0.880195,3.540031
DOGE,20250619,7106,1.0,0.297359,-1.157176,-0.859817,0.297359,-1.178054,-0.880695,0.297359,-1.157176,-0.859817,0.297359,-1.178054,-0.880695,2.704225
DOGE,20250622,15204,1.0,0.341556,-1.14226,-0.800705,0.341556,-1.318526,-0.97697,0.341556,-1.14226,-0.800705,0.341556,-1.318526,-0.97697,6.410632
DOGE,20250625,9896,1.0,0.303863,-1.265155,-0.961292,0.303863,-1.27103,-0.967168,0.303863,-1.265155,-0.961292,0.303863,-1.27103,-0.967168,3.617163
DOGE,20250628,3516,1.0,0.308561,-0.94177,-0.633209,0.308561,-0.885927,-0.577366,0.308561,-0.94177,-0.633209,0.308561,-0.885927,-0.577366,1.941117
DOGE,20250701,6464,1.0,0.314145,-0.996246,-0.682101,0.314145,-1.004958,-0.690814,0.314145,-0.996246,-0.682101,0.314145,-1.004958,-0.690814,2.872767
DOGE,20250704,7807,1.0,0.304333,-1.033595,-0.729262,0.304333,-0.970608,-0.666275,0.304333,-1.033595,-0.729262,0.304333,-0.970608,-0.666275,3.050871
DOGE,20250707,9183,1.0,0.297961,-1.087216,-0.789254,0.297961,-0.950696,-0.652735,0.297961,-1.087216,-0.789254,0.297961,-0.950696,-0.652735,3.664733
DOGE,20250710,12210,1.0,0.284129,-1.060211,-0.776082,0.284129,-1.086857,-0.802727,0.284129,-1.060211,-0.776082,0.284129,-1.086857,-0.802727,4.119475
DOGE,20250713,14024,1.0,0.257475,-1.134187,-0.876712,0.257475,-1.077884,-0.820409,0.257475,-1.134187,-0.876712,0.257475,-1.077884,-0.820409,4.16534
DOGE,20250716,18241,1.0,0.26064,-1.08486,-0.82422,0.26064,-1.353852,-1.093212,0.26064,-1.08486,-0.82422,0.26064,-1.353852,-1.093212,5.820491
DOGE,20250719,31192,1.0,0.216791,-0.869318,-0.652527,0.216791,-0.910808,-0.694017,0.216791,-0.869318,-0.652527,0.216791,-0.910808,-0.694017,7.016969
DOGE,20250722,30265,1.0,0.200656,-0.944488,-0.743833,0.200656,-0.673776,-0.47312,0.200656,-0.944488,-0.743833,0.200656,-0.673776,-0.47312,7.122304
DOGE,20250725,28691,1.0,0.226843,-0.882234,-0.655391,0.226843,-0.689019,-0.462175,0.226843,-0.882234,-0.655391,0.226843,-0.689019,-0.462175,6.961865
DOGE,20250727,17030,1.0,0.213397,-0.925853,-0.712457,0.213397,-0.785133,-0.571737,0.213397,-0.925853,-0.712457,0.213397,-0.785133,-0.571737,4.237287
DOGE,20250728,21071,1.0,0.216448,-0.890865,-0.674417,0.216448,-0.794035,-0.577587,0.216448,-0.890865,-0.674417,0.216448,-0.794035,-0.577587,5.465463
DOGE,20250731,16079,1.0,0.23479,-1.030234,-0.795444,0.23479,-0.799972,-0.565182,0.23479,-1.030234,-0.795444,0.23479,-0.799972,-0.565182,4.520998
DOGE,20250801,22251,1.0,0.252438,-0.924015,-0.671576,0.252438,-0.754513,-0.502075,0.252438,-0.924015,-0.671576,0.252438,-0.754513,-0.502075,7.218892
DOGE,20250803,11488,1.0,0.256775,-0.965614,-0.708839,0.256775,-0.971359,-0.714584,0.256775,-0.965614,-0.708839,0.256775,-0.971359,-0.714584,3.659937
DOGE,20250806,12255,1.0,0.251182,-0.978617,-0.727434,0.251182,-1.120443,-0.869261,0.251182,-0.978617,-0.727434,0.251182,-1.120443,-0.869261,3.828924
DOGE,20250809,16533,1.0,0.21437,-1.028582,-0.814212,0.21437,-1.185666,-0.971296,0.21437,-1.028582,-0.814212,0.21437,-1.185666,-0.971296,5.032107
DOGE,20250811,17423,1.0,0.220651,-0.976558,-0.755907,0.220651,-1.065799,-0.845149,0.220651,-0.976558,-0.755907,0.220651,-1.065799,-0.845149,5.127287
DOGE,20250812,13919,1.0,0.223378,-0.927238,-0.703861,0.223378,-0.939581,-0.716203,0.223378,-0.927238,-0.703861,0.223378,-0.939581,-0.716203,4.721556
DOGE,20250815,15668,1.0,0.225681,-1.062741,-0.83706,0.225681,-1.207829,-0.982148,0.225681,-1.062741,-0.83706,0.225681,-1.207829,-0.982148,5.646852
DOGE,20250816,9409,1.0,0.221894,-0.86534,-0.643446,0.221894,-0.691497,-0.469604,0.221894,-0.86534,-0.643446,0.221894,-0.691497,-0.469604,4.162071
DOGE,20250818,13148,1.0,0.227192,-0.894652,-0.66746,0.227192,-0.819727,-0.592535,0.227192,-0.894652,-0.66746,0.227192,-0.819727,-0.592535,4.535539
ETH,20230401,7503,0.371004,0.029073,-0.845209,-0.816136,0.029073,-0.824821,-0.795748,0.02942,-0.71871,-0.68929,0.02942,-0.628771,-0.599351,1.487881
ETH,20230404,14900,0.396405,0.033714,-0.888384,-0.854671,0.033714,-0.861382,-0.827669,0.033377,-0.805319,-0.771942,0.033377,-0.601163,-0.567786,2.946107
ETH,20230407,9213,0.388445,0.030126,-0.905576,-0.87545,0.030126,-0.966916,-0.93679,0.029453,-0.722456,-0.693003,0.029453,-0.761281,-0.731828,1.917324
ETH,20230410,11208,0.396515,0.031734,-1.073864,-1.04213,0.031734,-1.168267,-1.136533,0.030558,-0.881815,-0.851258,0.030558,-1.008105,-0.977548,2.342228
ETH,20230413,19497,0.401926,0.031486,-0.796672,-0.765186,0.031486,-0.822055,-0.790569,0.031171,-0.61812,-0.586948,0.031171,-0.693078,-0.661907,3.124746
ETH,20230416,9725,0.390819,0.028332,-0.943479,-0.915146,0.028332,-1.379317,-1.350985,0.028902,-0.900541,-0.871639,0.028902,-1.038008,-1.009106,2.254202
ETH,20230419,17216,0.442049,0.048176,-1.36426,-1.316084,0.048176,-1.188171,-1.139995,0.050485,-1.050846,-1.000361,0.050485,-0.513745,-0.46326,5.087157
ETH,20230422,8689,0.374852,0.030016,-0.844461,-0.814445,0.030016,-0.973074,-0.943058,0.029121,-0.740987,-0.711865,0.029121,-0.821646,-0.792524,1.683297
ETH,20230425,15125,0.351064,0.030926,-0.983122,-0.952196,0.030926,-0.825927,-0.795001,0.030574,-0.830832,-0.800257,0.030574,-0.538497,-0.507922,2.596648
ETH,20230428,11281,0.333539,0.03007,-0.904619,-0.874549,0.03007,-0.684454,-0.654384,0.029425,-0.836364,-0.806939,0.029425,-0.51308,-0.483655,2.373431
ETH,20230501,12066,0.359029,0.035445,-0.911137,-0.875693,0.035445,-0.865382,-0.829937,0.036216,-0.631786,-0.59557,0.036216,-0.601016,-0.5648,3.047412
ETH,20230504,9952,0.3264,0.029614,-0.722996,-0.693382,0.029614,-0.640319,-0.610705,0.029297,-0.600014,-0.570717,0.029297,-0.38279,-0.353492,1.931134
ETH,20230507,11151,0.31581,0.030083,-0.818868,-0.788785,0.030083,-0.990735,-0.960652,0.030167,-0.803845,-0.773678,0.030167,-0.883119,-0.852952,2.349142
ETH,20230510,13423,0.368669,0.03888,-1.238081,-1.199201,0.03888,-1.588996,-1.550116,0.037366,-1.232077,-1.194711,0.037366,-0.915931,-0.878565,3.614535
ETH,20230513,6731,0.330731,0.033181,-0.885101,-0.85192,0.033181,-1.045558,-1.012377,0.03142,-0.897159,-0.865739,0.03142,-1.000287,-0.968868,1.870646
ETH,20230516,8307,0.33919,0.031715,-0.919566,-0.887851,0.031715,-0.641536,-0.609821,0.030361,-0.832637,-0.802276,0.030361,-0.503677,-0.473317,1.979259
ETH,20230519,5980,0.371458,0.030971,-1.027948,-0.996976,0.030971,-1.056719,-1.025748,0.030473,-0.87334,-0.842867,0.030473,-0.887277,-0.856804,1.679154
ETH,20230522,6239,0.37196,0.031115,-0.962598,-0.931483,0.031115,-1.011388,-0.980273,0.030731,-0.94828,-0.91755,0.030731,-0.914262,-0.883531,1.521855
ETH,20230525,6897,0.385647,0.033469,-1.112949,-1.07948,0.033469,-1.428588,-1.395119,0.03324,-1.022079,-0.988839,0.03324,-1.561867,-1.528627,2.157515
ETH,20230528,8078,0.357701,0.035203,-1.077508,-1.042304,0.035203,-0.845981,-0.810777,0.038544,-1.424721,-1.386177,0.038544,-1.091057,-1.052513,2.404791
ETH,20230531,7664,0.331914,0.030682,-0.910733,-0.880051,0.030682,-0.989661,-0.958979,0.03083,-0.860976,-0.830146,0.03083,-0.861741,-0.83091,1.904512
ETH,20230603,3995,0.324358,0.028478,-0.744451,-0.715973,0.028478,-0.660439,-0.631961,0.029293,-0.640899,-0.611606,0.029293,-0.551947,-0.522654,1.0984
ETH,20230606,8983,0.426198,0.031961,-1.159472,-1.127511,0.031961,-1.298,-1.266039,0.032683,-1.036157,-1.003474,0.032683,-0.906624,-0.87394,2.517965
ETH,20230609,4204,0.396401,0.03058,-0.842477,-0.811897,0.03058,-0.847129,-0.816549,0.030116,-0.742239,-0.712124,0.030116,-0.837184,-0.807069,1.407984
ETH,20230612,6861,0.37923,0.032966,-1.177302,-1.144336,0.032966,-1.3042,-1.271234,0.032957,-0.989541,-0.956585,0.032957,-1.157448,-1.124492,2.119629
ETH,20230615,7776,0.396361,0.033977,-1.098713,-1.064736,0.033977,-0.825019,-0.791042,0.033193,-0.947052,-0.913859,0.033193,-0.696222,-0.663029,2.327894
ETH,20230618,3974,0.451709,0.033261,-0.994176,-0.960915,0.033261,-0.901876,-0.868615,0.032953,-0.916738,-0.883785,0.032953,-0.865947,-0.832995,1.619438
ETH,20230621,11738,0.454525,0.034497,-1.195632,-1.161136,0.034497,-1.211661,-1.177165,0.034398,-1.06741,-1.033011,0.034398,-1.022813,-0.988415,3.331537
ETH,20230624,5485,0.39439,0.029196,-1.102498,-1.073302,0.029196,-1.327159,-1.297963,0.028545,-1.010233,-0.981688,0.028545,-1.113678,-1.085133,1.817666
ETH,20230627,9106,0.393198,0.029847,-1.091501,-1.061653,0.029847,-1.219021,-1.189174,0.029748,-0.950019,-0.920271,0.029748,-1.078999,-1.049251,2.207005
ETH,20230630,17367,0.423981,0.033421,-1.300515,-1.267095,0.033421,-1.55497,-1.521549,0.033812,-1.179505,-1.145694,0.033812,-1.361688,-1.327876,3.79012
ETH,20230703,8853,0.389226,0.035401,-1.133107,-1.097706,0.035401,-1.138042,-1.102641,0.030176,-0.962848,-0.932672,0.030176,-0.840421,-0.810245,2.250713
ETH,20230706,12959,0.39239,0.029614,-0.97245,-0.942837,0.029614,-1.083364,-1.05375,0.029346,-0.934436,-0.90509,0.029346,-1.061031,-1.031685,2.723663
ETH,20230709,4790,0.355478,0.028277,-1.031675,-1.003399,0.028277,-0.910888,-0.882611,0.028189,-0.886842,-0.858653,0.028189,-0.728602,-0.700412,1.324191
ETH,20230712,6129,0.429739,0.029765,-1.004822,-0.975056,0.029765,-1.05338,-1.023615,0.029578,-1.01831,-0.988732,0.029578,-0.874295,-0.844717,1.847604
ETH,20230715,3439,0.394527,0.026884,-0.93117,-0.904286,0.026884,-0.97504,-0.948157,0.027438,-0.879277,-0.851839,0.027438,-0.911438,-0.884,1.070126
ETH,20230718,6359,0.399915,0.029754,-1.172191,-1.142437,0.029754,-1.637177,-1.607423,0.027608,-1.08291,-1.055302,0.027608,-1.354629,-1.327021,1.70434
ETH,20230721,4291,0.374118,0.027593,-0.739496,-0.711903,0.027593,-0.597519,-0.569926,0.027992,-0.733533,-0.705542,0.027992,-0.650498,-0.622506,1.258009
ETH,20230724,5168,0.427709,0.03075,-0.98946,-0.95871,0.03075,-0.57829,-0.54754,0.031828,-0.833597,-0.801769,0.031828,-0.552554,-0.520726,1.835602
ETH,20230727,3839,0.381141,0.030915,-0.831145,-0.80023,0.030915,-1.206105,-1.17519,0.031755,-0.701076,-0.669322,0.031755,-1.006072,-0.974318,1.050551
ETH,20230730,3454,0.372973,0.028876,-0.86033,-0.831454,0.028876,-1.44446,-1.415585,0.03034,-0.871138,-0.840798,0.03034,-1.36019,-1.32985,1.070368
ETH,20230802,5532,0.399206,0.034454,-0.809947,-0.775493,0.034454,-1.045319,-1.010865,0.031404,-0.72034,-0.688936,0.031404,-0.955529,-0.924124,1.579459
ETH,20230805,2452,0.286574,0.028184,-0.671292,-0.643108,0.028184,-1.19359,-1.165406,0.028836,-0.621963,-0.593127,0.028836,-1.005099,-0.976262,0.567186
ETH,20230808,5288,0.396259,0.030054,-0.821778,-0.791724,0.030054,-1.087917,-1.057863,0.03075,-0.735853,-0.705103,0.03075,-0.925599,-0.89485,1.367235
ETH,20230811,4260,0.258246,0.028034,-0.763225,-0.735191,0.028034,-0.913317,-0.885283,0.028372,-0.599556,-0.571183,0.028372,-0.75608,-0.727707,0.785021
ETH,20230814,5628,0.255473,0.027661,-0.81207,-0.784408,0.027661,-1.083865,-1.056204,0.02814,-0.668045,-0.639905,0.02814,-0.739836,-0.711697,0.80877
ETH,20230817,13546,0.441539,0.067198,-2.691088,-2.62389,0.067198,-5.397011,-5.329812,0.073671,-1.757303,-1.683631,0.073671,-4.838849,-4.765178,7.759585
ETH,20230820,3762,0.378727,0.030901,-1.067546,-1.036646,0.030901,-1.203366,-1.172466,0.030574,-0.981764,-0.95119,0.030574,-1.034566,-1.003992,1.436023
ETH,20230823,6527,0.419306,0.033051,-1.111709,-1.078658,0.033051,-0.909911,-0.876861,0.033538,-1.058546,-1.025008,0.033538,-0.83796,-0.804422,2.529129
ETH,20230826,1498,0.392056,0.031388,-0.798677,-0.76729,0.031388,-1.078041,-1.046653,0.031414,-0.754387,-0.722973,0.031414,-0.901063,-0.86965,0.648709
ETH,20230829,8048,0.460048,0.036358,-0.981041,-0.944683,0.036358,-0.966954,-0.930596,0.037447,-0.966279,-0.928832,0.037447,-0.7503,-0.712853,3.281883
ETH,20230901,4543,0.435298,0.034127,-1.127767,-1.09364,0.034127,-1.354972,-1.320845,0.034228,-1.066778,-1.03255,0.034228,-1.119311,-1.085083,2.18594
ETH,20230904,2899,0.396892,0.032569,-1.112753,-1.080184,0.032569,-1.13373,-1.101161,0.034114,-0.906481,-0.872367,0.034114,-0.938751,-0.904636,1.333699
ETH,20230907,4207,0.447518,0.034006,-0.997858,-0.963852,0.034006,-0.862587,-0.82858,0.033264,-1.021977,-0.988713,0.033264,-0.823901,-0.790637,1.620369
ETH,20230910,3611,0.434317,0.036829,-1.062656,-1.025827,0.036829,-1.047353,-1.010524,0.037048,-1.010866,-0.973818,0.037048,-1.013441,-0.976393,1.719286
ETH,20230913,5252,0.455617,0.035921,-1.439287,-1.403366,0.035921,-1.336031,-1.30011,0.037355,-1.470108,-1.432753,0.037355,-1.293772,-1.256417,2.321252
ETH,20230916,2166,0.402207,0.031962,-0.938411,-0.906449,0.031962,-1.308664,-1.276702,0.032115,-0.844407,-0.812292,0.032115,-1.096636,-1.064521,0.993309
ETH,20230919,4279,0.433667,0.03191,-0.972177,-0.940268,0.03191,-1.100633,-1.068723,0.031921,-0.958482,-0.926561,0.031921,-1.056375,-1.024454,1.679739
ETH,20230922,4018,0.392616,0.032433,-1.035552,-1.003118,0.032433,-1.30835,-1.275916,0.032141,-0.967749,-0.935608,0.032141,-1.077257,-1.045116,1.286871
ETH,20230925,5678,0.435907,0.034239,-0.995097,-0.960858,0.034239,-1.127996,-1.093757,0.035583,-0.89942,-0.863836,0.035583,-0.958358,-0.922774,1.693559
ETH,20230928,7908,0.453153,0.033694,-0.908994,-0.8753,0.033694,-1.078641,-1.044947,0.033727,-1.043252,-1.009525,0.033727,-1.155033,-1.121306,2.107537
ETH,20231001,6775,0.398866,0.039574,-1.40076,-1.361187,0.039574,-1.976289,-1.936716,0.043101,-1.399717,-1.356616,0.043101,-1.260206,-1.217105,3.498815
ETH,20231004,8754,0.371082,0.033954,-1.09621,-1.062255,0.033954,-1.085659,-1.051705,0.033816,-1.076883,-1.043067,0.033816,-1.15287,-1.119055,2.192535
ETH,20231007,2740,0.398577,0.031493,-0.728646,-0.697152,0.031493,-0.873337,-0.841844,0.031101,-0.681128,-0.650027,0.031101,-0.752303,-0.721202,0.741879
ETH,20231010,7895,0.378061,0.03358,-1.061407,-1.027826,0.03358,-1.461583,-1.428002,0.034639,-0.939321,-0.904682,0.034639,-1.316318,-1.281679,1.814885
ETH,20231013,6865,0.411336,0.034999,-1.127254,-1.092255,0.034999,-1.220544,-1.185545,0.035404,-1.06479,-1.029386,0.035404,-1.312812,-1.277408,1.94938
ETH,20231016,12053,0.429166,0.044578,-1.05827,-1.013692,0.044578,-1.28578,-1.241202,0.04608,-1.210889,-1.164809,0.04608,-1.304793,-1.258713,3.359524
ETH,20231019,7338,0.37991,0.034299,-0.99736,-0.96306,0.034299,-0.924068,-0.889769,0.033536,-0.854866,-0.82133,0.033536,-0.921578,-0.888042,1.867763
ETH,20231022,7265,0.42392,0.034301,-1.190476,-1.156175,0.034301,-1.407658,-1.373357,0.033767,-1.071213,-1.037446,0.033767,-1.255891,-1.222124,1.88099
ETH,20231025,11922,0.446517,0.030828,-1.207447,-1.176618,0.030828,-1.136044,-1.105216,0.031269,-1.159561,-1.128292,0.031269,-1.084474,-1.053205,3.096719
ETH,20231028,4418,0.463787,0.030303,-0.951138,-0.920835,0.030303,-0.991032,-0.960729,0.029724,-0.914527,-0.884802,0.029724,-0.917134,-0.88741,1.569196
ETH,20231031,9310,0.434892,0.029972,-1.030775,-1.000803,0.029972,-1.123147,-1.093176,0.030344,-1.00586,-0.975516,0.030344,-1.000586,-0.970242,2.178292
ETH,20231103,14867,0.425411,0.030135,-1.086789,-1.056654,0.030135,-0.976064,-0.945929,0.030094,-1.050835,-1.020741,0.030094,-0.93778,-0.907686,2.417709
ETH,20231106,16980,0.365935,0.028851,-0.97517,-0.946319,0.028851,-1.027101,-0.99825,0.028734,-0.954731,-0.925997,0.028734,-0.979063,-0.950329,2.310938
ETH,20231109,37707,0.444904,0.050912,-0.848992,-0.79808,0.050912,-0.860793,-0.80988,0.054326,-0.904469,-0.850142,0.054326,-1.254115,-1.199789,5.660829
ETH,20231112,9638,0.503924,0.028069,-0.89988,-0.871811,0.028069,-0.814829,-0.78676,0.028406,-0.855901,-0.827495,0.028406,-0.676096,-0.64769,2.41067
ETH,20231115,13604,0.498888,0.030613,-0.865463,-0.834849,0.030613,-0.657088,-0.626474,0.030563,-0.805018,-0.774455,0.030563,-0.676085,-0.645523,3.106211
ETH,20231118,8936,0.409477,0.028412,-0.900164,-0.871752,0.028412,-0.984795,-0.956383,0.028224,-0.812938,-0.784714,0.028224,-0.845588,-0.817364,1.977387
ETH,20231121,18872,0.466567,0.038841,-1.120082,-1.081242,0.038841,-0.952062,-0.913221,0.037367,-0.980112,-0.942744,0.037367,-0.910027,-0.872659,3.707576
ETH,20231124,15376,0.491494,0.038789,-0.928756,-0.889967,0.038789,-0.919231,-0.880442,0.035952,-0.875104,-0.839152,0.035952,-0.810265,-0.774313,2.945686
ETH,20231127,12528,0.46229,0.030001,-0.860624,-0.830623,0.030001,-0.878543,-0.848542,0.030539,-0.828952,-0.798413,0.030539,-0.939581,-0.909042,2.47835
ETH,20231130,10614,0.419737,0.026265,-0.837625,-0.81136,0.026265,-0.848442,-0.822177,0.026214,-0.774363,-0.748149,0.026214,-0.795694,-0.76948,1.806279
ETH,20231203,10114,0.505664,0.030035,-0.748008,-0.717973,0.030035,-1.029991,-0.999957,0.029807,-0.846119,-0.816313,0.029807,-1.045071,-1.015264,2.237825
ETH,20231206,14164,0.525918,0.025125,-0.89285,-0.867725,0.025125,-0.922795,-0.89767,0.025283,-0.920247,-0.894965,0.025283,-0.90256,-0.877278,3.036506
ETH,20231209,11453,0.501189,0.030385,-0.861826,-0.83144,0.030385,-0.961781,-0.931396,0.026152,-0.910104,-0.883952,0.026152,-0.937569,-0.911416,2.352649
ETH,20231212,14914,0.493115,0.025476,-1.001699,-0.976223,0.025476,-0.915182,-0.889706,0.025208,-1.027511,-1.002303,0.025208,-0.987513,-0.962306,2.91872
ETH,20231215,11948,0.490429,0.025652,-0.979526,-0.953874,0.025652,-1.022616,-0.996964,0.025639,-1.026373,-1.000733,0.025639,-1.071942,-1.046302,2.792974
ETH,20231218,14633,0.486714,0.026396,-0.875319,-0.848923,0.026396,-0.851781,-0.825386,0.027096,-0.992416,-0.965321,0.027096,-0.871748,-0.844653,2.831355
ETH,20231221,15429,0.509373,0.02606,-0.893686,-0.867626,0.02606,-0.9252,-0.89914,0.025921,-0.912719,-0.886798,0.025921,-0.927925,-0.902004,2.908261
ETH,20231224,10862,0.485249,0.026485,-0.841743,-0.815258,0.026485,-0.914948,-0.888463,0.028156,-0.94813,-0.919974,0.028156,-1.077472,-1.049316,2.432743
ETH,20231227,17892,0.499633,0.024031,-0.884403,-0.860372,0.024031,-0.559448,-0.535417,0.024304,-0.890769,-0.866465,0.024304,-0.734808,-0.710504,3.106995
ETH,20231230,10122,0.463251,0.024695,-0.901986,-0.877291,0.024695,-0.936054,-0.911359,0.023571,-0.920087,-0.896517,0.023571,-0.925526,-0.901955,2.212301
ETH,20240102,17269,0.484833,0.02443,-0.821105,-0.796675,0.02443,-0.593273,-0.568843,0.024659,-0.77037,-0.745711,0.024659,-0.576233,-0.551574,3.225928
ETH,20240105,14123,0.473875,0.029595,-1.084316,-1.054721,0.029595,-0.899316,-0.869721,0.031005,-0.95691,-0.925905,0.031005,-0.74099,-0.709985,3.463094
ETH,20240108,18877,0.469095,0.027588,-0.847115,-0.819527,0.027588,-1.038692,-1.011104,0.02805,-0.852016,-0.823965,0.02805,-0.765732,-0.737682,3.41661
ETH,20240111,33138,0.450633,0.027115,-0.651735,-0.62462,0.027115,-0.632149,-0.605033,0.027111,-0.604775,-0.577664,0.027111,-0.385535,-0.358424,4.53693
ETH,20240114,16310,0.439266,0.023272,-1.003553,-0.980281,0.023272,-0.964891,-0.941619,0.023508,-0.941511,-0.918003,0.023508,-0.927346,-0.903838,2.790868
ETH,20240117,15824,0.42095,0.022465,-0.829782,-0.807318,0.022465,-0.613803,-0.591338,0.022945,-0.826263,-0.803317,0.022945,-0.525792,-0.502847,2.732448
ETH,20240120,6653,0.410691,0.021741,-0.765802,-0.744061,0.021741,-0.764309,-0.742568,0.02169,-0.757641,-0.735952,0.02169,-0.809699,-0.788009,1.387634
ETH,20240123,22992,0.484945,0.029839,-0.910705,-0.880866,0.029839,-1.077526,-1.047687,0.029192,-0.899832,-0.87064,0.029192,-1.096569,-1.067377,3.953308
ETH,20240126,15370,0.471499,0.025019,-0.79587,-0.770851,0.025019,-0.651794,-0.626775,0.024973,-0.800231,-0.775258,0.024973,-0.651446,-0.626473,2.498426
ETH,20240129,13906,0.416345,0.024718,-0.668718,-0.644001,0.024718,-0.80253,-0.777813,0.025605,-0.745131,-0.719526,0.025605,-0.696271,-0.670666,2.145522
ETH,20240201,13364,0.425983,0.023732,-0.982571,-0.958839,0.023732,-1.109383,-1.085651,0.024517,-0.918509,-0.893992,0.024517,-0.752035,-0.727517,2.565536
ETH,20240204,7937,0.401422,0.024617,-0.797469,-0.772852,0.024617,-0.850796,-0.826178,0.024467,-0.920978,-0.896511,0.024467,-0.995696,-0.971229,1.85844
ETH,20240207,16582,0.375845,0.023006,-0.692452,-0.669446,0.023006,-0.777066,-0.75406,0.023572,-0.748478,-0.724906,0.023572,-0.719113,-0.69554,2.294797
ETH,20240210,10187,0.351429,0.0216,-0.845272,-0.823671,0.0216,-0.946621,-0.925021,0.022145,-0.839136,-0.816991,0.022145,-0.807524,-0.78538,1.596269
ETH,20240213,26193,0.411257,0.023664,-0.725088,-0.701424,0.023664,-0.815515,-0.791851,0.024086,-0.821608,-0.797523,0.024086,-0.865775,-0.841689,3.234886
ETH,20240216,18179,0.408971,0.022709,-0.940761,-0.918052,0.022709,-1.012401,-0.989692,0.023043,-1.009175,-0.986131,0.023043,-1.033829,-1.010786,3.196742
ETH,20240219,22356,0.409576,0.021528,-0.758193,-0.736665,0.021528,-0.725319,-0.703791,0.020039,-0.861526,-0.841487,0.020039,-0.885046,-0.865007,2.961179
ETH,20240222,29682,0.395912,0.021711,-0.772982,-0.751271,0.021711,-0.59889,-0.57718,0.021247,-0.828253,-0.807006,0.021247,-0.782907,-0.76166,3.479387
ETH,20240225,20147,0.415425,0.020723,-0.746663,-0.72594,0.020723,-0.407531,-0.386808,0.021393,-0.862689,-0.841296,0.021393,-0.692027,-0.670635,2.722391
ETH,20240228,38294,0.442192,0.03771,-1.030016,-0.992306,0.03771,-1.621254,-1.583545,0.040292,-1.090313,-1.050021,0.040292,-1.738659,-1.698367,7.424365
ETH,20240302,13415,0.371769,0.016593,-1.054056,-1.037462,0.016593,-1.045557,-1.028964,0.016418,-1.054239,-1.037821,0.016418,-1.095155,-1.078738,2.49314
ETH,20240305,50868,0.426305,0.045641,-0.914758,-0.869117,0.045641,-0.971966,-0.926325,0.044936,-1.06729,-1.022354,0.044936,-1.304629,-1.259693,8.881024
ETH,20240308,40873,0.342486,0.023153,-0.74867,-0.725517,0.023153,-1.121072,-1.097919,0.025655,-0.82883,-0.803175,0.025655,-0.972135,-0.94648,4.46998
ETH,20240311,39875,0.346077,0.019133,-0.901596,-0.882463,0.019133,-1.091396,-1.072263,0.019265,-0.987476,-0.968211,0.019265,-1.054102,-1.034837,4.218803
ETH,20240314,36870,0.382059,0.022282,-0.875223,-0.852941,0.022282,-1.053126,-1.030845,0.020534,-0.877369,-0.856836,0.020534,-1.075051,-1.054517,4.559204
ETH,20240317,30918,0.364772,0.017643,-0.886592,-0.868949,0.017643,-0.920139,-0.902496,0.017797,-0.965196,-0.9474,0.017797,-0.910058,-0.892262,4.330534
ETH,20240320,65822,0.39402,0.028094,-0.992957,-0.964862,0.028094,-1.345671,-1.317577,0.028393,-1.12422,-1.095827,0.028393,-1.13751,-1.109116,7.303401
ETH,20240323,22946,0.382237,0.017703,-0.891521,-0.873819,0.017703,-0.825687,-0.807985,0.017654,-0.98608,-0.968426,0.017654,-0.948278,-0.930623,3.50536
ETH,20240326,26644,0.359738,0.016813,-0.89114,-0.874328,0.016813,-0.840731,-0.823918,0.016839,-0.932959,-0.91612,0.016839,-0.89621,-0.879371,3.491938
ETH,20240329,20867,0.32231,0.01582,-0.62187,-0.60605,0.01582,-0.594351,-0.578531,0.016186,-0.746353,-0.730167,0.016186,-0.712315,-0.696129,2.461093
ETH,20240401,31530,0.32054,0.018569,-0.821804,-0.803236,0.018569,-0.486671,-0.468102,0.019343,-0.821061,-0.801718,0.019343,-0.521204,-0.501861,3.350416
ETH,20240404,30652,0.324691,0.02177,-0.913082,-0.891311,0.02177,-0.916666,-0.894896,0.018121,-0.932262,-0.914141,0.018121,-1.145168,-1.127047,3.204222
ETH,20240407,16654,0.312631,0.016279,-0.836722,-0.820443,0.016279,-0.809637,-0.793358,0.016269,-0.852085,-0.835816,0.016269,-0.888533,-0.872264,2.314525
ETH,20240410,31953,0.342796,0.020686,-0.939789,-0.919103,0.020686,-1.078676,-1.05799,0.020309,-0.880041,-0.859732,0.020309,-0.982051,-0.961741,3.811574
ETH,20240413,50212,0.341857,0.053018,-0.744451,-0.691432,0.053018,-0.366619,-0.3136,0.051589,-0.996582,-0.944993,0.051589,-0.613894,-0.562305,9.644696
ETH,20240416,40433,0.355753,0.021441,-1.158103,-1.136663,0.021441,-1.129525,-1.108084,0.022199,-1.096439,-1.07424,0.022199,-1.14415,-1.121951,5.365415
ETH,20240419,45933,0.337973,0.02447,-1.04174,-1.01727,0.02447,-0.974988,-0.950518,0.024023,-1.06292,-1.038897,0.024023,-0.992668,-0.968645,5.297895
ETH,20240422,30115,0.258354,0.01816,-0.939936,-0.921776,0.01816,-0.961712,-0.943552,0.019227,-0.842502,-0.823275,0.019227,-0.924192,-0.904965,2.973834
ETH,20240425,30254,0.312387,0.019821,-0.836838,-0.817017,0.019821,-0.921601,-0.901781,0.020372,-0.855421,-0.835049,0.020372,-0.826546,-0.806174,3.359934
ETH,20240428,25046,0.302633,0.019279,-0.851815,-0.832536,0.019279,-0.602822,-0.583543,0.020251,-0.917885,-0.897634,0.020251,-0.722185,-0.701934,2.803067
ETH,20240501,39544,0.363912,0.027102,-0.815822,-0.78872,0.027102,-1.01056,-0.983457,0.028221,-0.880699,-0.852479,0.028221,-1.090014,-1.061793,5.274562
ETH,20240504,18731,0.277099,0.018256,-0.805673,-0.787416,0.018256,-0.897121,-0.878864,0.018473,-0.797471,-0.778999,0.018473,-0.856394,-0.837921,2.27422
ETH,20240507,21942,0.344215,0.019814,-0.942245,-0.922431,0.019814,-0.876059,-0.856245,0.01985,-0.854962,-0.835111,0.01985,-0.837215,-0.817365,3.106331
ETH,20240510,19220,0.357215,0.019902,-0.847998,-0.828096,0.019902,-0.801369,-0.781467,0.019804,-0.77509,-0.755287,0.019804,-0.69872,-0.678917,2.947874
ETH,20240513,19711,0.366094,0.019747,-0.704336,-0.684589,0.019747,-0.8465,-0.826754,0.019605,-0.826181,-0.806577,0.019605,-0.89665,-0.877045,2.891225
ETH,20240516,15131,0.38165,0.019068,-0.81898,-0.799912,0.019068,-0.979169,-0.960101,0.019237,-0.785048,-0.765811,0.019237,-0.986173,-0.966936,2.452271
ETH,20240519,14077,0.330635,0.017769,-0.803169,-0.785401,0.017769,-0.838909,-0.82114,0.017922,-0.800317,-0.782395,0.017922,-0.86505,-0.847128,1.961469
ETH,20240522,34965,0.357563,0.018642,-0.866557,-0.847914,0.018642,-0.763451,-0.744809,0.020222,-0.914029,-0.893807,0.020222,-0.697069,-0.676846,4.232486
ETH,20240525,15782,0.300113,0.015424,-0.728949,-0.713526,0.015424,-0.779947,-0.764524,0.016419,-0.740437,-0.724018,0.016419,-0.722689,-0.70627,2.014896
ETH,20240528,30036,0.325922,0.016886,-0.864297,-0.847411,0.016886,-1.003423,-0.986536,0.017862,-0.81318,-0.795318,0.017862,-0.995515,-0.977653,3.192891
ETH,20240531,24968,0.323725,0.01627,-0.755422,-0.739151,0.01627,-0.743798,-0.727528,0.017279,-0.756665,-0.739387,0.017279,-0.732772,-0.715493,2.755352
ETH,20240603,19610,0.319109,0.015263,-0.761828,-0.746565,0.015263,-0.876444,-0.861181,0.015863,-0.763045,-0.747182,0.015863,-0.798201,-0.782337,2.119875
ETH,20240606,17831,0.28039,0.016781,-0.684613,-0.667833,0.016781,-0.787549,-0.770769,0.01819,-0.650525,-0.632334,0.01819,-0.733161,-0.71497,1.953406
ETH,20240609,8731,0.260466,0.014967,-0.700076,-0.685109,0.014967,-0.788487,-0.77352,0.0155,-0.71156,-0.69606,0.0155,-0.770786,-0.755285,1.163032
ETH,20240612,26329,0.350174,0.021362,-0.97527,-0.953908,0.021362,-1.090885,-1.069523,0.023673,-0.957216,-0.933543,0.023673,-0.760767,-0.737094,3.564838
ETH,20240615,17164,0.327928,0.015981,-0.859038,-0.843057,0.015981,-0.847868,-0.831887,0.016121,-0.898479,-0.882357,0.016121,-0.969894,-0.953772,1.958473
ETH,20240618,42673,0.297015,0.018455,-1.124583,-1.106128,0.018455,-1.043842,-1.025387,0.019974,-1.15225,-1.132276,0.019974,-1.146774,-1.1268,4.018676
ETH,20240621,23188,0.362655,0.017476,-0.973112,-0.955636,0.017476,-0.982271,-0.964795,0.017602,-0.9253,-0.907698,0.017602,-0.894092,-0.87649,2.9983
ETH,20240624,37966,0.375544,0.020772,-1.133795,-1.113023,0.020772,-1.161542,-1.14077,0.021413,-1.118799,-1.097385,0.021413,-1.187021,-1.165608,4.942338
ETH,20240627,18324,0.339466,0.017751,-0.805547,-0.787796,0.017751,-0.80625,-0.788499,0.017515,-0.722521,-0.705006,0.017515,-0.637832,-0.620317,2.138589
ETH,20240630,10642,0.340561,0.016902,-0.804202,-0.7873,0.016902,-0.852006,-0.835104,0.017459,-0.725556,-0.708097,0.017459,-0.818955,-0.801497,1.572081
ETH,20240703,20597,0.358897,0.018836,-0.83012,-0.811284,0.018836,-1.0146,-0.995764,0.019115,-0.776395,-0.757279,0.019115,-0.779034,-0.759919,2.808933
ETH,20240706,16365,0.363752,0.018874,-0.84089,-0.822015,0.018874,-0.764052,-0.745177,0.019282,-0.777697,-0.758415,0.019282,-0.688052,-0.668771,2.591163
ETH,20240709,21317,0.378734,0.019746,-0.889911,-0.870165,0.019746,-0.862099,-0.842354,0.019771,-0.858275,-0.838505,0.019771,-0.795663,-0.775892,3.690391
ETH,20240712,18513,0.37448,0.0185,-0.890552,-0.872052,0.0185,-0.807617,-0.789117,0.018579,-0.790715,-0.772137,0.018579,-0.742499,-0.723921,3.070745
ETH,20240715,19552,0.415373,0.018533,-0.850714,-0.832181,0.018533,-0.866224,-0.847691,0.018983,-0.821547,-0.802564,0.018983,-0.737301,-0.718318,3.47651
ETH,20240718,19706,0.367021,0.016481,-0.930584,-0.914104,0.016481,-0.924594,-0.908113,0.017288,-0.881034,-0.863746,0.017288,-0.880652,-0.863364,2.63608
ETH,20240721,16513,0.361041,0.017091,-0.811792,-0.794701,0.017091,-1.00447,-0.987379,0.017606,-0.788805,-0.771199,0.017606,-1.090299,-1.072692,2.480142
ETH,20240724,23081,0.380379,0.019066,-0.889844,-0.870778,0.019066,-0.933214,-0.914148,0.020347,-0.788121,-0.767774,0.020347,-0.770667,-0.750321,3.067343
ETH,20240727,21233,0.357615,0.01795,-1.08513,-1.06718,0.01795,-1.251701,-1.233752,0.017831,-1.012434,-0.994603,0.017831,-1.142976,-1.125144,3.092441
ETH,20240730,21484,0.36095,0.016754,-0.860333,-0.84358,0.016754,-0.929286,-0.912532,0.016913,-0.810387,-0.793474,0.016913,-1.035374,-1.018461,2.765211
ETH,20240802,28082,0.365192,0.019538,-0.991687,-0.972149,0.019538,-0.97884,-0.959302,0.02019,-0.986289,-0.966099,0.02019,-0.807952,-0.787762,4.48697
ETH,20240805,82404,0.413121,0.067403,-1.163135,-1.095732,0.067403,-1.567451,-1.500049,0.069515,-1.200321,-1.130806,0.069515,-1.878471,-1.808956,16.869272
ETH,20240808,38237,0.384563,0.026572,-1.260619,-1.234046,0.026572,-1.617916,-1.591344,0.026825,-1.318245,-1.29142,0.026825,-1.593372,-1.566548,6.238745
ETH,20240811,24457,0.337851,0.022294,-1.018405,-0.996111,0.022294,-1.07735,-1.055057,0.022996,-0.982345,-0.959349,0.022996,-0.925085,-0.902089,3.940384
ETH,20240814,30672,0.358543,0.023648,-0.882707,-0.859058,0.023648,-0.464858,-0.44121,0.025166,-0.835471,-0.810305,0.025166,-0.34895,-0.323784,4.11037
ETH,20240817,9394,0.336963,0.019977,-0.833215,-0.813238,0.019977,-0.737375,-0.717398,0.020292,-0.772623,-0.752331,0.020292,-0.745824,-0.725532,1.789603
ETH,20240820,21845,0.393156,0.021035,-1.047048,-1.026013,0.021035,-1.005365,-0.98433,0.021626,-0.997055,-0.975429,0.021626,-0.917155,-0.895529,2.963471
ETH,20240823,20894,0.398179,0.023754,-0.827139,-0.803385,0.023754,-0.709756,-0.686002,0.023534,-0.788791,-0.765257,0.023534,-0.698942,-0.675408,3.509754
ETH,20240826,16766,0.3774,0.020746,-0.869207,-0.848461,0.020746,-0.880964,-0.860218,0.021311,-0.88752,-0.866208,0.021311,-0.927943,-0.906631,2.733798
ETH,20240829,20935,0.348684,0.021256,-0.846747,-0.825491,0.021256,-0.492622,-0.471366,0.021869,-0.775204,-0.753335,0.021869,-0.624481,-0.602613,3.217641
ETH,20240901,19205,0.378028,0.023556,-0.80901,-0.785453,0.023556,-0.757581,-0.734024,0.024026,-0.808029,-0.784003,0.024026,-0.796337,-0.772312,3.204347
ETH,20240904,25180,0.355289,0.02554,-0.918121,-0.892581,0.02554,-0.78839,-0.762849,0.027785,-0.877228,-0.849442,0.027785,-0.843746,-0.815961,4.038541
ETH,20240907,14243,0.357292,0.023933,-0.837756,-0.813823,0.023933,-0.822719,-0.798786,0.024488,-0.717259,-0.692771,0.024488,-0.739581,-0.715093,2.660252
ETH,20240910,14778,0.357158,0.023167,-0.789901,-0.766734,0.023167,-0.743727,-0.72056,0.023539,-0.796048,-0.772509,0.023539,-0.688423,-0.664885,2.903954
ETH,20240913,14661,0.379157,0.023464,-0.915517,-0.892053,0.023464,-0.870262,-0.846798,0.024131,-0.800932,-0.776801,0.024131,-0.882268,-0.858137,2.894965
ETH,20240916,16932,0.420924,0.024686,-0.897391,-0.872705,0.024686,-0.897692,-0.873006,0.024874,-0.919221,-0.894347,0.024874,-0.861871,-0.836997,3.269526
ETH,20240919,15890,0.42578,0.023308,-0.714603,-0.691295,0.023308,-0.716408,-0.6931,0.02356,-0.740334,-0.716774,0.02356,-0.70137,-0.67781,3.209279
ETH,20240922,12295,0.41294,0.021952,-0.78614,-0.764188,0.021952,-0.767162,-0.74521,0.022341,-0.838793,-0.816452,0.022341,-0.89676,-0.874419,2.454847
ETH,20240925,12110,0.419484,0.021131,-0.813544,-0.792412,0.021131,-0.690248,-0.669117,0.022127,-0.852503,-0.830377,0.022127,-0.884475,-0.862348,2.589874
ETH,20240928,11084,0.290303,0.020276,-0.982761,-0.962485,0.020276,-1.182188,-1.161912,0.020107,-0.835989,-0.815883,0.020107,-0.840482,-0.820376,1.727531
ETH,20241001,29365,0.316561,0.022598,-1.040613,-1.018015,0.022598,-0.834466,-0.811868,0.024178,-0.90852,-0.884342,0.024178,-0.746311,-0.722133,4.484478
ETH,20241004,18203,0.289772,0.021908,-0.879761,-0.857853,0.021908,-0.798969,-0.777061,0.02271,-0.756085,-0.733376,0.02271,-0.620137,-0.597427,2.915989
ETH,20241007,21850,0.311816,0.021427,-0.903461,-0.882034,0.021427,-0.833816,-0.812388,0.022322,-0.815357,-0.793035,0.022322,-0.753114,-0.730792,3.172835
ETH,20241010,22462,0.284352,0.022192,-0.941828,-0.919636,0.022192,-0.963308,-0.941116,0.022771,-0.80485,-0.782078,0.022771,-0.757334,-0.734563,3.000512
ETH,20241013,10688,0.275431,0.021819,-0.919796,-0.897977,0.021819,-0.876682,-0.854862,0.02189,-0.721933,-0.700042,0.02189,-0.676634,-0.654743,1.736336
ETH,20241016,20396,0.266382,0.019801,-1.013221,-0.99342,0.019801,-1.121743,-1.101942,0.020287,-0.822223,-0.801936,0.020287,-0.77063,-0.750343,2.85793
ETH,20241019,9467,0.232968,0.01919,-0.766821,-0.747631,0.01919,-0.814008,-0.794818,0.01958,-0.635843,-0.616264,0.01958,-0.661765,-0.642186,1.218845
ETH,20241022,18324,0.279574,0.02007,-0.932087,-0.912017,0.02007,-0.832859,-0.81279,0.020873,-0.791249,-0.770376,0.020873,-0.584888,-0.564015,2.68398
ETH,20241025,30981,0.291275,0.021263,-1.048859,-1.027596,0.021263,-1.341442,-1.32018,0.02208,-0.860861,-0.838781,0.02208,-1.356567,-1.334487,3.735265
ETH,20241028,16637,0.354107,0.023626,-0.953006,-0.929379,0.023626,-1.037301,-1.013675,0.023943,-0.799999,-0.776056,0.023943,-0.713028,-0.689085,3.09265
ETH,20241031,19784,0.362632,0.021472,-0.891293,-0.869821,0.021472,-0.910315,-0.888843,0.022195,-0.819599,-0.797404,0.022195,-0.875715,-0.85352,3.1849
ETH,20241103,21892,0.291671,0.021495,-0.880469,-0.858974,0.021495,-0.83742,-0.815925,0.02222,-0.657659,-0.635439,0.02222,-0.621633,-0.599413,3.039299
ETH,20241106,55419,0.312245,0.021788,-1.030991,-1.009203,0.021788,-1.033817,-1.012029,0.023002,-0.924659,-0.901657,0.023002,-1.012068,-0.989065,5.166715
ETH,20241109,35419,0.289982,0.018025,-0.890394,-0.872369,0.018025,-0.802642,-0.784617,0.01862,-0.816801,-0.798182,0.01862,-0.667537,-0.648917,3.385399
ETH,20241112,53421,0.371342,0.019801,-0.964047,-0.944246,0.019801,-1.41253,-1.392729,0.020816,-0.877917,-0.857101,0.020816,-1.232802,-1.211986,6.412484
ETH,20241115,29886,0.366895,0.017916,-0.953819,-0.935904,0.017916,-0.924921,-0.907006,0.018056,-0.903655,-0.885599,0.018056,-0.733961,-0.715905,4.347713
ETH,20241118,29624,0.382715,0.01808,-0.869497,-0.851417,0.01808,-0.900454,-0.882374,0.018608,-0.791088,-0.77248,0.018608,-0.92228,-0.903672,4.245122
ETH,20241121,41247,0.388025,0.017833,-0.774859,-0.757026,0.017833,-0.832002,-0.814169,0.018102,-0.774874,-0.756772,0.018102,-0.973079,-0.954977,4.709442
ETH,20241124,28639,0.35529,0.016532,-0.773378,-0.756847,0.016532,-0.709818,-0.693286,0.0172,-0.717781,-0.700581,0.0172,-0.67382,-0.65662,3.454688
ETH,20241127,44900,0.368569,0.016287,-0.654881,-0.638593,0.016287,-0.580102,-0.563815,0.016622,-0.597003,-0.580381,0.016622,-0.437962,-0.42134,4.243962
ETH,20241130,36982,0.322835,0.014765,-0.595865,-0.5811,0.014765,-0.543934,-0.529169,0.015205,-0.587673,-0.572468,0.015205,-0.524976,-0.50977,2.980094
ETH,20241203,41254,0.35304,0.016241,-0.67682,-0.660578,0.016241,-0.617307,-0.601065,0.016628,-0.665812,-0.649184,0.016628,-0.441033,-0.424405,3.657833
ETH,20241206,54077,0.34942,0.014955,-0.560431,-0.545476,0.014955,-0.301167,-0.286212,0.015426,-0.576691,-0.561265,0.015426,-0.339451,-0.324025,3.890428
ETH,20241209,57970,0.380401,0.022936,-0.897379,-0.874442,0.022936,-0.986265,-0.963328,0.025923,-0.810957,-0.785034,0.025923,-0.67709,-0.651167,6.77243
ETH,20241212,54643,0.335273,0.014235,-0.623336,-0.609101,0.014235,-0.723404,-0.709169,0.014625,-0.664937,-0.650312,0.014625,-0.831924,-0.817299,3.940555
ETH,20241215,26509,0.344483,0.014086,-0.654116,-0.64003,0.014086,-0.771172,-0.757086,0.013982,-0.659926,-0.645944,0.013982,-0.556605,-0.542624,2.536109
ETH,20241218,52632,0.374479,0.018185,-0.75355,-0.735365,0.018185,-0.97131,-0.953125,0.018993,-0.703177,-0.684184,0.018993,-0.814339,-0.795346,5.329986
ETH,20241221,53861,0.303594,0.017222,-0.638211,-0.620988,0.017222,-0.51971,-0.502487,0.017343,-0.709069,-0.691726,0.017343,-0.611904,-0.594562,4.469992
ETH,20241224,49908,0.28938,0.016154,-0.604397,-0.588243,0.016154,-0.575241,-0.559087,0.016085,-0.641581,-0.625496,0.016085,-0.64305,-0.626964,3.454376
ETH,20241227,48869,0.31285,0.016265,-0.653861,-0.637596,0.016265,-0.417919,-0.401654,0.016753,-0.68734,-0.670587,0.016753,-0.497815,-0.481062,3.757926
ETH,20241230,44247,0.3283,0.016444,-0.754068,-0.737624,0.016444,-0.575646,-0.559202,0.016754,-0.730353,-0.7136,0.016754,-0.638493,-0.621739,3.669493
ETH,20250102,36290,0.322188,0.015642,-0.608382,-0.59274,0.015642,-0.707966,-0.692324,0.015726,-0.586944,-0.571218,0.015726,-0.671947,-0.65622,3.031944
ETH,20250105,19541,0.30866,0.014522,-0.610633,-0.596111,0.014522,-0.583977,-0.569454,0.014729,-0.541572,-0.526843,0.014729,-0.471179,-0.456451,1.817031
ETH,20250108,46554,0.35803,0.017,-0.698832,-0.681833,0.017,-0.821106,-0.804107,0.017294,-0.654139,-0.636845,0.017294,-0.72509,-0.707796,4.410139
ETH,20250111,18591,0.308053,0.015887,-0.733422,-0.717535,0.015887,-0.603384,-0.587497,0.016082,-0.663699,-0.647617,0.016082,-0.522486,-0.506404,2.08713
ETH,20250114,25313,0.36556,0.017457,-0.757412,-0.739956,0.017457,-0.81519,-0.797733,0.018011,-0.712251,-0.69424,0.018011,-0.648924,-0.630913,3.617225
ETH,20250117,30919,0.356663,0.015695,-0.630463,-0.614768,0.015695,-0.475387,-0.459692,0.016042,-0.72218,-0.706138,0.016042,-0.616991,-0.600949,3.391635
ETH,20250120,67078,0.359115,0.022367,-0.794499,-0.772132,0.022367,-0.892231,-0.869864,0.02333,-0.835737,-0.812407,0.02333,-0.895035,-0.871705,8.274793
ETH,20250123,35869,0.383927,0.017637,-0.909664,-0.892027,0.017637,-0.783303,-0.765665,0.017813,-0.839951,-0.822138,0.017813,-0.622834,-0.605021,4.607435
ETH,20250126,15579,0.365559,0.016106,-0.788961,-0.772855,0.016106,-0.846496,-0.83039,0.016147,-0.758064,-0.741917,0.016147,-0.756776,-0.740629,2.303429
ETH,20250129,24809,0.365737,0.018041,-0.87231,-0.854269,0.018041,-1.166734,-1.148694,0.018094,-0.814703,-0.796609,0.018094,-1.197165,-1.179071,4.114559
ETH,20250201,26346,0.371784,0.01656,-0.788013,-0.771453,0.01656,-0.652022,-0.635463,0.01666,-0.70271,-0.68605,0.01666,-0.586868,-0.570208,3.30819
ETH,20250204,51003,0.416616,0.022652,-0.948709,-0.926057,0.022652,-0.887409,-0.864757,0.022524,-0.903255,-0.880731,0.022524,-0.898961,-0.876437,7.542839
ETH,20250207,35178,0.375074,0.020605,-0.875926,-0.855321,0.020605,-0.887883,-0.867278,0.020572,-0.921482,-0.90091,0.020572,-1.017251,-0.996679,5.14712
ETH,20250210,25540,0.341266,0.020636,-0.815797,-0.79516,0.020636,-0.64364,-0.623003,0.02055,-0.848154,-0.827604,0.02055,-0.709745,-0.689195,3.693855
ETH,20250213,24230,0.396512,0.019921,-0.888295,-0.868374,0.019921,-0.855508,-0.835587,0.020147,-0.817713,-0.797565,0.020147,-0.646638,-0.626491,3.799696
ETH,20250216,13953,0.349875,0.019269,-0.867959,-0.848691,0.019269,-0.819805,-0.800537,0.019249,-0.845672,-0.826423,0.019249,-0.793577,-0.774328,2.334194
ETH,20250219,18365,0.386358,0.019357,-0.792158,-0.772801,0.019357,-0.791271,-0.771914,0.019417,-0.73577,-0.716353,0.019417,-0.709264,-0.689847,2.92693
ETH,20250222,22449,0.371965,0.019435,-0.64343,-0.623995,0.019435,-0.567401,-0.547966,0.019523,-0.688326,-0.668804,0.019523,-0.735825,-0.716302,2.758989
ETH,20250225,36780,0.4123,0.027368,-0.953399,-0.926031,0.027368,-0.762597,-0.73523,0.027374,-0.822722,-0.795348,0.027374,-0.594348,-0.566974,7.653908
ETH,20250228,51075,0.374743,0.029894,-0.821492,-0.791598,0.029894,-0.705805,-0.675911,0.030677,-0.67504,-0.644363,0.030677,-0.638634,-0.607958,8.09157
ETH,20250303,41922,0.374273,0.029105,-0.824052,-0.794946,0.029105,-0.719057,-0.689951,0.029585,-0.700158,-0.670573,0.029585,-0.567659,-0.538074,6.977886
ETH,20250306,33925,0.33102,0.023754,-0.833531,-0.809777,0.023754,-0.77849,-0.754735,0.02392,-0.766716,-0.742796,0.02392,-0.689465,-0.665545,4.836467
ETH,20250309,31685,0.354368,0.02613,-0.850326,-0.824196,0.02613,-0.923898,-0.897768,0.026639,-0.811044,-0.784406,0.026639,-0.817334,-0.790696,4.914065
ETH,20250312,37586,0.383862,0.031094,-0.994085,-0.962991,0.031094,-1.199404,-1.16831,0.032501,-0.943311,-0.91081,0.032501,-1.416085,-1.383584,5.99004
ETH,20250315,11903,0.337769,0.026545,-0.936533,-0.909988,0.026545,-0.82668,-0.800135,0.02689,-0.761198,-0.734309,0.02689,-0.67524,-0.64835,2.157397
ETH,20250318,14317,0.397227,0.027434,-0.672051,-0.644617,0.027434,-0.754716,-0.727283,0.0276,-0.569241,-0.541641,0.0276,-0.697308,-0.669707,2.853843
ETH,20250321,15103,0.384679,0.026309,-0.796071,-0.769762,0.026309,-0.753099,-0.726791,0.026514,-0.710619,-0.684105,0.026514,-0.603821,-0.577307,2.766432
ETH,20250324,19276,0.40523,0.025802,-0.907938,-0.882136,0.025802,-0.96233,-0.936528,0.025948,-0.842412,-0.816464,0.025948,-0.859556,-0.833608,3.155724
ETH,20250327,13629,0.359427,0.025869,-0.889683,-0.863814,0.025869,-0.903998,-0.87813,0.026457,-0.819426,-0.792969,0.026457,-0.739761,-0.713303,2.569859
ETH,20250330,15068,0.403334,0.029372,-0.93003,-0.900658,0.029372,-0.861569,-0.832198,0.029322,-0.888506,-0.859185,0.029322,-0.952866,-0.923545,3.603857
ETH,20250402,24195,0.4518,0.031473,-0.941535,-0.910063,0.031473,-0.906298,-0.874825,0.032528,-0.923121,-0.890593,0.032528,-0.86445,-0.831922,5.152085
ETH,20250405,8993,0.384683,0.029145,-0.952551,-0.923406,0.029145,-1.247557,-1.218411,0.02893,-0.826794,-0.797864,0.02893,-1.181969,-1.153039,2.230301
ETH,20250408,30232,0.420483,0.036052,-0.930481,-0.894429,0.036052,-0.744657,-0.708605,0.036621,-0.813114,-0.776493,0.036621,-0.51645,-0.479829,5.8499
ETH,20250411,21787,0.457649,0.035291,-0.883983,-0.848692,0.035291,-1.102186,-1.066895,0.035247,-0.824624,-0.789377,0.035247,-0.928413,-0.893167,4.626949
ETH,20250414,27142,0.437649,0.033895,-1.048538,-1.014643,0.033895,-1.012345,-0.97845,0.034292,-0.960046,-0.925754,0.034292,-0.878924,-0.844633,4.806529
ETH,20250417,17214,0.413807,0.033782,-0.813097,-0.779316,0.033782,-0.656169,-0.622387,0.033729,-0.82499,-0.791261,0.033729,-0.858992,-0.825263,3.411468
ETH,20250420,10979,0.415583,0.03461,-0.862615,-0.828005,0.03461,-0.81206,-0.777451,0.035481,-0.78072,-0.745239,0.035481,-0.623492,-0.588011,2.217756
ETH,20250423,30298,0.434529,0.032131,-0.810002,-0.777871,0.032131,-0.735387,-0.703256,0.032885,-0.920933,-0.888048,0.032885,-1.052624,-1.019739,5.151968
ETH,20250426,16002,0.391617,0.029087,-0.965788,-0.936701,0.029087,-1.091884,-1.062797,0.029586,-0.899923,-0.870337,0.029586,-0.954921,-0.925335,3.012932
ETH,20250429,19934,0.437712,0.029633,-0.833152,-0.803519,0.029633,-1.106352,-1.076719,0.030193,-0.763358,-0.733165,0.030193,-0.962568,-0.932375,3.236077
ETH,20250502,15688,0.437944,0.029322,-0.823301,-0.793979,0.029322,-0.67605,-0.646728,0.028982,-0.721659,-0.692677,0.028982,-0.641873,-0.612891,2.718925
ETH,20250505,15888,0.432394,0.029202,-0.677835,-0.648633,0.029202,-0.865876,-0.836674,0.029678,-0.673203,-0.643525,0.029678,-0.792364,-0.762686,2.696272
ETH,20250508,39971,0.433881,0.029341,-0.78843,-0.759089,0.029341,-0.668594,-0.639253,0.029905,-0.74066,-0.710755,0.029905,-0.742218,-0.712313,5.935595
ETH,20250511,33438,0.412087,0.023582,-0.918619,-0.895037,0.023582,-0.935394,-0.911812,0.024214,-0.819295,-0.795081,0.024214,-0.825998,-0.801784,5.229389
ETH,20250514,29088,0.428231,0.022402,-0.812866,-0.790464,0.022402,-0.822095,-0.799692,0.022994,-0.739028,-0.716034,0.022994,-0.758488,-0.735494,4.691305
ETH,20250517,22879,0.375431,0.021932,-0.777095,-0.755163,0.021932,-0.778168,-0.756236,0.022034,-0.745514,-0.723479,0.022034,-0.705414,-0.68338,3.786664
ETH,20250520,33978,0.414007,0.021936,-0.746322,-0.724386,0.021936,-0.771409,-0.749473,0.021974,-0.767783,-0.745809,0.021974,-0.683333,-0.66136,4.199391
ETH,20250523,32722,0.463786,0.023857,-0.852688,-0.828831,0.023857,-0.796688,-0.772831,0.024185,-0.847858,-0.823673,0.024185,-0.814045,-0.789859,5.335959
ETH,20250526,16749,0.426901,0.020818,-0.864531,-0.843713,0.020818,-0.833665,-0.812847,0.021106,-0.8609,-0.839794,0.021106,-0.882488,-0.861382,2.799636
ETH,20250529,31620,0.424181,0.02118,-0.919409,-0.898228,0.02118,-0.764238,-0.743058,0.021868,-0.832556,-0.810688,0.021868,-0.696712,-0.674844,4.107329
ETH,20250601,17638,0.388932,0.021362,-0.833461,-0.812099,0.021362,-0.711348,-0.689986,0.021873,-0.812333,-0.79046,0.021873,-0.709622,-0.687749,2.773683
ETH,20250604,20017,0.462112,0.020835,-0.732004,-0.711169,0.020835,-0.732613,-0.711778,0.020658,-0.752632,-0.731974,0.020658,-0.661255,-0.640597,2.844677
ETH,20250607,10974,0.430121,0.021024,-0.857356,-0.836332,0.021024,-0.67982,-0.658796,0.021336,-0.836891,-0.815555,0.021336,-0.632508,-0.611171,2.105176
ETH,20250610,32133,0.42743,0.022043,-0.835694,-0.813651,0.022043,-0.802463,-0.780419,0.022053,-0.777461,-0.755408,0.022053,-0.624657,-0.602604,4.334772
ETH,20250613,32824,0.471677,0.02468,-0.79842,-0.77374,0.02468,-0.965894,-0.941214,0.024298,-0.840514,-0.816217,0.024298,-0.828065,-0.803767,5.7044
ETH,20250616,18718,0.48126,0.022458,-0.911836,-0.889378,0.022458,-0.762008,-0.73955,0.022457,-0.976254,-0.953797,0.022457,-0.978874,-0.956417,3.864379
ETH,20250619,13648,0.406909,0.021022,-0.856325,-0.835303,0.021022,-0.875094,-0.854072,0.021047,-0.815332,-0.794285,0.021047,-0.761373,-0.740326,2.405917
ETH,20250622,35414,0.456222,0.027842,-0.754442,-0.726599,0.027842,-0.725793,-0.697951,0.02795,-0.736221,-0.708271,0.02795,-0.450961,-0.423011,6.398472
ETH,20250625,30390,0.319132,0.022257,-0.868016,-0.845759,0.022257,-0.642785,-0.620528,0.023186,-0.778719,-0.755533,0.023186,-0.475364,-0.452178,3.375262
ETH,20250628,8287,0.369038,0.021821,-0.81163,-0.789809,0.021821,-0.933661,-0.91184,0.021688,-0.720579,-0.698891,0.021688,-0.790492,-0.768803,1.489353
ETH,20250701,17401,0.416242,0.021517,-0.676654,-0.655137,0.021517,-0.63173,-0.610213,0.021847,-0.650556,-0.628709,0.021847,-0.664722,-0.642875,2.578203
ETH,20250704,18329,0.406429,0.020758,-0.770614,-0.749855,0.020758,-0.94849,-0.927731,0.021101,-0.687521,-0.666419,0.021101,-0.807176,-0.786075,2.535234
ETH,20250707,16613,0.406031,0.021568,-0.782024,-0.760455,0.021568,-0.654209,-0.632641,0.021628,-0.753583,-0.731956,0.021628,-0.651865,-0.630237,2.672078
ETH,20250710,24834,0.447272,0.023053,-0.850865,-0.827812,0.023053,-1.071288,-1.048235,0.022305,-0.871941,-0.849636,0.022305,-0.998125,-0.97582,4.528564
ETH,20250713,17048,0.368383,0.018019,-0.846557,-0.828538,0.018019,-0.94247,-0.924451,0.01851,-0.756013,-0.737503,0.01851,-0.789594,-0.771084,2.570209
ETH,20250716,35724,0.420055,0.017851,-0.801971,-0.78412,0.017851,-0.900743,-0.882892,0.01853,-0.789794,-0.771264,0.01853,-0.870199,-0.85167,4.272871
ETH,20250719,20111,0.405197,0.015203,-0.805707,-0.790504,0.015203,-0.808817,-0.793614,0.01557,-0.79924,-0.78367,0.01557,-0.715586,-0.700016,2.851677
ETH,20250722,34119,0.455674,0.016134,-0.776763,-0.760629,0.016134,-0.964167,-0.948033,0.01638,-0.825619,-0.80924,0.01638,-0.869384,-0.853004,4.119491
ETH,20250725,42557,0.404206,0.016266,-0.914316,-0.898051,0.016266,-0.961332,-0.945067,0.016442,-0.899569,-0.883127,0.016442,-0.860369,-0.843927,4.360104
ETH,20250727,17881,0.444404,0.014805,-0.691035,-0.67623,0.014805,-0.57334,-0.558535,0.015322,-0.732629,-0.717307,0.015322,-0.679232,-0.66391,2.783509
ETH,20250728,26433,0.406221,0.014934,-0.737623,-0.722689,0.014934,-0.776464,-0.76153,0.015499,-0.753736,-0.738236,0.015499,-0.75827,-0.742771,3.437114
ETH,20250731,26755,0.409035,0.014557,-0.811379,-0.796822,0.014557,-0.703235,-0.688677,0.014528,-0.763865,-0.749338,0.014528,-0.5815,-0.566973,3.040542
ETH,20250801,36883,0.450681,0.016616,-0.820834,-0.804217,0.016616,-0.877123,-0.860506,0.016957,-0.817322,-0.800365,0.016957,-0.929925,-0.912968,4.843084
ETH,20250803,18818,0.429851,0.015708,-0.762652,-0.746944,0.015708,-0.666775,-0.651068,0.015932,-0.787419,-0.771487,0.015932,-0.667348,-0.651416,2.721395
ETH,20250806,27594,0.455594,0.015881,-0.62088,-0.604999,0.015881,-0.550609,-0.534728,0.015944,-0.645776,-0.629832,0.015944,-0.639108,-0.623164,3.035772
ETH,20250809,41298,0.416877,0.015971,-0.59209,-0.576119,0.015971,-0.697001,-0.68103,0.016252,-0.678708,-0.662456,0.016252,-0.652169,-0.635917,3.80353
ETH,20250811,42228,0.447307,0.01499,-0.581181,-0.56619,0.01499,-0.342024,-0.327033,0.015489,-0.614601,-0.599112,0.015489,-0.361202,-0.345713,4.152326
ETH,20250812,44249,0.430183,0.017049,-0.597144,-0.580095,0.017049,-0.596805,-0.579756,0.017864,-0.618768,-0.600905,0.017864,-0.595581,-0.577717,3.987887
ETH,20250815,46631,0.426498,0.015194,-0.52307,-0.507876,0.015194,-0.649445,-0.634251,0.015142,-0.55936,-0.544218,0.015142,-0.633913,-0.618771,4.152579
ETH,20250816,27694,0.372459,0.013489,-0.524109,-0.51062,0.013489,-0.565268,-0.551778,0.013497,-0.523879,-0.510383,0.013497,-0.563167,-0.54967,2.688425
ETH,20250818,46775,0.458735,0.01653,-0.562837,-0.546307,0.01653,-0.635415,-0.618885,0.016455,-0.596117,-0.579663,0.016455,-0.612275,-0.59582,4.473728
HYPE,20241206,834,0.388261,16.0979,-37.984784,-21.886884,16.0979,-49.041396,-32.943496,31.658415,-25.048663,6.609752,31.658415,-19.923592,11.734823,29.377534
HYPE,20241209,338,0.742604,17.698532,-20.088725,-2.390192,17.698532,-22.662756,-4.964224,18.863178,-19.210738,-0.34756,18.863178,-16.905179,1.957999,23.084366
HYPE,20241212,406,0.699704,11.793403,-13.478229,-1.684827,11.793403,-9.369981,2.423422,14.342364,-15.519005,-1.176641,14.342364,-11.704306,2.638058,20.949317
HYPE,20241215,597,0.690034,9.699903,-8.799353,0.90055,9.699903,-11.810983,-2.11108,11.901548,-9.448814,2.452734,11.901548,-10.71246,1.189087,24.63231
HYPE,20241218,831,0.44083,8.530836,-14.561838,-6.031002,8.530836,-18.870794,-10.339958,13.890873,-13.428851,0.462022,13.890873,-20.592898,-6.702024,23.9997
HYPE,20241221,12192,0.751032,1.785403,-1.933681,-0.148278,1.785403,-2.225612,-0.440209,1.810093,-2.041306,-0.231213,1.810093,-1.93504,-0.124947,18.316883
HYPE,20241224,16620,0.760909,1.455037,-3.198603,-1.743566,1.455037,-2.669473,-1.214436,1.495331,-2.996359,-1.501028,1.495331,-2.405557,-0.910226,14.269192
HYPE,20241227,16043,0.800706,1.44725,-2.381881,-0.93463,1.44725,-1.924563,-0.477313,1.48137,-2.369935,-0.888566,1.48137,-2.054345,-0.572975,12.389774
HYPE,20241230,12703,0.794383,0.989513,-2.047557,-1.058044,0.989513,-1.60956,-0.620047,1.006772,-2.092008,-1.085236,1.006772,-1.751756,-0.744984,9.227436
HYPE,20250102,15288,0.797571,1.270706,-1.946778,-0.676072,1.270706,-1.326638,-0.055932,1.270927,-2.021493,-0.750566,1.270927,-1.350314,-0.079387,10.949982
HYPE,20250105,11656,0.780167,0.716339,-1.8711,-1.154762,0.716339,-1.552196,-0.835858,0.718092,-1.941656,-1.223564,0.718092,-1.492339,-0.774247,6.950628
HYPE,20250108,19196,0.821267,1.747856,-2.659325,-0.911469,1.747856,-2.056988,-0.309132,1.751868,-2.668684,-0.916816,1.751868,-2.073659,-0.32179,16.810838
HYPE,20250111,12516,0.788875,1.229113,-2.260845,-1.031732,1.229113,-2.059143,-0.83003,1.253765,-2.173095,-0.91933,1.253765,-1.804487,-0.550722,8.841413
HYPE,20250114,28924,0.75934,0.384587,-2.124925,-1.740338,0.384587,-2.18547,-1.800883,0.395057,-2.099505,-1.704448,0.395057,-2.099433,-1.704376,9.903969
HYPE,20250117,20887,0.687263,0.296271,-1.66352,-1.36725,0.296271,-1.615903,-1.319632,0.303345,-1.570299,-1.266954,0.303345,-1.621913,-1.318568,6.961771
HYPE,20250120,32795,0.828267,0.507647,-2.645333,-2.137685,0.507647,-2.781217,-2.27357,0.509352,-2.634162,-2.12481,0.509352,-2.683338,-2.173986,16.228852
HYPE,20250123,31622,0.826897,0.525863,-2.734991,-2.209129,0.525863,-2.559407,-2.033544,0.53583,-2.681243,-2.145413,0.53583,-2.676932,-2.141102,16.272534
HYPE,20250126,21387,0.692997,0.28927,-2.471123,-2.181852,0.28927,-2.429652,-2.140382,0.291928,-2.442256,-2.150328,0.291928,-2.4069,-2.114972,8.631101
HYPE,20250129,21482,0.795942,0.336478,-2.389899,-2.05342,0.336478,-2.649879,-2.313401,0.334101,-2.454426,-2.120326,0.334101,-2.648206,-2.314105,9.811077
HYPE,20250201,25227,0.823531,0.282599,-2.380987,-2.098388,0.282599,-1.66602,-1.383421,0.280989,-2.426831,-2.145842,0.280989,-1.840666,-1.559677,10.099145
HYPE,20250204,40252,0.772492,0.279905,-2.539019,-2.259115,0.279905,-2.62054,-2.340635,0.280736,-2.575368,-2.294632,0.280736,-2.602587,-2.321851,12.246167
HYPE,20250207,25698,0.798298,0.282498,-2.366104,-2.083607,0.282498,-2.207796,-1.925299,0.281241,-2.379934,-2.098693,0.281241,-2.12493,-1.843689,9.456264
HYPE,20250210,14252,0.818244,0.24128,-2.268197,-2.026917,0.24128,-2.280013,-2.038733,0.240899,-2.332912,-2.092013,0.240899,-2.472755,-2.231856,6.442935
HYPE,20250213,15614,0.811662,0.225269,-1.993977,-1.768708,0.225269,-1.781242,-1.555973,0.225858,-2.017458,-1.7916,0.225858,-1.814902,-1.589044,6.363243
HYPE,20250216,8252,0.768798,0.208366,-2.35393,-2.145564,0.208366,-2.596912,-2.388545,0.21057,-2.334663,-2.124093,0.21057,-2.519285,-2.308715,4.299868
HYPE,20250219,23944,0.718013,0.255905,-2.480728,-2.224823,0.255905,-2.177383,-1.921478,0.256825,-2.489589,-2.232764,0.256825,-2.212966,-1.956141,8.107325
HYPE,20250222,4093,0.793513,0.289484,-1.529992,-1.240508,0.289484,-1.062121,-0.772637,0.277928,-1.489475,-1.211548,0.277928,-0.818175,-0.540247,3.446371
HYPE,20250225,34114,0.856402,0.474327,-2.869935,-2.395608,0.474327,-2.418963,-1.944637,0.47186,-2.844982,-2.373122,0.47186,-2.457286,-1.985426,20.615902
HYPE,20250228,32014,0.844744,0.330532,-2.415051,-2.084519,0.330532,-2.179364,-1.848832,0.333455,-2.420053,-2.086598,0.333455,-2.277262,-1.943807,11.976267
HYPE,20250303,22523,0.796421,0.399134,-2.551832,-2.152698,0.399134,-2.41849,-2.019357,0.401974,-2.640502,-2.238528,0.401974,-2.470017,-2.068043,12.287885
HYPE,20250306,17834,0.841896,0.397753,-2.54631,-2.148557,0.397753,-2.541579,-2.143826,0.398304,-2.58341,-2.185106,0.398304,-2.491877,-2.093572,10.271608
HYPE,20250309,12191,0.83006,0.407526,-2.64882,-2.241294,0.407526,-3.283723,-2.876197,0.407088,-2.689304,-2.282215,0.407088,-3.418486,-3.011398,7.906572
HYPE,20250312,19304,0.848754,0.607403,-2.636489,-2.029086,0.607403,-2.957575,-2.350172,0.607861,-2.594638,-1.986777,0.607861,-2.605442,-1.997581,12.900861
HYPE,20250315,9260,0.805094,0.385878,-2.341823,-1.955945,0.385878,-2.228138,-1.842261,0.38524,-2.373937,-1.988696,0.38524,-2.404719,-2.019479,5.751823
HYPE,20250318,9166,0.857827,0.431198,-2.38166,-1.950462,0.431198,-2.604517,-2.17332,0.429262,-2.399148,-1.969887,0.429262,-2.667278,-2.238016,6.7776
HYPE,20250321,11227,0.840191,0.401853,-2.198693,-1.79684,0.401853,-2.383704,-1.98185,0.402335,-2.195575,-1.79324,0.402335,-2.374882,-1.972547,7.029005
HYPE,20250324,12824,0.853033,0.350772,-2.433972,-2.0832,0.350772,-2.289243,-1.938471,0.351923,-2.488172,-2.136248,0.351923,-2.270821,-1.918898,7.695304
HYPE,20250327,15735,0.843547,0.419855,-2.316062,-1.896207,0.419855,-2.163652,-1.743796,0.417911,-2.312714,-1.894804,0.417911,-2.074598,-1.656687,8.118739
HYPE,20250330,7994,0.859571,0.44112,-3.277692,-2.836572,0.44112,-3.188221,-2.747101,0.439658,-3.245047,-2.805389,0.439658,-3.372644,-2.932986,6.474929
HYPE,20250402,13628,0.835249,0.490913,-2.453858,-1.962946,0.490913,-2.195748,-1.704836,0.491411,-2.403618,-1.912207,0.491411,-2.179885,-1.688474,9.703543
HYPE,20250405,8140,0.848186,0.470054,-2.252775,-1.782721,0.470054,-2.173568,-1.703514,0.471049,-2.217463,-1.746414,0.471049,-2.039322,-1.568273,6.272136
HYPE,20250408,21017,0.863396,0.476962,-2.576765,-2.099803,0.476962,-2.251146,-1.774184,0.478509,-2.595167,-2.116658,0.478509,-2.378129,-1.89962,11.017256
HYPE,20250411,21628,0.814239,0.37907,-2.427243,-2.048173,0.37907,-2.034641,-1.655571,0.38082,-2.470495,-2.089675,0.38082,-1.935363,-1.554543,9.311021
HYPE,20250414,16837,0.800139,0.351368,-2.432543,-2.081175,0.351368,-2.403625,-2.052258,0.353645,-2.467045,-2.1134,0.353645,-2.522829,-2.169184,8.354827
HYPE,20250417,13389,0.829924,0.33731,-1.976212,-1.638902,0.33731,-2.13102,-1.79371,0.338809,-1.987716,-1.648908,0.338809,-2.168456,-1.829647,7.271177
HYPE,20250420,9153,0.833425,0.30974,-1.925358,-1.615618,0.30974,-2.311115,-2.001375,0.311395,-1.92929,-1.617895,0.311395,-2.298586,-1.987191,5.051954
HYPE,20250423,13030,0.839617,0.304831,-1.738125,-1.433294,0.304831,-1.828835,-1.524005,0.305988,-1.732261,-1.426273,0.305988,-1.817321,-1.511333,6.518182
HYPE,20250426,8195,0.858415,0.296862,-1.83649,-1.539627,0.296862,-1.649538,-1.352675,0.297246,-1.860054,-1.562807,0.297246,-1.690035,-1.392788,4.632213
HYPE,20250429,9329,0.870439,0.296168,-2.299404,-2.003236,0.296168,-2.536495,-2.240327,0.297793,-2.312159,-2.014367,0.297793,-2.588177,-2.290384,5.711333
HYPE,20250502,9962,0.864836,0.267412,-1.740888,-1.473475,0.267412,-1.599736,-1.332324,0.267865,-1.731585,-1.46372,0.267865,-1.602106,-1.334241,5.842961
HYPE,20250505,8572,0.859444,0.27063,-1.77594,-1.50531,0.27063,-1.476625,-1.205995,0.270575,-1.795589,-1.525015,0.270575,-1.473925,-1.203351,5.191854
HYPE,20250508,13991,0.860484,0.271619,-1.576471,-1.304852,0.271619,-1.124769,-0.853151,0.27306,-1.601441,-1.32838,0.27306,-1.192947,-0.919887,6.454551
HYPE,20250511,18652,0.859163,0.25302,-1.715847,-1.462828,0.25302,-1.70904,-1.456021,0.25341,-1.748986,-1.495576,0.25341,-1.735285,-1.481876,7.818088
HYPE,20250514,9723,0.892632,0.216149,-1.883739,-1.66759,0.216149,-2.048797,-1.832648,0.215771,-1.902767,-1.686996,0.215771,-2.001518,-1.785747,5.483329
HYPE,20250517,13406,0.901527,0.205967,-1.714157,-1.50819,0.205967,-2.377013,-2.171046,0.205979,-1.67425,-1.468271,0.205979,-2.286485,-2.080505,5.147103
HYPE,20250520,10945,0.877567,0.206395,-1.527738,-1.321343,0.206395,-1.400647,-1.194253,0.206585,-1.492669,-1.286084,0.206585,-1.482916,-1.276331,4.93592
HYPE,20250523,33991,0.850059,0.175968,-1.846599,-1.670631,0.175968,-2.026101,-1.850133,0.176328,-1.854181,-1.677853,0.176328,-2.08277,-1.906442,9.980062
HYPE,20250526,28695,0.87228,0.149937,-1.654168,-1.50423,0.149937,-1.530026,-1.380089,0.149855,-1.675942,-1.526087,0.149855,-1.55815,-1.408295,8.015479
HYPE,20250529,22496,0.868085,0.174072,-1.816222,-1.64215,0.174072,-1.912855,-1.738783,0.174896,-1.790012,-1.615116,0.174896,-1.87579,-1.700894,8.024982
HYPE,20250601,13766,0.82748,0.163337,-1.807361,-1.644024,0.163337,-1.481375,-1.318039,0.163925,-1.852686,-1.688761,0.163925,-1.546935,-1.38301,6.379253
HYPE,20250604,14332,0.860868,0.151244,-1.923227,-1.771982,0.151244,-1.621361,-1.470116,0.150894,-1.935729,-1.784835,0.150894,-1.674242,-1.523348,6.977643
HYPE,20250607,7853,0.853019,0.15367,-1.670045,-1.516375,0.15367,-1.630852,-1.477182,0.153444,-1.647738,-1.494294,0.153444,-1.620825,-1.467381,4.666489
HYPE,20250610,21805,0.855078,0.140383,-1.713092,-1.572708,0.140383,-1.763743,-1.62336,0.13959,-1.716473,-1.576882,0.13959,-1.713143,-1.573552,7.747757
HYPE,20250613,31364,0.868611,0.141188,-2.017863,-1.876675,0.141188,-2.349928,-2.20874,0.140644,-1.99805,-1.857406,0.140644,-2.353378,-2.212734,9.84799
HYPE,20250616,20054,0.84652,0.125232,-1.570488,-1.445256,0.125232,-1.404682,-1.27945,0.125199,-1.567322,-1.442123,0.125199,-1.294123,-1.168923,6.975975
HYPE,20250619,19161,0.857956,0.142268,-1.741844,-1.599576,0.142268,-1.495484,-1.353216,0.142203,-1.740237,-1.598034,0.142203,-1.40544,-1.263237,7.303707
HYPE,20250622,28490,0.859208,0.159771,-1.861601,-1.70183,0.159771,-1.536476,-1.376706,0.159757,-1.910277,-1.75052,0.159757,-1.644051,-1.484294,10.634586
HYPE,20250625,14965,0.849285,0.138829,-1.607483,-1.468655,0.138829,-1.692775,-1.553946,0.13854,-1.593948,-1.455409,0.13854,-1.675199,-1.536659,6.761759
HYPE,20250628,5808,0.81787,0.138929,-1.593317,-1.454387,0.138929,-1.572446,-1.433517,0.139246,-1.604684,-1.465438,0.139246,-1.617582,-1.478337,3.573902
HYPE,20250701,10589,0.822495,0.137374,-1.532035,-1.394662,0.137374,-1.292548,-1.155175,0.137706,-1.511483,-1.373777,0.137706,-1.385754,-1.248048,5.513834
HYPE,20250704,7785,0.825455,0.134105,-1.426034,-1.291929,0.134105,-1.4809,-1.346795,0.134253,-1.418298,-1.284046,0.134253,-1.363699,-1.229446,4.321421
HYPE,20250707,6350,0.814767,0.132763,-1.509645,-1.376882,0.132763,-1.427041,-1.294278,0.133069,-1.518347,-1.385278,0.133069,-1.47875,-1.345681,3.754396
HYPE,20250710,8101,0.857783,0.125211,-1.395691,-1.270481,0.125211,-1.406313,-1.281103,0.125237,-1.367506,-1.242269,0.125237,-1.354425,-1.229189,4.473029
HYPE,20250713,7324,0.836694,0.111158,-1.426529,-1.315372,0.111158,-1.166356,-1.055199,0.110774,-1.481035,-1.370261,0.110774,-1.187867,-1.077093,4.287469
HYPE,20250716,9873,0.863609,0.113687,-1.688765,-1.575078,0.113687,-1.876462,-1.762775,0.114135,-1.697911,-1.583775,0.114135,-1.879065,-1.764929,4.510877
HYPE,20250719,5100,0.83971,0.117462,-1.633603,-1.516141,0.117462,-1.449186,-1.331724,0.117595,-1.610613,-1.493018,0.117595,-1.462005,-1.344411,3.732207
HYPE,20250722,9931,0.826453,0.117982,-1.591942,-1.47396,0.117982,-1.618655,-1.500673,0.118143,-1.610633,-1.49249,0.118143,-1.53531,-1.417167,6.059934
HYPE,20250725,8003,0.825992,0.121894,-1.774057,-1.652162,0.121894,-1.845411,-1.723517,0.121669,-1.802309,-1.68064,0.121669,-1.871848,-1.750179,5.419716
HYPE,20250727,4338,0.795915,0.119512,-1.582583,-1.463071,0.119512,-1.441729,-1.322217,0.119433,-1.510053,-1.39062,0.119433,-1.259365,-1.139932,3.515266
HYPE,20250728,10766,0.834278,0.120728,-1.769238,-1.648511,0.120728,-1.666822,-1.546094,0.120988,-1.767148,-1.64616,0.120988,-1.747906,-1.626917,5.901607
HYPE,20250731,9931,0.818492,0.124897,-1.931348,-1.806451,0.124897,-2.022381,-1.897484,0.123923,-1.96655,-1.842627,0.123923,-2.097818,-1.973896,5.167222
HYPE,20250801,18774,0.848165,0.136527,-1.791291,-1.654763,0.136527,-2.153856,-2.017328,0.136973,-1.756749,-1.619776,0.136973,-2.142868,-2.005895,7.706723
HYPE,20250803,9274,0.825707,0.136288,-1.61218,-1.475892,0.136288,-1.398516,-1.262228,0.135897,-1.649794,-1.513897,0.135897,-1.393475,-1.257579,4.690404
HYPE,20250806,14375,0.809738,0.144853,-1.169955,-1.025102,0.144853,-1.073495,-0.928642,0.144845,-1.211298,-1.066453,0.144845,-1.040562,-0.895717,4.833995
HYPE,20250809,15879,0.796575,0.138273,-1.052701,-0.914428,0.138273,-1.241722,-1.103449,0.138187,-1.07659,-0.938403,0.138187,-1.254217,-1.11603,4.890409
HYPE,20250811,18663,0.79067,0.138455,-0.908557,-0.770101,0.138455,-0.978941,-0.840486,0.138688,-0.933085,-0.794398,0.138688,-1.033327,-0.894639,4.858441
HYPE,20250812,18179,0.821795,0.148474,-1.17694,-1.028466,0.148474,-1.493505,-1.345031,0.147993,-1.19334,-1.045347,0.147993,-1.460063,-1.31207,5.117458
HYPE,20250815,22819,0.835365,0.172208,-0.81337,-0.641162,0.172208,-0.887748,-0.715539,0.169532,-0.881398,-0.711865,0.169532,-1.012142,-0.84261,6.771393
HYPE,20250816,11027,0.816603,0.132796,-0.982848,-0.850052,0.132796,-1.050737,-0.917941,0.132504,-1.00802,-0.875515,0.132504,-1.046003,-0.913498,3.753536
HYPE,20250818,16226,0.85771,0.153483,-0.883056,-0.729573,0.153483,-0.82363,-0.670147,0.152537,-0.879107,-0.72657,0.152537,-0.859585,-0.707048,5.091307
LINK,20230401,774,0.921576,0.676104,-1.742234,-1.066129,0.676104,-2.254025,-1.577921,0.675224,-1.696734,-1.02151,0.675224,-2.257586,-1.582362,2.241213
LINK,20230404,1122,0.929857,0.698133,-2.299209,-1.601076,0.698133,-2.561637,-1.863504,0.698983,-2.290212,-1.591229,0.698983,-2.568169,-1.869186,3.047791
LINK,20230407,626,0.917252,0.709849,-2.315203,-1.605353,0.709849,-2.940987,-2.231138,0.709899,-2.144115,-1.434216,0.709899,-2.689281,-1.979382,2.10179
LINK,20230410,869,0.91496,0.707725,-2.290292,-1.582567,0.707725,-1.76331,-1.055584,0.708614,-2.297393,-1.588779,0.708614,-1.727495,-1.018881,2.142663
LINK,20230413,1045,0.925742,0.697481,-1.516629,-0.819149,0.697481,-1.547979,-0.850498,0.697663,-1.457353,-0.75969,0.697663,-1.498008,-0.800344,2.379833
LINK,20230416,1898,0.930875,0.634668,-1.765224,-1.130556,0.634668,-1.925538,-1.290871,0.634978,-1.722419,-1.087441,0.634978,-1.85673,-1.221752,2.952892
LINK,20230419,3758,0.9471,0.781061,-2.398016,-1.616955,0.781061,-3.22371,-2.442648,0.764178,-2.416376,-1.652198,0.764178,-3.019146,-2.254968,5.660576
LINK,20230422,925,0.791135,0.712247,-2.054566,-1.342319,0.712247,-1.716728,-1.004482,0.713615,-2.157842,-1.444227,0.713615,-1.901264,-1.187649,2.378723
LINK,20230425,1642,0.769854,0.714454,-1.944724,-1.23027,0.714454,-1.830314,-1.11586,0.715461,-1.961366,-1.245905,0.715461,-1.900093,-1.184632,3.12548
LINK,20230428,1181,0.811431,0.719982,-2.109442,-1.38946,0.719982,-1.573981,-0.853999,0.721879,-2.184398,-1.462518,0.721879,-1.709781,-0.987901,2.510044
LINK,20230501,1369,0.743608,0.745337,-2.372522,-1.627186,0.745337,-2.160433,-1.415096,0.747749,-2.686769,-1.93902,0.747749,-2.120985,-1.373235,3.116069
LINK,20230504,747,0.69585,0.725426,-1.496896,-0.77147,0.725426,-1.662473,-0.937047,0.727248,-1.782932,-1.055684,0.727248,-1.875942,-1.148695,1.893201
LINK,20230507,717,0.660112,0.730127,-1.470611,-0.740484,0.730127,-0.609726,0.120401,0.734352,-1.803926,-1.069574,0.734352,-1.682598,-0.948246,2.004655
LINK,20230510,1998,0.731632,0.817142,-2.680516,-1.863374,0.817142,-1.492361,-0.675219,0.830969,-3.589083,-2.758114,0.830969,-1.250158,-0.419189,4.303959
LINK,20230513,729,0.582167,0.766492,-1.391888,-0.625396,0.766492,-0.679122,0.08737,0.768699,-1.927458,-1.158759,0.768699,-1.592721,-0.824023,1.878082
LINK,20230516,870,0.733793,0.777944,-2.371566,-1.593622,0.777944,-1.320544,-0.542599,0.774683,-2.630092,-1.855409,0.774683,-1.574144,-0.799461,2.518495
LINK,20230519,334,0.850599,0.77618,-1.414638,-0.638457,0.77618,-1.355021,-0.57884,0.772655,-1.606444,-0.833789,0.772655,-1.342006,-0.569351,1.963521
LINK,20230522,650,0.814,0.777128,-2.021151,-1.244022,0.777128,-2.649541,-1.872413,0.777822,-1.838579,-1.060757,0.777822,-2.347084,-1.569262,2.117613
LINK,20230525,476,0.761975,0.827541,-2.40249,-1.574949,0.827541,-2.32581,-1.498269,0.830953,-2.538286,-1.707334,0.830953,-2.589083,-1.75813,1.98645
LINK,20230528,533,0.862664,0.775543,-1.782779,-1.007237,0.775543,-1.398436,-0.622893,0.777253,-2.098651,-1.321398,0.777253,-1.703526,-0.926273,1.842888
LINK,20230531,666,0.834535,0.80493,-1.620288,-0.815358,0.80493,-1.32646,-0.52153,0.803414,-2.034226,-1.230812,0.803414,-1.103023,-0.299608,2.235513
LINK,20230603,264,0.768182,0.786077,-0.863641,-0.077564,0.786077,-0.754173,0.031904,0.788089,-1.044347,-0.256258,0.788089,-1.024824,-0.236735,1.234753
LINK,20230606,824,0.905947,0.827219,-1.420348,-0.593129,0.827219,-1.250746,-0.423527,0.827402,-1.51947,-0.692068,0.827402,-1.398921,-0.57152,2.498852
LINK,20230609,446,0.852915,0.846927,-1.139496,-0.292569,0.846927,-0.631872,0.215054,0.844497,-1.153913,-0.309416,0.844497,-0.725534,0.118963,2.061983
LINK,20230612,720,0.940556,0.987964,-2.394081,-1.406117,0.987964,-1.800887,-0.812922,0.988768,-2.353869,-1.365101,0.988768,-1.695311,-0.706542,3.42804
LINK,20230615,1134,0.884215,0.961085,-2.395348,-1.434263,0.961085,-2.786239,-1.825154,0.963286,-2.35557,-1.392284,0.963286,-2.704952,-1.741666,3.64389
LINK,20230618,772,0.777073,0.987046,-4.767349,-3.780302,0.987046,-3.79285,-2.805804,0.993245,-4.964981,-3.971736,0.993245,-3.322225,-2.32898,3.268795
LINK,20230621,1386,0.949784,0.928149,-2.167872,-1.239723,0.928149,-2.02691,-1.09876,0.928104,-2.207614,-1.27951,0.928104,-2.122614,-1.19451,3.823756
LINK,20230624,1575,0.942413,0.844116,-2.517097,-1.672981,0.844116,-2.80764,-1.963523,0.845323,-2.628035,-1.782713,0.845323,-2.998987,-2.153664,3.575204
LINK,20230627,1040,0.952212,0.8224,-2.114453,-1.292052,0.8224,-2.169242,-1.346842,0.822181,-2.160956,-1.338776,0.822181,-2.198995,-1.376814,3.273768
LINK,20230630,3594,0.963439,0.883192,-3.259506,-2.376315,0.883192,-2.449139,-1.565948,0.884124,-3.432822,-2.548699,0.884124,-2.716662,-1.832538,6.596081
LINK,20230703,1240,0.938145,0.767635,-2.040414,-1.272778,0.767635,-1.764108,-0.996472,0.768282,-2.127359,-1.359077,0.768282,-1.795616,-1.027333,3.427956
LINK,20230706,1425,0.927439,0.807517,-2.147436,-1.339919,0.807517,-2.42061,-1.613093,0.807974,-2.090591,-1.282616,0.807974,-2.366768,-1.558793,3.909084
LINK,20230709,446,0.82287,0.816223,-1.997641,-1.181417,0.816223,-1.606536,-0.790313,0.817864,-1.905706,-1.087843,0.817864,-1.496891,-0.679028,1.991352
LINK,20230712,729,0.941427,0.817097,-2.167076,-1.349979,0.817097,-2.185914,-1.368817,0.818138,-2.187578,-1.36944,0.818138,-2.332757,-1.514619,2.640307
LINK,20230715,1012,0.936265,0.729348,-2.31724,-1.587892,0.729348,-1.861189,-1.131841,0.729954,-2.394883,-1.664929,0.729954,-1.840643,-1.110689,2.666339
LINK,20230718,2924,0.960568,0.719856,-2.226602,-1.506747,0.719856,-1.381289,-0.661433,0.719945,-2.267826,-1.547881,0.719945,-1.424718,-0.704773,4.722891
LINK,20230721,5253,0.970188,0.618584,-1.524621,-0.906037,0.618584,-1.304783,-0.686199,0.618785,-1.542447,-0.923662,0.618785,-1.278809,-0.660024,5.032324
LINK,20230724,2359,0.966214,0.689588,-1.451121,-0.761532,0.689588,-1.810275,-1.120686,0.690171,-1.588304,-0.898133,0.690171,-2.18798,-1.497809,3.577027
LINK,20230727,2991,0.952056,0.632912,-1.768257,-1.135344,0.632912,-1.428725,-0.795813,0.633115,-1.771404,-1.138289,0.633115,-1.425163,-0.792048,3.730151
LINK,20230730,1498,0.954473,0.697368,-2.163827,-1.46646,0.697368,-3.201779,-2.504411,0.698261,-2.164791,-1.466531,0.698261,-3.387374,-2.689113,2.858525
LINK,20230802,1745,0.935817,0.687951,-2.023693,-1.335741,0.687951,-1.845611,-1.15766,0.689685,-2.033319,-1.343634,0.689685,-1.746826,-1.057141,3.349683
LINK,20230805,712,0.926545,0.704637,-1.819952,-1.115315,0.704637,-2.212703,-1.508065,0.705325,-1.871964,-1.166639,0.705325,-2.136342,-1.431017,1.888762
LINK,20230808,1846,0.937324,0.68444,-1.829412,-1.144973,0.68444,-1.521465,-0.837025,0.684954,-1.864209,-1.179255,0.684954,-1.579611,-0.894657,3.218562
LINK,20230811,618,0.934951,0.665929,-1.611282,-0.945353,0.665929,-1.506136,-0.840207,0.666106,-1.556838,-0.890732,0.666106,-1.487241,-0.821135,1.786151
LINK,20230814,1061,0.931103,0.675545,-1.706842,-1.031297,0.675545,-1.952736,-1.27719,0.674777,-1.708857,-1.03408,0.674777,-1.965404,-1.290627,2.527716
LINK,20230817,3520,0.966705,1.001014,-2.249142,-1.248128,1.001014,-2.518658,-1.517644,1.003239,-2.290915,-1.287676,1.003239,-2.492447,-1.489208,7.74599
LINK,20230820,488,0.946721,0.819853,-2.039264,-1.219411,0.819853,-1.821117,-1.001265,0.820404,-2.061466,-1.241062,0.820404,-1.865861,-1.045457,1.892381
LINK,20230823,1313,0.949581,0.804152,-1.8613,-1.057148,0.804152,-1.924459,-1.120308,0.804734,-1.846292,-1.041558,0.804734,-1.815886,-1.011152,3.005122
LINK,20230826,378,0.984656,0.839677,-2.374957,-1.53528,0.839677,-2.751958,-1.912282,0.839775,-2.395526,-1.555751,0.839775,-2.782915,-1.94314,1.534201
LINK,20230829,2033,0.957698,0.846872,-2.452326,-1.605453,0.846872,-1.147181,-0.300309,0.847978,-2.50657,-1.658592,0.847978,-1.222609,-0.374631,3.703874
LINK,20230901,1192,0.946309,0.847687,-2.518132,-1.670445,0.847687,-2.428639,-1.580952,0.847977,-2.555161,-1.707184,0.847977,-2.45506,-1.607083,3.11534
LINK,20230904,787,0.962008,0.830956,-1.943306,-1.11235,0.830956,-2.01035,-1.179394,0.829949,-1.92267,-1.092721,0.829949,-2.026012,-1.196063,2.547993
LINK,20230907,1163,0.960877,0.799497,-2.330173,-1.530675,0.799497,-2.413375,-1.613878,0.799801,-2.345477,-1.545676,0.799801,-2.399544,-1.599742,2.52858
LINK,20230910,1021,0.953967,0.843189,-2.524557,-1.681367,0.843189,-2.647928,-1.804739,0.843936,-2.541514,-1.697578,0.843936,-2.693164,-1.849228,2.868966
LINK,20230913,813,0.938376,0.840524,-2.540581,-1.700057,0.840524,-2.874979,-2.034455,0.84088,-2.55554,-1.71466,0.84088,-2.913052,-2.072172,2.920312
LINK,20230916,612,0.895915,0.803085,-2.223284,-1.420199,0.803085,-2.215134,-1.412048,0.800881,-2.068729,-1.267848,0.800881,-1.969621,-1.16874,2.045471
LINK,20230919,1794,0.967113,0.743628,-2.110037,-1.366409,0.743628,-1.841585,-1.097958,0.743839,-2.106833,-1.362994,0.743839,-1.786836,-1.042997,3.794641
LINK,20230922,1234,0.937277,0.74086,-2.218152,-1.477292,0.74086,-2.115971,-1.375112,0.740914,-2.173145,-1.432231,0.740914,-2.05419,-1.313276,2.869163
LINK,20230925,2258,0.969619,0.69805,-1.961076,-1.263027,0.69805,-1.890068,-1.192019,0.698496,-1.959637,-1.261142,0.698496,-1.864579,-1.166083,3.92622
LINK,20230928,3028,0.969089,0.665101,-2.049285,-1.384184,0.665101,-2.002386,-1.337285,0.664971,-2.074765,-1.409794,0.664971,-2.07744,-1.41247,4.419756
LINK,20231001,2858,0.979041,0.64035,-1.654736,-1.014386,0.64035,-1.822901,-1.182551,0.63892,-1.630476,-0.991556,0.63892,-1.784216,-1.145296,3.836282
LINK,20231004,3614,0.968318,0.683292,-1.80517,-1.121878,0.683292,-2.021609,-1.338317,0.682387,-1.803628,-1.121241,0.682387,-2.11972,-1.437333,4.713415
LINK,20231007,943,0.945387,0.669814,-1.94201,-1.272196,0.669814,-1.939843,-1.270029,0.67042,-1.944986,-1.274567,0.67042,-1.887196,-1.216777,2.255769
LINK,20231010,1176,0.969983,0.694758,-1.969624,-1.274866,0.694758,-2.432582,-1.737824,0.694931,-2.008195,-1.313264,0.694931,-2.440338,-1.745407,3.099898
LINK,20231013,1160,0.970948,0.696691,-2.185463,-1.488773,0.696691,-2.252361,-1.555671,0.696239,-2.17277,-1.476531,0.696239,-2.377317,-1.681078,2.905153
LINK,20231016,2317,0.957272,0.693673,-1.588873,-0.895201,0.693673,-1.437272,-0.7436,0.691673,-1.423956,-0.732283,0.691673,-1.292496,-0.600823,3.765554
LINK,20231019,763,0.95308,0.692828,-2.249188,-1.55636,0.692828,-1.722455,-1.029626,0.693297,-2.256722,-1.563424,0.693297,-1.762492,-1.069195,2.164029
LINK,20231022,10266,0.97555,0.563865,-1.835835,-1.27197,0.563865,-2.005573,-1.441708,0.563085,-1.795629,-1.232544,0.563085,-1.993088,-1.430003,9.00271
LINK,20231025,13702,0.971493,0.488344,-2.347583,-1.859239,0.488344,-1.822786,-1.334442,0.488298,-2.354374,-1.866076,0.488298,-1.890581,-1.402283,10.225447
LINK,20231028,6368,0.9712,0.460069,-1.926762,-1.466694,0.460069,-1.851898,-1.391829,0.460448,-1.957238,-1.49679,0.460448,-1.942269,-1.481821,5.602432
LINK,20231031,8868,0.966915,0.456417,-1.9555,-1.499083,0.456417,-2.626487,-2.17007,0.456567,-1.977633,-1.521065,0.456567,-2.59197,-2.135403,6.717849
LINK,20231103,6236,0.96145,0.467704,-2.00195,-1.534247,0.467704,-1.378791,-0.911087,0.467807,-1.984991,-1.517184,0.467807,-1.417612,-0.949804,5.842097
LINK,20231106,9636,0.959008,0.425034,-1.829645,-1.404611,0.425034,-1.723343,-1.298309,0.424583,-1.877264,-1.452681,0.424583,-1.789054,-1.364471,6.791034
LINK,20231109,19774,0.949899,0.451176,-1.734443,-1.283267,0.451176,-2.352664,-1.901488,0.445697,-1.740142,-1.294445,0.445697,-2.275187,-1.82949,10.955395
LINK,20231112,9962,0.935053,0.350319,-1.904154,-1.553835,0.350319,-1.622632,-1.272313,0.349656,-1.925867,-1.576211,0.349656,-1.688115,-1.338459,6.99106
LINK,20231115,10955,0.948626,0.364329,-1.578302,-1.213973,0.364329,-1.279515,-0.915186,0.363825,-1.638204,-1.274379,0.363825,-1.380929,-1.017104,6.246298
LINK,20231118,6202,0.952789,0.386352,-1.734534,-1.348182,0.386352,-1.44963,-1.063278,0.386572,-1.738718,-1.352146,0.386572,-1.499158,-1.112586,4.898229
LINK,20231121,12005,0.954036,0.39345,-1.892966,-1.499516,0.39345,-1.490757,-1.097307,0.392766,-1.938568,-1.545802,0.392766,-1.642682,-1.249917,7.429496
LINK,20231124,4364,0.951352,0.364858,-1.433567,-1.068709,0.364858,-1.278236,-0.913378,0.364222,-1.443745,-1.079522,0.364222,-1.287408,-0.923185,3.790968
LINK,20231127,6830,0.961362,0.368089,-1.803062,-1.434972,0.368089,-1.716746,-1.348656,0.367555,-1.785477,-1.417922,0.367555,-1.699548,-1.331993,4.706982
LINK,20231130,4178,0.953351,0.367934,-1.78529,-1.417356,0.367934,-1.406995,-1.039061,0.367889,-1.770684,-1.402796,0.367889,-1.405706,-1.037818,3.773584
LINK,20231203,5706,0.94688,0.336912,-1.630554,-1.293642,0.336912,-1.630668,-1.293757,0.33754,-1.638166,-1.300626,0.33754,-1.628227,-1.290687,3.483321
LINK,20231206,8804,0.944048,0.346658,-1.802396,-1.455739,0.346658,-1.98428,-1.637623,0.346287,-1.824303,-1.478017,0.346287,-2.036884,-1.690597,5.410814
LINK,20231209,7107,0.937175,0.348978,-1.41174,-1.062762,0.348978,-1.009277,-0.660299,0.347569,-1.371994,-1.024425,0.347569,-0.952721,-0.605152,5.484225
LINK,20231212,7012,0.9499,0.36705,-1.681712,-1.314662,0.36705,-1.47425,-1.1072,0.36575,-1.683145,-1.317395,0.36575,-1.482433,-1.116683,5.003005
LINK,20231215,5565,0.931986,0.361325,-1.792161,-1.430836,0.361325,-1.662904,-1.301579,0.361888,-1.752767,-1.390879,0.361888,-1.624672,-1.262784,4.03913
LINK,20231218,8171,0.951205,0.39772,-1.865613,-1.467893,0.39772,-1.892904,-1.495184,0.397632,-1.898283,-1.500651,0.397632,-1.853055,-1.455423,6.212263
LINK,20231221,5574,0.938213,0.358585,-1.53742,-1.178835,0.358585,-1.437855,-1.07927,0.359314,-1.537225,-1.17791,0.359314,-1.510513,-1.151199,4.51041
LINK,20231224,5952,0.937735,0.352168,-1.957034,-1.604866,0.352168,-2.121141,-1.768974,0.35286,-1.960412,-1.607553,0.35286,-2.146639,-1.79378,4.914307
LINK,20231227,8771,0.939323,0.340657,-1.634831,-1.294174,0.340657,-1.711241,-1.370584,0.340756,-1.667926,-1.32717,0.340756,-1.751383,-1.410627,5.657532
LINK,20231230,4183,0.925173,0.339981,-1.646833,-1.306851,0.339981,-1.996118,-1.656136,0.339886,-1.649925,-1.310039,0.339886,-1.963082,-1.623196,3.219345
LINK,20240102,5663,0.91953,0.344678,-1.354316,-1.009638,0.344678,-1.49518,-1.150502,0.345332,-1.368605,-1.023273,0.345332,-1.485867,-1.140535,4.084912
LINK,20240105,6705,0.917465,0.463019,-2.250092,-1.787073,0.463019,-2.313008,-1.849989,0.468504,-2.232671,-1.764167,0.468504,-2.266216,-1.797712,6.681274
LINK,20240108,8314,0.900565,0.421659,-1.938002,-1.516343,0.421659,-1.981287,-1.559628,0.424863,-1.962188,-1.537325,0.424863,-1.990674,-1.565811,6.457657
LINK,20240111,7378,0.927474,0.381211,-1.594255,-1.213044,0.381211,-1.73763,-1.35642,0.382541,-1.60849,-1.22595,0.382541,-1.790896,-1.408355,5.535796
LINK,20240114,7558,0.9215,0.356819,-1.675456,-1.318637,0.356819,-1.655833,-1.299014,0.355937,-1.742888,-1.386951,0.355937,-1.808546,-1.452609,5.300024
LINK,20240117,9690,0.924778,0.340775,-1.594769,-1.253994,0.340775,-1.541539,-1.200764,0.339867,-1.606218,-1.266351,0.339867,-1.52643,-1.186563,5.656881
LINK,20240120,10548,0.908694,0.359877,-1.670336,-1.310459,0.359877,-1.550594,-1.190716,0.359631,-1.698855,-1.339225,0.359631,-1.571578,-1.211947,5.341895
LINK,20240123,10528,0.918123,0.391816,-1.604452,-1.212635,0.391816,-1.646238,-1.254421,0.391567,-1.614227,-1.22266,0.391567,-1.64926,-1.257693,5.804896
LINK,20240126,4873,0.909255,0.373586,-1.378484,-1.004898,0.373586,-1.281461,-0.907874,0.373194,-1.402199,-1.029005,0.373194,-1.326551,-0.953357,3.329921
LINK,20240129,5959,0.920289,0.356007,-1.58787,-1.231863,0.356007,-1.622698,-1.266691,0.356637,-1.598404,-1.241767,0.356637,-1.630444,-1.273807,4.060467
LINK,20240201,15214,0.909255,0.368336,-1.193821,-0.825485,0.368336,-1.072582,-0.704245,0.370122,-1.255609,-0.885487,0.370122,-1.111503,-0.741381,6.682086
LINK,20240204,11503,0.89102,0.306043,-1.191117,-0.885074,0.306043,-1.301283,-0.995241,0.306686,-1.213574,-0.906888,0.306686,-1.223378,-0.916692,4.768345
LINK,20240207,10567,0.918274,0.290675,-1.287543,-0.996869,0.290675,-1.290199,-0.999524,0.291159,-1.276976,-0.985817,0.291159,-1.278362,-0.987203,3.947111
LINK,20240210,7333,0.91091,0.286605,-1.351261,-1.064656,0.286605,-0.989996,-0.703391,0.286707,-1.346634,-1.059927,0.286707,-1.053454,-0.766747,3.196468
LINK,20240213,11169,0.935634,0.279978,-1.083585,-0.803607,0.279978,-0.994356,-0.714377,0.279007,-1.108231,-0.829224,0.279007,-1.043724,-0.764717,4.321666
LINK,20240216,8168,0.931807,0.272252,-1.188944,-0.916691,0.272252,-1.242791,-0.970539,0.272561,-1.191719,-0.919158,0.272561,-1.271983,-0.999422,3.748927
LINK,20240219,7109,0.916683,0.270324,-1.248312,-0.977988,0.270324,-1.265906,-0.995583,0.270412,-1.245672,-0.97526,0.270412,-1.24262,-0.972208,3.549743
LINK,20240222,6767,0.922551,0.28524,-1.391309,-1.10607,0.28524,-0.972136,-0.686897,0.285513,-1.414909,-1.129396,0.285513,-1.012011,-0.726498,4.01281
LINK,20240225,5388,0.902376,0.283229,-1.333293,-1.050064,0.283229,-1.118191,-0.834962,0.282814,-1.334586,-1.051772,0.282814,-1.048921,-0.766106,2.608312
LINK,20240228,17797,0.883138,0.431407,-1.215617,-0.784211,0.431407,-0.894379,-0.462972,0.416649,-1.247923,-0.831273,0.416649,-1.331226,-0.914577,9.192675
LINK,20240302,11819,0.907124,0.258192,-1.429981,-1.17179,0.258192,-1.199008,-0.940816,0.258618,-1.514082,-1.255464,0.258618,-1.331248,-1.07263,5.061045
LINK,20240305,26134,0.928078,0.497,-1.757276,-1.260276,0.497,-1.139379,-0.642378,0.474266,-1.793974,-1.319708,0.474266,-1.562966,-1.0887,12.728569
LINK,20240308,10753,0.895527,0.373608,-1.381225,-1.007617,0.373608,-1.696053,-1.322445,0.36877,-1.5603,-1.19153,0.36877,-1.596994,-1.228225,5.62992
LINK,20240311,17656,0.892818,0.335128,-1.446431,-1.111303,0.335128,-1.476248,-1.14112,0.333037,-1.534831,-1.201794,0.333037,-1.696662,-1.363626,8.055235
LINK,20240314,15984,0.856594,0.368377,-1.259999,-0.891622,0.368377,-1.142786,-0.774409,0.359211,-1.375941,-1.01673,0.359211,-1.312767,-0.953556,7.051112
LINK,20240317,10224,0.871968,0.345789,-1.68145,-1.335661,0.345789,-1.425634,-1.079845,0.344411,-1.709819,-1.365409,0.344411,-1.490996,-1.146586,5.020806
LINK,20240320,13220,0.859493,0.40663,-1.310778,-0.904148,0.40663,-1.536097,-1.129467,0.39854,-1.468316,-1.069776,0.39854,-1.645704,-1.247164,7.121105
LINK,20240323,6943,0.881089,0.310985,-1.701249,-1.390264,0.310985,-1.745895,-1.434911,0.311042,-1.735905,-1.424864,0.311042,-1.820653,-1.509612,3.518531
LINK,20240326,10566,0.862871,0.291584,-1.555126,-1.263542,0.291584,-1.394692,-1.103109,0.290697,-1.56827,-1.277573,0.290697,-1.3378,-1.047104,4.543313
LINK,20240329,5932,0.894319,0.283153,-1.441223,-1.158069,0.283153,-1.385931,-1.102778,0.283984,-1.452763,-1.168779,0.283984,-1.441648,-1.157664,3.225117
LINK,20240401,7980,0.904762,0.334124,-1.661273,-1.327149,0.334124,-1.542307,-1.208183,0.335089,-1.686566,-1.351477,0.335089,-1.510356,-1.175267,4.658503
LINK,20240404,5499,0.868012,0.309105,-1.497755,-1.18865,0.309105,-1.104272,-0.795167,0.309199,-1.517258,-1.208058,0.309199,-1.292289,-0.98309,3.638773
LINK,20240407,3934,0.846594,0.299947,-1.303729,-1.003782,0.299947,-1.111574,-0.811627,0.300696,-1.400813,-1.100117,0.300696,-1.198532,-0.897836,2.405871
LINK,20240410,6006,0.911122,0.340894,-1.434821,-1.093927,0.340894,-1.947654,-1.60676,0.338906,-1.525313,-1.186408,0.338906,-2.061167,-1.722261,4.08106
LINK,20240413,12883,0.931972,0.89257,-2.318111,-1.425541,0.89257,-2.931876,-2.039306,0.891862,-2.406319,-1.514458,0.891862,-3.029784,-2.137922,13.22909
LINK,20240416,6469,0.925166,0.45577,-1.806156,-1.350386,0.45577,-1.786036,-1.330266,0.454622,-1.834794,-1.380172,0.454622,-1.721492,-1.26687,6.460965
LINK,20240419,6275,0.904143,0.494585,-1.769114,-1.27453,0.494585,-1.5962,-1.101616,0.493994,-1.866081,-1.372087,0.493994,-1.747203,-1.253209,6.402037
LINK,20240422,6359,0.907375,0.380935,-1.679161,-1.298226,0.380935,-1.770795,-1.38986,0.382127,-1.70096,-1.318833,0.382127,-1.733653,-1.351525,4.508941
LINK,20240425,4822,0.917731,0.37223,-1.712534,-1.340304,0.37223,-1.532323,-1.160093,0.372945,-1.728428,-1.355483,0.372945,-1.548154,-1.175209,4.648364
LINK,20240428,3487,0.900574,0.390503,-1.653563,-1.263061,0.390503,-2.054942,-1.66444,0.391798,-1.673025,-1.281228,0.391798,-2.032758,-1.64096,2.919915
LINK,20240501,6557,0.908479,0.502426,-1.96436,-1.461934,0.502426,-1.796349,-1.293923,0.502444,-1.970165,-1.467722,0.502444,-1.845688,-1.343244,6.682845
LINK,20240504,3145,0.919364,0.37475,-1.717164,-1.342414,0.37475,-1.762399,-1.387649,0.375103,-1.728983,-1.35388,0.375103,-1.786437,-1.411334,2.760744
LINK,20240507,3710,0.893127,0.384295,-1.829805,-1.44551,0.384295,-1.651915,-1.26762,0.38568,-1.820235,-1.434555,0.38568,-1.684265,-1.298585,3.6569
LINK,20240510,3584,0.900195,0.40444,-1.68972,-1.28528,0.40444,-1.421195,-1.016754,0.404362,-1.721367,-1.317004,0.404362,-1.548394,-1.144032,3.5898
LINK,20240513,4444,0.924662,0.402087,-1.826331,-1.424244,0.402087,-1.99102,-1.588933,0.403056,-1.827382,-1.424326,0.403056,-1.933133,-1.530077,3.887488
LINK,20240516,9531,0.924992,0.482021,-2.018417,-1.536396,0.482021,-1.886888,-1.404867,0.479808,-2.01552,-1.535712,0.479808,-1.893098,-1.41329,5.924064
LINK,20240519,11274,0.918467,0.380482,-1.447269,-1.066786,0.380482,-1.425657,-1.045175,0.382554,-1.409153,-1.026599,0.382554,-1.343577,-0.961022,5.084928
LINK,20240522,8549,0.923476,0.327063,-1.67847,-1.351407,0.327063,-1.557572,-1.23051,0.328207,-1.69605,-1.367843,0.328207,-1.525245,-1.197037,4.464634
LINK,20240525,5981,0.901756,0.312044,-1.411412,-1.099369,0.312044,-1.195701,-0.883658,0.313006,-1.42078,-1.107774,0.313006,-1.192936,-0.87993,2.90819
LINK,20240528,10719,0.929098,0.303587,-1.369073,-1.065486,0.303587,-1.277682,-0.974096,0.304576,-1.385024,-1.080448,0.304576,-1.330987,-1.026411,5.226675
LINK,20240531,8024,0.903328,0.298098,-1.258824,-0.960726,0.298098,-1.37652,-1.078422,0.298775,-1.295049,-0.996275,0.298775,-1.336777,-1.038002,3.652254
LINK,20240603,5128,0.934867,0.29125,-1.410244,-1.118993,0.29125,-1.358456,-1.067206,0.291354,-1.420311,-1.128957,0.291354,-1.403723,-1.112368,3.599851
LINK,20240606,4168,0.904007,0.309224,-1.066547,-0.757323,0.309224,-1.097271,-0.788047,0.300484,-1.142826,-0.842342,0.300484,-1.146745,-0.846261,2.644219
LINK,20240609,2118,0.894004,0.318199,-1.415264,-1.097065,0.318199,-1.468477,-1.150278,0.31879,-1.434869,-1.11608,0.31879,-1.490104,-1.171315,2.142335
LINK,20240612,6530,0.932404,0.409426,-1.32433,-0.914903,0.409426,-1.173286,-0.763859,0.413628,-1.394256,-0.980628,0.413628,-1.287517,-0.873889,5.040448
LINK,20240615,2375,0.9032,0.339911,-1.676799,-1.336888,0.339911,-1.94457,-1.604659,0.340073,-1.698041,-1.357968,0.340073,-1.92898,-1.588907,2.389521
LINK,20240618,11506,0.893456,0.508301,-1.453889,-0.945589,0.508301,-1.087989,-0.579689,0.51508,-1.370898,-0.855818,0.51508,-1.040379,-0.525299,7.250462
LINK,20240621,4112,0.934922,0.367862,-1.564585,-1.196723,0.367862,-1.886468,-1.518607,0.368537,-1.565316,-1.196779,0.368537,-1.906043,-1.537506,4.577673
LINK,20240624,6654,0.940757,0.433775,-1.64882,-1.215045,0.433775,-1.833635,-1.39986,0.434443,-1.667002,-1.232559,0.434443,-1.885387,-1.450944,5.531821
LINK,20240627,3994,0.898498,0.374777,-1.457217,-1.082441,0.374777,-1.72107,-1.346293,0.375717,-1.457984,-1.082267,0.375717,-1.761041,-1.385324,3.348592
LINK,20240630,3816,0.839125,0.370018,-1.318783,-0.948765,0.370018,-1.28864,-0.918622,0.371288,-1.320047,-0.948759,0.371288,-1.276811,-0.905523,2.888707
LINK,20240703,8124,0.910943,0.374083,-1.57648,-1.202397,0.374083,-1.632988,-1.258905,0.374634,-1.590248,-1.215614,0.374634,-1.642473,-1.267839,4.669804
LINK,20240706,8284,0.775809,0.416122,-1.231217,-0.815095,0.416122,-1.355118,-0.938996,0.417765,-1.357044,-0.939279,0.417765,-1.504951,-1.087185,4.070385
LINK,20240709,7157,0.89891,0.419267,-1.29567,-0.876403,0.419267,-1.454457,-1.03519,0.420992,-1.287161,-0.866169,0.420992,-1.486828,-1.065836,4.94031
LINK,20240712,5277,0.91463,0.418498,-1.367819,-0.949321,0.418498,-1.30572,-0.887223,0.419632,-1.386408,-0.966776,0.419632,-1.345967,-0.926334,3.638151
LINK,20240715,5165,0.920387,0.380857,-1.398998,-1.01814,0.380857,-1.451232,-1.070375,0.381825,-1.37129,-0.989465,0.381825,-1.470306,-1.088481,3.805481
LINK,20240718,4089,0.917119,0.371921,-1.351821,-0.979899,0.371921,-1.327439,-0.955518,0.372431,-1.380324,-1.007893,0.372431,-1.301695,-0.929264,3.601275
LINK,20240721,5185,0.937705,0.362007,-1.641688,-1.279681,0.362007,-1.722236,-1.360229,0.362781,-1.65321,-1.290428,0.362781,-1.734459,-1.371678,4.508737
LINK,20240724,3570,0.937199,0.388531,-1.506621,-1.11809,0.388531,-1.455771,-1.06724,0.388024,-1.462566,-1.074543,0.388024,-1.413377,-1.025353,3.38414
LINK,20240727,2641,0.932071,0.37461,-1.340265,-0.965655,0.37461,-1.228079,-0.853469,0.375003,-1.367986,-0.992983,0.375003,-1.239378,-0.864375,3.082706
LINK,20240730,4459,0.752635,0.378302,-1.63724,-1.258938,0.378302,-1.7705,-1.392199,0.380051,-1.523983,-1.143932,0.380051,-1.671749,-1.291698,3.558021
LINK,20240802,8020,0.684589,0.413761,-1.750582,-1.336821,0.413761,-2.258051,-1.84429,0.415931,-1.817742,-1.401811,0.415931,-1.913871,-1.49794,5.215071
LINK,20240805,24163,0.937028,0.74786,-1.928965,-1.181105,0.74786,-1.035845,-0.287985,0.753329,-1.945789,-1.19246,0.753329,-0.887502,-0.134173,15.261122
LINK,20240808,6940,0.84111,0.504317,-2.054244,-1.549927,0.504317,-2.121823,-1.617506,0.505331,-2.010905,-1.505574,0.505331,-2.03053,-1.525199,5.666888
LINK,20240811,4033,0.803422,0.48381,-1.591687,-1.107877,0.48381,-1.378697,-0.894887,0.484523,-1.560115,-1.075592,0.484523,-1.416774,-0.932251,3.777715
LINK,20240814,4260,0.858521,0.483028,-1.740501,-1.257473,0.483028,-1.672969,-1.189942,0.483562,-1.674733,-1.191171,0.483562,-1.595923,-1.112362,4.077145
LINK,20240817,2716,0.771097,0.496428,-1.478019,-0.981591,0.496428,-1.428503,-0.932075,0.496786,-1.491269,-0.994482,0.496786,-1.463304,-0.966517,2.493546
LINK,20240820,4788,0.790184,0.490863,-1.621618,-1.130754,0.490863,-1.494307,-1.003443,0.491336,-1.622824,-1.131488,0.491336,-1.496247,-1.004911,3.438952
LINK,20240823,5054,0.859023,0.435046,-1.51804,-1.082994,0.435046,-1.616051,-1.181004,0.436487,-1.484803,-1.048316,0.436487,-1.548342,-1.111854,4.188059
LINK,20240826,6089,0.95014,0.4192,-1.51027,-1.09107,0.4192,-1.349203,-0.930003,0.41938,-1.530697,-1.111316,0.41938,-1.354974,-0.935593,4.994241
LINK,20240829,3962,0.799369,0.452229,-1.622791,-1.170562,0.452229,-1.713811,-1.261582,0.45303,-1.517063,-1.064033,0.45303,-1.650703,-1.197673,3.531057
LINK,20240901,4589,0.807474,0.472023,-1.803471,-1.331448,0.472023,-2.177995,-1.705973,0.472688,-1.765953,-1.293265,0.472688,-2.163276,-1.690588,3.615997
LINK,20240904,4605,0.812465,0.508923,-1.275078,-0.766155,0.508923,-0.667945,-0.159022,0.511866,-1.361943,-0.850076,0.511866,-0.81363,-0.301764,4.442124
LINK,20240907,2316,0.90082,0.511938,-1.626918,-1.11498,0.511938,-1.572617,-1.060679,0.512348,-1.604091,-1.091742,0.512348,-1.548371,-1.036023,2.738138
LINK,20240910,2052,0.866277,0.480518,-1.168342,-0.687823,0.480518,-0.868495,-0.387977,0.480857,-1.274372,-0.793515,0.480857,-0.911633,-0.430776,3.381307
LINK,20240913,3326,0.913139,0.458453,-1.499018,-1.040565,0.458453,-1.389437,-0.930984,0.45894,-1.537415,-1.078475,0.45894,-1.297979,-0.839039,3.801641
LINK,20240916,2538,0.904728,0.477697,-1.500996,-1.023299,0.477697,-1.432834,-0.955137,0.478103,-1.519602,-1.041499,0.478103,-1.487921,-1.009818,3.146724
LINK,20240919,2779,0.950234,0.45545,-1.311737,-0.856287,0.45545,-1.416171,-0.960721,0.455854,-1.313935,-0.858082,0.455854,-1.466473,-1.010619,3.369519
LINK,20240922,2300,0.939565,0.459922,-1.627618,-1.167697,0.459922,-1.637372,-1.17745,0.460055,-1.623641,-1.163586,0.460055,-1.623795,-1.163739,2.858885
LINK,20240925,4001,0.905424,0.414633,-1.418091,-1.003457,0.414633,-1.50861,-1.093976,0.41474,-1.457201,-1.042461,0.41474,-1.546946,-1.132205,3.545643
LINK,20240928,3608,0.943681,0.403929,-1.777913,-1.373984,0.403929,-1.842357,-1.438428,0.403822,-1.788259,-1.384437,0.403822,-1.804807,-1.400985,3.360658
LINK,20241001,5551,0.924788,0.455882,-1.610775,-1.154893,0.455882,-0.751639,-0.295757,0.45714,-1.681256,-1.224116,0.45714,-0.784218,-0.327078,5.772322
LINK,20241004,3490,0.862464,0.458668,-1.359982,-0.901314,0.458668,-1.579365,-1.120697,0.459208,-1.509439,-1.050231,0.459208,-1.686426,-1.227218,3.628173
LINK,20241007,4163,0.883449,0.44093,-1.313343,-0.872413,0.44093,-1.582719,-1.141789,0.441165,-1.410728,-0.969563,0.441165,-1.667058,-1.225893,3.85238
LINK,20241010,3337,0.901858,0.479448,-1.210274,-0.730827,0.479448,-0.990892,-0.511444,0.479902,-1.283517,-0.803614,0.479902,-1.037698,-0.557795,3.590822
LINK,20241013,2068,0.898308,0.462713,-1.165852,-0.703139,0.462713,-0.96644,-0.503727,0.463133,-1.252671,-0.789539,0.463133,-1.11799,-0.654857,2.422945
LINK,20241016,3080,0.945812,0.447321,-1.489929,-1.042608,0.447321,-1.82173,-1.374409,0.447372,-1.494304,-1.046932,0.447372,-1.813439,-1.366068,3.882401
LINK,20241019,1761,0.888984,0.439495,-1.175909,-0.736414,0.439495,-0.81244,-0.372944,0.439607,-1.271281,-0.831674,0.439607,-0.901003,-0.461396,1.986603
LINK,20241022,5438,0.926535,0.420856,-1.676388,-1.255531,0.420856,-1.881721,-1.460864,0.421328,-1.73811,-1.316782,0.421328,-1.940509,-1.51918,4.724552
LINK,20241025,7378,0.948387,0.444672,-1.661157,-1.216485,0.444672,-1.551096,-1.106424,0.444495,-1.647785,-1.20329,0.444495,-1.507099,-1.062605,5.695728
LINK,20241028,3856,0.949611,0.461636,-1.713591,-1.251955,0.461636,-1.58242,-1.120783,0.461728,-1.699954,-1.238226,0.461728,-1.563057,-1.101329,4.198488
LINK,20241031,4609,0.89156,0.427907,-1.41338,-0.985473,0.427907,-1.514582,-1.086675,0.428131,-1.495221,-1.067091,0.428131,-1.638533,-1.210403,4.033194
LINK,20241103,3916,0.930184,0.467848,-1.391002,-0.923154,0.467848,-1.448561,-0.980712,0.467918,-1.406388,-0.93847,0.467918,-1.49015,-1.022231,4.211442
LINK,20241106,6565,0.937563,0.444159,-1.341608,-0.897449,0.444159,-1.135083,-0.690924,0.443799,-1.33114,-0.887341,0.443799,-1.167743,-0.723944,5.682078
LINK,20241109,6982,0.880607,0.389121,-1.1987,-0.80958,0.389121,-1.607225,-1.218104,0.388977,-1.254689,-0.865712,0.388977,-1.625808,-1.236831,4.020309
LINK,20241112,15042,0.949235,0.419977,-1.410488,-0.990511,0.419977,-1.706053,-1.286076,0.419216,-1.421059,-1.001843,0.419216,-1.72245,-1.303233,8.777009
LINK,20241115,10339,0.943196,0.40204,-1.343349,-0.941309,0.40204,-1.270375,-0.868335,0.401701,-1.34848,-0.946779,0.401701,-1.255429,-0.853728,5.946872
LINK,20241118,15700,0.907191,0.37887,-1.250791,-0.871921,0.37887,-1.594147,-1.215277,0.380072,-1.323416,-0.943344,0.380072,-1.668862,-1.28879,6.861842
LINK,20241121,16096,0.922614,0.379392,-1.315684,-0.936291,0.379392,-1.253242,-0.873849,0.380003,-1.30594,-0.925936,0.380003,-1.221843,-0.84184,5.881958
LINK,20241124,22164,0.901191,0.330459,-1.365727,-1.035268,0.330459,-1.552391,-1.221932,0.331609,-1.420407,-1.088798,0.331609,-1.537599,-1.20599,7.753645
LINK,20241127,17736,0.90702,0.322466,-1.317743,-0.995277,0.322466,-1.082296,-0.75983,0.323243,-1.358191,-1.034947,0.323243,-1.144911,-0.821668,7.21366
LINK,20241130,15489,0.917303,0.303815,-1.193897,-0.890082,0.303815,-1.096193,-0.792378,0.304343,-1.181565,-0.877221,0.304343,-1.086844,-0.782501,5.308381
LINK,20241203,42497,0.925938,0.361352,-1.265221,-0.90387,0.361352,-1.121901,-0.760549,0.361869,-1.267814,-0.905945,0.361869,-1.130427,-0.768559,12.125255
LINK,20241206,20778,0.916205,0.301525,-1.049966,-0.748441,0.301525,-1.130848,-0.829323,0.302207,-1.066388,-0.764182,0.302207,-1.123514,-0.821307,7.039352
LINK,20241209,35113,0.938575,0.449379,-1.123525,-0.674146,0.449379,-0.84116,-0.39178,0.449503,-1.172812,-0.723309,0.449503,-0.963518,-0.514015,12.807642
LINK,20241212,40549,0.921569,0.284458,-1.04453,-0.760072,0.284458,-1.336656,-1.052198,0.284247,-1.077925,-0.793677,0.284247,-1.328247,-1.044,10.615685
LINK,20241215,25134,0.917427,0.221645,-1.301072,-1.079427,0.221645,-1.511916,-1.290271,0.222464,-1.300837,-1.078373,0.222464,-1.491135,-1.268671,6.423044
LINK,20241218,22385,0.919379,0.361566,-1.13467,-0.773105,0.361566,-0.91526,-0.553694,0.357063,-1.069003,-0.71194,0.357063,-0.925575,-0.568513,9.675615
LINK,20241221,18360,0.882794,0.317335,-1.334582,-1.017246,0.317335,-1.53522,-1.217884,0.313755,-1.353647,-1.039892,0.313755,-1.547628,-1.233873,8.080182
LINK,20241224,16880,0.904852,0.276948,-1.372158,-1.095211,0.276948,-1.593486,-1.316538,0.274306,-1.39319,-1.118884,0.274306,-1.593589,-1.319283,6.551436
LINK,20241227,13653,0.925298,0.284571,-1.296855,-1.012284,0.284571,-1.381209,-1.096638,0.283118,-1.286199,-1.003081,0.283118,-1.351619,-1.068501,5.7083
LINK,20241230,13145,0.847189,0.312031,-1.320185,-1.008154,0.312031,-1.052582,-0.74055,0.307811,-1.443057,-1.135246,0.307811,-1.139513,-0.831702,6.179479
LINK,20250102,11447,0.847506,0.303493,-1.147031,-0.843538,0.303493,-1.000216,-0.696723,0.298093,-1.213731,-0.915638,0.298093,-1.034625,-0.736533,5.256175
LINK,20250105,8764,0.909493,0.281768,-1.23042,-0.948652,0.281768,-1.403371,-1.121603,0.281758,-1.217591,-0.935833,0.281758,-1.347424,-1.065666,3.904042
LINK,20250108,11918,0.898674,0.339219,-1.221932,-0.882712,0.339219,-1.696067,-1.356848,0.334877,-1.268421,-0.933544,0.334877,-1.670837,-1.33596,6.37478
LINK,20250111,6761,0.897426,0.289326,-1.24384,-0.954514,0.289326,-1.269511,-0.980185,0.289286,-1.236368,-0.947082,0.289286,-1.274888,-0.985602,3.372869
LINK,20250114,8105,0.874941,0.316908,-1.292778,-0.975871,0.316908,-1.187734,-0.870826,0.316772,-1.301468,-0.984695,0.316772,-1.214466,-0.897694,4.761613
LINK,20250117,13948,0.892379,0.267253,-1.056378,-0.789125,0.267253,-1.172103,-0.90485,0.264966,-1.073437,-0.808471,0.264966,-1.171656,-0.90669,5.504692
LINK,20250120,34877,0.898925,0.394759,-1.368971,-0.974212,0.394759,-2.113866,-1.719106,0.386958,-1.308877,-0.921919,0.386958,-2.111449,-1.724491,14.258447
LINK,20250123,16939,0.900862,0.294194,-1.118402,-0.824208,0.294194,-1.154947,-0.860753,0.292534,-1.091533,-0.798999,0.292534,-1.100059,-0.807524,7.314074
LINK,20250126,11042,0.891161,0.256116,-1.210475,-0.954359,0.256116,-1.338102,-1.081985,0.25557,-1.204265,-0.948695,0.25557,-1.306379,-1.050809,4.486209
LINK,20250129,13096,0.910362,0.303493,-1.355462,-1.05197,0.303493,-1.777638,-1.474145,0.301092,-1.346754,-1.045661,0.301092,-1.767651,-1.466559,6.968338
LINK,20250201,13001,0.905307,0.2633,-1.259254,-0.995954,0.2633,-1.130174,-0.866874,0.263481,-1.255681,-0.9922,0.263481,-1.046686,-0.783204,5.132405
LINK,20250204,19059,0.91786,0.356032,-1.295808,-0.939776,0.356032,-0.831801,-0.475769,0.353081,-1.279646,-0.926565,0.353081,-0.760097,-0.407016,9.96785
LINK,20250207,16139,0.83766,0.321662,-1.261144,-0.939482,0.321662,-1.197191,-0.87553,0.320667,-1.348972,-1.028305,0.320667,-1.164686,-0.844019,6.767466
LINK,20250210,13014,0.887698,0.312446,-1.316433,-1.003987,0.312446,-1.477171,-1.164725,0.311928,-1.337468,-1.025541,0.311928,-1.445812,-1.133884,6.159605
LINK,20250213,11960,0.857366,0.302335,-1.258322,-0.955987,0.302335,-1.172758,-0.870423,0.302035,-1.318,-1.015965,0.302035,-1.18037,-0.878335,4.998828
LINK,20250216,10906,0.887796,0.287936,-1.354679,-1.066743,0.287936,-1.461196,-1.17326,0.287904,-1.347972,-1.060068,0.287904,-1.488203,-1.200299,3.920395
LINK,20250219,10327,0.899729,0.306714,-1.31254,-1.005826,0.306714,-1.343865,-1.037151,0.306825,-1.349872,-1.043047,0.306825,-1.398511,-1.091686,4.826376
LINK,20250222,6236,0.871103,0.350682,-1.373041,-1.022359,0.350682,-1.371326,-1.020644,0.349999,-1.366636,-1.016636,0.349999,-1.382864,-1.032864,2.972575
LINK,20250225,13772,0.92866,0.433121,-1.443991,-1.01087,0.433121,-1.302152,-0.869031,0.433109,-1.399295,-0.966186,0.433109,-1.235548,-0.802439,9.822925
LINK,20250228,12243,0.925647,0.395746,-1.020202,-0.624456,0.395746,-0.90131,-0.505565,0.393473,-0.989665,-0.596192,0.393473,-0.808665,-0.415192,8.261363
LINK,20250303,15778,0.932438,0.340333,-1.231495,-0.891162,0.340333,-1.200051,-0.859718,0.338715,-1.207359,-0.868644,0.338715,-1.195221,-0.856506,8.626134
LINK,20250306,17886,0.892894,0.308305,-1.193502,-0.885197,0.308305,-1.336608,-1.028303,0.308109,-1.174599,-0.86649,0.308109,-1.344278,-1.036169,7.425276
LINK,20250309,14154,0.903165,0.358307,-1.152641,-0.794334,0.358307,-1.021195,-0.662889,0.358202,-1.184683,-0.82648,0.358202,-1.071404,-0.713201,5.617877
LINK,20250312,13264,0.92592,0.405864,-1.441548,-1.035683,0.405864,-1.377649,-0.971785,0.404984,-1.441677,-1.036693,0.404984,-1.44426,-1.039276,7.157492
LINK,20250315,10688,0.913632,0.366275,-1.386031,-1.019756,0.366275,-1.257042,-0.890767,0.366093,-1.382656,-1.016564,0.366093,-1.265978,-0.899885,4.50806
LINK,20250318,12218,0.919586,0.370969,-1.373427,-1.002458,0.370969,-1.372588,-1.001619,0.370841,-1.387605,-1.016764,0.370841,-1.407855,-1.037014,5.114499
LINK,20250321,7353,0.912553,0.361772,-1.183159,-0.821387,0.361772,-1.239068,-0.877296,0.36176,-1.183753,-0.821993,0.36176,-1.208395,-0.846635,3.696137
LINK,20250324,9435,0.90725,0.343565,-1.009611,-0.666046,0.343565,-1.19148,-0.847916,0.343794,-1.041218,-0.697423,0.343794,-1.196524,-0.85273,4.216632
LINK,20250327,7190,0.926565,0.331792,-1.292626,-0.960833,0.331792,-1.54578,-1.213988,0.331735,-1.313188,-0.981453,0.331735,-1.540947,-1.209212,4.248627
LINK,20250330,6001,0.910398,0.382704,-1.318052,-0.935348,0.382704,-1.662613,-1.279909,0.382654,-1.355347,-0.972693,0.382654,-1.699967,-1.317313,3.999617
LINK,20250402,9621,0.930038,0.402876,-1.120636,-0.717759,0.402876,-1.21183,-0.808953,0.401393,-1.160518,-0.759125,0.401393,-1.181307,-0.779914,7.392958
LINK,20250405,3431,0.921102,0.397889,-1.253561,-0.855672,0.397889,-1.173548,-0.775659,0.397369,-1.257491,-0.860122,0.397369,-1.156211,-0.758843,2.822386
LINK,20250408,8669,0.940893,0.45407,-1.363934,-0.909864,0.45407,-1.528703,-1.074634,0.454022,-1.362918,-0.908896,0.454022,-1.489025,-1.035002,6.610674
LINK,20250411,6790,0.930736,0.41078,-1.249121,-0.838341,0.41078,-1.220089,-0.809309,0.41084,-1.220823,-0.809983,0.41084,-1.09913,-0.688291,4.708328
LINK,20250414,7288,0.929555,0.398041,-1.353786,-0.955746,0.398041,-1.369154,-0.971113,0.39825,-1.358791,-0.960541,0.39825,-1.333656,-0.935406,5.377346
LINK,20250417,5563,0.921481,0.409428,-1.245227,-0.835799,0.409428,-1.09632,-0.686892,0.409287,-1.260675,-0.851387,0.409287,-1.135468,-0.726181,3.959972
LINK,20250420,5188,0.91382,0.3906,-1.297045,-0.906445,0.3906,-1.483756,-1.093156,0.390818,-1.316891,-0.926073,0.390818,-1.517324,-1.126507,3.100594
LINK,20250423,9792,0.906464,0.358001,-1.304947,-0.946945,0.358001,-1.013756,-0.655754,0.358162,-1.321493,-0.963331,0.358162,-1.089173,-0.73101,5.401278
LINK,20250426,5647,0.90572,0.340855,-1.240985,-0.90013,0.340855,-0.941053,-0.600198,0.340908,-1.216582,-0.875674,0.340908,-0.926795,-0.585887,3.510124
LINK,20250429,7198,0.923006,0.341543,-1.065531,-0.723988,0.341543,-1.062381,-0.720838,0.3413,-1.058825,-0.717525,0.3413,-1.062918,-0.721618,3.782868
LINK,20250502,5523,0.913054,0.344524,-1.204637,-0.860112,0.344524,-1.335179,-0.990654,0.344507,-1.206916,-0.862409,0.344507,-1.276931,-0.932425,3.400887
LINK,20250505,5795,0.917808,0.370384,-1.338075,-0.967691,0.370384,-1.46155,-1.091166,0.370727,-1.3187,-0.947973,0.370727,-1.4447,-1.073973,3.45207
LINK,20250508,8891,0.918142,0.34475,-1.046743,-0.701993,0.34475,-0.881444,-0.536694,0.344789,-1.062907,-0.718117,0.344789,-0.923055,-0.578266,4.568691
LINK,20250511,8222,0.916663,0.308179,-1.383431,-1.075253,0.308179,-1.696615,-1.388437,0.308274,-1.365418,-1.057145,0.308274,-1.692246,-1.383972,5.202887
LINK,20250514,7852,0.922096,0.303421,-1.223786,-0.920365,0.303421,-1.235049,-0.931628,0.303402,-1.231243,-0.927841,0.303402,-1.294868,-0.991466,5.013626
LINK,20250517,6452,0.927185,0.332701,-1.312748,-0.980047,0.332701,-1.356173,-1.023472,0.33295,-1.339029,-1.00608,0.33295,-1.439448,-1.106498,4.380575
LINK,20250520,7966,0.933693,0.323398,-1.341555,-1.018157,0.323398,-1.523636,-1.200238,0.323441,-1.339524,-1.016083,0.323441,-1.502083,-1.178642,4.694927
LINK,20250523,11103,0.926993,0.321827,-1.160197,-0.83837,0.321827,-1.294357,-0.972529,0.321788,-1.16211,-0.840322,0.321788,-1.372339,-1.050551,5.683881
LINK,20250526,6269,0.920833,0.328735,-1.328784,-1.000049,0.328735,-1.365291,-1.036556,0.328596,-1.348616,-1.02002,0.328596,-1.394339,-1.065743,3.433277
LINK,20250529,7304,0.939458,0.330262,-1.231054,-0.900792,0.330262,-1.24102,-0.910758,0.330238,-1.226389,-0.89615,0.330238,-1.22965,-0.899412,4.257909
LINK,20250601,5555,0.936382,0.368221,-1.350692,-0.982471,0.368221,-1.472005,-1.103784,0.368136,-1.33816,-0.970024,0.368136,-1.419902,-1.051766,3.287296
LINK,20250604,5792,0.941678,0.359783,-1.322097,-0.962314,0.359783,-1.638095,-1.278312,0.359636,-1.323748,-0.964111,0.359636,-1.620452,-1.260816,3.279331
LINK,20250607,4503,0.928159,0.363206,-1.330424,-0.967218,0.363206,-1.11212,-0.748913,0.363353,-1.30382,-0.940467,0.363353,-1.063905,-0.700552,2.486501
LINK,20250610,7895,0.924243,0.344591,-1.282462,-0.937871,0.344591,-1.199825,-0.855234,0.344455,-1.297945,-0.95349,0.344455,-1.199434,-0.854978,5.070579
LINK,20250613,10851,0.935462,0.394672,-1.25909,-0.864418,0.394672,-1.31106,-0.916388,0.394744,-1.301169,-0.906425,0.394744,-1.357317,-0.962573,6.084201
LINK,20250616,7070,0.926393,0.372015,-1.143414,-0.771398,0.372015,-1.442719,-1.070704,0.371685,-1.153011,-0.781326,0.371685,-1.396398,-1.024712,3.664469
LINK,20250619,5187,0.903663,0.388511,-1.330966,-0.942455,0.388511,-1.220078,-0.831567,0.388302,-1.325575,-0.937273,0.388302,-1.212887,-0.824585,3.056818
LINK,20250622,8465,0.932215,0.447526,-1.392046,-0.94452,0.447526,-1.295382,-0.847856,0.447829,-1.379761,-0.931932,0.447829,-1.247516,-0.799687,6.265806
LINK,20250625,5826,0.933385,0.384573,-1.179296,-0.794724,0.384573,-0.914344,-0.529772,0.384731,-1.168808,-0.784077,0.384731,-0.893454,-0.508722,3.872789
LINK,20250628,3888,0.901029,0.381355,-1.106511,-0.725156,0.381355,-1.060062,-0.678708,0.381524,-1.097577,-0.716053,0.381524,-1.064463,-0.68294,2.030986
LINK,20250701,5131,0.941434,0.385144,-1.226811,-0.841667,0.385144,-1.231427,-0.846283,0.385206,-1.221263,-0.836058,0.385206,-1.200518,-0.815312,2.731674
LINK,20250704,5330,0.93818,0.382468,-1.142877,-0.760409,0.382468,-0.99354,-0.611073,0.382439,-1.137557,-0.755118,0.382439,-1.027857,-0.645417,3.445954
LINK,20250707,5450,0.936495,0.378006,-1.203676,-0.82567,0.378006,-0.886818,-0.508812,0.378084,-1.215543,-0.837459,0.378084,-0.835992,-0.457908,3.444334
LINK,20250710,7797,0.934167,0.364637,-1.138409,-0.773771,0.364637,-0.952175,-0.587538,0.363471,-1.121428,-0.757957,0.363471,-0.898533,-0.535062,4.010767
LINK,20250713,7035,0.932239,0.33105,-1.300856,-0.969806,0.33105,-1.452043,-1.120993,0.330428,-1.285448,-0.95502,0.330428,-1.444778,-1.114351,3.602607
LINK,20250716,8516,0.922182,0.316465,-1.166321,-0.849856,0.316465,-1.167024,-0.850559,0.316812,-1.16501,-0.848198,0.316812,-1.171038,-0.854225,4.683242
LINK,20250719,8408,0.921468,0.28852,-1.146976,-0.858456,0.28852,-1.213849,-0.925329,0.288288,-1.15918,-0.870893,0.288288,-1.198607,-0.91032,4.268636
LINK,20250722,11943,0.93016,0.280902,-1.088114,-0.807212,0.280902,-0.932254,-0.651352,0.280498,-1.078359,-0.797862,0.280498,-0.898701,-0.618203,6.325896
LINK,20250725,13049,0.935022,0.29698,-1.217015,-0.920035,0.29698,-1.14763,-0.85065,0.295954,-1.206003,-0.91005,0.295954,-1.105592,-0.809638,5.898032
LINK,20250727,10597,0.923761,0.273563,-1.067205,-0.793642,0.273563,-1.032609,-0.759046,0.273343,-1.082825,-0.809482,0.273343,-1.011006,-0.737663,3.751916
LINK,20250728,11641,0.922232,0.277493,-1.024643,-0.74715,0.277493,-0.648851,-0.371358,0.277452,-1.042554,-0.765103,0.277452,-0.717369,-0.439917,4.582376
LINK,20250731,10532,0.925627,0.295778,-1.157632,-0.861853,0.295778,-1.167732,-0.871953,0.294776,-1.162487,-0.867711,0.294776,-1.143133,-0.848357,4.005895
LINK,20250801,13076,0.944884,0.317912,-1.346392,-1.02848,0.317912,-1.312865,-0.994953,0.31745,-1.348677,-1.031227,0.31745,-1.340756,-1.023307,6.337698
LINK,20250803,6136,0.923175,0.316914,-1.199476,-0.882562,0.316914,-0.854802,-0.537888,0.316857,-1.20558,-0.888724,0.316857,-0.852144,-0.535287,2.972189
LINK,20250806,6951,0.919321,0.310036,-1.183003,-0.872967,0.310036,-1.272344,-0.962308,0.310327,-1.179191,-0.868863,0.310327,-1.236867,-0.92654,3.511687
LINK,20250809,15483,0.928451,0.246708,-1.13031,-0.883601,0.246708,-1.281077,-1.034369,0.246418,-1.128306,-0.881887,0.246418,-1.276206,-1.029787,5.27937
LINK,20250811,17354,0.925343,0.243604,-1.127164,-0.88356,0.243604,-1.026438,-0.782835,0.242892,-1.135621,-0.892729,0.242892,-1.03641,-0.793518,5.515417
LINK,20250812,22780,0.903762,0.244944,-1.008197,-0.763253,0.244944,-0.75615,-0.511206,0.243705,-0.981233,-0.737528,0.243705,-0.804074,-0.56037,6.629683
LINK,20250815,15960,0.926479,0.239032,-1.101602,-0.86257,0.239032,-0.903446,-0.664414,0.238463,-1.090037,-0.851574,0.238463,-0.953249,-0.714786,5.472306
LINK,20250816,13363,0.920931,0.233778,-1.196694,-0.962916,0.233778,-1.255485,-1.021707,0.233687,-1.190837,-0.95715,0.233687,-1.177022,-0.943334,4.398532
LINK,20250818,31234,0.920228,0.221761,-0.986222,-0.764462,0.221761,-0.859951,-0.63819,0.220341,-0.997946,-0.777605,0.220341,-0.876817,-0.656476,8.208699
LTC,20230401,1668,0.719365,0.551122,-1.792816,-1.241694,0.551122,-1.89016,-1.339038,0.548115,-1.672089,-1.123973,0.548115,-1.637317,-1.089202,3.570034
LTC,20230404,1449,0.722843,0.557477,-1.673234,-1.115757,0.557477,-1.939939,-1.382463,0.553807,-1.444029,-0.890222,0.553807,-1.609208,-1.055401,3.002756
LTC,20230407,847,0.685478,0.572653,-1.791607,-1.218954,0.572653,-1.881881,-1.309228,0.574905,-1.498629,-0.923724,0.574905,-1.324661,-0.749756,2.346549
LTC,20230410,1303,0.698081,0.550516,-1.970527,-1.420012,0.550516,-1.031078,-0.480562,0.547917,-1.833689,-1.285773,0.547917,-1.042872,-0.494955,2.496054
LTC,20230413,1059,0.669311,0.541294,-1.588085,-1.046791,0.541294,-1.494354,-0.95306,0.537776,-1.491174,-0.953398,0.537776,-1.337847,-0.800071,2.207276
LTC,20230416,2721,0.699816,0.516171,-2.040091,-1.523921,0.516171,-2.153038,-1.636867,0.511696,-1.943835,-1.432139,0.511696,-1.926863,-1.415167,3.844803
LTC,20230419,4309,0.689185,0.659569,-2.980267,-2.320698,0.659569,-2.821968,-2.162399,0.667008,-3.084284,-2.417277,0.667008,-2.71956,-2.052552,6.584989
LTC,20230422,985,0.652183,0.58951,-1.734426,-1.144916,0.58951,-1.886697,-1.297188,0.586701,-1.5695,-0.982799,0.586701,-1.657068,-1.070367,2.174696
LTC,20230425,2363,0.668895,0.573742,-2.464672,-1.89093,0.573742,-1.829454,-1.255713,0.571296,-2.115612,-1.544315,0.571296,-1.537396,-0.9661,3.660549
LTC,20230428,1529,0.58293,0.57379,-2.052903,-1.479113,0.57379,-2.070953,-1.497163,0.574607,-1.887114,-1.312507,0.574607,-2.321744,-1.747138,2.837995
LTC,20230501,1489,0.626729,0.621502,-3.158859,-2.537357,0.621502,-2.562497,-1.940996,0.622935,-3.193331,-2.570396,0.622935,-2.566698,-1.943763,3.441067
LTC,20230504,733,0.616235,0.573457,-1.741113,-1.167656,0.573457,-1.503407,-0.92995,0.573073,-1.562097,-0.989024,0.573073,-1.319975,-0.746902,1.939743
LTC,20230507,825,0.653212,0.608569,-1.990196,-1.381627,0.608569,-1.906511,-1.297941,0.602434,-1.941299,-1.338866,0.602434,-1.769816,-1.167383,2.272877
LTC,20230510,2592,0.672608,0.725052,-3.160605,-2.435553,0.725052,-1.319613,-0.594561,0.730373,-2.766963,-2.036589,0.730373,-0.857674,-0.127301,5.090901
LTC,20230513,590,0.732712,0.627315,-2.220446,-1.593131,0.627315,-2.019052,-1.391736,0.627833,-2.123489,-1.495656,0.627833,-1.646282,-1.018448,2.007582
LTC,20230516,2782,0.809705,0.579543,-2.165937,-1.586394,0.579543,-2.488296,-1.908753,0.579964,-2.082598,-1.502634,0.579964,-2.390211,-1.810247,3.961728
LTC,20230519,1693,0.811105,0.556614,-1.934243,-1.377629,0.556614,-2.120266,-1.563652,0.558337,-1.741848,-1.183511,0.558337,-2.013304,-1.454967,3.128738
LTC,20230522,1043,0.809779,0.553602,-1.374607,-0.821005,0.553602,-1.557818,-1.004216,0.55422,-1.233605,-0.679384,0.55422,-1.404794,-0.850574,2.264918
LTC,20230525,1315,0.847757,0.605397,-2.083118,-1.477721,0.605397,-2.129759,-1.524362,0.605929,-2.106135,-1.500205,0.605929,-2.103771,-1.497842,2.727575
LTC,20230528,1242,0.873108,0.568414,-1.529395,-0.960981,0.568414,-1.895964,-1.327549,0.569276,-1.457996,-0.888719,0.569276,-1.631141,-1.061864,2.440971
LTC,20230531,1324,0.894864,0.572161,-1.535645,-0.963485,0.572161,-1.478152,-0.905991,0.571205,-1.548153,-0.976949,0.571205,-1.617635,-1.046431,2.828325
LTC,20230603,1293,0.860093,0.528716,-1.541309,-1.012592,0.528716,-1.663422,-1.134706,0.529866,-1.55296,-1.023094,0.529866,-1.56428,-1.034414,2.428268
LTC,20230606,1878,0.921193,0.574092,-1.822891,-1.248799,0.574092,-1.674031,-1.099939,0.574158,-1.815668,-1.24151,0.574158,-1.579098,-1.004941,3.628726
LTC,20230609,1103,0.883409,0.578333,-1.722507,-1.144173,0.578333,-1.683417,-1.105083,0.578004,-1.671071,-1.093067,0.578004,-1.620645,-1.042641,2.566124
LTC,20230612,1396,0.888037,0.667921,-2.140937,-1.473016,0.667921,-1.41116,-0.743239,0.669242,-2.090369,-1.421127,0.669242,-1.465946,-0.796704,3.778276
LTC,20230615,1304,0.848543,0.688164,-1.590957,-0.902793,0.688164,-1.212509,-0.524345,0.688583,-1.562071,-0.873488,0.688583,-0.995336,-0.306754,3.014184
LTC,20230618,841,0.810464,0.662812,-1.566191,-0.903378,0.662812,-1.354322,-0.69151,0.663035,-1.610013,-0.946978,0.663035,-1.265889,-0.602854,2.248551
LTC,20230621,3045,0.895435,0.607564,-2.062192,-1.454628,0.607564,-2.499282,-1.891718,0.60829,-2.166936,-1.558646,0.60829,-2.735625,-2.127335,4.564861
LTC,20230624,2340,0.884316,0.577585,-3.333862,-2.756277,0.577585,-1.955135,-1.37755,0.579838,-3.194844,-2.615006,0.579838,-2.03694,-1.457102,4.465902
LTC,20230627,1215,0.881235,0.574173,-1.646576,-1.072403,0.574173,-1.892259,-1.318086,0.573996,-1.680407,-1.106411,0.573996,-1.956339,-1.382343,2.758842
LTC,20230630,12457,0.91095,0.587378,-2.313338,-1.72596,0.587378,-2.091957,-1.504579,0.583987,-2.263704,-1.679717,0.583987,-2.068382,-1.484396,13.300188
LTC,20230703,4061,0.892563,0.480438,-1.591805,-1.111367,0.480438,-1.127713,-0.647275,0.477276,-1.649176,-1.171901,0.477276,-1.094232,-0.616956,4.985594
LTC,20230706,5110,0.884247,0.521927,-1.91849,-1.396563,0.521927,-1.890372,-1.368445,0.522593,-1.886572,-1.363979,0.522593,-1.682624,-1.160032,6.037067
LTC,20230709,1147,0.864255,0.527765,-1.254502,-0.726737,0.527765,-0.819518,-0.291753,0.528984,-1.289877,-0.760893,0.528984,-0.865158,-0.336175,2.376598
LTC,20230712,1835,0.893406,0.539999,-1.519747,-0.979748,0.539999,-1.917737,-1.377738,0.539648,-1.526784,-0.987136,0.539648,-1.701481,-1.161833,2.969971
LTC,20230715,1251,0.868825,0.5342,-1.66275,-1.128549,0.5342,-1.391549,-0.857348,0.532798,-1.673041,-1.140243,0.532798,-1.422559,-0.889761,2.411945
LTC,20230718,1181,0.905843,0.553885,-2.15749,-1.603605,0.553885,-2.489919,-1.936034,0.554539,-2.16504,-1.610501,0.554539,-2.415259,-1.860721,2.834218
LTC,20230721,1025,0.883024,0.53758,-1.296544,-0.758964,0.53758,-1.008104,-0.470524,0.537593,-1.278616,-0.741023,0.537593,-1.028157,-0.490564,2.450909
LTC,20230724,1828,0.896991,0.634941,-1.843623,-1.208682,0.634941,-1.391835,-0.756894,0.626671,-1.827864,-1.201193,0.626671,-1.648696,-1.022025,4.272111
LTC,20230727,1059,0.853352,0.556042,-1.519352,-0.96331,0.556042,-1.67504,-1.118998,0.555127,-1.453415,-0.898287,0.555127,-1.713632,-1.158505,2.135271
LTC,20230730,2287,0.899694,0.625584,-0.748979,-0.123395,0.625584,-1.618512,-0.992928,0.615701,-1.687513,-1.071812,0.615701,-2.081084,-1.465383,3.732991
LTC,20230802,3271,0.919566,0.634201,-1.297072,-0.662872,0.634201,-1.031318,-0.397117,0.628072,-1.534273,-0.906202,0.628072,-1.506654,-0.878583,4.525085
LTC,20230805,616,0.888636,0.611177,-1.530743,-0.919567,0.611177,-1.070613,-0.459436,0.611846,-1.611633,-0.999787,0.611846,-1.139055,-0.527209,1.710177
LTC,20230808,1235,0.897652,0.644658,-1.643158,-0.9985,0.644658,-2.511781,-1.867123,0.623992,-1.645808,-1.021816,0.623992,-2.26194,-1.637949,2.526793
LTC,20230811,321,0.928349,0.609033,-1.310118,-0.701085,0.609033,-1.228236,-0.619203,0.609581,-1.337313,-0.727732,0.609581,-1.23097,-0.621388,1.130395
LTC,20230814,494,0.912551,0.617991,-1.605309,-0.987318,0.617991,-1.487022,-0.869032,0.618988,-1.555608,-0.93662,0.618988,-1.467466,-0.848479,1.430199
LTC,20230817,4773,0.883197,0.992865,-5.15754,-4.164676,0.992865,-8.963725,-7.97086,0.990944,-4.337265,-3.346321,0.990944,-6.647171,-5.656227,13.856347
LTC,20230820,489,0.895501,0.77631,-1.954281,-1.177971,0.77631,-1.626841,-0.850531,0.776684,-1.943143,-1.166459,0.776684,-1.703488,-0.926804,1.930992
LTC,20230823,714,0.911345,0.768131,-1.541728,-0.773597,0.768131,-1.646642,-0.87851,0.767324,-1.597166,-0.829842,0.767324,-1.493228,-0.725904,2.67499
LTC,20230826,186,0.907527,0.783479,-1.686586,-0.903107,0.783479,-1.424081,-0.640602,0.785061,-1.690537,-0.905476,0.785061,-1.434478,-0.649417,1.188513
LTC,20230829,2071,0.910381,0.780913,-3.099612,-2.318698,0.780913,-3.084338,-2.303425,0.780114,-2.701381,-1.921267,0.780114,-2.797192,-2.017078,4.584401
LTC,20230901,514,0.901556,0.816964,-1.919124,-1.10216,0.816964,-1.883799,-1.066834,0.811824,-1.840649,-1.028824,0.811824,-1.074267,-0.262443,2.852206
LTC,20230904,308,0.914935,0.783491,-1.559164,-0.775673,0.783491,-1.337368,-0.553877,0.783541,-1.624468,-0.840927,0.783541,-1.538821,-0.75528,1.943939
LTC,20230907,361,0.920499,0.79424,-2.441746,-1.647506,0.79424,-2.411089,-1.61685,0.794527,-2.480331,-1.685804,0.794527,-2.236291,-1.441764,1.793181
LTC,20230910,692,0.923844,0.880171,-2.318674,-1.438503,0.880171,-1.811842,-0.931671,0.878953,-2.293721,-1.414768,0.878953,-2.166204,-1.287251,3.155707
LTC,20230913,1146,0.913438,1.045341,-3.104496,-2.059156,1.045341,-3.246183,-2.200842,1.039017,-2.889522,-1.850505,1.039017,-3.140438,-2.101421,4.575398
LTC,20230916,480,0.907917,0.766679,-1.99104,-1.22436,0.766679,-1.486555,-0.719876,0.766907,-1.9927,-1.225794,0.766907,-1.639809,-0.872902,2.285008
LTC,20230919,647,0.929212,0.744042,-2.114523,-1.370481,0.744042,-1.351542,-0.6075,0.744116,-2.217315,-1.473199,0.744116,-1.530249,-0.786133,2.950196
LTC,20230922,540,0.909074,0.787899,-2.492524,-1.704625,0.787899,-2.810549,-2.02265,0.788568,-2.616285,-1.827716,0.788568,-2.80535,-2.016782,2.535952
LTC,20230925,387,0.868217,0.788644,-1.802494,-1.013851,0.788644,-2.486197,-1.697553,0.79007,-1.747224,-0.957154,0.79007,-2.487582,-1.697512,1.936199
LTC,20230928,486,0.883951,0.784981,-1.883703,-1.098722,0.784981,-1.381538,-0.596557,0.784165,-1.926156,-1.14199,0.784165,-1.285765,-0.5016,2.079076
LTC,20231001,632,0.9125,0.767085,-2.778785,-2.0117,0.767085,-3.156012,-2.388928,0.765195,-2.907446,-2.142251,0.765195,-3.164315,-2.39912,2.425451
LTC,20231004,555,0.890991,0.859464,-1.881447,-1.021983,0.859464,-0.663177,0.196287,0.869351,-1.879924,-1.010573,0.869351,-0.596316,0.273036,2.477432
LTC,20231007,280,0.800357,0.765549,-1.152082,-0.386533,0.765549,-1.447159,-0.68161,0.766157,-1.135514,-0.369357,0.766157,-1.49926,-0.733103,1.062087
LTC,20231010,341,0.871848,0.79161,-1.981181,-1.189571,0.79161,-1.883011,-1.091401,0.791534,-1.991141,-1.199607,0.791534,-1.90631,-1.114775,1.650777
LTC,20231013,331,0.862538,0.815618,-2.019427,-1.203809,0.815618,-1.776042,-0.960424,0.81608,-2.057409,-1.24133,0.81608,-1.820153,-1.004074,1.822031
LTC,20231016,1126,0.89556,0.811604,-0.907792,-0.096188,0.811604,-2.202418,-1.390813,0.808072,-0.779484,0.028588,0.808072,-2.870011,-2.061939,3.471019
LTC,20231019,444,0.889414,0.825454,-1.740609,-0.915155,0.825454,-1.411989,-0.586535,0.825837,-1.545938,-0.7201,0.825837,-0.964299,-0.138462,1.953794
LTC,20231022,776,0.87384,0.785804,-2.288896,-1.503093,0.785804,-3.467307,-2.681503,0.786232,-2.74613,-1.959899,0.786232,-2.87926,-2.093029,3.294632
LTC,20231025,925,0.887892,0.733386,-2.052356,-1.31897,0.733386,-2.16531,-1.431925,0.734582,-2.04331,-1.308729,0.734582,-2.045434,-1.310852,3.621277
LTC,20231028,469,0.87548,0.787958,-1.841279,-1.053321,0.787958,-2.01309,-1.225132,0.789871,-1.785937,-0.996067,0.789871,-1.824558,-1.034688,2.32132
LTC,20231031,1140,0.885263,0.741357,-2.73559,-1.994233,0.741357,-3.05912,-2.317763,0.740718,-2.735056,-1.994338,0.740718,-3.203683,-2.462965,3.718512
LTC,20231103,788,0.887437,0.731046,-1.653006,-0.92196,0.731046,-1.000907,-0.269862,0.731643,-1.727673,-0.99603,0.731643,-1.066672,-0.335029,3.074756
LTC,20231106,1203,0.908063,0.687296,-1.579278,-0.891982,0.687296,-1.335297,-0.648001,0.687685,-1.594783,-0.907098,0.687685,-1.338694,-0.651009,3.373917
LTC,20231109,3140,0.906624,0.793126,-2.225372,-1.432245,0.793126,-2.604218,-1.811092,0.778791,-2.228871,-1.45008,0.778791,-2.946354,-2.167563,7.164453
LTC,20231112,1433,0.905932,0.677986,-1.910745,-1.232758,0.677986,-1.839796,-1.16181,0.677755,-1.862784,-1.18503,0.677755,-1.804854,-1.1271,3.922297
LTC,20231115,1013,0.870681,0.712189,-1.902669,-1.19048,0.712189,-1.056035,-0.343846,0.711452,-1.760897,-1.049445,0.711452,-1.013316,-0.301863,3.195807
LTC,20231118,625,0.87712,0.728108,-1.712878,-0.98477,0.728108,-2.109153,-1.381045,0.728993,-1.695627,-0.966633,0.728993,-2.303222,-1.574228,2.580454
LTC,20231121,2036,0.904028,0.781139,-2.155201,-1.374062,0.781139,-1.618762,-0.837623,0.780137,-2.282435,-1.502298,0.780137,-1.599103,-0.818966,5.042788
LTC,20231124,769,0.884135,0.728848,-1.619084,-0.890236,0.728848,-1.069607,-0.340759,0.730369,-1.702653,-0.972284,0.730369,-1.131256,-0.400887,2.507888
LTC,20231127,843,0.915777,0.731081,-1.886396,-1.155315,0.731081,-1.781687,-1.050606,0.731707,-1.821617,-1.08991,0.731707,-1.742563,-1.010856,2.752215
LTC,20231130,484,0.845868,0.721388,-1.519792,-0.798403,0.721388,-1.701842,-0.980454,0.721943,-1.499971,-0.778028,0.721943,-1.636449,-0.914506,1.56216
LTC,20231203,644,0.90264,0.700269,-1.678382,-0.978113,0.700269,-2.009394,-1.309125,0.700912,-1.722848,-1.021936,0.700912,-1.939499,-1.238587,1.878381
LTC,20231206,1489,0.90994,0.694513,-2.388283,-1.69377,0.694513,-2.339522,-1.645008,0.695403,-2.340488,-1.645085,0.695403,-2.298726,-1.603323,3.590396
LTC,20231209,1685,0.888368,0.717122,-2.277367,-1.560245,0.717122,-2.250518,-1.533396,0.710194,-1.967422,-1.257228,0.710194,-1.846015,-1.135821,3.756618
LTC,20231212,1222,0.917676,0.706071,-2.105378,-1.399307,0.706071,-1.672433,-0.966362,0.706512,-2.100282,-1.39377,0.706512,-1.580311,-0.8738,3.37886
LTC,20231215,1138,0.886555,0.715458,-1.92574,-1.210282,0.715458,-2.011887,-1.296429,0.715005,-1.909898,-1.194894,0.715005,-1.954505,-1.2395,2.499799
LTC,20231218,1257,0.87144,0.756116,-2.502732,-1.746616,0.756116,-1.756241,-1.000126,0.752961,-2.766497,-2.013536,0.752961,-1.768056,-1.015095,3.268018
LTC,20231221,766,0.926632,0.719482,-1.782994,-1.063511,0.719482,-1.268059,-0.548577,0.720036,-1.782469,-1.062434,0.720036,-1.203959,-0.483923,2.270183
LTC,20231224,1274,0.839953,0.781303,-1.202071,-0.420769,0.781303,-1.400801,-0.619498,0.77166,-1.633963,-0.862303,0.77166,-1.727235,-0.955575,2.925591
LTC,20231227,2139,0.89252,0.698541,-2.113003,-1.414462,0.698541,-1.763829,-1.065288,0.700451,-2.200368,-1.499917,0.700451,-1.929837,-1.229387,4.257457
LTC,20231230,1096,0.824088,0.69903,-1.991329,-1.292299,0.69903,-1.633291,-0.934261,0.699133,-2.006537,-1.307405,0.699133,-1.740313,-1.04118,2.607146
LTC,20240102,1511,0.799934,0.720564,-2.047756,-1.327192,0.720564,-1.802989,-1.082425,0.696095,-1.988297,-1.292202,0.696095,-1.777614,-1.081519,2.899426
LTC,20240105,1870,0.872139,1.024312,-2.395215,-1.370903,1.024312,-5.474448,-4.450136,1.010626,-2.655272,-1.644646,1.010626,-4.01374,-3.003114,5.467127
LTC,20240108,2214,0.860163,0.843219,-2.332967,-1.489748,0.843219,-2.627916,-1.784697,0.848755,-2.255057,-1.406303,0.848755,-2.059094,-1.210339,5.114576
LTC,20240111,3694,0.834624,0.796076,-2.114741,-1.318665,0.796076,-1.919801,-1.123725,0.776775,-2.083669,-1.306894,0.776775,-2.308657,-1.531882,5.241801
LTC,20240114,1297,0.817271,0.74923,-1.9192,-1.169971,0.74923,-1.993908,-1.244678,0.747048,-1.939541,-1.192493,0.747048,-2.016781,-1.269733,3.47676
LTC,20240117,948,0.784916,0.745935,-1.589935,-0.844,0.745935,-1.450231,-0.704296,0.741421,-1.573839,-0.832418,0.741421,-1.630692,-0.88927,2.719314
LTC,20240120,1227,0.862673,0.732471,-1.878561,-1.14609,0.732471,-1.873573,-1.141102,0.736967,-1.932954,-1.195987,0.736967,-1.929257,-1.19229,2.847918
LTC,20240123,2399,0.861526,0.814012,-2.016767,-1.202755,0.814012,-2.604451,-1.79044,0.816647,-1.832629,-1.015982,0.816647,-2.309785,-1.493138,4.593249
LTC,20240126,926,0.855724,0.774553,-1.839754,-1.065201,0.774553,-1.164939,-0.390386,0.773969,-1.867543,-1.093574,0.773969,-1.13783,-0.363861,2.472714
LTC,20240129,1240,0.839597,0.751391,-1.828122,-1.076731,0.751391,-1.799027,-1.047636,0.752516,-1.845804,-1.093288,0.752516,-1.750772,-0.998256,2.427189
LTC,20240201,1136,0.81787,0.758896,-1.41497,-0.656074,0.758896,-1.772507,-1.013611,0.760792,-1.495988,-0.735196,0.760792,-1.684948,-0.924156,2.214672
LTC,20240204,879,0.763823,0.763717,-1.665393,-0.901676,0.763717,-1.963218,-1.199501,0.763204,-1.793168,-1.029963,0.763204,-1.285176,-0.521972,1.804911
LTC,20240207,757,0.818494,0.747837,-1.560104,-0.812267,0.747837,-1.465965,-0.718128,0.751045,-1.625103,-0.874057,0.751045,-1.482957,-0.731911,1.720062
LTC,20240210,655,0.810229,0.721167,-1.697575,-0.976408,0.721167,-1.711011,-0.989845,0.724272,-1.656197,-0.931926,0.724272,-1.67637,-0.952099,1.636689
LTC,20240213,2354,0.842736,0.760734,-1.544153,-0.783419,0.760734,-2.082052,-1.321318,0.753994,-1.279257,-0.525263,0.753994,-1.729951,-0.975957,3.693313
LTC,20240216,1637,0.834209,0.739156,-1.598214,-0.859058,0.739156,-1.783434,-1.044278,0.740612,-1.58502,-0.844408,0.740612,-1.707637,-0.967025,2.389195
LTC,20240219,1296,0.853086,0.71889,-1.64658,-0.92769,0.71889,-1.12248,-0.403589,0.719796,-1.656186,-0.93639,0.719796,-1.131221,-0.411425,2.34258
LTC,20240222,1358,0.850221,0.74686,-2.132371,-1.385511,0.74686,-1.390397,-0.643537,0.750209,-2.139118,-1.388909,0.750209,-1.443124,-0.692915,2.883268
LTC,20240225,689,0.833382,0.722267,-1.678758,-0.95649,0.722267,-1.594489,-0.872221,0.723158,-1.656562,-0.933405,0.723158,-1.440485,-0.717327,1.551758
LTC,20240228,4348,0.841858,0.834105,0.067464,0.901569,0.834105,0.409651,1.243756,0.810794,-1.436813,-0.626019,0.810794,-1.853145,-1.042351,7.620909
LTC,20240302,5906,0.871419,0.570691,-2.06545,-1.494759,0.570691,-1.478674,-0.907983,0.569804,-2.130802,-1.560998,0.569804,-1.398702,-0.828898,6.775301
LTC,20240305,15205,0.880145,0.814558,-2.979855,-2.165298,0.814558,-4.34873,-3.534172,0.794834,-2.582238,-1.787404,0.794834,-3.544349,-2.749514,12.364116
LTC,20240308,4994,0.876812,0.72431,-2.837129,-2.112819,0.72431,-3.913425,-3.189115,0.709356,-2.612648,-1.903291,0.709356,-3.164151,-2.454795,7.004178
LTC,20240311,11840,0.877998,0.583112,-1.724617,-1.141505,0.583112,-1.124094,-0.540982,0.581485,-1.802751,-1.221266,0.581485,-1.339106,-0.757621,7.453844
LTC,20240314,5876,0.86952,0.568455,-1.888577,-1.320122,0.568455,-1.420562,-0.852107,0.56832,-1.882645,-1.314325,0.56832,-1.361118,-0.792799,6.332138
LTC,20240317,3555,0.858931,0.600235,-1.58714,-0.986905,0.600235,-1.744161,-1.143925,0.60047,-1.596052,-0.995581,0.60047,-1.880334,-1.279863,5.016061
LTC,20240320,6180,0.851036,0.647821,-1.558193,-0.910371,0.647821,-1.603868,-0.956047,0.646211,-1.687775,-1.041564,0.646211,-1.473189,-0.826978,6.630243
LTC,20240323,3370,0.826617,0.600045,-2.072011,-1.471966,0.600045,-1.643896,-1.043851,0.597565,-2.248802,-1.651237,0.597565,-2.008633,-1.411068,3.771618
LTC,20240326,7412,0.827874,0.583014,-2.033818,-1.450804,0.583014,-1.867624,-1.28461,0.578442,-2.441508,-1.863066,0.578442,-2.443679,-1.865238,6.184636
LTC,20240329,13342,0.832649,0.52958,-1.659835,-1.130256,0.52958,-1.307047,-0.777467,0.529312,-1.78191,-1.252597,0.529312,-1.515893,-0.98658,6.908323
LTC,20240401,10528,0.84791,0.583345,-2.460207,-1.876861,0.583345,-2.648086,-2.064741,0.580192,-2.599066,-2.018874,0.580192,-2.551595,-1.971403,7.935965
LTC,20240404,6376,0.821957,0.531974,-1.761431,-1.229458,0.531974,-1.541911,-1.009938,0.530776,-1.854752,-1.323975,0.530776,-1.510987,-0.980211,6.047684
LTC,20240407,4218,0.806994,0.515874,-2.055192,-1.539318,0.515874,-1.921875,-1.406001,0.512009,-2.101253,-1.589244,0.512009,-2.014135,-1.502126,4.089031
LTC,20240410,4258,0.862659,0.570403,-1.726838,-1.156435,0.570403,-2.064772,-1.494369,0.571285,-1.607977,-1.036692,0.571285,-2.070447,-1.499162,4.151762
LTC,20240413,11072,0.857957,0.956882,-3.299145,-2.342263,0.956882,-2.470634,-1.513752,0.943482,-3.183801,-2.240318,0.943482,-1.874775,-0.931293,11.408597
LTC,20240416,3874,0.850465,0.652291,-2.220136,-1.567845,0.652291,-2.309282,-1.656991,0.652876,-2.281216,-1.62834,0.652876,-2.371771,-1.718895,5.97774
LTC,20240419,3973,0.848251,0.653126,-1.845607,-1.192481,0.653126,-1.652704,-0.999577,0.653172,-1.789824,-1.136652,0.653172,-1.642694,-0.989522,5.161671
LTC,20240422,2757,0.855531,0.597081,-1.774557,-1.177476,0.597081,-1.360542,-0.763462,0.597538,-1.842444,-1.244906,0.597538,-1.453165,-0.855627,3.246271
LTC,20240425,4203,0.882013,0.615557,-2.057224,-1.441667,0.615557,-2.034366,-1.418809,0.616061,-2.135202,-1.519141,0.616061,-2.072379,-1.456318,4.330603
LTC,20240428,2002,0.859491,0.601865,-1.690043,-1.088179,0.601865,-1.902601,-1.300736,0.602914,-1.746547,-1.143633,0.602914,-1.931704,-1.328791,2.75332
LTC,20240501,3457,0.840642,0.715577,-0.906616,-0.191039,0.715577,-1.386367,-0.67079,0.721736,-1.14398,-0.422244,0.721736,-1.851379,-1.129642,5.233995
LTC,20240504,1556,0.799679,0.620093,-1.563038,-0.942945,0.620093,-1.233168,-0.613075,0.621678,-1.607124,-0.985446,0.621678,-1.341047,-0.719369,2.05182
LTC,20240507,1728,0.869271,0.632659,-1.731675,-1.099016,0.632659,-1.748211,-1.115552,0.633001,-1.80747,-1.174469,0.633001,-1.872687,-1.239685,2.786582
LTC,20240510,1786,0.796025,0.624236,-1.563336,-0.9391,0.624236,-1.418744,-0.794508,0.626736,-1.616516,-0.989781,0.626736,-1.513794,-0.887058,2.800234
LTC,20240513,2008,0.819671,0.629605,-1.891616,-1.262011,0.629605,-2.52469,-1.895085,0.631566,-1.962973,-1.331407,0.631566,-2.52519,-1.893624,2.876125
LTC,20240516,1489,0.816723,0.622765,-1.458702,-0.835937,0.622765,-1.524726,-0.901961,0.625018,-1.542686,-0.917668,0.625018,-1.625167,-1.000149,2.278958
LTC,20240519,991,0.786176,0.611297,-1.486227,-0.87493,0.611297,-1.686361,-1.075064,0.611881,-1.440419,-0.828538,0.611881,-1.614624,-1.002743,1.720707
LTC,20240522,2015,0.845806,0.614992,-1.655371,-1.040379,0.614992,-2.115078,-1.500086,0.612389,-1.736872,-1.124482,0.612389,-2.07296,-1.460571,3.624298
LTC,20240525,993,0.7714,0.593907,-1.507173,-0.913266,0.593907,-1.790273,-1.196366,0.594447,-1.592879,-0.998432,0.594447,-1.791133,-1.196686,1.494604
LTC,20240528,1732,0.826386,0.620744,-1.473272,-0.852528,0.620744,-1.758811,-1.138067,0.619312,-1.619978,-1.000666,0.619312,-1.916884,-1.297572,3.233693
LTC,20240531,841,0.826159,0.612444,-1.561724,-0.94928,0.612444,-1.822277,-1.209833,0.615423,-1.5381,-0.922677,0.615423,-1.113085,-0.497662,2.239784
LTC,20240603,934,0.849786,0.606331,-1.79518,-1.18885,0.606331,-1.897914,-1.291583,0.606861,-1.811531,-1.20467,0.606861,-1.843802,-1.236941,2.08626
LTC,20240606,923,0.773348,0.596335,-1.674551,-1.078216,0.596335,-2.241248,-1.644913,0.596509,-1.72734,-1.130831,0.596509,-2.360394,-1.763885,1.698514
LTC,20240609,570,0.730877,0.624865,-1.663826,-1.038962,0.624865,-1.857174,-1.232309,0.624605,-1.6712,-1.046595,0.624605,-1.852891,-1.228286,1.20424
LTC,20240612,1963,0.809679,0.746885,-1.472172,-0.725287,0.746885,-1.677775,-0.93089,0.757371,-1.732975,-0.975604,0.757371,-2.007343,-1.249972,3.20813
LTC,20240615,715,0.792867,0.639019,-1.813677,-1.174658,0.639019,-1.847601,-1.208582,0.639617,-1.783379,-1.143762,0.639617,-1.71202,-1.072403,1.567485
LTC,20240618,2911,0.802164,0.886813,-2.12291,-1.236097,0.886813,-2.542353,-1.65554,0.871627,-1.730188,-0.858561,0.871627,-1.413081,-0.541455,5.001169
LTC,20240621,1034,0.844487,0.693422,-2.067002,-1.37358,0.693422,-2.361425,-1.668002,0.692608,-2.081828,-1.38922,0.692608,-2.380112,-1.687504,2.605428
LTC,20240624,1939,0.860289,0.783988,-2.17288,-1.388892,0.783988,-3.147121,-2.363133,0.786813,-2.121551,-1.334738,0.786813,-2.583569,-1.796756,4.456452
LTC,20240627,932,0.786695,0.705659,-1.861944,-1.156284,0.705659,-1.883832,-1.178172,0.707532,-1.820855,-1.113323,0.707532,-1.870901,-1.163369,2.062033
LTC,20240630,1096,0.808577,0.68315,-1.961876,-1.278727,0.68315,-1.80451,-1.12136,0.68223,-1.835325,-1.153095,0.68223,-1.797659,-1.115429,2.133035
LTC,20240703,2207,0.782963,0.703032,-1.639565,-0.936533,0.703032,-1.836584,-1.133551,0.702278,-1.930539,-1.228261,0.702278,-2.216815,-1.514536,2.975599
LTC,20240706,1196,0.858863,0.795164,-2.010721,-1.215557,0.795164,-2.006721,-1.211557,0.796827,-2.003722,-1.206895,0.796827,-2.080604,-1.283777,3.146625
LTC,20240709,993,0.77855,0.773582,-1.739471,-0.965888,0.773582,-2.05131,-1.277728,0.775632,-1.844296,-1.068663,0.775632,-2.255741,-1.480108,3.159434
LTC,20240712,1116,0.864516,0.756862,-1.551498,-0.794636,0.756862,-1.241271,-0.484409,0.75427,-1.493602,-0.739332,0.75427,-1.028892,-0.274622,3.135324
LTC,20240715,1602,0.858677,0.726813,-2.026935,-1.300122,0.726813,-1.926073,-1.199261,0.728994,-2.027599,-1.298605,0.728994,-1.910018,-1.181024,3.011086
LTC,20240718,1206,0.839967,0.70108,-2.086861,-1.385781,0.70108,-2.278378,-1.577297,0.700711,-2.033681,-1.33297,0.700711,-2.284214,-1.583503,2.704274
LTC,20240721,918,0.836057,0.69798,-1.55379,-0.85581,0.69798,-1.896769,-1.198789,0.700925,-1.580903,-0.879978,0.700925,-1.869067,-1.168141,2.619973
LTC,20240724,1212,0.848597,0.70646,-1.602732,-0.896272,0.70646,-2.031189,-1.324729,0.708845,-1.494768,-0.785923,0.708845,-1.986316,-1.277471,2.786164
LTC,20240727,895,0.845363,0.714635,-1.584604,-0.869968,0.714635,-2.325715,-1.61108,0.712832,-1.554377,-0.841545,0.712832,-2.237653,-1.524821,2.659336
LTC,20240730,1652,0.556235,0.687516,-2.104472,-1.416956,0.687516,-2.507409,-1.819893,0.688162,-1.765547,-1.077385,0.688162,-2.236087,-1.547925,2.85824
LTC,20240802,1815,0.565124,0.752511,-2.11123,-1.358719,0.752511,-1.839159,-1.086648,0.759642,-2.066331,-1.306688,0.759642,-1.481733,-0.722091,4.726881
LTC,20240805,7027,0.869119,1.243056,-2.408398,-1.165342,1.243056,-4.007733,-2.764677,1.228557,-2.474466,-1.245909,1.228557,-3.619993,-2.391436,13.519996
LTC,20240808,1780,0.658427,0.867048,-2.209556,-1.342508,0.867048,-3.061951,-2.194903,0.868744,-2.18516,-1.316416,0.868744,-2.813557,-1.944813,4.727565
LTC,20240811,1472,0.593003,0.830865,-2.673656,-1.84279,0.830865,-3.689959,-2.859094,0.834227,-2.479305,-1.645078,0.834227,-3.025419,-2.191192,3.601069
LTC,20240814,1687,0.627386,0.80135,-2.062836,-1.261486,0.80135,-2.507161,-1.70581,0.804412,-1.887146,-1.082734,0.804412,-1.960285,-1.155873,3.506227
LTC,20240817,1170,0.681453,0.752221,-1.971746,-1.219525,0.752221,-1.652691,-0.90047,0.753236,-2.077052,-1.323816,0.753236,-1.560051,-0.806815,2.422064
LTC,20240820,1527,0.678585,0.780418,-1.869448,-1.089029,0.780418,-1.986779,-1.206361,0.787498,-1.724603,-0.937105,0.787498,-1.651515,-0.864017,3.018532
LTC,20240823,1378,0.568868,0.777371,-1.621408,-0.844037,0.777371,-1.787939,-1.010568,0.780624,-1.351445,-0.570821,0.780624,-1.525796,-0.745172,2.789853
LTC,20240826,650,0.884615,0.790929,-2.032794,-1.241865,0.790929,-2.83343,-2.042501,0.792119,-2.038716,-1.246597,0.792119,-2.720354,-1.928236,3.199123
LTC,20240829,2037,0.667894,0.819711,-2.486465,-1.666754,0.819711,-2.5207,-1.700989,0.825779,-2.340465,-1.514685,0.825779,-2.375837,-1.550058,3.83895
LTC,20240901,1677,0.613417,0.783996,-1.994258,-1.210262,0.783996,-2.313574,-1.529578,0.787558,-1.681462,-0.893904,0.787558,-1.907118,-1.11956,3.119086
LTC,20240904,2241,0.609103,0.787388,-1.944464,-1.157075,0.787388,-1.804703,-1.017314,0.797686,-1.771979,-0.974293,0.797686,-2.3975,-1.599814,3.978017
LTC,20240907,1171,0.65064,0.796403,-2.059833,-1.26343,0.796403,-1.773403,-0.977,0.799502,-2.074057,-1.274555,0.799502,-1.948912,-1.14941,2.653577
LTC,20240910,691,0.868596,0.827535,-1.500066,-0.672531,0.827535,-1.277162,-0.449627,0.82675,-1.531156,-0.704406,0.82675,-1.183902,-0.357153,2.602085
LTC,20240913,627,0.841148,0.789249,-1.539416,-0.750167,0.789249,-1.680557,-0.891308,0.788978,-1.541261,-0.752283,0.788978,-1.68689,-0.897912,2.094008
LTC,20240916,625,0.85504,0.799985,-1.316779,-0.516795,0.799985,-1.803304,-1.00332,0.800682,-1.341256,-0.540573,0.800682,-1.718715,-0.918032,2.287093
LTC,20240919,815,0.851656,0.774184,-1.503925,-0.72974,0.774184,-1.905507,-1.131323,0.775686,-1.463628,-0.687942,0.775686,-1.926152,-1.150466,2.283651
LTC,20240922,1003,0.846062,0.753366,-1.694638,-0.941272,0.753366,-1.505559,-0.752192,0.755284,-1.734241,-0.978957,0.755284,-1.658304,-0.90302,2.570035
LTC,20240925,779,0.875096,0.752901,-1.525912,-0.773011,0.752901,-0.929791,-0.17689,0.753573,-1.530759,-0.777185,0.753573,-0.9785,-0.224927,2.304361
LTC,20240928,824,0.864684,0.728784,-1.963279,-1.234495,0.728784,-2.354195,-1.625412,0.729044,-1.87472,-1.145676,0.729044,-2.188242,-1.459198,2.247088
LTC,20241001,1985,0.871688,0.789535,-2.398436,-1.608901,0.789535,-3.066149,-2.276615,0.790539,-2.42904,-1.638502,0.790539,-3.119175,-2.328636,4.578916
LTC,20241004,622,0.848232,0.782047,-1.910389,-1.128342,0.782047,-1.848204,-1.066157,0.783043,-2.006605,-1.223562,0.783043,-1.927363,-1.144321,2.329408
LTC,20241007,756,0.873016,0.767954,-1.808277,-1.040323,0.767954,-2.458471,-1.690517,0.767265,-1.729731,-0.962467,0.767265,-2.261308,-1.494043,2.740757
LTC,20241010,599,0.876127,0.786784,-1.869403,-1.082619,0.786784,-1.902916,-1.116132,0.784943,-1.841525,-1.056582,0.784943,-1.835362,-1.050419,2.325144
LTC,20241013,315,0.875873,0.777558,-1.665618,-0.88806,0.777558,-2.067394,-1.289837,0.77895,-1.64246,-0.863509,0.77895,-1.950612,-1.171661,1.715675
LTC,20241016,2097,0.886838,0.718155,-1.829675,-1.11152,0.718155,-1.794376,-1.076221,0.719037,-1.88509,-1.166053,0.719037,-1.760419,-1.041382,4.198735
LTC,20241019,1414,0.865842,0.67762,-1.704134,-1.026514,0.67762,-1.574168,-0.896547,0.678503,-1.751499,-1.072996,0.678503,-1.375826,-0.697322,2.445117
LTC,20241022,2134,0.883739,0.723276,-2.051842,-1.328566,0.723276,-2.318081,-1.594804,0.723238,-2.105501,-1.382263,0.723238,-2.35585,-1.632612,3.417482
LTC,20241025,2320,0.865733,0.734588,-1.608641,-0.874053,0.734588,-2.21101,-1.476422,0.734734,-1.484575,-0.749841,0.734734,-2.155471,-1.420737,3.736588
LTC,20241028,1252,0.836502,0.710107,-1.655626,-0.945519,0.710107,-1.508485,-0.798379,0.71007,-1.713325,-1.003255,0.71007,-1.578664,-0.868594,2.440073
LTC,20241031,1318,0.833915,0.726627,-2.352518,-1.62589,0.726627,-2.609608,-1.882981,0.727706,-2.434143,-1.706436,0.727706,-2.571144,-1.843437,2.80938
LTC,20241103,1499,0.80527,0.755916,-1.580412,-0.824495,0.755916,-1.475472,-0.719555,0.756454,-1.654898,-0.898445,0.756454,-1.467446,-0.710993,3.597561
LTC,20241106,3092,0.890653,0.749413,-1.674512,-0.925099,0.749413,-1.4215,-0.672087,0.748814,-1.740046,-0.991232,0.748814,-1.578661,-0.829847,4.929589
LTC,20241109,1816,0.846971,0.701249,-1.621982,-0.920733,0.701249,-1.569975,-0.868726,0.702924,-1.573491,-0.870568,0.702924,-1.493472,-0.790549,2.911419
LTC,20241112,7231,0.844226,0.708422,-1.796745,-1.088323,0.708422,-1.596458,-0.888036,0.708899,-1.877296,-1.168396,0.708899,-1.787721,-1.078821,8.409762
LTC,20241115,9234,0.836853,0.640961,-1.629946,-0.988985,0.640961,-1.407824,-0.766863,0.640044,-1.73682,-1.096776,0.640044,-1.530977,-0.890934,7.013859
LTC,20241118,13128,0.838201,0.590069,-1.69833,-1.108261,0.590069,-1.814717,-1.224648,0.591155,-1.697142,-1.105987,0.591155,-1.915462,-1.324307,7.037432
LTC,20241121,13238,0.826197,0.611569,-1.839919,-1.228349,0.611569,-1.664237,-1.052667,0.612376,-1.906757,-1.29438,0.612376,-1.702793,-1.090417,6.59859
LTC,20241124,14146,0.784943,0.600637,-1.468619,-0.867982,0.600637,-1.781928,-1.181292,0.60172,-1.526531,-0.924811,0.60172,-1.675234,-1.073514,7.461781
LTC,20241127,9489,0.794467,0.599497,-1.675074,-1.075577,0.599497,-1.245896,-0.6464,0.601818,-1.633316,-1.031499,0.601818,-1.230508,-0.62869,5.341548
LTC,20241130,9890,0.790809,0.555824,-1.475606,-0.919782,0.555824,-1.335857,-0.780032,0.557913,-1.487868,-0.929955,0.557913,-1.298397,-0.740485,4.79423
LTC,20241203,21275,0.795187,0.567822,-1.301577,-0.733755,0.567822,-1.781142,-1.21332,0.570612,-1.412157,-0.841546,0.570612,-1.697675,-1.127063,9.734769
LTC,20241206,14492,0.767824,0.451888,-1.485043,-1.033155,0.451888,-1.244726,-0.792838,0.453692,-1.529331,-1.075638,0.453692,-1.301724,-0.848031,6.028265
LTC,20241209,22023,0.784153,0.818629,-1.151608,-0.332979,0.818629,-0.93488,-0.116251,0.811415,-1.48032,-0.668905,0.811415,-3.012177,-2.200762,12.023899
LTC,20241212,11560,0.80314,0.503071,-1.79758,-1.29451,0.503071,-1.952261,-1.44919,0.503655,-1.865907,-1.362252,0.503655,-1.747598,-1.243943,7.036305
LTC,20241215,8309,0.80621,0.474978,-1.770141,-1.295164,0.474978,-1.867386,-1.392408,0.476929,-1.770466,-1.293537,0.476929,-1.871128,-1.394199,4.802455
LTC,20241218,17963,0.82509,0.632481,-2.101941,-1.46946,0.632481,-3.293375,-2.660894,0.619953,-2.040441,-1.420488,0.619953,-2.870633,-2.250681,9.563559
LTC,20241221,8900,0.802,0.588616,-1.951568,-1.362952,0.588616,-2.032578,-1.443963,0.590345,-1.982025,-1.391679,0.590345,-2.093107,-1.502761,7.00479
LTC,20241224,6092,0.796536,0.541538,-1.611032,-1.069494,0.541538,-1.514936,-0.973397,0.543395,-1.601028,-1.057633,0.543395,-1.549248,-1.005854,4.278196
LTC,20241227,6343,0.792779,0.55621,-1.730036,-1.173826,0.55621,-1.984356,-1.428145,0.556709,-1.716851,-1.160143,0.556709,-2.001122,-1.444413,4.559172
LTC,20241230,6281,0.790638,0.575017,-1.73411,-1.159094,0.575017,-1.56438,-0.989364,0.578094,-1.786906,-1.208813,0.578094,-1.538186,-0.960092,5.05696
LTC,20250102,5420,0.784077,0.522205,-1.798812,-1.276607,0.522205,-1.837225,-1.315019,0.524951,-1.86986,-1.344908,0.524951,-1.920845,-1.395893,4.312097
LTC,20250105,3947,0.781556,0.494869,-1.396354,-0.901485,0.494869,-1.655663,-1.160794,0.499037,-1.419461,-0.920424,0.499037,-1.533214,-1.034178,2.941932
LTC,20250108,4616,0.795516,0.574838,-1.787381,-1.212543,0.574838,-1.693306,-1.118468,0.576962,-1.615238,-1.038276,0.576962,-1.753662,-1.176701,5.679003
LTC,20250111,4028,0.721872,0.517767,-1.618721,-1.100953,0.517767,-1.2225,-0.704733,0.519302,-1.637935,-1.118633,0.519302,-1.276315,-0.757014,2.877614
LTC,20250114,5823,0.68712,0.529118,-1.380025,-0.850907,0.529118,-1.071815,-0.542697,0.530491,-1.429409,-0.898919,0.530491,-1.314166,-0.783676,3.765821
LTC,20250117,16292,0.765578,0.460178,-1.41214,-0.951962,0.460178,-1.085147,-0.62497,0.458951,-1.418141,-0.95919,0.458951,-1.111514,-0.652563,6.93907
LTC,20250120,17369,0.729276,0.662363,-1.678307,-1.015944,0.662363,-2.159697,-1.497334,0.652776,-1.588743,-0.935967,0.652776,-1.785414,-1.132638,11.126865
LTC,20250123,8444,0.772205,0.498891,-1.682489,-1.183598,0.498891,-1.88463,-1.385739,0.502631,-1.669078,-1.166447,0.502631,-2.011472,-1.508841,5.739026
LTC,20250126,7571,0.739374,0.44052,-1.445864,-1.005344,0.44052,-1.504188,-1.063668,0.442136,-1.426008,-0.983872,0.442136,-1.548937,-1.106801,3.535241
LTC,20250129,8050,0.765404,0.551464,-1.866541,-1.315077,0.551464,-1.648407,-1.096942,0.552784,-1.92968,-1.376896,0.552784,-1.49299,-0.940206,6.149081
LTC,20250201,11880,0.77612,0.454951,-1.589502,-1.134551,0.454951,-1.620728,-1.165777,0.454572,-1.560228,-1.105656,0.454572,-1.640581,-1.186009,5.32585
LTC,20250204,13422,0.819259,0.575325,-1.585494,-1.010169,0.575325,-1.137226,-0.561901,0.576874,-1.626396,-1.049521,0.576874,-1.135414,-0.558539,8.501223
LTC,20250207,10546,0.820036,0.535815,-1.749016,-1.213201,0.535815,-1.863363,-1.327548,0.536894,-1.749549,-1.212655,0.536894,-1.736108,-1.199214,6.379726
LTC,20250210,15697,0.780136,0.523857,-1.653683,-1.129826,0.523857,-1.667137,-1.14328,0.525824,-1.652104,-1.12628,0.525824,-1.626661,-1.100837,7.864095
LTC,20250213,14435,0.778074,0.501159,-1.483749,-0.982591,0.501159,-1.191595,-0.690436,0.501112,-1.496456,-0.995344,0.501112,-1.194926,-0.693814,6.887052
LTC,20250216,15360,0.742201,0.465255,-1.246113,-0.780858,0.465255,-1.003988,-0.538733,0.463715,-1.229562,-0.765847,0.463715,-1.179615,-0.7159,5.425652
LTC,20250219,18447,0.759842,0.429556,-1.154977,-0.725421,0.429556,-0.979555,-0.549999,0.431331,-1.18182,-0.750489,0.431331,-0.958802,-0.527471,6.40325
LTC,20250222,13268,0.580005,0.455918,-1.278712,-0.822794,0.455918,-1.531798,-1.07588,0.457152,-1.355959,-0.898807,0.457152,-1.656279,-1.199127,4.275559
LTC,20250225,15583,0.783983,0.517898,-1.416479,-0.898582,0.517898,-0.635131,-0.117233,0.520747,-1.389067,-0.868321,0.520747,-0.682332,-0.161585,9.338719
LTC,20250228,23836,0.794953,0.460416,-1.501927,-1.041511,0.460416,-1.711002,-1.250586,0.458471,-1.445817,-0.987346,0.458471,-1.48953,-1.031059,9.527353
LTC,20250303,21684,0.790076,0.490037,-1.430913,-0.940875,0.490037,-1.270479,-0.780442,0.484406,-1.551275,-1.066869,0.484406,-1.359878,-0.875472,8.923982
LTC,20250306,15091,0.703433,0.491626,-1.471888,-0.980263,0.491626,-1.122866,-0.63124,0.492111,-1.483669,-0.991558,0.492111,-1.089277,-0.597166,6.051346
LTC,20250309,10402,0.786195,0.523767,-1.450518,-0.926751,0.523767,-1.389513,-0.865746,0.523558,-1.453766,-0.930208,0.523558,-1.450158,-0.9266,5.643687
LTC,20250312,6653,0.825297,0.58777,-1.505914,-0.918144,0.58777,-1.497552,-0.909782,0.585464,-1.519258,-0.933794,0.585464,-1.724115,-1.138651,5.357891
LTC,20250315,5373,0.766741,0.551265,-1.530603,-0.979338,0.551265,-1.594743,-1.043478,0.551957,-1.572844,-1.020887,0.551957,-1.635293,-1.083336,3.148602
LTC,20250318,5402,0.795927,0.574399,-1.522127,-0.947727,0.574399,-1.774948,-1.200549,0.574637,-1.535659,-0.961022,0.574637,-1.797785,-1.223149,3.687023
LTC,20250321,5351,0.781368,0.545094,-1.63602,-1.090926,0.545094,-1.561202,-1.016108,0.545019,-1.640961,-1.095942,0.545019,-1.491528,-0.946509,3.249274
LTC,20250324,4830,0.795217,0.542235,-1.317063,-0.774828,0.542235,-1.388009,-0.845773,0.54281,-1.323768,-0.780958,0.54281,-1.427585,-0.884775,3.149604
LTC,20250327,2853,0.76586,0.55031,-1.396098,-0.845787,0.55031,-1.417405,-0.867094,0.547116,-1.443383,-0.896267,0.547116,-1.440548,-0.893432,3.059787
LTC,20250330,3062,0.758263,0.591168,-1.684112,-1.092943,0.591168,-2.187468,-1.5963,0.592942,-1.669569,-1.076627,0.592942,-2.246944,-1.654003,3.057543
LTC,20250402,5898,0.81392,0.646403,-1.682512,-1.036109,0.646403,-3.131158,-2.484755,0.64656,-1.861721,-1.215161,0.64656,-3.25406,-2.607501,6.466728
LTC,20250405,1943,0.757385,0.604298,-1.596905,-0.992606,0.604298,-1.660062,-1.055764,0.604555,-1.591511,-0.986956,0.604555,-1.622289,-1.017734,2.13305
LTC,20250408,5826,0.864298,0.714795,-1.71951,-1.004715,0.714795,-1.609469,-0.894674,0.715119,-1.75548,-1.040361,0.715119,-1.566926,-0.851807,5.48476
LTC,20250411,3966,0.846344,0.670108,-1.802738,-1.132631,0.670108,-1.796937,-1.12683,0.669515,-1.80256,-1.133044,0.669515,-1.777032,-1.107517,3.6796
LTC,20250414,3874,0.846309,0.653786,-1.620231,-0.966445,0.653786,-2.157364,-1.503578,0.654553,-1.66132,-1.006767,0.654553,-2.0827,-1.428147,4.338065
LTC,20250417,2708,0.807644,0.681275,-1.652645,-0.97137,0.681275,-1.834633,-1.153357,0.681995,-1.619691,-0.937696,0.681995,-1.808997,-1.127002,3.417133
LTC,20250420,2138,0.760571,0.656424,-1.566407,-0.909982,0.656424,-1.832379,-1.175954,0.657072,-1.544947,-0.887875,0.657072,-1.696152,-1.039081,2.315052
LTC,20250423,4365,0.816518,0.618164,-1.479081,-0.860917,0.618164,-1.638295,-1.020131,0.619645,-1.421887,-0.802243,0.619645,-1.533426,-0.913781,4.042954
LTC,20250426,2595,0.811599,0.582822,-1.439964,-0.857141,0.582822,-1.336872,-0.754049,0.583301,-1.429669,-0.846368,0.583301,-1.386901,-0.803601,2.936507
LTC,20250429,2859,0.83774,0.599348,-1.656078,-1.056731,0.599348,-1.580345,-0.980998,0.599652,-1.617166,-1.017514,0.599652,-1.496041,-0.896389,3.604852
LTC,20250502,3163,0.834967,0.577961,-1.467361,-0.8894,0.577961,-1.700411,-1.12245,0.578191,-1.435668,-0.857477,0.578191,-1.614511,-1.036321,3.078577
LTC,20250505,5230,0.833059,0.593029,-1.333244,-0.740215,0.593029,-1.465703,-0.872674,0.593488,-1.422262,-0.828774,0.593488,-1.617921,-1.024432,4.303436
LTC,20250508,6314,0.827447,0.557406,-1.362565,-0.805159,0.557406,-1.308948,-0.751542,0.558045,-1.419546,-0.861501,0.558045,-1.380183,-0.822138,4.581731
LTC,20250511,6363,0.804086,0.514403,-1.446945,-0.932541,0.514403,-1.965239,-1.450836,0.514997,-1.456076,-0.941079,0.514997,-2.048747,-1.533749,4.94824
LTC,20250514,6931,0.799134,0.505977,-1.56376,-1.057783,0.505977,-2.106303,-1.600326,0.505653,-1.542075,-1.036422,0.505653,-2.073484,-1.567831,4.752036
LTC,20250517,5292,0.798583,0.520506,-1.524678,-1.004172,0.520506,-1.49454,-0.974034,0.520756,-1.468243,-0.947488,0.520756,-1.507836,-0.98708,4.218897
LTC,20250520,7003,0.812081,0.53994,-1.189579,-0.649639,0.53994,-0.957401,-0.41746,0.540579,-1.144215,-0.603636,0.540579,-0.907214,-0.366635,4.447666
LTC,20250523,6951,0.822141,0.524102,-1.265937,-0.741835,0.524102,-1.53178,-1.007678,0.524736,-1.251271,-0.726535,0.524736,-1.479288,-0.954551,4.835976
LTC,20250526,3163,0.79491,0.526043,-1.359161,-0.833118,0.526043,-1.281932,-0.755889,0.526443,-1.302466,-0.776023,0.526443,-1.27573,-0.749287,2.547278
LTC,20250529,4161,0.806561,0.529787,-1.415349,-0.885561,0.529787,-1.316088,-0.7863,0.530193,-1.400017,-0.869824,0.530193,-1.2853,-0.755106,3.712107
LTC,20250601,2345,0.775352,0.577372,-1.444324,-0.866953,0.577372,-1.62216,-1.044789,0.578029,-1.383618,-0.80559,0.578029,-1.513987,-0.935958,2.673186
LTC,20250604,2988,0.783333,0.562839,-1.320096,-0.757257,0.562839,-1.586962,-1.024123,0.563375,-1.34808,-0.784705,0.563375,-1.574326,-1.010951,2.424726
LTC,20250607,1738,0.817722,0.569924,-1.288079,-0.718155,0.569924,-1.059921,-0.489997,0.570452,-1.288041,-0.717589,0.570452,-1.122864,-0.552412,1.789856
LTC,20250610,3138,0.833429,0.552695,-1.496921,-0.944226,0.552695,-1.199457,-0.646762,0.553263,-1.494758,-0.941495,0.553263,-1.285617,-0.732354,3.295979
LTC,20250613,4442,0.836763,0.603631,-1.250129,-0.646497,0.603631,-1.661608,-1.057976,0.603427,-1.217936,-0.614509,0.603427,-1.559288,-0.955861,4.520781
LTC,20250616,2333,0.808015,0.581037,-1.31765,-0.736614,0.581037,-1.557629,-0.976592,0.580594,-1.292595,-0.712001,0.580594,-1.603316,-1.022722,2.742734
LTC,20250619,1626,0.789606,0.590962,-1.795133,-1.204171,0.590962,-2.179976,-1.589015,0.591714,-1.753785,-1.162071,0.591714,-2.098112,-1.506399,2.355735
LTC,20250622,3384,0.808156,0.643402,-1.240834,-0.597432,0.643402,-1.027241,-0.38384,0.644206,-1.205947,-0.561741,0.644206,-0.74497,-0.100763,5.060637
LTC,20250625,2521,0.772114,0.594637,-1.442217,-0.847579,0.594637,-1.572892,-0.978254,0.594201,-1.397126,-0.802925,0.594201,-1.510562,-0.916361,2.691009
LTC,20250628,1356,0.769469,0.58537,-1.342422,-0.757052,0.58537,-1.309452,-0.724082,0.585667,-1.285779,-0.700112,0.585667,-1.239353,-0.653686,1.660155
LTC,20250701,2089,0.786692,0.596466,-1.451323,-0.854857,0.596466,-1.763789,-1.167324,0.59737,-1.356397,-0.759027,0.59737,-1.733214,-1.135844,2.401218
LTC,20250704,2633,0.800874,0.576365,-1.339542,-0.763177,0.576365,-1.733797,-1.157433,0.577216,-1.336598,-0.759382,0.577216,-1.826879,-1.249662,2.893646
LTC,20250707,2235,0.820179,0.581238,-1.208787,-0.627549,0.581238,-1.246085,-0.664847,0.581505,-1.20087,-0.619365,0.581505,-1.229789,-0.648284,2.437556
LTC,20250710,3057,0.794243,0.564028,-1.330787,-0.766759,0.564028,-1.29676,-0.732733,0.564404,-1.271569,-0.707165,0.564404,-1.386304,-0.8219,2.913363
LTC,20250713,3918,0.801838,0.536065,-1.503154,-0.967089,0.536065,-1.749968,-1.213903,0.535416,-1.469014,-0.933598,0.535416,-1.805113,-1.269697,2.938713
LTC,20250716,4663,0.79762,0.519411,-1.284976,-0.765565,0.519411,-1.114877,-0.595466,0.51991,-1.246442,-0.726531,0.51991,-1.089481,-0.56957,3.49259
LTC,20250719,11594,0.765646,0.505929,-1.11036,-0.604431,0.505929,-0.625007,-0.119078,0.502783,-1.178195,-0.675413,0.502783,-0.770852,-0.268069,6.090793
LTC,20250722,9057,0.829005,0.443385,-1.502248,-1.058863,0.443385,-1.765227,-1.321843,0.442864,-1.492905,-1.050041,0.442864,-1.67575,-1.232886,5.72212
LTC,20250725,8743,0.806405,0.455645,-1.417459,-0.961814,0.455645,-1.158434,-0.702788,0.455981,-1.462381,-1.006401,0.455981,-1.162742,-0.706762,5.648988
LTC,20250727,4736,0.767019,0.44539,-1.405193,-0.959802,0.44539,-1.396131,-0.950741,0.444732,-1.41838,-0.973649,0.444732,-1.301898,-0.857167,3.072817
LTC,20250728,6246,0.807109,0.454212,-1.123029,-0.668817,0.454212,-1.070504,-0.616292,0.454571,-1.14693,-0.692358,0.454571,-1.0567,-0.602129,3.88915
LTC,20250731,5094,0.803985,0.468711,-1.367272,-0.898561,0.468711,-1.113534,-0.644822,0.468926,-1.376609,-0.907683,0.468926,-1.14621,-0.677284,3.540175
LTC,20250801,7690,0.810702,0.489696,-1.500799,-1.011103,0.489696,-1.548604,-1.058908,0.488433,-1.560554,-1.072121,0.488433,-1.487986,-0.999553,5.858007
LTC,20250803,5246,0.770225,0.469115,-1.471677,-1.002563,0.469115,-1.338367,-0.869252,0.469654,-1.542829,-1.073176,0.469654,-1.38711,-0.917456,3.55782
LTC,20250806,8215,0.76185,0.428527,-1.169902,-0.741375,0.428527,-1.276005,-0.847477,0.428297,-1.18452,-0.756223,0.428297,-1.264424,-0.836128,3.648986
LTC,20250809,6577,0.775095,0.413816,-1.189047,-0.775231,0.413816,-1.308229,-0.894413,0.413585,-1.210526,-0.796942,0.413585,-1.412411,-0.998826,3.38284
LTC,20250811,11712,0.792606,0.411511,-1.151528,-0.740017,0.411511,-1.043698,-0.632186,0.410903,-1.187662,-0.776759,0.410903,-1.030669,-0.619766,5.497271
LTC,20250812,10841,0.750226,0.414208,-1.002511,-0.588303,0.414208,-0.781787,-0.367579,0.413776,-1.019752,-0.605976,0.413776,-0.852059,-0.438282,4.516774
LTC,20250815,7719,0.748633,0.425435,-1.380459,-0.955024,0.425435,-2.037492,-1.612056,0.425009,-1.278429,-0.85342,0.425009,-1.524624,-1.099615,3.929043
LTC,20250816,4164,0.75024,0.42428,-1.408275,-0.983995,0.42428,-1.134279,-0.709999,0.424291,-1.458786,-1.034495,0.424291,-1.21773,-0.793439,2.448183
LTC,20250818,6584,0.786133,0.434535,-1.297996,-0.86346,0.434535,-1.596655,-1.162119,0.435028,-1.305528,-0.8705,0.435028,-1.548344,-1.113316,3.659022
OP,20230401,2709,0.834035,0.235016,-1.776493,-1.541476,0.235016,-1.961923,-1.726907,0.235732,-1.587816,-1.352084,0.235732,-1.83275,-1.597018,3.401592
OP,20230404,3301,0.91448,0.245864,-1.667716,-1.421853,0.245864,-1.804374,-1.558511,0.246215,-1.653187,-1.406971,0.246215,-1.757498,-1.511283,4.116663
OP,20230407,2285,0.917987,0.236568,-1.769182,-1.532614,0.236568,-1.603721,-1.367153,0.237494,-1.734831,-1.497336,0.237494,-1.590067,-1.352572,3.270545
OP,20230410,3578,0.856205,0.234281,-1.512192,-1.27791,0.234281,-1.55645,-1.322168,0.235358,-1.442533,-1.207175,0.235358,-1.559159,-1.323801,3.772836
OP,20230413,5101,0.790923,0.223406,-1.471025,-1.247619,0.223406,-1.314849,-1.091443,0.220805,-1.469063,-1.248258,0.220805,-1.186162,-0.965356,4.566154
OP,20230416,3445,0.793556,0.205296,-1.593186,-1.38789,0.205296,-1.593287,-1.387991,0.204078,-1.609184,-1.405107,0.204078,-1.520175,-1.316097,4.017154
OP,20230419,7794,0.82203,0.305282,-2.13799,-1.832708,0.305282,-1.719274,-1.413991,0.315648,-2.085507,-1.769858,0.315648,-1.613906,-1.298257,8.283174
OP,20230422,2808,0.712001,0.232866,-1.546304,-1.313438,0.232866,-1.651989,-1.419123,0.231426,-1.444364,-1.212938,0.231426,-1.433553,-1.202127,3.656208
OP,20230425,4241,0.680995,0.245859,-1.460706,-1.214846,0.245859,-1.521586,-1.275727,0.243208,-1.472426,-1.229218,0.243208,-1.143162,-0.899955,4.590503
OP,20230428,3230,0.72678,0.246153,-1.298593,-1.05244,0.246153,-1.30769,-1.061536,0.246681,-1.233448,-0.986767,0.246681,-1.225764,-0.979083,3.637707
OP,20230501,3217,0.736276,0.265731,-1.538204,-1.272473,0.265731,-1.841623,-1.575893,0.270823,-1.647816,-1.376994,0.270823,-1.735354,-1.464532,3.842912
OP,20230504,2235,0.746219,0.253837,-1.347018,-1.093181,0.253837,-1.440459,-1.186622,0.254328,-1.304624,-1.050296,0.254328,-1.555858,-1.30153,3.159616
OP,20230507,3082,0.808112,0.272906,-1.7453,-1.472394,0.272906,-2.027416,-1.75451,0.272059,-1.717519,-1.44546,0.272059,-1.98382,-1.711761,4.055825
OP,20230510,4779,0.840197,0.463335,-2.00899,-1.545655,0.463335,-0.827663,-0.364328,0.478676,-1.74275,-1.264074,0.478676,-0.169276,0.309401,7.583405
OP,20230513,2703,0.884647,0.314777,-2.119527,-1.80475,0.314777,-2.234021,-1.919243,0.315188,-2.032114,-1.716927,0.315188,-2.016524,-1.701337,4.035877
OP,20230516,3241,0.909627,0.330511,-2.137862,-1.807351,0.330511,-2.457066,-2.126556,0.332077,-2.096453,-1.764376,0.332077,-2.409822,-2.077745,4.524113
OP,20230519,4174,0.925731,0.320688,-1.782152,-1.461464,0.320688,-1.983945,-1.663257,0.320272,-1.705576,-1.385304,0.320272,-1.940119,-1.619847,4.877725
OP,20230522,2880,0.922639,0.335005,-2.04901,-1.714005,0.335005,-2.004061,-1.669056,0.336365,-2.089621,-1.753256,0.336365,-2.030407,-1.694042,4.519552
OP,20230525,2185,0.912723,0.338143,-1.891611,-1.553468,0.338143,-2.015146,-1.677002,0.335901,-1.906686,-1.570784,0.335901,-1.935103,-1.599202,4.030928
OP,20230528,1794,0.950502,0.327011,-1.812203,-1.485192,0.327011,-1.636577,-1.309566,0.325639,-1.845204,-1.519565,0.325639,-1.704347,-1.378708,2.872565
OP,20230531,7109,0.970573,0.393426,-1.968564,-1.575139,0.393426,-1.879548,-1.486122,0.3928,-1.977852,-1.585052,0.3928,-1.807052,-1.414252,7.199856
OP,20230603,2402,0.953705,0.350613,-1.548244,-1.197631,0.350613,-1.652267,-1.301654,0.350203,-1.55345,-1.203247,0.350203,-1.582256,-1.232053,3.31462
OP,20230606,5844,0.987645,0.390075,-1.954362,-1.564286,0.390075,-2.109963,-1.719888,0.390402,-1.972841,-1.582439,0.390402,-2.125181,-1.73478,7.321207
OP,20230609,3900,0.958692,0.419845,-1.533188,-1.113344,0.419845,-1.499434,-1.07959,0.418751,-1.5395,-1.120749,0.418751,-1.468875,-1.050124,4.350613
OP,20230612,4737,0.983998,0.517628,-2.208774,-1.691146,0.517628,-1.662856,-1.145228,0.517747,-2.19134,-1.673593,0.517747,-1.6487,-1.130953,6.883015
OP,20230615,3376,0.915758,0.485611,-1.738589,-1.252978,0.485611,-1.432088,-0.946478,0.48722,-1.673824,-1.186604,0.48722,-1.510106,-1.022886,4.647213
OP,20230618,2672,0.907111,0.501361,-1.983407,-1.482046,0.501361,-1.70724,-1.205879,0.505542,-2.031627,-1.526085,0.505542,-1.884602,-1.37906,5.878249
OP,20230621,9946,0.959773,0.421758,-1.663772,-1.242014,0.421758,-2.133216,-1.711458,0.423737,-1.653923,-1.230187,0.423737,-2.021299,-1.597562,9.079205
OP,20230624,5175,0.968077,0.42363,-2.072489,-1.648858,0.42363,-1.637829,-1.214199,0.424861,-2.108496,-1.683635,0.424861,-1.706765,-1.281903,6.062094
OP,20230627,4025,0.97441,0.395539,-2.267935,-1.872396,0.395539,-2.656586,-2.261047,0.395958,-2.234515,-1.838557,0.395958,-2.657471,-2.261513,5.050902
OP,20230630,8445,0.85299,0.471048,-2.454656,-1.983609,0.471048,-2.212676,-1.741629,0.482427,-2.432298,-1.949872,0.482427,-2.220067,-1.73764,8.879949
OP,20230703,4827,0.860638,0.381715,-2.21233,-1.830615,0.381715,-1.847537,-1.465823,0.382689,-2.15154,-1.768851,0.382689,-1.892166,-1.509477,4.41409
OP,20230706,4562,0.979965,0.431159,-1.884243,-1.453084,0.431159,-2.080337,-1.649178,0.431342,-1.889502,-1.458159,0.431342,-2.05063,-1.619288,4.66094
OP,20230709,1112,0.97473,0.422102,-2.014404,-1.592302,0.422102,-2.225877,-1.803775,0.422384,-1.960039,-1.537655,0.422384,-2.202372,-1.779989,2.573917
OP,20230712,2882,0.989938,0.435536,-1.742108,-1.306572,0.435536,-2.144908,-1.709372,0.435833,-1.746615,-1.310782,0.435833,-2.161585,-1.725752,4.042296
OP,20230715,7222,0.98931,0.353024,-2.145843,-1.792819,0.353024,-2.222895,-1.869871,0.352959,-2.161102,-1.808144,0.352959,-2.255827,-1.902868,6.390999
OP,20230718,7015,0.976123,0.356646,-2.033553,-1.676907,0.356646,-1.848739,-1.492092,0.356579,-2.02135,-1.664771,0.356579,-1.851938,-1.495359,6.337779
OP,20230721,3411,0.967429,0.340813,-1.590259,-1.249446,0.340813,-1.658668,-1.317855,0.341142,-1.60599,-1.264848,0.341142,-1.622733,-1.281591,4.136044
OP,20230724,5364,0.975,0.365541,-2.229708,-1.864167,0.365541,-3.809921,-3.44438,0.366366,-2.246309,-1.879943,0.366366,-3.767051,-3.400685,6.004583
OP,20230727,3343,0.973198,0.337389,-1.888836,-1.551447,0.337389,-1.716981,-1.379592,0.337619,-1.867387,-1.529768,0.337619,-1.737621,-1.400002,3.54075
OP,20230730,7696,0.971128,0.337048,-1.763659,-1.426611,0.337048,-1.931234,-1.594186,0.337154,-1.769117,-1.431963,0.337154,-1.926044,-1.588889,5.846923
OP,20230802,5991,0.958638,0.32393,-1.649941,-1.326011,0.32393,-1.926193,-1.602262,0.324182,-1.65086,-1.326678,0.324182,-1.927601,-1.603419,5.182013
OP,20230805,3386,0.94619,0.304846,-1.622274,-1.317428,0.304846,-1.40884,-1.103993,0.305166,-1.615043,-1.309876,0.305166,-1.418181,-1.113015,3.157097
OP,20230808,6536,0.93496,0.301399,-1.639876,-1.338478,0.301399,-1.833941,-1.532542,0.30197,-1.624427,-1.322458,0.30197,-1.771733,-1.469764,4.942978
OP,20230811,2344,0.950555,0.321525,-1.247803,-0.926278,0.321525,-1.094897,-0.773372,0.321887,-1.220896,-0.899009,0.321887,-1.047638,-0.725751,2.742822
OP,20230814,2684,0.918443,0.329216,-1.594171,-1.264956,0.329216,-1.706308,-1.377093,0.329545,-1.57713,-1.247586,0.329545,-1.572638,-1.243093,3.154374
OP,20230817,6532,0.960165,0.448925,-2.229734,-1.78081,0.448925,-3.016376,-2.567452,0.451751,-2.227226,-1.775475,0.451751,-3.11691,-2.665159,10.372827
OP,20230820,1978,0.884024,0.347989,-1.859432,-1.511443,0.347989,-2.180464,-1.832475,0.347776,-1.745708,-1.397932,0.347776,-2.076751,-1.728974,3.124697
OP,20230823,4535,0.94183,0.326029,-1.604921,-1.278892,0.326029,-1.897524,-1.571496,0.326377,-1.523589,-1.197212,0.326377,-1.813622,-1.487245,4.267937
OP,20230826,1814,0.90645,0.343957,-1.523782,-1.179825,0.343957,-1.48447,-1.140514,0.344569,-1.522593,-1.178024,0.344569,-1.428158,-1.083589,2.615509
OP,20230829,4179,0.964178,0.377669,-1.669058,-1.291388,0.377669,-1.418788,-1.041118,0.378756,-1.665358,-1.286603,0.378756,-1.406084,-1.027328,4.767169
OP,20230901,2749,0.945908,0.384997,-1.799434,-1.414437,0.384997,-1.864687,-1.47969,0.385699,-1.781364,-1.395665,0.385699,-1.862373,-1.476674,3.810517
OP,20230904,1515,0.955578,0.383586,-1.738972,-1.355385,0.383586,-1.678876,-1.29529,0.384041,-1.693688,-1.309647,0.384041,-1.58629,-1.202249,2.909498
OP,20230907,1208,0.948262,0.383326,-1.606086,-1.22276,0.383326,-2.411925,-2.028599,0.383627,-1.565481,-1.181855,0.383627,-2.320669,-1.937042,2.357514
OP,20230910,1696,0.984552,0.439555,-3.211647,-2.772093,0.439555,-3.614194,-3.174639,0.440258,-3.209526,-2.769268,0.440258,-3.591704,-3.151447,5.014052
OP,20230913,2902,0.976085,0.3844,-2.066351,-1.68195,0.3844,-1.334003,-0.949602,0.384676,-2.070928,-1.686252,0.384676,-1.299309,-0.914633,3.87707
OP,20230916,1675,0.960597,0.364978,-2.093535,-1.728556,0.364978,-2.155775,-1.790797,0.364862,-2.10098,-1.736119,0.364862,-2.173403,-1.808542,3.017287
OP,20230919,1593,0.958443,0.367611,-1.707439,-1.339828,0.367611,-1.745624,-1.378013,0.36772,-1.692173,-1.324454,0.36772,-1.697946,-1.330226,3.006864
OP,20230922,1420,0.963028,0.396858,-2.253552,-1.856693,0.396858,-1.679138,-1.282279,0.397163,-2.236615,-1.839452,0.397163,-1.627799,-1.230636,2.999573
OP,20230925,1519,0.971099,0.403314,-1.519768,-1.116454,0.403314,-1.937279,-1.533965,0.403222,-1.523843,-1.120621,0.403222,-1.905496,-1.502274,2.782013
OP,20230928,1724,0.961891,0.393274,-1.429825,-1.03655,0.393274,-1.081549,-0.688274,0.393373,-1.400127,-1.006754,0.393373,-1.04561,-0.652237,2.848108
OP,20231001,1906,0.955929,0.37521,-1.609779,-1.234569,0.37521,-1.227404,-0.852195,0.375592,-1.553171,-1.177579,0.375592,-1.192729,-0.817137,2.930296
OP,20231004,1883,0.973075,0.421969,-2.043329,-1.62136,0.421969,-1.607089,-1.18512,0.42237,-2.034514,-1.612144,0.42237,-1.626569,-1.204199,3.776472
OP,20231007,890,0.951011,0.392455,-1.747664,-1.355209,0.392455,-1.785027,-1.392572,0.392739,-1.72952,-1.336781,0.392739,-1.819253,-1.426515,2.133065
OP,20231010,1529,0.960628,0.411639,-1.764946,-1.353307,0.411639,-1.822348,-1.410709,0.411602,-1.761013,-1.349411,0.411602,-1.883706,-1.472103,3.233116
OP,20231013,1135,0.971542,0.424921,-1.759025,-1.334104,0.424921,-1.914116,-1.489196,0.425156,-1.73371,-1.308554,0.425156,-1.870145,-1.444989,2.607495
OP,20231016,2211,0.970421,0.439161,-1.715726,-1.276565,0.439161,-2.885803,-2.446642,0.439735,-1.713816,-1.274081,0.439735,-2.957361,-2.517626,3.426173
OP,20231019,1085,0.929124,0.434221,-1.229889,-0.795668,0.434221,-1.341159,-0.906938,0.434906,-1.169437,-0.734531,0.434906,-1.200072,-0.765166,2.34927
OP,20231022,1812,0.950773,0.415143,-2.572137,-2.156994,0.415143,-2.685979,-2.270836,0.415617,-2.611494,-2.195877,0.415617,-2.672879,-2.257262,3.909654
OP,20231025,2272,0.956646,0.37183,-2.039694,-1.667864,0.37183,-1.860467,-1.488638,0.372196,-2.01628,-1.644084,0.372196,-1.800919,-1.428724,4.491175
OP,20231028,1156,0.939273,0.366417,-1.577106,-1.210689,0.366417,-1.934639,-1.568222,0.366636,-1.521674,-1.155037,0.366636,-1.868305,-1.501668,2.449084
OP,20231031,2582,0.970411,0.387601,-2.206926,-1.819326,0.387601,-2.309134,-1.921533,0.387631,-2.242443,-1.854812,0.387631,-2.368676,-1.981045,4.25211
OP,20231103,3442,0.973039,0.375039,-2.257718,-1.882678,0.375039,-1.998789,-1.62375,0.375211,-2.237724,-1.862513,0.375211,-1.975096,-1.599885,4.521224
OP,20231106,3742,0.958525,0.334175,-2.039284,-1.705108,0.334175,-2.3608,-2.026624,0.334692,-2.03723,-1.702538,0.334692,-2.406973,-2.072281,4.391827
OP,20231109,11615,0.977925,0.482839,-1.839839,-1.357,0.482839,-0.938386,-0.455547,0.483979,-1.838707,-1.354728,0.483979,-0.82786,-0.343881,12.494971
OP,20231112,8114,0.967661,0.306937,-2.230346,-1.923408,0.306937,-2.202388,-1.89545,0.307272,-2.220802,-1.91353,0.307272,-2.177841,-1.870569,6.541246
OP,20231115,6775,0.970554,0.289028,-1.728579,-1.439551,0.289028,-1.807642,-1.518615,0.289488,-1.726869,-1.437381,0.289488,-1.799172,-1.509684,5.30022
OP,20231118,4831,0.961126,0.308317,-2.110325,-1.802008,0.308317,-2.633883,-2.325565,0.307978,-2.113365,-1.805387,0.307978,-2.628904,-2.320927,5.165165
OP,20231121,5355,0.971092,0.357858,-2.187995,-1.830136,0.357858,-2.385595,-2.027736,0.358768,-2.149946,-1.791178,0.358768,-2.454233,-2.095465,6.31036
OP,20231124,4884,0.958006,0.29124,-1.764646,-1.473406,0.29124,-1.723074,-1.431834,0.291758,-1.747981,-1.456222,0.291758,-1.711698,-1.41994,4.106581
OP,20231127,5688,0.971097,0.301644,-1.856297,-1.554653,0.301644,-1.813108,-1.511465,0.301956,-1.83202,-1.530064,0.301956,-1.833072,-1.531116,4.269326
OP,20231130,2470,0.961822,0.307711,-1.750765,-1.443054,0.307711,-1.752397,-1.444685,0.307404,-1.72362,-1.416216,0.307404,-1.753827,-1.446423,2.751504
OP,20231203,3794,0.967607,0.303405,-1.672445,-1.36904,0.303405,-1.916799,-1.613394,0.303227,-1.639191,-1.335964,0.303227,-1.865987,-1.56276,3.217656
OP,20231206,6822,0.973028,0.305555,-1.812529,-1.506974,0.305555,-1.887902,-1.582347,0.305647,-1.804216,-1.498569,0.305647,-1.86132,-1.555672,5.70054
OP,20231209,10213,0.970851,0.299027,-2.062572,-1.763545,0.299027,-2.345474,-2.046448,0.299231,-2.083689,-1.784458,0.299231,-2.338612,-2.03938,7.65921
OP,20231212,10552,0.97391,0.259036,-1.907072,-1.648036,0.259036,-1.846444,-1.587409,0.259422,-1.882365,-1.622943,0.259422,-1.778106,-1.518684,8.44679
OP,20231215,6672,0.963279,0.2562,-1.801363,-1.545163,0.2562,-1.412629,-1.156429,0.256419,-1.802565,-1.546146,0.256419,-1.369525,-1.113106,4.939928
OP,20231218,9070,0.965689,0.294013,-2.042159,-1.748146,0.294013,-1.641313,-1.347301,0.295236,-2.045321,-1.750085,0.295236,-1.664874,-1.369638,7.100762
OP,20231221,8557,0.965023,0.26483,-1.799542,-1.534712,0.26483,-2.349899,-2.085069,0.265068,-1.790698,-1.52563,0.265068,-2.317149,-2.052081,7.261915
OP,20231224,18687,0.96237,0.317672,-1.659094,-1.341422,0.317672,-1.378018,-1.060346,0.31856,-1.647511,-1.328952,0.31856,-1.366788,-1.048228,11.467594
OP,20231227,26073,0.965616,0.254236,-1.832396,-1.578159,0.254236,-1.936013,-1.681777,0.254922,-1.857071,-1.602149,0.254922,-1.929706,-1.674784,12.844137
OP,20231230,14228,0.948116,0.180581,-1.867565,-1.686985,0.180581,-1.930845,-1.750264,0.180448,-1.873236,-1.692788,0.180448,-1.94569,-1.765242,6.811149
OP,20240102,15866,0.956618,0.188344,-1.568507,-1.380163,0.188344,-1.351811,-1.163467,0.188466,-1.598404,-1.409938,0.188466,-1.410511,-1.222045,7.388689
OP,20240105,15840,0.953693,0.235203,-2.01136,-1.776157,0.235203,-2.08364,-1.848436,0.234835,-2.011254,-1.776419,0.234835,-2.102389,-1.867554,8.326934
OP,20240108,16039,0.954155,0.234402,-1.801249,-1.566846,0.234402,-1.704206,-1.469804,0.235881,-1.824405,-1.588524,0.235881,-1.811316,-1.575435,8.824344
OP,20240111,15546,0.957224,0.2859,-1.639216,-1.353316,0.2859,-1.570521,-1.284621,0.286396,-1.613249,-1.326853,0.286396,-1.468896,-1.1825,10.053162
OP,20240114,10352,0.950541,0.182681,-1.653063,-1.470382,0.182681,-1.687703,-1.505022,0.183903,-1.662447,-1.478544,0.183903,-1.685126,-1.501222,5.481594
OP,20240117,8659,0.947038,0.192895,-1.831446,-1.638551,0.192895,-1.704202,-1.511307,0.192591,-1.819076,-1.626486,0.192591,-1.703441,-1.51085,5.459652
OP,20240120,7133,0.922515,0.206133,-1.608165,-1.402032,0.206133,-1.209638,-1.003505,0.206891,-1.613589,-1.406698,0.206891,-1.244743,-1.037852,4.160319
OP,20240123,12629,0.958611,0.293282,-1.628981,-1.335699,0.293282,-1.202404,-0.909121,0.294309,-1.645549,-1.35124,0.294309,-1.140545,-0.846236,7.951452
OP,20240126,9781,0.966179,0.231913,-1.753161,-1.521247,0.231913,-1.523335,-1.291421,0.231912,-1.741322,-1.509409,0.231912,-1.514245,-1.282332,5.661662
OP,20240129,8197,0.908832,0.236109,-1.730371,-1.494262,0.236109,-1.784753,-1.548644,0.238608,-1.703582,-1.464974,0.238608,-1.781596,-1.542989,4.559979
OP,20240201,8109,0.940128,0.210122,-1.504906,-1.294784,0.210122,-1.186116,-0.975994,0.211245,-1.524957,-1.313712,0.211245,-1.224411,-1.013167,4.678172
OP,20240204,5942,0.906984,0.202731,-1.547644,-1.344912,0.202731,-1.286503,-1.083771,0.20275,-1.603099,-1.400349,0.20275,-1.371753,-1.169003,3.410452
OP,20240207,15933,0.875585,0.19705,-1.491438,-1.294388,0.19705,-1.254279,-1.057229,0.197241,-1.499071,-1.30183,0.197241,-1.279509,-1.082268,5.786974
OP,20240210,8433,0.857915,0.162399,-1.621301,-1.458902,0.162399,-1.628849,-1.46645,0.162289,-1.619475,-1.457186,0.162289,-1.594802,-1.432513,3.220611
OP,20240213,13491,0.872419,0.170349,-1.538765,-1.368417,0.170349,-1.811886,-1.641537,0.172588,-1.53782,-1.365232,0.172588,-1.850394,-1.677806,4.679303
OP,20240216,9480,0.953449,0.173862,-1.418325,-1.244463,0.173862,-1.104014,-0.930152,0.171716,-1.402628,-1.230912,0.171716,-1.099019,-0.927303,4.575934
OP,20240219,11364,0.957409,0.175236,-1.397189,-1.221953,0.175236,-1.198864,-1.023628,0.174216,-1.412681,-1.238466,0.174216,-1.28832,-1.114104,4.911447
OP,20240222,13376,0.872421,0.166457,-1.502814,-1.336357,0.166457,-1.487934,-1.321477,0.166402,-1.525095,-1.358693,0.166402,-1.483032,-1.316631,5.521829
OP,20240225,8607,0.932171,0.168074,-1.61924,-1.451166,0.168074,-1.361701,-1.193627,0.168758,-1.599995,-1.431237,0.168758,-1.354852,-1.186094,4.324863
OP,20240228,13285,0.950576,0.388061,-1.479568,-1.091508,0.388061,-1.145475,-0.757415,0.387443,-1.488913,-1.10147,0.387443,-1.199246,-0.811803,9.71226
OP,20240302,11313,0.948298,0.172846,-1.553204,-1.380358,0.172846,-1.538141,-1.365295,0.173175,-1.552303,-1.379128,0.173175,-1.520509,-1.347334,5.126734
OP,20240305,26337,0.967403,0.529872,-1.435665,-0.905793,0.529872,-1.317024,-0.787152,0.519955,-1.507227,-0.987271,0.519955,-1.152031,-0.632076,17.347319
OP,20240308,13508,0.959691,0.224881,-1.32784,-1.102959,0.224881,-1.764297,-1.539416,0.223142,-1.422658,-1.199516,0.223142,-1.714812,-1.491669,6.487225
OP,20240311,10074,0.953147,0.290803,-1.614673,-1.32387,0.290803,-1.94208,-1.651277,0.289198,-1.650531,-1.361333,0.289198,-1.942823,-1.653624,6.670529
OP,20240314,11181,0.956551,0.24424,-1.2871,-1.042859,0.24424,-1.249411,-1.00517,0.242511,-1.270908,-1.028397,0.242511,-1.226964,-0.984453,6.004
OP,20240317,8948,0.94515,0.216567,-1.353446,-1.136879,0.216567,-1.18684,-0.970273,0.215448,-1.384925,-1.169477,0.215448,-1.230482,-1.015034,5.724183
OP,20240320,14439,0.960537,0.337976,-1.508617,-1.170641,0.337976,-1.112376,-0.774399,0.3387,-1.555234,-1.216533,0.3387,-1.213019,-0.874319,10.321071
OP,20240323,8192,0.936938,0.19229,-1.814346,-1.622056,0.19229,-1.909792,-1.717503,0.191779,-1.79191,-1.600131,0.191779,-1.835508,-1.643729,4.938914
OP,20240326,9942,0.961255,0.196436,-1.679492,-1.483056,0.196436,-1.355212,-1.158776,0.194865,-1.738908,-1.544043,0.194865,-1.388162,-1.193297,6.467316
OP,20240329,5696,0.945488,0.187122,-1.446574,-1.259451,0.187122,-1.306691,-1.119568,0.187586,-1.463216,-1.27563,0.187586,-1.373073,-1.185488,4.332158
OP,20240401,6518,0.95155,0.262782,-1.263399,-1.000617,0.262782,-1.192849,-0.930067,0.263867,-1.267435,-1.003567,0.263867,-1.29995,-1.036083,5.073929
OP,20240404,5780,0.919343,0.237513,-1.504227,-1.266714,0.237513,-1.566564,-1.329051,0.238816,-1.550918,-1.312102,0.238816,-1.645718,-1.406903,4.536828
OP,20240407,6278,0.947595,0.208127,-1.517885,-1.309758,0.208127,-1.656645,-1.448517,0.206997,-1.511358,-1.304361,0.206997,-1.666676,-1.459679,3.915411
OP,20240410,5784,0.947649,0.279827,-1.139436,-0.85961,0.279827,-1.389377,-1.109551,0.282396,-1.096352,-0.813956,0.282396,-1.320834,-1.038438,5.451817
OP,20240413,13949,0.97873,0.878131,-1.948144,-1.070013,0.878131,-1.490951,-0.61282,0.883443,-1.972839,-1.089395,0.883443,-1.563975,-0.680532,16.924203
OP,20240416,8643,0.974488,0.345917,-1.316347,-0.970429,0.345917,-1.132368,-0.786451,0.347043,-1.31904,-0.971997,0.347043,-1.166603,-0.819561,8.034464
OP,20240419,6317,0.970587,0.343639,-1.702359,-1.35872,0.343639,-1.427637,-1.083998,0.343978,-1.708504,-1.364526,0.343978,-1.407258,-1.063281,7.296096
OP,20240422,5036,0.976052,0.255241,-1.646325,-1.391084,0.255241,-1.747593,-1.492352,0.255022,-1.655642,-1.400621,0.255022,-1.768154,-1.513132,5.458993
OP,20240425,3502,0.975585,0.296771,-1.405021,-1.10825,0.296771,-1.010749,-0.713978,0.297223,-1.401947,-1.104724,0.297223,-1.014934,-0.717711,5.217887
OP,20240428,8569,0.973241,0.287455,-1.512076,-1.224622,0.287455,-1.132986,-0.845531,0.287852,-1.503341,-1.215489,0.287852,-1.157924,-0.870072,6.598724
OP,20240501,19854,0.97746,0.341905,-1.567114,-1.22521,0.341905,-1.569473,-1.227568,0.34331,-1.576218,-1.232908,0.34331,-1.505595,-1.162285,10.592586
OP,20240504,11076,0.974485,0.223216,-1.419127,-1.195911,0.223216,-1.240796,-1.01758,0.22358,-1.410917,-1.187337,0.22358,-1.226025,-1.002445,5.364655
OP,20240507,7524,0.974668,0.24638,-1.285086,-1.038706,0.24638,-1.15543,-0.90905,0.246695,-1.286662,-1.039967,0.246695,-1.178667,-0.931972,4.423743
OP,20240510,5562,0.972132,0.25585,-1.123327,-0.867477,0.25585,-0.993873,-0.738024,0.256509,-1.125371,-0.868862,0.256509,-1.011328,-0.754819,4.276615
OP,20240513,5008,0.96891,0.252246,-1.242571,-0.990325,0.252246,-1.337189,-1.084943,0.252409,-1.240489,-0.98808,0.252409,-1.324569,-1.07216,4.437542
OP,20240516,5814,0.967097,0.254136,-1.231011,-0.976875,0.254136,-1.171187,-0.917051,0.254693,-1.229456,-0.974763,0.254693,-1.156607,-0.901914,4.230819
OP,20240519,6273,0.972087,0.231558,-1.455041,-1.223483,0.231558,-1.36258,-1.131022,0.231926,-1.456377,-1.224451,0.231926,-1.38172,-1.149794,3.540646
OP,20240522,12879,0.981287,0.2436,-1.301869,-1.058269,0.2436,-1.339018,-1.095418,0.244183,-1.299847,-1.055664,0.244183,-1.351144,-1.106961,5.415609
OP,20240525,8618,0.962938,0.230657,-1.348526,-1.117869,0.230657,-1.240381,-1.009724,0.231183,-1.354977,-1.123794,0.231183,-1.237935,-1.006752,3.848016
OP,20240528,7714,0.974592,0.26555,-1.313392,-1.047842,0.26555,-1.390726,-1.125176,0.266485,-1.309241,-1.042757,0.266485,-1.407493,-1.141008,5.296532
OP,20240531,4350,0.965149,0.230713,-1.380491,-1.149778,0.230713,-1.764481,-1.533768,0.231374,-1.387389,-1.156016,0.231374,-1.76418,-1.532806,3.527495
OP,20240603,4693,0.972406,0.228943,-1.293576,-1.064633,0.228943,-1.378245,-1.149302,0.229222,-1.296886,-1.067665,0.229222,-1.391376,-1.162154,3.402486
OP,20240606,4386,0.96156,0.217587,-1.147409,-0.929821,0.217587,-1.183123,-0.965536,0.217726,-1.143313,-0.925587,0.217726,-1.17752,-0.959794,2.632837
OP,20240609,4141,0.968027,0.242929,-1.523301,-1.280372,0.242929,-1.473134,-1.230205,0.243082,-1.490563,-1.247481,0.243082,-1.440191,-1.197109,3.15602
OP,20240612,7630,0.973827,0.3411,-1.01992,-0.67882,0.3411,-1.217095,-0.875995,0.343343,-1.020848,-0.677506,0.343343,-1.173508,-0.830165,5.495376
OP,20240615,6556,0.95662,0.260135,-1.468477,-1.208341,0.260135,-1.357734,-1.097599,0.260632,-1.470218,-1.209586,0.260632,-1.36777,-1.107138,3.895173
OP,20240618,12097,0.96233,0.427284,-1.527939,-1.100655,0.427284,-0.605239,-0.177955,0.431402,-1.523447,-1.092045,0.431402,-0.590937,-0.159535,9.695049
OP,20240621,6758,0.943563,0.322441,-1.367659,-1.045218,0.322441,-1.212528,-0.890087,0.324502,-1.361381,-1.036879,0.324502,-1.223599,-0.899097,5.316339
OP,20240624,9221,0.962781,0.375279,-1.285316,-0.910036,0.375279,-1.283829,-0.90855,0.374335,-1.29279,-0.918455,0.374335,-1.35529,-0.980955,7.021514
OP,20240627,5230,0.972696,0.318879,-1.33615,-1.017271,0.318879,-1.520342,-1.201463,0.319378,-1.330482,-1.011104,0.319378,-1.450299,-1.13092,4.613942
OP,20240630,3692,0.966387,0.309229,-1.21882,-0.909591,0.309229,-1.246434,-0.937205,0.309874,-1.226686,-0.916812,0.309874,-1.263453,-0.95358,3.317753
OP,20240703,5515,0.975648,0.337494,-1.153347,-0.815852,0.337494,-0.991639,-0.654144,0.338392,-1.163119,-0.824728,0.338392,-1.027668,-0.689277,4.205908
OP,20240706,7233,0.933071,0.39408,-1.433756,-1.039676,0.39408,-1.272979,-0.878899,0.395783,-1.437055,-1.041272,0.395783,-1.261414,-0.86563,5.419093
OP,20240709,7456,0.968656,0.377341,-1.590692,-1.213352,0.377341,-1.695239,-1.317898,0.378383,-1.601934,-1.22355,0.378383,-1.720442,-1.342059,6.625292
OP,20240712,6557,0.959341,0.33371,-1.574611,-1.240901,0.33371,-1.881755,-1.548045,0.33498,-1.544868,-1.209889,0.33498,-1.864895,-1.529916,5.534233
OP,20240715,6962,0.955157,0.328513,-1.180197,-0.851684,0.328513,-1.053947,-0.725434,0.329975,-1.177847,-0.847872,0.329975,-1.062853,-0.732879,5.180125
OP,20240718,7171,0.952419,0.301452,-1.389116,-1.087664,0.301452,-1.555908,-1.254456,0.302274,-1.412306,-1.110032,0.302274,-1.571504,-1.26923,4.605653
OP,20240721,7721,0.943984,0.304822,-1.264306,-0.959484,0.304822,-1.468183,-1.163361,0.306179,-1.306776,-1.000597,0.306179,-1.505257,-1.199078,4.698329
OP,20240724,6193,0.959228,0.301721,-1.538335,-1.236614,0.301721,-1.539859,-1.238138,0.302628,-1.52478,-1.222153,0.302628,-1.53174,-1.229112,4.653178
OP,20240727,5050,0.962713,0.310754,-1.186548,-0.875794,0.310754,-1.506276,-1.195522,0.311124,-1.194431,-0.883307,0.311124,-1.541281,-1.230157,4.021881
OP,20240730,5672,0.956858,0.319099,-1.210008,-0.890909,0.319099,-0.95514,-0.636041,0.319777,-1.225156,-0.905379,0.319777,-0.947572,-0.627795,4.180908
OP,20240802,6405,0.956721,0.362825,-1.162462,-0.799637,0.362825,-1.519693,-1.156868,0.363626,-1.176393,-0.812767,0.363626,-1.576172,-1.212547,6.482439
OP,20240805,18673,0.985482,0.697302,-1.517487,-0.820185,0.697302,-1.176673,-0.479371,0.697612,-1.534475,-0.836863,0.697612,-1.213669,-0.516057,16.177913
OP,20240808,7510,0.969907,0.41741,-1.528612,-1.111202,0.41741,-1.490637,-1.073227,0.41793,-1.555087,-1.137157,0.41793,-1.523585,-1.105655,6.722802
OP,20240811,6292,0.963191,0.37475,-1.273418,-0.898668,0.37475,-1.038246,-0.663496,0.374963,-1.294807,-0.919845,0.374963,-1.05249,-0.677527,4.823333
OP,20240814,6929,0.969678,0.391491,-1.426044,-1.034553,0.391491,-1.449001,-1.057509,0.392077,-1.431229,-1.039152,0.392077,-1.427005,-1.034928,5.267355
OP,20240817,5289,0.983097,0.402475,-1.789937,-1.387462,0.402475,-1.909597,-1.507122,0.402542,-1.79664,-1.394098,0.402542,-1.903114,-1.500572,4.564606
OP,20240820,4497,0.984434,0.381347,-1.176299,-0.794952,0.381347,-1.006717,-0.62537,0.381518,-1.175193,-0.793675,0.381518,-1.021033,-0.639516,4.125075
OP,20240823,6411,0.982202,0.335227,-1.455904,-1.120677,0.335227,-1.525879,-1.190652,0.335417,-1.464311,-1.128894,0.335417,-1.528747,-1.19333,4.944393
OP,20240826,4076,0.970486,0.342443,-1.388869,-1.046426,0.342443,-1.154749,-0.812306,0.342383,-1.400462,-1.058079,0.342383,-1.14947,-0.807088,4.23263
OP,20240829,5435,0.974848,0.372181,-1.385453,-1.013272,0.372181,-0.946133,-0.573951,0.372632,-1.395191,-1.022558,0.372632,-0.938004,-0.565372,5.270956
OP,20240901,3352,0.975358,0.376172,-1.436741,-1.060569,0.376172,-1.511798,-1.135626,0.376467,-1.419991,-1.043524,0.376467,-1.467214,-1.090747,4.03326
OP,20240904,4073,0.967935,0.422493,-1.096483,-0.67399,0.422493,-1.36511,-0.942617,0.423429,-1.096382,-0.672953,0.423429,-1.392904,-0.969475,4.926397
OP,20240907,3890,0.974447,0.377053,-0.90442,-0.527367,0.377053,-0.801328,-0.424275,0.377256,-0.895256,-0.518,0.377256,-0.853353,-0.476098,3.698103
OP,20240910,4880,0.980123,0.338487,-1.354064,-1.015577,0.338487,-1.455717,-1.11723,0.338728,-1.351916,-1.013188,0.338728,-1.449092,-1.110364,4.136714
OP,20240913,3812,0.973688,0.356845,-1.251585,-0.89474,0.356845,-1.07966,-0.722815,0.356317,-1.248099,-0.891782,0.356317,-1.048488,-0.692171,3.501562
OP,20240916,3495,0.960687,0.362252,-1.163431,-0.801179,0.362252,-0.917721,-0.555469,0.362079,-1.209623,-0.847543,0.362079,-0.947499,-0.585419,3.570019
OP,20240919,4692,0.97321,0.336885,-1.323576,-0.98669,0.336885,-1.14135,-0.804465,0.33701,-1.320991,-0.983981,0.33701,-1.116238,-0.779228,4.320907
OP,20240922,4961,0.966479,0.317133,-1.42339,-1.106256,0.317133,-1.604001,-1.286868,0.317364,-1.425066,-1.107702,0.317364,-1.593496,-1.276132,4.266628
OP,20240925,3952,0.974469,0.317382,-1.524298,-1.206916,0.317382,-1.346316,-1.028934,0.317655,-1.519601,-1.201945,0.317655,-1.335831,-1.018175,3.945106
OP,20240928,4170,0.978393,0.281217,-1.318261,-1.037045,0.281217,-1.277042,-0.995826,0.281254,-1.326929,-1.045675,0.281254,-1.293646,-1.012392,3.373262
OP,20241001,6292,0.977066,0.34663,-0.997262,-0.650632,0.34663,-0.115027,0.231603,0.346659,-0.990489,-0.643831,0.346659,-0.194854,0.151805,6.993407
OP,20241004,4661,0.974641,0.354897,-1.427525,-1.072628,0.354897,-1.39946,-1.044563,0.35512,-1.424719,-1.069599,0.35512,-1.421786,-1.066666,4.780136
OP,20241007,5049,0.974015,0.337285,-1.18483,-0.847545,0.337285,-0.996845,-0.659561,0.337659,-1.194579,-0.856919,0.337659,-1.011388,-0.673728,4.850912
OP,20241010,4567,0.973746,0.355762,-1.098059,-0.742297,0.355762,-1.136844,-0.781082,0.356381,-1.113158,-0.756777,0.356381,-1.144021,-0.78764,4.551035
OP,20241013,3346,0.972953,0.319104,-1.097951,-0.778847,0.319104,-1.084539,-0.765435,0.319239,-1.085957,-0.766718,0.319239,-1.112766,-0.793527,3.342804
OP,20241016,3874,0.979453,0.312948,-1.565729,-1.252781,0.312948,-1.864223,-1.551275,0.313022,-1.54684,-1.233818,0.313022,-1.837352,-1.52433,4.902948
OP,20241019,2346,0.980094,0.301973,-1.268838,-0.966865,0.301973,-0.855794,-0.553821,0.302026,-1.264845,-0.962819,0.302026,-0.856493,-0.554467,2.54967
OP,20241022,3456,0.975058,0.303656,-1.405523,-1.101867,0.303656,-1.538281,-1.234625,0.303982,-1.399939,-1.095957,0.303982,-1.489102,-1.18512,4.223284
OP,20241025,5534,0.986592,0.360891,-1.907693,-1.546802,0.360891,-2.44075,-2.079859,0.36154,-1.923161,-1.561621,0.36154,-2.456927,-2.095388,6.83488
OP,20241028,4541,0.980797,0.346243,-1.320461,-0.974218,0.346243,-0.958422,-0.612179,0.346726,-1.321685,-0.974959,0.346726,-0.984646,-0.63792,5.008948
OP,20241031,3186,0.988983,0.314361,-1.46745,-1.153089,0.314361,-1.230461,-0.916101,0.314413,-1.462214,-1.147801,0.314413,-1.232625,-0.918212,3.936058
OP,20241103,6103,0.985237,0.37239,-1.132457,-0.760067,0.37239,-1.213974,-0.841584,0.372405,-1.130869,-0.758464,0.372405,-1.205614,-0.833209,5.487798
OP,20241106,8196,0.988397,0.375065,-1.240748,-0.865683,0.375065,-1.798579,-1.423514,0.374987,-1.237359,-0.862372,0.374987,-1.783338,-1.408351,7.047264
OP,20241109,5407,0.985574,0.390524,-1.567342,-1.176817,0.390524,-1.483282,-1.092758,0.391219,-1.566193,-1.174974,0.391219,-1.461676,-1.070457,5.717759
OP,20241112,12185,0.990357,0.482988,-1.363768,-0.88078,0.482988,-1.804794,-1.321806,0.483526,-1.366336,-0.88281,0.483526,-1.768129,-1.284602,11.653794
OP,20241115,6046,0.984204,0.366251,-1.333946,-0.967695,0.366251,-0.855506,-0.489255,0.366758,-1.322407,-0.955649,0.366758,-0.868552,-0.501795,6.536506
OP,20241118,9827,0.986008,0.352567,-1.256381,-0.903814,0.352567,-1.61888,-1.266313,0.353025,-1.262684,-0.909659,0.353025,-1.635944,-1.282919,7.716744
OP,20241121,16027,0.989019,0.569502,-1.452715,-0.883213,0.569502,-2.136288,-1.566786,0.570172,-1.45066,-0.880488,0.570172,-2.096155,-1.525983,12.206549
OP,20241124,10724,0.981835,0.509602,-1.419832,-0.91023,0.509602,-1.115755,-0.606153,0.509947,-1.428933,-0.918986,0.509947,-1.093596,-0.583649,9.09825
OP,20241127,9919,0.98268,0.481516,-1.325887,-0.844371,0.481516,-1.446973,-0.965456,0.481542,-1.337768,-0.856226,0.481542,-1.426745,-0.945203,8.960747
OP,20241130,8905,0.972555,0.3081,-0.83414,-0.52604,0.3081,-0.813131,-0.505031,0.308871,-0.854379,-0.545508,0.308871,-0.837835,-0.528964,6.23738
OP,20241203,9930,0.979023,0.330825,-0.970572,-0.639748,0.330825,-0.683394,-0.352569,0.331632,-0.983337,-0.651705,0.331632,-0.709762,-0.37813,8.183231
OP,20241206,8944,0.970013,0.315498,-0.984333,-0.668835,0.315498,-0.822845,-0.507348,0.315453,-0.990018,-0.674565,0.315453,-0.831756,-0.516303,6.74478
OP,20241209,10483,0.978937,0.616461,-0.910807,-0.294346,0.616461,1.436735,2.053196,0.620939,-0.942509,-0.321569,0.620939,1.515362,2.136301,11.988266
OP,20241212,13708,0.968807,0.29262,-0.82869,-0.53607,0.29262,-1.050649,-0.758029,0.291654,-0.86398,-0.572326,0.291654,-1.082505,-0.790851,8.726333
OP,20241215,7885,0.978263,0.242966,-1.426169,-1.183203,0.242966,-1.44255,-1.199584,0.243278,-1.414073,-1.170795,0.243278,-1.464155,-1.220877,4.896675
OP,20241218,8620,0.984107,0.444874,-1.333109,-0.888235,0.444874,-0.959517,-0.514643,0.445971,-1.355587,-0.909616,0.445971,-0.969185,-0.523214,8.746042
OP,20241221,9074,0.981067,0.384613,-1.608493,-1.22388,0.384613,-1.560884,-1.176272,0.38488,-1.592826,-1.207946,0.38488,-1.569481,-1.184601,7.688526
OP,20241224,6933,0.971354,0.350167,-1.208082,-0.857915,0.350167,-1.260247,-0.91008,0.349973,-1.216161,-0.866188,0.349973,-1.261361,-0.911388,5.328432
OP,20241227,7712,0.970073,0.368304,-1.2271,-0.858796,0.368304,-1.233836,-0.865532,0.368599,-1.231697,-0.863098,0.368599,-1.245222,-0.876623,5.841769
OP,20241230,8012,0.980005,0.347678,-1.216999,-0.869321,0.347678,-1.313033,-0.965355,0.348219,-1.211758,-0.863538,0.348219,-1.303023,-0.954804,6.016865
OP,20250102,6037,0.965065,0.358452,-0.866776,-0.508324,0.358452,-0.99425,-0.635799,0.359625,-0.877745,-0.51812,0.359625,-0.993817,-0.634192,4.466621
OP,20250105,4722,0.964168,0.327901,-1.134847,-0.806946,0.327901,-1.239444,-0.911542,0.328689,-1.154574,-0.825884,0.328689,-1.287571,-0.958881,3.963871
OP,20250108,7493,0.973268,0.390853,-1.03142,-0.640567,0.390853,-1.204245,-0.813393,0.389351,-1.056654,-0.667303,0.389351,-1.253494,-0.864143,6.163029
OP,20250111,4182,0.967814,0.391208,-0.746358,-0.35515,0.391208,-0.775247,-0.384039,0.390623,-0.75387,-0.363247,0.390623,-0.794449,-0.403826,3.402682
OP,20250114,4988,0.968404,0.403731,-0.866351,-0.46262,0.403731,-0.756832,-0.353101,0.402752,-0.882427,-0.479675,0.402752,-0.792098,-0.389345,4.595617
OP,20250117,6079,0.970341,0.315342,-0.958464,-0.643122,0.315342,-0.848136,-0.532794,0.315273,-0.967455,-0.652182,0.315273,-0.855976,-0.540704,4.524432
OP,20250120,11181,0.991003,0.440838,-1.283449,-0.842611,0.440838,-1.293919,-0.853081,0.441449,-1.28754,-0.846091,0.441449,-1.27189,-0.830441,11.036366
OP,20250123,7223,0.979759,0.355783,-1.014436,-0.658653,0.355783,-1.109369,-0.753586,0.355977,-1.026871,-0.670894,0.355977,-1.125849,-0.769872,6.199559
OP,20250126,4867,0.98533,0.347059,-1.170353,-0.823294,0.347059,-0.984548,-0.63749,0.347257,-1.17614,-0.828883,0.347257,-0.989548,-0.642292,3.669207
OP,20250129,6333,0.98571,0.398924,-1.162585,-0.763661,0.398924,-1.464887,-1.065963,0.399541,-1.155517,-0.755976,0.399541,-1.513268,-1.113727,6.436378
OP,20250201,5798,0.986875,0.391335,-1.356937,-0.965603,0.391335,-1.406733,-1.015398,0.391781,-1.345851,-0.954069,0.391781,-1.396657,-1.004875,5.485588
OP,20250204,8054,0.990005,0.557143,-1.394469,-0.837326,0.557143,-1.35986,-0.802717,0.557234,-1.391271,-0.834037,0.557234,-1.357647,-0.800413,10.341175
OP,20250207,5750,0.969861,0.550414,-1.169615,-0.619201,0.550414,-1.065724,-0.51531,0.551278,-1.174807,-0.623529,0.551278,-1.073741,-0.522463,7.178447
OP,20250210,4545,0.974125,0.506984,-1.279277,-0.772292,0.506984,-1.363696,-0.856711,0.50763,-1.291155,-0.783525,0.50763,-1.336859,-0.829229,6.164651
OP,20250213,4787,0.977919,0.495567,-1.285763,-0.790196,0.495567,-0.912537,-0.41697,0.495829,-1.283897,-0.788068,0.495829,-0.888424,-0.392595,5.65225
OP,20250216,3772,0.949443,0.496817,-1.096871,-0.600054,0.496817,-1.064193,-0.567377,0.497765,-1.156545,-0.65878,0.497765,-1.103033,-0.605268,3.981233
OP,20250219,5681,0.7931,0.482656,-1.736165,-1.253509,0.482656,-1.433967,-0.951311,0.487843,-1.718716,-1.230873,0.487843,-1.389947,-0.902104,5.175975
OP,20250222,2786,0.976669,0.698564,-1.784904,-1.08634,0.698564,-1.652445,-0.953881,0.699251,-1.770702,-1.071451,0.699251,-1.618762,-0.91951,3.90854
OP,20250225,6532,0.991901,0.626431,-1.731999,-1.105568,0.626431,-1.747433,-1.121001,0.627019,-1.718505,-1.091486,0.627019,-1.726431,-1.099412,9.872531
OP,20250228,8075,0.989858,0.526089,-1.48777,-0.961681,0.526089,-0.875119,-0.349029,0.526007,-1.490202,-0.964195,0.526007,-0.867397,-0.34139,8.326092
OP,20250303,6484,0.98979,0.533093,-1.222025,-0.688932,0.533093,-1.401251,-0.868158,0.533251,-1.212179,-0.678927,0.533251,-1.418169,-0.884917,8.028063
OP,20250306,4541,0.991764,0.555268,-1.101026,-0.545758,0.555268,-0.956694,-0.401425,0.555361,-1.101311,-0.54595,0.555361,-0.983331,-0.427969,6.297146
OP,20250309,4973,0.987995,0.600164,-1.429471,-0.829307,0.600164,-1.507113,-0.906949,0.600491,-1.422791,-0.822299,0.600491,-1.49619,-0.895699,5.56769
OP,20250312,4392,0.986498,0.648319,-1.51808,-0.869761,0.648319,-1.734281,-1.085962,0.64884,-1.516118,-0.867278,0.64884,-1.725297,-1.076456,6.761965
OP,20250315,2809,0.972268,0.610482,-1.66529,-1.054807,0.610482,-1.113822,-0.50334,0.611199,-1.653083,-1.041884,0.611199,-1.065441,-0.454242,3.856536
OP,20250318,2884,0.985021,0.62249,-1.419356,-0.796866,0.62249,-1.590657,-0.968167,0.622893,-1.407523,-0.78463,0.622893,-1.602197,-0.979304,4.608982
OP,20250321,2826,0.986306,0.611499,-1.111904,-0.500406,0.611499,-0.618878,-0.00738,0.611512,-1.097983,-0.486471,0.611512,-0.568609,0.042903,3.670425
OP,20250324,2556,0.982786,0.609823,-1.513889,-0.904066,0.609823,-1.429058,-0.819235,0.610437,-1.499847,-0.88941,0.610437,-1.36666,-0.756223,3.867364
OP,20250327,2547,0.986455,0.605847,-1.285525,-0.679678,0.605847,-1.503905,-0.898058,0.606398,-1.278831,-0.672433,0.606398,-1.490328,-0.88393,4.011405
OP,20250330,2498,0.985789,0.730197,-1.698798,-0.968601,0.730197,-1.674048,-0.943851,0.730273,-1.700044,-0.969771,0.730273,-1.716757,-0.986484,4.361267
OP,20250402,3025,0.990612,0.808116,-1.65426,-0.846144,0.808116,-1.424415,-0.616299,0.808529,-1.668383,-0.859854,0.808529,-1.534193,-0.725664,6.720544
OP,20250405,1037,0.986885,0.752569,-1.652578,-0.900009,0.752569,-1.411906,-0.659337,0.752354,-1.649864,-0.89751,0.752354,-1.40993,-0.657576,2.854559
OP,20250408,2267,0.982356,0.90374,-2.046334,-1.142594,0.90374,-1.67701,-0.77327,0.90468,-2.052978,-1.148298,0.90468,-1.733709,-0.829029,6.134626
OP,20250411,1993,0.976267,0.813797,-1.417061,-0.603264,0.813797,-1.678298,-0.864501,0.814639,-1.41504,-0.600401,0.814639,-1.667789,-0.85315,4.015748
OP,20250414,4614,0.959363,0.774504,-1.906772,-1.132268,0.774504,-2.230637,-1.456133,0.775532,-1.870508,-1.094976,0.775532,-2.181719,-1.406188,5.145055
OP,20250417,2447,0.956069,0.803013,-1.922098,-1.119086,0.803013,-1.939485,-1.136472,0.804125,-1.889433,-1.085308,0.804125,-1.914477,-1.110352,3.765745
OP,20250420,2483,0.971244,0.722912,-1.722491,-0.999579,0.722912,-1.84959,-1.126678,0.723131,-1.706765,-0.983634,0.723131,-1.839889,-1.116758,3.117553
OP,20250423,3877,0.967191,0.699627,-1.675362,-0.975735,0.699627,-1.324475,-0.624848,0.70065,-1.643387,-0.942737,0.70065,-1.271728,-0.571078,5.471651
OP,20250426,3184,0.959579,0.626318,-1.773143,-1.146824,0.626318,-1.939758,-1.313439,0.626932,-1.76146,-1.134528,0.626932,-1.904926,-1.277995,4.79996
OP,20250429,2737,0.959518,0.666138,-1.652663,-0.986525,0.666138,-2.251945,-1.585807,0.667018,-1.65035,-0.983332,0.667018,-2.266954,-1.599936,4.161248
OP,20250502,3983,0.98599,0.71743,-1.525156,-0.807726,0.71743,-1.639226,-0.921796,0.717426,-1.52875,-0.811323,0.717426,-1.629423,-0.911996,4.442153
OP,20250505,3027,0.978031,0.775412,-1.768638,-0.993226,0.775412,-1.521023,-0.745612,0.775769,-1.756478,-0.980709,0.775769,-1.50871,-0.732941,4.293214
OP,20250508,5553,0.990672,0.812543,-1.426338,-0.613795,0.812543,-1.189751,-0.377209,0.812705,-1.423593,-0.610887,0.812705,-1.198968,-0.386263,6.06947
OP,20250511,9565,0.987141,0.611278,-1.538124,-0.926846,0.611278,-1.739537,-1.128259,0.611754,-1.531596,-0.919842,0.611754,-1.713759,-1.102005,9.043366
OP,20250514,7357,0.979,0.622901,-1.523609,-0.900708,0.622901,-1.372712,-0.74981,0.623599,-1.501478,-0.877879,0.623599,-1.326834,-0.703236,7.045825
OP,20250517,3989,0.981324,0.752132,-1.55507,-0.802938,0.752132,-1.125936,-0.373803,0.752815,-1.560056,-0.807242,0.752815,-1.120781,-0.367966,5.83552
OP,20250520,4142,0.988339,0.740216,-1.682164,-0.941948,0.740216,-1.591417,-0.8512,0.740625,-1.677479,-0.936854,0.740625,-1.574022,-0.833397,5.922675
OP,20250523,6163,0.988755,0.667937,-1.511356,-0.843419,0.667937,-0.885927,-0.21799,0.668355,-1.498996,-0.83064,0.668355,-0.888861,-0.220505,7.275654
OP,20250526,3749,0.989464,0.669084,-1.592871,-0.923788,0.669084,-1.685879,-1.016795,0.669043,-1.589079,-0.920036,0.669043,-1.68189,-1.012847,4.580805
OP,20250601,3149,0.991045,0.784971,-1.80196,-1.016989,0.784971,-1.699345,-0.914374,0.785089,-1.801586,-1.016497,0.785089,-1.711867,-0.926778,4.639539
OP,20250604,2486,0.990788,0.786034,-1.209684,-0.423649,0.786034,-1.184073,-0.398039,0.786181,-1.199944,-0.413764,0.786181,-1.176155,-0.389975,4.513393
OP,20250607,1924,0.989553,0.808604,-1.502425,-0.69382,0.808604,-1.818321,-1.009717,0.808667,-1.500006,-0.691339,0.808667,-1.809746,-1.001079,3.570321
OP,20250610,4245,0.994629,0.743377,-1.729394,-0.986017,0.743377,-1.716585,-0.973209,0.743452,-1.737504,-0.994053,0.743452,-1.760357,-1.016906,6.77298
OP,20250613,6671,0.994963,0.883984,-1.768363,-0.884379,0.883984,-1.596446,-0.712463,0.884001,-1.765223,-0.881222,0.884001,-1.586965,-0.702963,7.922321
OP,20250616,2938,0.994997,0.841696,-1.691736,-0.850039,0.841696,-1.447157,-0.605461,0.841757,-1.683529,-0.841772,0.841757,-1.429471,-0.587715,5.092478
OP,20250619,1735,0.990029,0.897723,-1.904205,-1.006482,0.897723,-1.747484,-0.849761,0.897344,-1.909887,-1.012543,0.897344,-1.767868,-0.870524,3.801349
OP,20250622,3558,0.997358,1.051855,-1.994758,-0.942903,1.051855,-1.501131,-0.449276,1.051931,-1.995696,-0.943765,1.051931,-1.502404,-0.450473,7.694398
OP,20250625,1690,0.991538,0.918391,-1.736412,-0.818021,0.918391,-1.611648,-0.693257,0.918446,-1.714247,-0.795801,0.918446,-1.59205,-0.673604,4.468821
OP,20250628,866,0.993418,0.927508,-1.744518,-0.81701,0.927508,-2.030346,-1.102838,0.927561,-1.740071,-0.81251,0.927561,-2.046779,-1.119218,2.768628
OP,20250701,1152,0.996007,0.920558,-1.578242,-0.657683,0.920558,-1.097892,-0.177334,0.920559,-1.561929,-0.64137,0.920559,-1.077474,-0.156915,3.72472
OP,20250704,1644,0.994282,0.92014,-1.661823,-0.741683,0.92014,-1.629454,-0.709314,0.920149,-1.673791,-0.753642,0.920149,-1.640588,-0.720439,3.765504
OP,20250707,1340,0.993731,0.931221,-1.499599,-0.568378,0.931221,-1.386652,-0.455431,0.931314,-1.496487,-0.565173,0.931314,-1.378336,-0.447022,3.933307
OP,20250710,3381,0.992902,0.863627,-1.606654,-0.743027,0.863627,-2.049803,-1.186176,0.863021,-1.624615,-0.761595,0.863021,-2.046494,-1.183474,5.382947
OP,20250713,2409,0.992653,0.772523,-1.941055,-1.168531,0.772523,-1.3517,-0.579177,0.772594,-1.936161,-1.163567,0.772594,-1.348203,-0.575609,4.831538
OP,20250716,6013,0.995593,0.725764,-1.495802,-0.770038,0.725764,-1.573814,-0.84805,0.725725,-1.490345,-0.764619,0.725725,-1.570356,-0.84463,6.863514
OP,20250719,5502,0.978771,0.67573,-1.451081,-0.775351,0.67573,-1.547888,-0.872158,0.675915,-1.472969,-0.797054,0.675915,-1.569538,-0.893623,5.727342
OP,20250722,7075,0.995774,0.665606,-1.571768,-0.906162,0.665606,-1.631293,-0.965687,0.66569,-1.562704,-0.897013,0.66569,-1.624038,-0.958348,8.062335
OP,20250725,5647,0.994138,0.737778,-1.600874,-0.863095,0.737778,-1.818304,-1.080526,0.737889,-1.595397,-0.857508,0.737889,-1.837045,-1.099155,7.303106
OP,20250727,5177,0.995866,0.694641,-1.583192,-0.888551,0.694641,-1.456522,-0.761881,0.694682,-1.586661,-0.891979,0.694682,-1.464763,-0.770081,4.594974
OP,20250728,17684,0.996132,0.708966,-1.487981,-0.779015,0.708966,-2.026453,-1.317487,0.708263,-1.547805,-0.839542,0.708263,-2.058871,-1.350607,13.994897
OP,20250731,4752,0.995391,0.730777,-1.611721,-0.880943,0.730777,-1.480182,-0.749405,0.730562,-1.605497,-0.874935,0.730562,-1.477595,-0.747033,5.329239
OP,20250801,5142,0.996227,0.792394,-1.501499,-0.709104,0.792394,-2.443066,-1.650672,0.792418,-1.493833,-0.701415,0.792418,-2.430645,-1.638227,7.727993
OP,20250803,1798,0.991991,0.787026,-1.37182,-0.584794,0.787026,-1.278513,-0.491487,0.787141,-1.381671,-0.59453,0.787141,-1.309239,-0.522098,3.343934
OP,20250806,3736,0.994379,0.771747,-1.738488,-0.966741,0.771747,-1.894847,-1.1231,0.771841,-1.734701,-0.96286,0.771841,-1.882821,-1.110979,4.476729
OP,20250809,5549,0.99627,0.647591,-1.455984,-0.808393,0.647591,-1.684997,-1.037406,0.647331,-1.455355,-0.808024,0.647331,-1.684947,-1.037616,4.492301
OP,20250811,5398,0.993368,0.669746,-1.698673,-1.028927,0.669746,-1.397684,-0.727938,0.669843,-1.698608,-1.028765,0.669843,-1.419955,-0.750112,5.84871
OP,20250812,5173,0.995592,0.672688,-1.37852,-0.705832,0.672688,-1.792916,-1.120228,0.672542,-1.388156,-0.715614,0.672542,-1.823297,-1.150755,5.353224
OP,20250815,4816,0.994747,0.694764,-1.242662,-0.547898,0.694764,-0.853484,-0.158721,0.694878,-1.250101,-0.555223,0.694878,-0.837602,-0.142724,5.651012
OP,20250816,2849,0.992278,0.689492,-1.459545,-0.770053,0.689492,-1.583535,-0.894043,0.689529,-1.45337,-0.763841,0.689529,-1.591118,-0.901588,3.452903
OP,20250818,4802,0.993565,0.697443,-1.634837,-0.937394,0.697443,-1.799799,-1.102356,0.697536,-1.6298,-0.932264,0.697536,-1.793678,-1.096142,5.237098
SOL,20230401,3098,0.626049,0.247171,-1.549874,-1.302703,0.247171,-1.794011,-1.54684,0.244007,-1.281511,-1.037504,0.244007,-1.554417,-1.31041,2.820917
SOL,20230404,3501,0.718081,0.261788,-1.396597,-1.134809,0.261788,-1.774219,-1.512431,0.259025,-1.253254,-0.994229,0.259025,-1.527921,-1.268896,3.157263
SOL,20230407,2251,0.742203,0.25596,-1.52691,-1.27095,0.25596,-1.357403,-1.101443,0.253499,-1.368329,-1.11483,0.253499,-1.236553,-0.983054,2.432731
SOL,20230410,2815,0.680639,0.257473,-1.308427,-1.050954,0.257473,-1.512002,-1.25453,0.255143,-1.172996,-0.917854,0.255143,-1.139178,-0.884036,2.328219
SOL,20230413,9110,0.693172,0.223733,-1.30351,-1.079778,0.223733,-1.101051,-0.877318,0.223338,-1.200668,-0.97733,0.223338,-1.046016,-0.822679,4.821846
SOL,20230416,5654,0.684453,0.223208,-1.361598,-1.13839,0.223208,-1.851057,-1.627849,0.222739,-1.330999,-1.10826,0.222739,-1.822337,-1.599597,3.748322
SOL,20230419,9584,0.649426,0.311604,-1.676723,-1.36512,0.311604,-0.823815,-0.512211,0.326795,-1.60293,-1.276136,0.326795,-0.435004,-0.10821,8.192518
SOL,20230422,3074,0.564086,0.236961,-1.185141,-0.94818,0.236961,-1.133117,-0.896155,0.234698,-1.194208,-0.95951,0.234698,-0.898438,-0.663739,2.746115
SOL,20230425,5688,0.555784,0.243689,-1.376302,-1.132613,0.243689,-1.150226,-0.906538,0.24394,-1.351446,-1.107506,0.24394,-1.023847,-0.779906,3.940832
SOL,20230428,8038,0.624235,0.229048,-1.181698,-0.952651,0.229048,-1.095056,-0.866008,0.226791,-1.182904,-0.956113,0.226791,-0.925763,-0.698972,4.410022
SOL,20230501,6566,0.601386,0.25046,-1.195834,-0.945374,0.25046,-1.08411,-0.833651,0.25547,-1.255123,-0.999653,0.25547,-0.809549,-0.554079,4.27217
SOL,20230504,4077,0.570002,0.234195,-1.057533,-0.823338,0.234195,-1.093463,-0.859268,0.231933,-1.033191,-0.801257,0.231933,-0.902714,-0.670781,2.856175
SOL,20230507,4231,0.571756,0.231002,-1.176144,-0.945142,0.231002,-1.202546,-0.971543,0.229482,-1.16073,-0.931248,0.229482,-1.334855,-1.105373,3.09353
SOL,20230510,6962,0.590937,0.289755,-1.704028,-1.414272,0.289755,-0.509681,-0.219926,0.304878,-1.784517,-1.479639,0.304878,-0.195755,0.109123,5.675711
SOL,20230513,3331,0.551276,0.245209,-1.145887,-0.900678,0.245209,-1.334309,-1.0891,0.242908,-1.115714,-0.872806,0.242908,-1.053574,-0.810666,2.689531
SOL,20230516,3705,0.594872,0.248692,-1.380274,-1.131581,0.248692,-1.109958,-0.861266,0.249215,-1.364532,-1.115317,0.249215,-1.26299,-1.013775,2.664391
SOL,20230519,2399,0.531805,0.249262,-1.195032,-0.94577,0.249262,-1.115871,-0.866609,0.248075,-1.125774,-0.877698,0.248075,-1.031467,-0.783392,2.004253
SOL,20230522,2879,0.601042,0.25866,-1.150952,-0.892291,0.25866,-0.902919,-0.644259,0.257394,-1.245391,-0.987997,0.257394,-1.17833,-0.920936,2.620846
SOL,20230525,2796,0.559907,0.262165,-1.085436,-0.823271,0.262165,-1.302448,-1.040284,0.261898,-1.146824,-0.884925,0.261898,-1.374675,-1.112776,2.580207
SOL,20230528,3944,0.652409,0.251317,-1.535555,-1.284238,0.251317,-1.227904,-0.976587,0.248676,-1.611546,-1.36287,0.248676,-1.266029,-1.017354,3.134767
SOL,20230531,3465,0.580808,0.253176,-1.4014,-1.148224,0.253176,-1.410214,-1.157038,0.254026,-1.587296,-1.33327,0.254026,-1.438062,-1.184036,2.974811
SOL,20230603,1665,0.657658,0.240909,-1.094515,-0.853605,0.240909,-1.055727,-0.814818,0.240479,-1.128119,-0.88764,0.240479,-0.991003,-0.750524,1.684649
SOL,20230606,4921,0.681122,0.263881,-1.549098,-1.285217,0.263881,-2.034354,-1.770473,0.262037,-1.379182,-1.117145,0.262037,-1.761087,-1.499049,4.118043
SOL,20230609,7484,0.745925,0.30269,-1.478349,-1.175658,0.30269,-1.10915,-0.806459,0.300795,-1.350093,-1.049299,0.300795,-0.786604,-0.485809,4.887903
SOL,20230612,7658,0.673688,0.354563,-1.785356,-1.430792,0.354563,-1.417619,-1.063055,0.35029,-1.557687,-1.207397,0.35029,-1.367501,-1.017211,6.16427
SOL,20230615,7292,0.657611,0.3627,-1.536715,-1.174015,0.3627,-1.410708,-1.048008,0.360333,-1.546525,-1.186192,0.360333,-1.404509,-1.044176,5.792784
SOL,20230618,2691,0.690264,0.339355,-1.709216,-1.369861,0.339355,-1.726332,-1.386977,0.33713,-1.532093,-1.194963,0.33713,-1.385706,-1.048576,3.330316
SOL,20230621,6334,0.680502,0.309604,-1.609357,-1.299753,0.309604,-1.566488,-1.256884,0.309387,-1.418581,-1.109193,0.309387,-1.399049,-1.089662,4.760619
SOL,20230624,4665,0.700107,0.309671,-2.073498,-1.763826,0.309671,-1.692649,-1.382977,0.307933,-1.844695,-1.536761,0.307933,-1.553902,-1.245968,4.69791
SOL,20230627,4066,0.733301,0.30746,-1.70862,-1.40116,0.30746,-1.88195,-1.57449,0.305326,-1.692335,-1.387009,0.305326,-1.76767,-1.462344,3.74688
SOL,20230630,16119,0.712457,0.321489,-2.059682,-1.738193,0.321489,-2.075036,-1.753547,0.327458,-1.908764,-1.581307,0.327458,-1.564603,-1.237145,9.675849
SOL,20230703,5657,0.661941,0.268813,-1.629177,-1.360364,0.268813,-1.716118,-1.447305,0.266831,-1.602278,-1.335446,0.266831,-1.655737,-1.388906,4.123363
SOL,20230706,15698,0.721391,0.277083,-1.549217,-1.272134,0.277083,-1.336706,-1.059623,0.274517,-1.43446,-1.159943,0.274517,-1.146219,-0.871702,7.864762
SOL,20230709,6888,0.703891,0.251989,-1.259049,-1.00706,0.251989,-1.102028,-0.850039,0.249184,-1.142496,-0.893312,0.249184,-0.997884,-0.7487,4.487155
SOL,20230712,7991,0.732311,0.260429,-1.483054,-1.222624,0.260429,-1.073444,-0.813015,0.263381,-1.324941,-1.06156,0.263381,-1.013826,-0.750445,4.921878
SOL,20230715,17079,0.723181,0.204297,-1.599845,-1.395547,0.204297,-1.381516,-1.177219,0.197804,-1.50258,-1.304775,0.197804,-1.219571,-1.021766,7.862835
SOL,20230718,10757,0.685619,0.211937,-1.486991,-1.275055,0.211937,-1.144718,-0.932782,0.206755,-1.40206,-1.195305,0.206755,-1.068673,-0.861918,6.020751
SOL,20230721,6888,0.651728,0.20664,-1.164897,-0.958257,0.20664,-1.270844,-1.064204,0.203571,-1.139215,-0.935644,0.203571,-1.201124,-0.997553,3.902934
SOL,20230724,8135,0.706552,0.26812,-1.489521,-1.2214,0.26812,-1.895671,-1.627551,0.277882,-1.495634,-1.217751,0.277882,-1.54671,-1.268827,5.928645
SOL,20230727,8142,0.734783,0.209016,-1.462675,-1.253658,0.209016,-1.583904,-1.374888,0.207151,-1.369626,-1.162475,0.207151,-1.530262,-1.32311,4.312172
SOL,20230730,4865,0.791757,0.241387,-1.593591,-1.352204,0.241387,-2.076674,-1.835287,0.245029,-1.612101,-1.367073,0.245029,-1.893335,-1.648306,4.709638
SOL,20230802,6055,0.825516,0.230685,-1.267358,-1.036674,0.230685,-0.993417,-0.762732,0.231284,-1.20986,-0.978576,0.231284,-1.062042,-0.830758,3.552693
SOL,20230805,3247,0.884878,0.225533,-1.169201,-0.943668,0.225533,-1.235127,-1.009594,0.225942,-1.201855,-0.975913,0.225942,-1.292794,-1.066852,2.731064
SOL,20230808,6537,0.914273,0.218496,-1.145955,-0.927458,0.218496,-1.111405,-0.892909,0.218608,-1.138854,-0.920246,0.218608,-1.066082,-0.847474,3.812583
SOL,20230811,3748,0.910806,0.206513,-1.105671,-0.899157,0.206513,-1.382041,-1.175528,0.206658,-1.073148,-0.86649,0.206658,-1.318352,-1.111694,2.309913
SOL,20230814,4586,0.910576,0.20837,-1.170426,-0.962057,0.20837,-1.613772,-1.405402,0.208505,-1.130511,-0.922006,0.208505,-1.517731,-1.309226,2.754873
SOL,20230817,10617,0.948328,0.287391,-1.717154,-1.429762,0.287391,-3.822432,-3.535041,0.286885,-1.687181,-1.400295,0.286885,-3.477665,-3.19078,10.787338
SOL,20230820,2426,0.910511,0.2336,-1.133703,-0.900104,0.2336,-1.479905,-1.246305,0.233638,-1.151591,-0.917953,0.233638,-1.440984,-1.207346,2.274631
SOL,20230823,5543,0.933412,0.250158,-1.287513,-1.037354,0.250158,-1.425289,-1.175131,0.250363,-1.26652,-1.016157,0.250363,-1.418936,-1.168574,3.894579
SOL,20230826,1681,0.924509,0.250921,-1.106565,-0.855645,0.250921,-0.836804,-0.585883,0.250758,-1.096054,-0.845296,0.250758,-0.90114,-0.650382,1.696201
SOL,20230829,7605,0.94973,0.281549,-1.175257,-0.893707,0.281549,-1.220227,-0.938678,0.281567,-1.213215,-0.931647,0.281567,-1.204292,-0.922725,4.747647
SOL,20230901,4091,0.957028,0.265465,-1.434097,-1.168633,0.265465,-1.36303,-1.097565,0.265675,-1.451505,-1.18583,0.265675,-1.350833,-1.085158,3.417489
SOL,20230904,3294,0.952611,0.265459,-1.378838,-1.113379,0.265459,-1.157924,-0.892464,0.265749,-1.356078,-1.090329,0.265749,-1.064065,-0.798316,2.935339
SOL,20230907,3276,0.960562,0.263888,-1.244122,-0.980234,0.263888,-1.09027,-0.826382,0.263838,-1.250215,-0.986377,0.263838,-1.079609,-0.815771,2.716662
SOL,20230910,7692,0.963183,0.302458,-1.620473,-1.318014,0.302458,-1.44983,-1.147372,0.30293,-1.603595,-1.300665,0.30293,-1.34763,-1.0447,5.688015
SOL,20230913,7880,0.897449,0.322878,-2.022091,-1.699214,0.322878,-2.2647,-1.941822,0.32305,-1.972137,-1.649087,0.32305,-2.321048,-1.997998,5.875268
SOL,20230916,3066,0.883953,0.270878,-1.382889,-1.112011,0.270878,-1.420017,-1.149139,0.269694,-1.346028,-1.076334,0.269694,-1.383875,-1.114181,2.92364
SOL,20230919,4678,0.888884,0.259882,-1.328292,-1.06841,0.259882,-1.23452,-0.974638,0.258609,-1.303329,-1.044719,0.258609,-1.222241,-0.963632,3.583868
SOL,20230922,3094,0.877957,0.264848,-1.250426,-0.985578,0.264848,-1.51908,-1.254232,0.263708,-1.226124,-0.962416,0.263708,-1.462404,-1.198696,2.679293
SOL,20230925,2537,0.8838,0.265695,-1.242483,-0.976789,0.265695,-1.247854,-0.98216,0.264388,-1.194377,-0.929989,0.264388,-1.193656,-0.929267,2.458877
SOL,20230928,3266,0.900888,0.263421,-1.322252,-1.058831,0.263421,-1.33541,-1.071989,0.262771,-1.341425,-1.078654,0.262771,-1.398473,-1.135702,2.482104
SOL,20231001,9715,0.865672,0.267414,-1.518774,-1.25136,0.267414,-1.774676,-1.507262,0.267432,-1.480953,-1.213521,0.267432,-1.442434,-1.175001,8.45067
SOL,20231004,9379,0.852191,0.234528,-1.678958,-1.44443,0.234528,-1.757265,-1.522737,0.232368,-1.59012,-1.357752,0.232368,-1.704409,-1.472041,4.819959
SOL,20231007,4365,0.867125,0.221107,-1.417688,-1.196581,0.221107,-1.208445,-0.987338,0.219741,-1.420612,-1.200871,0.219741,-1.270923,-1.051181,3.314644
SOL,20231010,4763,0.860865,0.233662,-1.227444,-0.993782,0.233662,-1.56022,-1.326557,0.232967,-1.1757,-0.942733,0.232967,-1.516944,-1.283977,3.276689
SOL,20231013,4050,0.859136,0.242822,-1.040715,-0.797893,0.242822,-1.034165,-0.791343,0.242763,-1.040775,-0.798012,0.242763,-1.122969,-0.880207,3.129805
SOL,20231016,10395,0.850101,0.260958,-1.373423,-1.112465,0.260958,-1.332746,-1.071788,0.258125,-1.25616,-0.998034,0.258125,-1.34626,-1.088135,5.357126
SOL,20231019,8461,0.84724,0.222715,-1.197976,-0.975261,0.222715,-1.170144,-0.947429,0.223163,-1.080487,-0.857324,0.223163,-0.965608,-0.742445,5.13008
SOL,20231022,10127,0.838541,0.192438,-1.296083,-1.103646,0.192438,-1.448065,-1.255628,0.191936,-1.224642,-1.032705,0.191936,-1.408354,-1.216418,5.113968
SOL,20231025,20445,0.812365,0.184487,-1.709109,-1.524623,0.184487,-1.780949,-1.596463,0.182471,-1.620515,-1.438044,0.182471,-1.74026,-1.557789,8.33394
SOL,20231028,5981,0.81483,0.167203,-1.105071,-0.937869,0.167203,-0.920425,-0.753223,0.166066,-1.053659,-0.887593,0.166066,-0.929769,-0.763702,3.628039
SOL,20231031,15434,0.808423,0.162648,-1.445715,-1.283068,0.162648,-1.230982,-1.068334,0.162068,-1.424168,-1.2621,0.162068,-1.349538,-1.187471,6.815889
SOL,20231103,25534,0.930563,0.156554,-1.158048,-1.001494,0.156554,-1.152482,-0.995928,0.156661,-1.176767,-1.020106,0.156661,-1.141176,-0.984515,8.229307
SOL,20231106,13994,0.931871,0.14231,-1.207785,-1.065475,0.14231,-1.069966,-0.927656,0.141603,-1.223042,-1.081438,0.141603,-1.109031,-0.967428,5.341561
SOL,20231109,34101,0.855344,0.191036,-1.183211,-0.992176,0.191036,-1.226433,-1.035397,0.193382,-1.292826,-1.099444,0.193382,-1.369633,-1.17625,11.317505
SOL,20231112,43825,0.884799,0.140733,-1.181541,-1.040808,0.140733,-1.24116,-1.100427,0.141881,-1.213216,-1.071336,0.141881,-1.194376,-1.052496,10.5053
SOL,20231115,42637,0.904782,0.139202,-0.894976,-0.755774,0.139202,-0.887913,-0.748711,0.139779,-0.902603,-0.762824,0.139779,-0.910826,-0.771046,9.318556
SOL,20231118,24710,0.891,0.114062,-1.099267,-0.985205,0.114062,-0.966436,-0.852375,0.114948,-1.098542,-0.983594,0.114948,-0.948126,-0.833178,6.852718
SOL,20231121,32204,0.877596,0.154996,-1.137316,-0.98232,0.154996,-0.895593,-0.740597,0.15459,-1.177746,-1.023155,0.15459,-0.8577,-0.70311,8.898469
SOL,20231124,16985,0.934948,0.103681,-0.965301,-0.86162,0.103681,-0.70216,-0.598479,0.103476,-0.966445,-0.862968,0.103476,-0.707842,-0.604365,4.619518
SOL,20231127,17180,0.93851,0.110987,-0.902797,-0.79181,0.110987,-0.752363,-0.641376,0.11123,-0.914415,-0.803185,0.11123,-0.739983,-0.628753,4.910043
SOL,20231130,17441,0.911765,0.103556,-0.988617,-0.885061,0.103556,-0.96171,-0.858154,0.099837,-0.969334,-0.869498,0.099837,-0.953555,-0.853718,4.461165
SOL,20231203,15549,0.905692,0.092779,-0.95271,-0.859931,0.092779,-0.831407,-0.738627,0.092644,-0.965265,-0.872621,0.092644,-0.838137,-0.745494,4.096737
SOL,20231206,26965,0.885433,0.109487,-1.05529,-0.945804,0.109487,-0.970607,-0.86112,0.109796,-1.070701,-0.960905,0.109796,-1.014445,-0.904648,7.255212
SOL,20231209,22198,0.915281,0.106121,-0.957313,-0.851192,0.106121,-0.72114,-0.615019,0.105079,-0.950304,-0.845225,0.105079,-0.760746,-0.655667,6.562066
SOL,20231212,24284,0.916949,0.106433,-1.07401,-0.967577,0.106433,-0.851306,-0.744873,0.105109,-1.088461,-0.983352,0.105109,-0.871766,-0.766658,6.469437
SOL,20231215,21944,0.919071,0.108022,-1.110935,-1.002913,0.108022,-0.96011,-0.852088,0.106907,-1.149671,-1.042764,0.106907,-1.01899,-0.912083,6.727986
SOL,20231218,21332,0.905822,0.11994,-1.022132,-0.902192,0.11994,-0.53959,-0.419651,0.119475,-1.086429,-0.966954,0.119475,-0.554476,-0.435,6.773175
SOL,20231221,31741,0.911392,0.131089,-0.839652,-0.708563,0.131089,-0.728022,-0.596933,0.131159,-0.855336,-0.724177,0.131159,-0.733599,-0.60244,8.914552
SOL,20231224,39766,0.901152,0.112376,-1.132159,-1.019783,0.112376,-1.018539,-0.906163,0.112131,-1.12524,-1.013109,0.112131,-1.008501,-0.896369,9.965275
SOL,20231227,27118,0.899395,0.105932,-0.845538,-0.739605,0.105932,-0.590964,-0.485032,0.103551,-0.859762,-0.756211,0.103551,-0.6176,-0.514049,8.604144
SOL,20231230,18262,0.884925,0.069056,-0.980836,-0.91178,0.069056,-0.607729,-0.538673,0.069112,-0.978935,-0.909823,0.069112,-0.600872,-0.53176,5.556086
SOL,20240102,26180,0.883216,0.071774,-0.907194,-0.83542,0.071774,-1.037235,-0.965462,0.070256,-0.958017,-0.887761,0.070256,-1.055668,-0.985412,6.69902
SOL,20240105,26863,0.847083,0.09461,-1.029062,-0.934452,0.09461,-0.708989,-0.614379,0.092048,-1.055157,-0.963109,0.092048,-0.664646,-0.572598,8.008418
SOL,20240108,35367,0.827732,0.092869,-0.928069,-0.835199,0.092869,-0.746409,-0.653539,0.090728,-0.890926,-0.800199,0.090728,-0.742581,-0.651853,8.394441
SOL,20240111,36945,0.843443,0.088016,-0.878647,-0.790632,0.088016,-0.895367,-0.807351,0.088821,-0.890737,-0.801916,0.088821,-0.899281,-0.81046,7.935541
SOL,20240114,23068,0.847078,0.070776,-0.832023,-0.761248,0.070776,-0.769702,-0.698926,0.071552,-0.877294,-0.805742,0.071552,-0.888862,-0.81731,6.077223
SOL,20240117,29770,0.851159,0.071242,-0.790896,-0.719653,0.071242,-0.739139,-0.667896,0.071635,-0.798284,-0.726649,0.071635,-0.77431,-0.702674,6.28168
SOL,20240120,16690,0.817783,0.07126,-0.862614,-0.791354,0.07126,-0.641806,-0.570546,0.070488,-0.873543,-0.803055,0.070488,-0.668652,-0.598164,4.07384
SOL,20240123,35602,0.86348,0.094231,-0.834958,-0.740727,0.094231,-0.729763,-0.635532,0.094678,-0.820179,-0.725501,0.094678,-0.683771,-0.589094,7.143226
SOL,20240126,23793,0.898189,0.073042,-0.741668,-0.668627,0.073042,-0.498483,-0.425441,0.073274,-0.743561,-0.670287,0.073274,-0.496803,-0.423529,4.82558
SOL,20240129,23834,0.89862,0.072681,-0.664359,-0.591678,0.072681,-0.710131,-0.63745,0.073209,-0.69941,-0.626201,0.073209,-0.733288,-0.66008,4.809013
SOL,20240201,23402,0.888578,0.077656,-0.751657,-0.674,0.077656,-0.832768,-0.755111,0.077895,-0.758925,-0.681029,0.077895,-0.781471,-0.703576,5.37835
SOL,20240204,13438,0.883331,0.067527,-0.749568,-0.682041,0.067527,-0.654392,-0.586865,0.067927,-0.755506,-0.687578,0.067927,-0.643538,-0.57561,3.303219
SOL,20240207,19973,0.80714,0.059377,-0.655085,-0.595708,0.059377,-0.605182,-0.545805,0.060037,-0.629312,-0.569275,0.060037,-0.588801,-0.528765,3.27937
SOL,20240210,19790,0.78805,0.054294,-0.867627,-0.813333,0.054294,-0.885256,-0.830961,0.054744,-0.876885,-0.822141,0.054744,-0.849626,-0.794882,3.657524
SOL,20240213,29031,0.808522,0.059449,-0.916479,-0.85703,0.059449,-0.941828,-0.882379,0.059255,-0.86697,-0.807716,0.059255,-0.848765,-0.78951,4.828926
SOL,20240216,18904,0.870408,0.061091,-0.692781,-0.63169,0.061091,-0.439202,-0.378111,0.058659,-0.71842,-0.659762,0.058659,-0.456484,-0.397825,4.182401
SOL,20240219,15990,0.883909,0.054371,-0.831928,-0.777557,0.054371,-0.839169,-0.784798,0.054859,-0.813653,-0.758794,0.054859,-0.827405,-0.772545,4.187263
SOL,20240222,22691,0.80981,0.057602,-0.881473,-0.823871,0.057602,-0.74918,-0.691578,0.057373,-0.920261,-0.862888,0.057373,-0.794193,-0.73682,4.542194
SOL,20240225,13047,0.873358,0.058983,-0.925175,-0.866192,0.058983,-0.696677,-0.637695,0.059693,-0.916605,-0.856913,0.059693,-0.687723,-0.62803,3.152883
SOL,20240228,42569,0.863626,0.098986,-0.89446,-0.795474,0.098986,-1.162556,-1.06357,0.096572,-0.937741,-0.841169,0.096572,-1.299814,-1.203243,8.696295
SOL,20240302,25624,0.880027,0.055452,-1.09746,-1.042008,0.055452,-1.11019,-1.054738,0.054718,-1.138412,-1.083694,0.054718,-1.15927,-1.104552,5.589935
SOL,20240305,49936,0.831072,0.206369,-1.237631,-1.031262,0.206369,-1.509082,-1.302714,0.208288,-1.236073,-1.027785,0.208288,-1.607666,-1.399378,16.293824
SOL,20240308,38124,0.833108,0.08623,-0.807176,-0.720946,0.08623,-1.071777,-0.985547,0.086102,-0.813169,-0.727067,0.086102,-1.049259,-0.963157,7.866946
SOL,20240311,37354,0.821532,0.069737,-0.860726,-0.790989,0.069737,-1.000308,-0.930571,0.070089,-0.897352,-0.827262,0.070089,-0.96683,-0.896741,6.306708
SOL,20240314,52278,0.834814,0.069889,-0.873076,-0.803187,0.069889,-0.918242,-0.848353,0.071681,-0.874248,-0.802567,0.071681,-0.850634,-0.778953,8.496915
SOL,20240317,42284,0.807516,0.06277,-0.894408,-0.831638,0.06277,-0.66544,-0.60267,0.065113,-0.893367,-0.828254,0.065113,-0.5758,-0.510687,8.57549
SOL,20240320,59469,0.809324,0.0714,-0.890682,-0.819282,0.0714,-0.960519,-0.889119,0.071107,-0.890062,-0.818956,0.071107,-0.978483,-0.907376,10.029776
SOL,20240323,25647,0.83154,0.041974,-0.80048,-0.758506,0.041974,-0.73877,-0.696796,0.04125,-0.833499,-0.79225,0.04125,-0.713906,-0.672657,4.942095
SOL,20240326,25688,0.850152,0.037959,-0.86044,-0.82248,0.037959,-0.85377,-0.815811,0.038331,-0.86765,-0.829319,0.038331,-0.8695,-0.831169,4.878598
SOL,20240329,20097,0.839832,0.035124,-0.748892,-0.713768,0.035124,-0.820129,-0.785005,0.035449,-0.768382,-0.732934,0.035449,-0.862934,-0.827485,4.050059
SOL,20240401,25099,0.835619,0.048516,-0.866743,-0.818226,0.048516,-0.667193,-0.618677,0.049257,-0.821107,-0.771851,0.049257,-0.688581,-0.639324,5.403696
SOL,20240404,17196,0.833583,0.290019,-1.029612,-0.739593,0.290019,-0.947127,-0.657108,0.288444,-1.059877,-0.771433,0.288444,-0.976359,-0.687915,4.195096
SOL,20240407,10410,0.85098,0.287571,-1.098761,-0.81119,0.287571,-1.283683,-0.996112,0.287539,-1.139229,-0.85169,0.287539,-1.337871,-1.050332,3.458288
SOL,20240410,15196,0.865412,0.323935,-1.168825,-0.84489,0.323935,-1.138572,-0.814637,0.320364,-1.237043,-0.916679,0.320364,-1.089465,-0.769102,5.132767
SOL,20240413,39614,0.870861,0.938772,-1.684707,-0.745935,0.938772,-2.043853,-1.105081,0.908107,-1.742871,-0.834763,0.908107,-1.750955,-0.842847,17.521122
SOL,20240416,32943,0.900176,0.411317,-1.381157,-0.96984,0.411317,-1.329226,-0.917909,0.412199,-1.399835,-0.987637,0.412199,-1.311031,-0.898833,9.626197
SOL,20240419,31360,0.891196,0.382564,-1.077067,-0.694504,0.382564,-1.114779,-0.732216,0.382176,-1.102976,-0.7208,0.382176,-1.172692,-0.790516,8.675376
SOL,20240422,14411,0.875893,0.334128,-1.226852,-0.892725,0.334128,-0.753469,-0.419342,0.334202,-1.229129,-0.894926,0.334202,-0.842234,-0.508032,5.044033
SOL,20240425,15221,0.891617,0.350756,-1.158141,-0.807385,0.350756,-1.067248,-0.716492,0.35099,-1.148334,-0.797344,0.35099,-1.032947,-0.681957,5.318206
SOL,20240428,8100,0.880827,0.356482,-1.215825,-0.859343,0.356482,-1.104784,-0.748302,0.35702,-1.221455,-0.864435,0.35702,-1.101826,-0.744807,3.619054
SOL,20240501,28914,0.886415,0.423957,-1.283734,-0.859776,0.423957,-1.283437,-0.85948,0.423632,-1.278116,-0.854483,0.423632,-1.265103,-0.841471,8.106409
SOL,20240504,7877,0.876806,0.348406,-1.065423,-0.717018,0.348406,-1.248288,-0.899882,0.348679,-1.100956,-0.752277,0.348679,-1.259297,-0.910618,3.68595
SOL,20240507,13868,0.875231,0.331507,-1.198703,-0.867196,0.331507,-1.06848,-0.736973,0.33112,-1.238576,-0.907456,0.33112,-1.120643,-0.789523,4.905489
SOL,20240510,12517,0.8913,0.343112,-1.059184,-0.716072,0.343112,-0.799598,-0.456486,0.343795,-1.041724,-0.697929,0.343795,-0.809596,-0.465801,4.993028
SOL,20240513,12413,0.87638,0.354682,-0.980851,-0.626169,0.354682,-0.539518,-0.184837,0.35444,-0.984647,-0.630207,0.35444,-0.583578,-0.229138,5.001858
SOL,20240516,12992,0.877117,0.320009,-1.082605,-0.762596,0.320009,-1.145135,-0.825126,0.319952,-1.086408,-0.766456,0.319952,-1.204429,-0.884476,4.824053
SOL,20240519,10293,0.857097,0.297247,-0.958701,-0.661454,0.297247,-0.934013,-0.636766,0.297438,-0.939756,-0.642318,0.297438,-0.913498,-0.61606,3.627674
SOL,20240522,15062,0.867621,0.285331,-1.145896,-0.860564,0.285331,-1.34709,-1.061759,0.284995,-1.173583,-0.888589,0.284995,-1.416428,-1.131433,4.901748
SOL,20240525,6779,0.870409,0.30107,-1.23825,-0.937181,0.30107,-1.143547,-0.842478,0.30064,-1.26574,-0.9651,0.30064,-1.220366,-0.919726,3.001825
SOL,20240528,11920,0.890814,0.303378,-1.046095,-0.742717,0.303378,-1.161594,-0.858216,0.302867,-1.05745,-0.754582,0.302867,-1.189863,-0.886996,4.73094
SOL,20240531,9329,0.864337,0.304246,-1.038871,-0.734625,0.304246,-1.107026,-0.80278,0.304413,-1.068058,-0.763645,0.304413,-1.106128,-0.801715,3.199581
SOL,20240603,7701,0.875055,0.306656,-0.972904,-0.666247,0.306656,-1.211706,-0.905049,0.306252,-0.948632,-0.642379,0.306252,-1.208891,-0.902638,2.831055
SOL,20240606,5924,0.850726,0.295216,-1.133295,-0.838079,0.295216,-1.099624,-0.804408,0.293803,-1.139544,-0.845741,0.293803,-1.10169,-0.807888,2.335328
SOL,20240609,4871,0.853623,0.313583,-1.161744,-0.848161,0.313583,-1.041198,-0.727615,0.313753,-1.165748,-0.851995,0.313753,-1.050174,-0.736421,2.306507
SOL,20240612,14663,0.876124,0.344145,-1.231916,-0.88777,0.344145,-1.537101,-1.192956,0.345298,-1.182866,-0.837569,0.345298,-1.496234,-1.150936,5.22672
SOL,20240615,4971,0.861336,0.347694,-1.2625,-0.914805,0.347694,-1.320488,-0.972794,0.347792,-1.277432,-0.92964,0.347792,-1.324895,-0.977104,2.728466
SOL,20240618,21211,0.903762,0.427814,-1.652953,-1.225139,0.427814,-1.949369,-1.521555,0.426694,-1.642013,-1.215319,0.426694,-2.082549,-1.655856,8.284999
SOL,20240621,12823,0.900717,0.384029,-1.252778,-0.868749,0.384029,-1.093661,-0.709632,0.384289,-1.234327,-0.850038,0.384289,-1.03936,-0.655071,4.928796
SOL,20240624,19540,0.907037,0.411273,-1.305805,-0.894532,0.411273,-1.218401,-0.807128,0.410992,-1.312482,-0.90149,0.410992,-1.201316,-0.790323,6.472138
SOL,20240627,15190,0.894891,0.370339,-1.229921,-0.859581,0.370339,-0.950164,-0.579825,0.370063,-1.242209,-0.872146,0.370063,-1.138209,-0.768146,5.333552
SOL,20240630,7804,0.899411,0.356963,-1.120829,-0.763866,0.356963,-1.069997,-0.713033,0.357306,-1.147356,-0.79005,0.357306,-1.065341,-0.708035,3.293344
SOL,20240703,14817,0.903327,0.354963,-1.087074,-0.732111,0.354963,-0.800883,-0.44592,0.353228,-1.075175,-0.721947,0.353228,-0.84365,-0.490422,4.680364
SOL,20240706,12582,0.902488,0.367284,-1.050909,-0.683626,0.367284,-1.181528,-0.814244,0.367592,-1.050866,-0.683273,0.367592,-1.127332,-0.75974,4.54107
SOL,20240709,15977,0.893628,0.361267,-1.07064,-0.709372,0.361267,-1.29958,-0.938313,0.361554,-1.065057,-0.703503,0.361554,-1.236506,-0.874952,5.178075
SOL,20240712,9812,0.912159,0.369789,-1.024669,-0.654879,0.369789,-0.937127,-0.567338,0.370019,-1.020719,-0.6507,0.370019,-0.922193,-0.552174,3.965817
SOL,20240715,11224,0.886262,0.333329,-1.122307,-0.788978,0.333329,-0.997345,-0.664016,0.332529,-1.071864,-0.739335,0.332529,-0.916315,-0.583786,4.12647
SOL,20240718,9739,0.901982,0.318892,-1.267931,-0.949039,0.318892,-1.040567,-0.721676,0.319014,-1.26925,-0.950236,0.319014,-1.023637,-0.704623,3.769949
SOL,20240721,12393,0.902727,0.291202,-1.222574,-0.931372,0.291202,-1.330906,-1.039704,0.291511,-1.23036,-0.93885,0.291511,-1.310614,-1.019103,4.508418
SOL,20240724,16199,0.855689,0.286149,-1.178114,-0.891965,0.286149,-1.224389,-0.938239,0.286113,-1.179849,-0.893736,0.286113,-1.283485,-0.997372,4.405352
SOL,20240727,14983,0.857505,0.276073,-1.206744,-0.930671,0.276073,-1.079804,-0.803732,0.27613,-1.159039,-0.882909,0.27613,-1.034816,-0.758686,4.305412
SOL,20240730,16342,0.853396,0.279572,-1.284197,-1.004625,0.279572,-1.350975,-1.071403,0.27974,-1.225763,-0.946024,0.27974,-1.267602,-0.987863,4.147468
SOL,20240802,25361,0.837148,0.321464,-1.186248,-0.864784,0.321464,-1.197843,-0.876379,0.32239,-1.159575,-0.837185,0.32239,-1.104814,-0.782424,6.858883
SOL,20240805,77092,0.8857,0.47042,-1.590053,-1.119633,0.47042,-1.698265,-1.227845,0.46547,-1.586161,-1.120691,0.46547,-1.757743,-1.292273,20.525282
SOL,20240808,26858,0.876957,0.330674,-1.361832,-1.031158,0.330674,-1.333387,-1.002713,0.330726,-1.363554,-1.032828,0.330726,-1.26037,-0.929644,7.520938
SOL,20240811,14388,0.809251,0.338723,-1.17281,-0.834087,0.338723,-1.040411,-0.701688,0.339504,-1.118692,-0.779189,0.339504,-0.898159,-0.558656,4.509233
SOL,20240814,13271,0.862565,0.347304,-1.406289,-1.058985,0.347304,-0.930044,-0.582739,0.3473,-1.397052,-1.049753,0.3473,-0.949694,-0.602394,5.132343
SOL,20240817,6911,0.836681,0.35814,-1.386198,-1.028058,0.35814,-1.304415,-0.946276,0.358264,-1.364385,-1.006121,0.358264,-1.185978,-0.827714,3.143769
SOL,20240820,9807,0.835138,0.348767,-1.149073,-0.800306,0.348767,-1.140752,-0.791985,0.349011,-1.067954,-0.718943,0.349011,-1.023798,-0.674786,3.505924
SOL,20240823,8144,0.861223,0.341788,-1.247559,-0.90577,0.341788,-1.146933,-0.805144,0.342023,-1.246589,-0.904566,0.342023,-1.282418,-0.940394,3.703905
SOL,20240826,10414,0.86932,0.318684,-1.20707,-0.888386,0.318684,-1.171135,-0.852451,0.31877,-1.198276,-0.879506,0.31877,-1.146262,-0.827491,4.221582
SOL,20240829,9490,0.839779,0.351472,-1.320222,-0.968751,0.351472,-1.427254,-1.075782,0.351616,-1.273496,-0.92188,0.351616,-1.358824,-1.007207,3.935493
SOL,20240901,10645,0.834589,0.384065,-1.492253,-1.108188,0.384065,-1.490441,-1.106376,0.384369,-1.476575,-1.092205,0.384369,-1.468916,-1.084547,4.779501
SOL,20240904,10936,0.864731,0.391459,-1.151929,-0.76047,0.391459,-1.081125,-0.689667,0.391521,-1.100109,-0.708588,0.391521,-0.962262,-0.570741,5.143276
SOL,20240907,4398,0.819577,0.395591,-1.15346,-0.757869,0.395591,-0.981442,-0.585851,0.39577,-1.095144,-0.699374,0.39577,-0.917557,-0.521788,3.17171
SOL,20240910,5820,0.860223,0.374128,-1.321192,-0.947064,0.374128,-1.20518,-0.831051,0.374539,-1.230101,-0.855563,0.374539,-0.999989,-0.62545,3.472769
SOL,20240913,5672,0.879443,0.37365,-1.162209,-0.788559,0.37365,-1.211159,-0.837509,0.373652,-1.132691,-0.759038,0.373652,-1.161516,-0.787864,3.207059
SOL,20240916,5007,0.861015,0.385242,-1.172861,-0.78762,0.385242,-0.802501,-0.417259,0.385426,-1.153684,-0.768258,0.385426,-0.833114,-0.447688,3.396926
SOL,20240919,6375,0.915341,0.362726,-1.279997,-0.91727,0.362726,-1.226695,-0.863969,0.362665,-1.297525,-0.93486,0.362665,-1.26721,-0.904545,3.704122
SOL,20240922,4707,0.921372,0.347839,-1.203496,-0.855658,0.347839,-0.758564,-0.410725,0.347639,-1.175354,-0.827715,0.347639,-0.72637,-0.378732,3.12692
SOL,20240925,6103,0.910159,0.336549,-1.12824,-0.79169,0.336549,-1.043791,-0.707242,0.336636,-1.13233,-0.795694,0.336636,-1.011182,-0.674546,3.24796
SOL,20240928,3893,0.848908,0.320233,-0.91291,-0.592676,0.320233,-0.909371,-0.589138,0.320329,-0.912334,-0.592004,0.320329,-0.879076,-0.558746,2.369894
SOL,20241001,12133,0.886879,0.341504,-1.7214,-1.379896,0.341504,-2.187737,-1.846233,0.34096,-1.711453,-1.370493,0.34096,-2.207733,-1.866774,5.624548
SOL,20241004,8976,0.85859,0.358277,-1.269794,-0.911517,0.358277,-1.217032,-0.858755,0.357876,-1.249558,-0.891682,0.357876,-1.147309,-0.789433,4.215022
SOL,20241007,7474,0.86263,0.346854,-1.122757,-0.775904,0.346854,-1.107513,-0.760659,0.346958,-1.075284,-0.728325,0.346958,-0.998629,-0.65167,4.049441
SOL,20241010,4761,0.857887,0.36547,-1.014278,-0.648808,0.36547,-1.213092,-0.847622,0.366158,-0.999595,-0.633437,0.366158,-1.179513,-0.813355,3.627223
SOL,20241013,2956,0.864986,0.343299,-1.057238,-0.713939,0.343299,-1.346442,-1.003143,0.343611,-1.010194,-0.666584,0.343611,-1.322235,-0.978624,2.372945
SOL,20241016,5872,0.831131,0.323918,-1.143034,-0.819117,0.323918,-1.348965,-1.025047,0.323929,-1.079806,-0.755877,0.323929,-1.323652,-0.999723,3.876335
SOL,20241019,2703,0.84077,0.322379,-0.987315,-0.664936,0.322379,-1.249141,-0.926762,0.321469,-0.955411,-0.633942,0.321469,-1.238076,-0.916607,1.940314
SOL,20241022,10435,0.849344,0.303158,-1.236451,-0.933293,0.303158,-1.361236,-1.058078,0.302984,-1.229083,-0.926099,0.302984,-1.345727,-1.042743,4.295798
SOL,20241025,13047,0.868023,0.305413,-1.38521,-1.079797,0.305413,-2.325664,-2.020251,0.303657,-1.343396,-1.039739,0.303657,-2.387556,-2.083899,5.121803
SOL,20241028,10560,0.836903,0.287858,-1.099596,-0.811737,0.287858,-1.129935,-0.842077,0.288345,-1.067536,-0.779191,0.288345,-1.10854,-0.820195,3.92042
SOL,20241031,8480,0.806226,0.293517,-1.294693,-1.001175,0.293517,-1.295632,-1.002114,0.293163,-1.201419,-0.908256,0.293163,-1.225154,-0.931991,3.514457
SOL,20241103,9870,0.821378,0.31091,-1.162271,-0.851361,0.31091,-1.116111,-0.805201,0.311164,-1.111715,-0.800552,0.311164,-0.976002,-0.664838,4.121258
SOL,20241106,34580,0.819439,0.281415,-0.963014,-0.6816,0.281415,-1.255039,-0.973625,0.281182,-0.953853,-0.672671,0.281182,-1.289685,-1.008504,6.504931
SOL,20241109,12939,0.794265,0.255466,-0.952809,-0.697342,0.255466,-0.899822,-0.644356,0.255659,-0.947257,-0.691598,0.255659,-0.902803,-0.647144,3.404268
SOL,20241112,43227,0.819418,0.240888,-0.950079,-0.709191,0.240888,-0.800937,-0.560049,0.241188,-0.937015,-0.695827,0.241188,-0.769241,-0.528053,7.841232
SOL,20241115,27516,0.776294,0.241868,-1.083068,-0.8412,0.241868,-1.054237,-0.812369,0.242679,-1.038512,-0.795834,0.242679,-1.004238,-0.761559,5.216739
SOL,20241118,37191,0.806827,0.21478,-0.967235,-0.752455,0.21478,-0.975805,-0.761025,0.215182,-0.943667,-0.728486,0.215182,-0.968085,-0.752904,5.824733
SOL,20241121,38486,0.819831,0.219126,-1.010904,-0.791778,0.219126,-0.611376,-0.39225,0.219834,-0.989546,-0.769712,0.219834,-0.62366,-0.403826,6.469722
SOL,20241124,20860,0.772013,0.205109,-0.924785,-0.719676,0.205109,-0.823765,-0.618657,0.205454,-0.883984,-0.678531,0.205454,-0.769681,-0.564228,4.366826
SOL,20241127,21861,0.753021,0.215457,-1.003561,-0.788104,0.215457,-1.045569,-0.830112,0.216122,-0.924929,-0.708807,0.216122,-0.942296,-0.726174,4.389108
SOL,20241130,13486,0.732537,0.20964,-0.919542,-0.709901,0.20964,-0.794151,-0.584511,0.209942,-0.826814,-0.616872,0.209942,-0.679936,-0.469994,2.960346
SOL,20241203,29804,0.801396,0.228476,-1.162558,-0.934082,0.228476,-1.294269,-1.065793,0.228232,-1.143836,-0.915604,0.228232,-1.289965,-1.061733,5.928823
SOL,20241206,28980,0.772805,0.215535,-0.97131,-0.755774,0.215535,-1.004939,-0.789404,0.215702,-0.90778,-0.692078,0.215702,-0.905055,-0.689353,4.926531
SOL,20241209,32266,0.808669,0.273831,-1.482875,-1.209043,0.273831,-2.343822,-2.06999,0.275597,-1.522471,-1.246874,0.275597,-1.962529,-1.686933,8.731777
SOL,20241212,20992,0.747432,0.220862,-1.10735,-0.886489,0.220862,-1.193846,-0.972984,0.220962,-1.063178,-0.842216,0.220962,-1.121669,-0.900706,4.346555
SOL,20241215,14178,0.722288,0.231767,-1.105841,-0.874074,0.231767,-1.072904,-0.841137,0.231932,-1.042621,-0.810689,0.231932,-1.007787,-0.775855,3.359899
SOL,20241218,27369,0.79221,0.247234,-1.127958,-0.880724,0.247234,-0.939872,-0.692638,0.247381,-1.009778,-0.762397,0.247381,-0.677723,-0.430342,6.494939
SOL,20241221,30733,0.758641,0.275421,-1.049334,-0.773913,0.275421,-0.968008,-0.692586,0.274457,-1.021425,-0.746968,0.274457,-0.946395,-0.671938,6.153526
SOL,20241224,18053,0.784313,0.261925,-1.066837,-0.804912,0.261925,-0.914953,-0.653028,0.262031,-1.053574,-0.791543,0.262031,-0.865423,-0.603391,4.084589
SOL,20241227,18927,0.772077,0.269497,-1.044112,-0.774615,0.269497,-1.022433,-0.752935,0.269435,-0.978349,-0.708914,0.269435,-0.836732,-0.567297,4.446375
SOL,20241230,18699,0.755131,0.264384,-1.174154,-0.909769,0.264384,-0.87195,-0.607566,0.264877,-1.087975,-0.823098,0.264877,-0.709987,-0.44511,4.724414
SOL,20250102,19185,0.773776,0.248018,-0.924679,-0.676661,0.248018,-0.620719,-0.372701,0.24818,-0.896827,-0.648646,0.24818,-0.639142,-0.390962,4.090582
SOL,20250105,10639,0.735765,0.236784,-0.82956,-0.592775,0.236784,-0.697771,-0.460987,0.237339,-0.778659,-0.54132,0.237339,-0.65481,-0.417471,2.406451
SOL,20250108,23357,0.778679,0.258907,-1.103503,-0.844596,0.258907,-0.918586,-0.659679,0.258902,-1.055759,-0.796857,0.258902,-0.894192,-0.63529,4.956657
SOL,20250111,9880,0.70081,0.268663,-1.159844,-0.891181,0.268663,-1.158205,-0.889542,0.268911,-1.076775,-0.807864,0.268911,-1.101187,-0.832276,2.995297
SOL,20250114,13936,0.686481,0.269919,-1.014861,-0.744942,0.269919,-0.718873,-0.448953,0.269884,-0.985638,-0.715754,0.269884,-0.811753,-0.541869,3.876309
SOL,20250117,23127,0.740736,0.233859,-0.864556,-0.630696,0.233859,-0.846698,-0.612839,0.233989,-0.823061,-0.589072,0.233989,-0.762111,-0.528122,4.319255
SOL,20250120,77454,0.782557,0.252774,-1.257016,-1.004242,0.252774,-1.427142,-1.174367,0.251144,-1.268802,-1.017659,0.251144,-1.320384,-1.06924,13.831569
SOL,20250123,42210,0.771061,0.218894,-1.220822,-1.001928,0.218894,-1.522603,-1.303708,0.219151,-1.203133,-0.983981,0.219151,-1.483997,-1.264846,7.436361
SOL,20250126,21674,0.685143,0.201557,-0.941537,-0.73998,0.201557,-0.777466,-0.57591,0.202498,-0.836954,-0.634456,0.202498,-0.584571,-0.382073,3.834033
SOL,20250129,27778,0.702387,0.224372,-1.047128,-0.822756,0.224372,-1.091947,-0.867575,0.225355,-0.981841,-0.756486,0.225355,-1.128595,-0.903239,6.007556
SOL,20250201,22104,0.675814,0.226345,-0.909283,-0.682938,0.226345,-0.840665,-0.61432,0.227175,-0.804039,-0.576864,0.227175,-0.616018,-0.388842,3.958289
SOL,20250204,36000,0.740567,0.248358,-1.057353,-0.808995,0.248358,-1.081115,-0.832757,0.249923,-1.027361,-0.777437,0.249923,-0.954094,-0.704171,8.224693
SOL,20250207,27180,0.727976,0.260754,-0.973047,-0.712293,0.260754,-1.170167,-0.909412,0.261313,-0.88398,-0.622667,0.261313,-1.030102,-0.768789,5.834828
SOL,20250210,24531,0.697615,0.249693,-0.948797,-0.699105,0.249693,-1.001201,-0.751509,0.250211,-0.884472,-0.634261,0.250211,-0.858659,-0.608448,5.059145
SOL,20250213,18399,0.698315,0.261025,-0.876196,-0.615172,0.261025,-0.881392,-0.620367,0.261552,-0.807602,-0.54605,0.261552,-0.788237,-0.526686,3.854127
SOL,20250216,13734,0.69649,0.263752,-0.917351,-0.653599,0.263752,-0.939458,-0.675705,0.264367,-0.832501,-0.568135,0.264367,-0.822408,-0.558041,3.121038
SOL,20250219,20190,0.755448,0.297604,-1.168297,-0.870693,0.297604,-0.953783,-0.656179,0.297997,-1.147793,-0.849797,0.297997,-0.835642,-0.537645,4.907452
SOL,20250222,12653,0.697234,0.293604,-1.012683,-0.719079,0.293604,-1.088662,-0.795057,0.294417,-0.930404,-0.635987,0.294417,-0.989701,-0.695284,3.207329
SOL,20250225,37659,0.790077,0.372385,-1.233099,-0.860714,0.372385,-1.21146,-0.839075,0.373075,-1.139426,-0.766351,0.373075,-1.078692,-0.705617,11.490275
SOL,20250228,31890,0.820276,0.379455,-1.165744,-0.786289,0.379455,-1.187842,-0.808387,0.380627,-1.087488,-0.706861,0.380627,-1.127771,-0.747144,9.080372
SOL,20250303,40521,0.796375,0.341727,-1.108055,-0.766328,0.341727,-1.160561,-0.818834,0.342618,-1.111754,-0.769136,0.342618,-1.238012,-0.895394,10.402796
SOL,20250306,21645,0.705572,0.344025,-0.903151,-0.559127,0.344025,-1.087779,-0.743754,0.344853,-0.829234,-0.484381,0.344853,-1.051504,-0.706652,6.320938
SOL,20250309,16453,0.744417,0.383617,-0.865478,-0.481862,0.383617,-0.700535,-0.316918,0.383873,-0.834873,-0.451,0.383873,-0.668172,-0.284299,5.579978
SOL,20250312,18387,0.77043,0.40691,-0.870933,-0.464023,0.40691,-0.897016,-0.490106,0.407278,-0.792136,-0.384858,0.407278,-0.772342,-0.365064,6.099078
SOL,20250315,8374,0.755875,0.375355,-0.961493,-0.586138,0.375355,-0.750417,-0.375062,0.375257,-0.907557,-0.532301,0.375257,-0.669553,-0.294297,3.079053
SOL,20250318,11044,0.754545,0.40462,-1.0536,-0.64898,0.40462,-1.138569,-0.733949,0.405007,-0.968418,-0.563411,0.405007,-1.000477,-0.59547,3.922797
SOL,20250321,8928,0.720811,0.399179,-1.062072,-0.662893,0.399179,-1.365021,-0.965842,0.401187,-0.929416,-0.52823,0.401187,-1.181876,-0.780689,4.124939
SOL,20250324,15103,0.743203,0.359439,-1.01748,-0.658041,0.359439,-1.038096,-0.678657,0.359886,-0.953279,-0.593393,0.359886,-0.896419,-0.536533,4.315194
SOL,20250327,9291,0.743913,0.362838,-1.068166,-0.705328,0.362838,-1.015616,-0.652778,0.363206,-1.001149,-0.637943,0.363206,-1.069452,-0.706246,3.623525
SOL,20250330,7588,0.730548,0.401635,-1.138504,-0.736869,0.401635,-1.001156,-0.599521,0.402099,-1.084373,-0.682274,0.402099,-0.95918,-0.557081,3.613509
SOL,20250402,17126,0.792514,0.416895,-1.020501,-0.603606,0.416895,-0.640745,-0.22385,0.417169,-1.01424,-0.597071,0.417169,-1.054047,-0.636877,6.706595
SOL,20250405,6901,0.756383,0.422564,-0.95601,-0.533446,0.422564,-0.891942,-0.469377,0.421827,-0.879123,-0.457296,0.421827,-0.714057,-0.29223,3.017576
SOL,20250408,16974,0.778214,0.468023,-1.09242,-0.624397,0.468023,-0.589743,-0.12172,0.46851,-1.013967,-0.545457,0.46851,-0.591323,-0.122813,6.773751
SOL,20250411,15160,0.777078,0.427342,-1.008671,-0.581329,0.427342,-1.035419,-0.608077,0.428221,-0.990799,-0.562578,0.428221,-1.124759,-0.696538,5.031819
SOL,20250414,18416,0.741833,0.38404,-1.152106,-0.768066,0.38404,-1.157124,-0.773084,0.384716,-1.039647,-0.654931,0.384716,-1.033612,-0.648896,5.855286
SOL,20250417,13947,0.744282,0.379078,-1.001231,-0.622153,0.379078,-0.745265,-0.366187,0.3799,-0.930388,-0.550488,0.3799,-0.645496,-0.265596,4.678941
SOL,20250420,7921,0.791403,0.36332,-0.91728,-0.55396,0.36332,-0.787816,-0.424496,0.363599,-0.858052,-0.494453,0.363599,-0.699955,-0.336356,3.057612
SOL,20250423,17325,0.700514,0.335077,-0.965325,-0.630248,0.335077,-1.123603,-0.788526,0.335931,-0.91653,-0.580598,0.335931,-1.026005,-0.690074,4.810588
SOL,20250426,5872,0.718375,0.334228,-0.885144,-0.550916,0.334228,-0.953007,-0.618779,0.33438,-0.794905,-0.460525,0.33438,-0.728055,-0.393675,2.766022
SOL,20250429,8055,0.70761,0.340308,-0.918502,-0.578194,0.340308,-0.976752,-0.636445,0.340766,-0.869566,-0.5288,0.340766,-0.889592,-0.548826,3.309353
SOL,20250502,8351,0.619662,0.335113,-1.061957,-0.726844,0.335113,-0.944295,-0.609182,0.335851,-0.933046,-0.597195,0.335851,-0.703063,-0.367212,2.908193
SOL,20250505,9170,0.621756,0.345116,-1.075902,-0.730785,0.345116,-1.052303,-0.707186,0.345387,-0.951618,-0.606231,0.345387,-0.953614,-0.608227,3.016257
SOL,20250508,15820,0.651372,0.321839,-1.155553,-0.833714,0.321839,-0.855418,-0.533579,0.322875,-1.031215,-0.70834,0.322875,-0.841001,-0.518126,4.401486
SOL,20250511,18687,0.593926,0.289201,-1.175478,-0.886277,0.289201,-1.357495,-1.068293,0.290437,-1.046951,-0.756514,0.290437,-1.202281,-0.911844,4.573678
SOL,20250514,15560,0.722866,0.28222,-1.029055,-0.746835,0.28222,-1.222487,-0.940268,0.282863,-0.958484,-0.675621,0.282863,-1.137254,-0.854391,4.366808
SOL,20250517,15337,0.635085,0.301165,-1.102779,-0.801614,0.301165,-1.01451,-0.713346,0.301815,-1.024648,-0.722833,0.301815,-0.980297,-0.678482,3.847301
SOL,20250520,14395,0.715623,0.301199,-1.112809,-0.811609,0.301199,-1.089594,-0.788395,0.301842,-1.06204,-0.760198,0.301842,-1.160798,-0.858956,4.27063
SOL,20250523,23421,0.775697,0.282434,-0.906045,-0.623611,0.282434,-0.757449,-0.475016,0.282736,-0.838111,-0.555375,0.282736,-0.634325,-0.351589,5.469306
SOL,20250526,10917,0.738774,0.284713,-0.976446,-0.691733,0.284713,-0.649758,-0.365045,0.284921,-0.888473,-0.603552,0.284921,-0.580862,-0.295941,3.005825
SOL,20250529,10238,0.753604,0.294716,-1.102132,-0.807416,0.294716,-1.241406,-0.94669,0.29493,-1.05733,-0.7624,0.29493,-1.125194,-0.830264,3.290581
SOL,20250601,11344,0.746668,0.326219,-1.018766,-0.692547,0.326219,-1.073292,-0.747073,0.326433,-0.929955,-0.603523,0.326433,-0.968567,-0.642135,3.249637
SOL,20250604,11112,0.729851,0.321644,-1.015268,-0.693624,0.321644,-0.96462,-0.642975,0.322,-0.932317,-0.610318,0.322,-0.83016,-0.50816,3.173709
SOL,20250607,7422,0.724333,0.333362,-1.043542,-0.71018,0.333362,-1.038408,-0.705046,0.333676,-0.976047,-0.642371,0.333676,-0.947923,-0.614247,2.44163
SOL,20250610,15318,0.756678,0.31418,-1.188103,-0.873923,0.31418,-1.689306,-1.375126,0.314564,-1.159941,-0.845377,0.314564,-1.761806,-1.447243,4.336402
SOL,20250613,18439,0.775487,0.348378,-1.296538,-0.948159,0.348378,-1.388286,-1.039907,0.348775,-1.234776,-0.886,0.348775,-1.403677,-1.054902,5.724424
SOL,20250616,13482,0.772697,0.324196,-1.047756,-0.72356,0.324196,-0.967355,-0.643158,0.3244,-1.006174,-0.681775,0.3244,-0.945839,-0.621439,4.032216
SOL,20250619,6912,0.797121,0.345668,-1.069605,-0.723936,0.345668,-1.081464,-0.735795,0.345951,-1.059009,-0.713057,0.345951,-1.135561,-0.789609,2.955719
SOL,20250622,16733,0.839664,0.387921,-0.954792,-0.56687,0.387921,-1.147061,-0.75914,0.388203,-0.950369,-0.562165,0.388203,-1.03143,-0.643226,6.221715
SOL,20250625,10992,0.750136,0.345396,-1.037754,-0.692357,0.345396,-0.929842,-0.584445,0.345861,-1.009996,-0.664135,0.345861,-0.910141,-0.56428,3.557276
SOL,20250628,7869,0.827754,0.341021,-0.990815,-0.649794,0.341021,-0.986137,-0.645116,0.341018,-0.972889,-0.63187,0.341018,-0.974008,-0.63299,2.836802
SOL,20250701,10558,0.816272,0.336881,-0.856,-0.519119,0.336881,-0.843962,-0.507081,0.337219,-0.842398,-0.505179,0.337219,-0.818186,-0.480966,3.162171
SOL,20250704,9251,0.807415,0.336808,-0.88331,-0.546502,0.336808,-0.909794,-0.572986,0.337119,-0.886336,-0.549217,0.337119,-0.883466,-0.546347,3.084858
SOL,20250707,9664,0.812521,0.334371,-1.086187,-0.751816,0.334371,-0.796988,-0.462617,0.333967,-1.058086,-0.72412,0.333967,-0.749972,-0.416005,3.064311
SOL,20250710,12256,0.828443,0.317975,-0.966085,-0.64811,0.317975,-0.800732,-0.482757,0.317958,-0.960452,-0.642494,0.317958,-0.82007,-0.502112,3.519877
SOL,20250713,9479,0.783986,0.310317,-0.920994,-0.610677,0.310317,-0.782543,-0.472225,0.310542,-0.895726,-0.585183,0.310542,-0.816838,-0.506296,2.582981
SOL,20250716,15802,0.821156,0.297971,-0.834762,-0.536791,0.297971,-0.909376,-0.611405,0.297981,-0.840659,-0.542679,0.297981,-0.877943,-0.579962,3.751338
SOL,20250719,9053,0.792621,0.284488,-1.075319,-0.79083,0.284488,-1.068539,-0.784051,0.284601,-1.085565,-0.800963,0.284601,-1.072456,-0.787855,2.909859
SOL,20250722,32478,0.827505,0.254703,-0.99611,-0.741406,0.254703,-1.086618,-0.831915,0.254781,-1.009528,-0.754747,0.254781,-1.117608,-0.862827,6.453253
SOL,20250725,21874,0.822227,0.280769,-1.013229,-0.73246,0.280769,-1.001472,-0.720703,0.280771,-1.022745,-0.741974,0.280771,-1.085456,-0.804685,4.963809
SOL,20250727,11180,0.828515,0.26987,-0.992522,-0.722653,0.26987,-0.853227,-0.583357,0.270169,-0.991927,-0.721758,0.270169,-0.818727,-0.548558,2.99876
SOL,20250728,17736,0.821955,0.267074,-0.893592,-0.626518,0.267074,-0.668731,-0.401657,0.26718,-0.904333,-0.637153,0.26718,-0.61595,-0.34877,4.405195
SOL,20250731,13561,0.838802,0.284741,-0.881923,-0.597182,0.284741,-0.601486,-0.316745,0.284964,-0.883365,-0.598402,0.284964,-0.621017,-0.336053,3.60254
SOL,20250801,21759,0.840195,0.30194,-0.916702,-0.614761,0.30194,-0.735786,-0.433846,0.302021,-0.943032,-0.641011,0.302021,-0.698971,-0.396949,5.612563
SOL,20250803,8099,0.811273,0.311797,-0.973014,-0.661217,0.311797,-0.862558,-0.550761,0.311907,-0.937186,-0.625278,0.311907,-0.785216,-0.473308,2.932468
SOL,20250806,8307,0.857385,0.30409,-0.918691,-0.614601,0.30409,-0.969789,-0.665699,0.304045,-0.913711,-0.609666,0.304045,-0.878013,-0.573968,3.473187
SOL,20250809,8943,0.850073,0.278748,-0.946092,-0.667344,0.278748,-0.972359,-0.693611,0.27872,-0.934121,-0.655401,0.27872,-0.894758,-0.616038,3.099464
SOL,20250811,11702,0.850419,0.280715,-0.961137,-0.680422,0.280715,-0.579593,-0.298878,0.280274,-0.930151,-0.649878,0.280274,-0.566186,-0.285912,3.974422
SOL,20250812,13361,0.846613,0.276551,-0.845253,-0.568702,0.276551,-1.023654,-0.747103,0.27649,-0.876949,-0.600459,0.27649,-0.975746,-0.699256,4.001667
SOL,20250815,15476,0.802132,0.266027,-0.870615,-0.604588,0.266027,-0.567452,-0.301425,0.265924,-0.838738,-0.572814,0.265924,-0.599662,-0.333737,4.753151
SOL,20250816,9207,0.799696,0.268175,-0.983048,-0.714873,0.268175,-0.781407,-0.513232,0.267853,-0.991374,-0.723521,0.267853,-0.751878,-0.484025,3.111588
SOL,20250818,12571,0.851356,0.275666,-0.830134,-0.554468,0.275666,-0.649322,-0.373655,0.275906,-0.786628,-0.510722,0.275906,-0.577562,-0.301656,4.011995
SUI,20230504,4147,1.0,0.336244,-1.934472,-1.598229,0.336244,-2.283563,-1.94732,0.336244,-1.934472,-1.598229,0.336244,-2.283563,-1.94732,9.797781
SUI,20230507,2340,1.0,0.153951,-2.043804,-1.889853,0.153951,-2.300592,-2.146641,0.153951,-2.043804,-1.889853,0.153951,-2.300592,-2.146641,5.976168
SUI,20230510,5778,1.0,0.259573,-2.440042,-2.180469,0.259573,-2.062347,-1.802775,0.259573,-2.440042,-2.180469,0.259573,-2.062347,-1.802775,9.619408
SUI,20230513,2627,1.0,0.07958,-2.768424,-2.688844,0.07958,-2.550664,-2.471085,0.07958,-2.768424,-2.688844,0.07958,-2.550664,-2.471085,4.670526
SUI,20230516,2278,1.0,0.117139,-1.853467,-1.736329,0.117139,-1.91902,-1.801882,0.117139,-1.853467,-1.736329,0.117139,-1.91902,-1.801882,4.813406
SUI,20230519,1490,1.0,0.085505,-1.599046,-1.513541,0.085505,-2.200449,-2.114944,0.085505,-1.599046,-1.513541,0.085505,-2.200449,-2.114944,3.58329
SUI,20230522,1952,1.0,0.09215,-1.678114,-1.585963,0.09215,-1.436274,-1.344124,0.09215,-1.678114,-1.585963,0.09215,-1.436274,-1.344124,4.168313
SUI,20230525,2056,1.0,0.107386,-2.377013,-2.269627,0.107386,-2.591694,-2.484309,0.107386,-2.377013,-2.269627,0.107386,-2.591694,-2.484309,4.837228
SUI,20230528,2214,1.0,0.090833,-1.635814,-1.544981,0.090833,-1.366224,-1.275391,0.090833,-1.635814,-1.544981,0.090833,-1.366224,-1.275391,4.010911
SUI,20230531,2488,1.0,0.136928,-1.440457,-1.303529,0.136928,-1.073844,-0.936916,0.136928,-1.440457,-1.303529,0.136928,-1.073844,-0.936916,4.721029
SUI,20230603,2342,1.0,0.087154,-1.598249,-1.511095,0.087154,-2.073288,-1.986134,0.087154,-1.598249,-1.511095,0.087154,-2.073288,-1.986134,4.664323
SUI,20230606,2489,1.0,0.165242,-2.475993,-2.310752,0.165242,-2.707931,-2.542689,0.165242,-2.475993,-2.310752,0.165242,-2.707931,-2.542689,6.745665
SUI,20230609,3590,1.0,0.118375,-1.791845,-1.67347,0.118375,-1.435223,-1.316848,0.118375,-1.791845,-1.67347,0.118375,-1.435223,-1.316848,5.933601
SUI,20230612,5659,1.0,0.148916,-1.951571,-1.802655,0.148916,-1.518025,-1.369109,0.148916,-1.951571,-1.802655,0.148916,-1.518025,-1.369109,9.590678
SUI,20230615,3829,1.0,0.113584,-2.129941,-2.016357,0.113584,-1.990612,-1.877028,0.113584,-2.129941,-2.016357,0.113584,-1.990612,-1.877028,6.095553
SUI,20230618,4438,1.0,0.120821,-1.49709,-1.37627,0.120821,-2.040731,-1.91991,0.120821,-1.49709,-1.37627,0.120821,-2.040731,-1.91991,6.512209
SUI,20230621,6763,1.0,0.135069,-1.886091,-1.751022,0.135069,-2.12849,-1.993421,0.135069,-1.886091,-1.751022,0.135069,-2.12849,-1.993421,7.948904
SUI,20230624,3983,1.0,0.116164,-2.057249,-1.941085,0.116164,-1.40126,-1.285096,0.116164,-2.057249,-1.941085,0.116164,-1.40126,-1.285096,6.379762
SUI,20230627,4657,1.0,0.126199,-2.327117,-2.200918,0.126199,-2.591204,-2.465005,0.126199,-2.327117,-2.200918,0.126199,-2.591204,-2.465005,5.496573
SUI,20230630,5000,1.0,0.209694,-2.767414,-2.55772,0.209694,-3.28325,-3.073556,0.209694,-2.767414,-2.55772,0.209694,-3.28325,-3.073556,8.602456
SUI,20230703,4598,1.0,0.103117,-2.341212,-2.238095,0.103117,-2.173651,-2.070534,0.103117,-2.341212,-2.238095,0.103117,-2.173651,-2.070534,5.965309
SUI,20230706,5930,1.0,0.102537,-2.084324,-1.981787,0.102537,-2.173358,-2.070821,0.102537,-2.084324,-1.981787,0.102537,-2.173358,-2.070821,5.385123
SUI,20230709,2225,1.0,0.085061,-1.811936,-1.726875,0.085061,-1.489334,-1.404272,0.085061,-1.811936,-1.726875,0.085061,-1.489334,-1.404272,2.963615
SUI,20230712,4096,1.0,0.106755,-1.855815,-1.74906,0.106755,-1.879996,-1.773242,0.106755,-1.855815,-1.74906,0.106755,-1.879996,-1.773242,4.187564
SUI,20230715,2425,1.0,0.082976,-2.026395,-1.943418,0.082976,-1.954458,-1.871481,0.082976,-2.026395,-1.943418,0.082976,-1.954458,-1.871481,3.588684
SUI,20230718,13359,1.0,0.106367,-1.75889,-1.652523,0.106367,-1.810099,-1.703733,0.106367,-1.75889,-1.652523,0.106367,-1.810099,-1.703733,9.687131
SUI,20230721,2847,1.0,0.077337,-1.675033,-1.597696,0.077337,-1.701499,-1.624162,0.077337,-1.675033,-1.597696,0.077337,-1.701499,-1.624162,3.361482
SUI,20230724,3350,1.0,0.153151,-1.885927,-1.732777,0.153151,-1.275942,-1.122792,0.153151,-1.885927,-1.732777,0.153151,-1.275942,-1.122792,6.262959
SUI,20230727,2221,1.0,0.094927,-1.652112,-1.557185,0.094927,-1.886406,-1.791479,0.094927,-1.652112,-1.557185,0.094927,-1.886406,-1.791479,2.604329
SUI,20230730,1920,1.0,0.218474,-2.877806,-2.659331,0.218474,-2.636392,-2.417917,0.218474,-2.877806,-2.659331,0.218474,-2.636392,-2.417917,3.415233
SUI,20230802,2493,1.0,0.108633,-1.946862,-1.838229,0.108633,-1.667678,-1.559045,0.108633,-1.946862,-1.838229,0.108633,-1.667678,-1.559045,3.060332
SUI,20230805,1157,1.0,0.09812,-1.755866,-1.657746,0.09812,-1.660322,-1.562202,0.09812,-1.755866,-1.657746,0.09812,-1.660322,-1.562202,2.290989
SUI,20230808,1500,1.0,0.1001,-1.680012,-1.579913,0.1001,-1.906885,-1.806786,0.1001,-1.680012,-1.579913,0.1001,-1.906885,-1.806786,3.236366
SUI,20230811,1070,1.0,0.100331,-1.558365,-1.458034,0.100331,-1.730471,-1.630139,0.100331,-1.558365,-1.458034,0.100331,-1.730471,-1.630139,2.187241
SUI,20230814,1003,1.0,0.098593,-1.690506,-1.591913,0.098593,-1.915956,-1.817363,0.098593,-1.690506,-1.591913,0.098593,-1.915956,-1.817363,2.261306
SUI,20230817,2627,1.0,0.663984,-1.801428,-1.137445,0.663984,-0.066632,0.597352,0.663984,-1.801428,-1.137445,0.663984,-0.066632,0.597352,10.460827
SUI,20230820,5540,1.0,0.164875,-1.795598,-1.630722,0.164875,-1.906924,-1.742049,0.164875,-1.795598,-1.630722,0.164875,-1.906924,-1.742049,6.710363
SUI,20230823,12732,1.0,0.129532,-1.619617,-1.490085,0.129532,-1.606241,-1.47671,0.129532,-1.619617,-1.490085,0.129532,-1.606241,-1.47671,8.236255
SUI,20230826,9410,1.0,0.116271,-1.51433,-1.39806,0.116271,-1.603653,-1.487382,0.116271,-1.51433,-1.39806,0.116271,-1.603653,-1.487382,6.404619
SUI,20230829,7852,1.0,0.149523,-1.583458,-1.433935,0.149523,-2.340388,-2.190864,0.149523,-1.583458,-1.433935,0.149523,-2.340388,-2.190864,7.678714
SUI,20230901,3702,1.0,0.119377,-2.220931,-2.101555,0.119377,-2.065277,-1.9459,0.119377,-2.220931,-2.101555,0.119377,-2.065277,-1.9459,4.323804
SUI,20230904,2601,1.0,0.122471,-1.90849,-1.786019,0.122471,-1.988779,-1.866309,0.122471,-1.90849,-1.786019,0.122471,-1.988779,-1.866309,4.077679
SUI,20230907,1511,1.0,0.125821,-2.039054,-1.913232,0.125821,-2.024844,-1.899023,0.125821,-2.039054,-1.913232,0.125821,-2.024844,-1.899023,2.925948
SUI,20230910,2379,1.0,0.165759,-1.73201,-1.566251,0.165759,-2.364593,-2.198834,0.165759,-1.73201,-1.566251,0.165759,-2.364593,-2.198834,5.131311
SUI,20230913,2895,1.0,0.233781,-2.834586,-2.600806,0.233781,-3.351073,-3.117292,0.233781,-2.834586,-2.600806,0.233781,-3.351073,-3.117292,5.093063
SUI,20230916,2110,1.0,0.122983,-2.330567,-2.207584,0.122983,-2.740854,-2.617871,0.122983,-2.330567,-2.207584,0.122983,-2.740854,-2.617871,3.994266
SUI,20230919,1294,1.0,0.122333,-2.000707,-1.878374,0.122333,-1.792046,-1.669713,0.122333,-2.000707,-1.878374,0.122333,-1.792046,-1.669713,2.998568
SUI,20230922,1099,1.0,0.124883,-2.297944,-2.17306,0.124883,-2.024273,-1.89939,0.124883,-2.297944,-2.17306,0.124883,-2.024273,-1.89939,2.766941
SUI,20230925,1622,1.0,0.128128,-2.307972,-2.179844,0.128128,-2.84784,-2.719712,0.128128,-2.307972,-2.179844,0.128128,-2.84784,-2.719712,3.050208
SUI,20230928,1226,1.0,0.128248,-1.819719,-1.691472,0.128248,-1.821481,-1.693233,0.128248,-1.819719,-1.691472,0.128248,-1.821481,-1.693233,2.486352
SUI,20231001,2107,1.0,0.133689,-2.543084,-2.409396,0.133689,-2.602021,-2.468332,0.133689,-2.543084,-2.409396,0.133689,-2.602021,-2.468332,4.296691
SUI,20231004,1943,1.0,0.178481,-2.292988,-2.114507,0.178481,-2.182245,-2.003763,0.178481,-2.292988,-2.114507,0.178481,-2.182245,-2.003763,4.246912
SUI,20231007,1332,1.0,0.123598,-2.16718,-2.043582,0.123598,-2.369177,-2.245579,0.123598,-2.16718,-2.043582,0.123598,-2.369177,-2.245579,3.271888
SUI,20231010,1019,1.0,0.128566,-1.822346,-1.69378,0.128566,-1.501415,-1.372849,0.128566,-1.822346,-1.69378,0.128566,-1.501415,-1.372849,2.541439
SUI,20231013,1169,1.0,0.137948,-1.916493,-1.778545,0.137948,-1.608113,-1.470166,0.137948,-1.916493,-1.778545,0.137948,-1.608113,-1.470166,3.091694
SUI,20231016,1625,1.0,0.257484,-2.161077,-1.903593,0.257484,-1.327568,-1.070084,0.257484,-2.161077,-1.903593,0.257484,-1.327568,-1.070084,3.885811
SUI,20231019,1336,1.0,0.185486,-1.840728,-1.655242,0.185486,-1.918902,-1.733416,0.185486,-1.840728,-1.655242,0.185486,-1.918902,-1.733416,3.585401
SUI,20231022,1910,1.0,0.204328,-2.181535,-1.977207,0.204328,-2.993937,-2.789609,0.204328,-2.181535,-1.977207,0.204328,-2.993937,-2.789609,5.186103
SUI,20231025,2065,1.0,0.205544,-2.464593,-2.259049,0.205544,-2.163375,-1.957831,0.205544,-2.464593,-2.259049,0.205544,-2.163375,-1.957831,6.361519
SUI,20231028,2471,1.0,0.188336,-2.29244,-2.104105,0.188336,-1.750417,-1.562082,0.188336,-2.29244,-2.104105,0.188336,-1.750417,-1.562082,6.143424
SUI,20231031,3060,1.0,0.209075,-1.946595,-1.73752,0.209075,-2.269273,-2.060199,0.209075,-1.946595,-1.73752,0.209075,-2.269273,-2.060199,6.325841
SUI,20231103,1337,1.0,0.234809,-1.932675,-1.697866,0.234809,-1.854355,-1.619546,0.234809,-1.932675,-1.697866,0.234809,-1.854355,-1.619546,5.098336
SUI,20231106,2109,1.0,0.347667,-2.357633,-2.009966,0.347667,-2.430376,-2.082709,0.347667,-2.357633,-2.009966,0.347667,-2.430376,-2.082709,6.654094
SUI,20231109,3382,1.0,0.913719,-2.019033,-1.105313,0.913719,-3.917161,-3.003441,0.913719,-2.019033,-1.105313,0.913719,-3.917161,-3.003441,12.377863
SUI,20231112,2237,1.0,0.504672,-2.883177,-2.378506,0.504672,-2.233033,-1.728361,0.504672,-2.883177,-2.378506,0.504672,-2.233033,-1.728361,8.384745
SUI,20231115,1973,1.0,0.374311,-2.03958,-1.665269,0.374311,-1.045297,-0.670986,0.374311,-2.03958,-1.665269,0.374311,-1.045297,-0.670986,6.644585
SUI,20231118,1450,1.0,0.214405,-2.108887,-1.894483,0.214405,-2.545381,-2.330976,0.214405,-2.108887,-1.894483,0.214405,-2.545381,-2.330976,5.424133
SUI,20231121,1874,1.0,0.573423,-2.575706,-2.002283,0.573423,-2.520997,-1.947574,0.573423,-2.575706,-2.002283,0.573423,-2.520997,-1.947574,8.336405
SUI,20231124,2357,1.0,0.280364,-2.191571,-1.911207,0.280364,-1.663886,-1.383522,0.280364,-2.191571,-1.911207,0.280364,-1.663886,-1.383522,6.532106
SUI,20231127,1510,1.0,0.300979,-1.772155,-1.471176,0.300979,-1.342753,-1.041774,0.300979,-1.772155,-1.471176,0.300979,-1.342753,-1.041774,5.491288
SUI,20231130,1810,1.0,0.408633,-2.254424,-1.845791,0.408633,-2.762137,-2.353504,0.408633,-2.254424,-1.845791,0.408633,-2.762137,-2.353504,6.540027
SUI,20231203,1815,1.0,0.298986,-1.907257,-1.608271,0.298986,-1.91409,-1.615104,0.298986,-1.907257,-1.608271,0.298986,-1.91409,-1.615104,3.977493
SUI,20231206,2666,1.0,0.39984,-2.107749,-1.70791,0.39984,-2.09548,-1.69564,0.39984,-2.107749,-1.70791,0.39984,-2.09548,-1.69564,6.58755
SUI,20231209,1315,1.0,0.661943,-1.810739,-1.148796,0.661943,-1.14425,-0.482307,0.661943,-1.810739,-1.148796,0.661943,-1.14425,-0.482307,6.159178
SUI,20231212,1970,1.0,0.425725,-2.624084,-2.198358,0.425725,-1.814153,-1.388428,0.425725,-2.624084,-2.198358,0.425725,-1.814153,-1.388428,6.79364
SUI,20231215,1202,1.0,0.462155,-2.179089,-1.716934,0.462155,-2.626403,-2.164248,0.462155,-2.179089,-1.716934,0.462155,-2.626403,-2.164248,4.830756
SUI,20231218,1355,1.0,0.720373,-1.736437,-1.016064,0.720373,-1.358441,-0.638068,0.720373,-1.736437,-1.016064,0.720373,-1.358441,-0.638068,5.559782
SUI,20231221,2338,1.0,0.372584,-2.233108,-1.860525,0.372584,-1.91495,-1.542367,0.372584,-2.233108,-1.860525,0.372584,-1.91495,-1.542367,6.124822
SUI,20231224,3894,1.0,0.9684,-2.754621,-1.786221,0.9684,-2.036457,-1.068057,0.9684,-2.754621,-1.786221,0.9684,-2.036457,-1.068057,6.334016
SUI,20231227,5078,1.0,1.066226,-2.790348,-1.724122,1.066226,-2.986207,-1.919981,1.066226,-2.790348,-1.724122,1.066226,-2.986207,-1.919981,8.957125
SUI,20231230,3369,1.0,0.744038,-2.597734,-1.853696,0.744038,-2.507039,-1.763001,0.744038,-2.597734,-1.853696,0.744038,-2.507039,-1.763001,5.517698
SUI,20240102,6571,1.0,0.79298,-2.351175,-1.558194,0.79298,-2.782846,-1.989866,0.79298,-2.351175,-1.558194,0.79298,-2.782846,-1.989866,7.860647
SUI,20240105,5992,1.0,1.090954,-2.871932,-1.780978,1.090954,-2.297746,-1.206792,1.090954,-2.871932,-1.780978,1.090954,-2.297746,-1.206792,9.709298
SUI,20240108,6026,1.0,1.008214,-2.403402,-1.395189,1.008214,-1.77274,-0.764526,1.008214,-2.403402,-1.395189,1.008214,-1.77274,-0.764526,9.126422
SUI,20240111,8502,1.0,1.613311,-2.265913,-0.652602,1.613311,-2.129519,-0.516208,1.613311,-2.265913,-0.652602,1.613311,-2.129519,-0.516208,13.498837
SUI,20240114,7455,1.0,1.147359,-1.597347,-0.449988,1.147359,-1.081173,0.066187,1.147359,-1.597347,-0.449988,1.147359,-1.081173,0.066187,9.478558
SUI,20240117,7508,1.0,0.572999,-2.027608,-1.45461,0.572999,-2.225608,-1.65261,0.572999,-2.027608,-1.45461,0.572999,-2.225608,-1.65261,7.779755
SUI,20240120,4644,1.0,0.622517,-1.935242,-1.312725,0.622517,-1.840618,-1.218101,0.622517,-1.935242,-1.312725,0.622517,-1.840618,-1.218101,6.173101
SUI,20240123,15350,1.0,0.773404,-1.789246,-1.015843,0.773404,-1.923367,-1.149963,0.773404,-1.789246,-1.015843,0.773404,-1.923367,-1.149963,12.203128
SUI,20240126,11186,1.0,0.653985,-1.689384,-1.035399,0.653985,-1.442723,-0.788739,0.653985,-1.689384,-1.035399,0.653985,-1.442723,-0.788739,9.162824
SUI,20240129,14083,1.0,0.573344,-1.13314,-0.559796,0.573344,-0.960923,-0.387579,0.573344,-1.13314,-0.559796,0.573344,-0.960923,-0.387579,9.130539
SUI,20240201,13467,1.0,0.456644,-1.398968,-0.942323,0.456644,-0.927921,-0.471277,0.456644,-1.398968,-0.942323,0.456644,-0.927921,-0.471277,7.937163
SUI,20240204,8459,1.0,0.459504,-1.307505,-0.848002,0.459504,-1.459595,-1.000092,0.459504,-1.307505,-0.848002,0.459504,-1.459595,-1.000092,5.542981
SUI,20240207,11529,1.0,0.360697,-1.544079,-1.183382,0.360697,-1.616875,-1.256178,0.360697,-1.544079,-1.183382,0.360697,-1.616875,-1.256178,5.225723
SUI,20240210,13185,1.0,0.341849,-1.229318,-0.887469,0.341849,-1.093955,-0.752106,0.341849,-1.229318,-0.887469,0.341849,-1.093955,-0.752106,5.171289
SUI,20240213,13742,1.0,0.354574,-1.499563,-1.144989,0.354574,-1.714034,-1.35946,0.354574,-1.499563,-1.144989,0.354574,-1.714034,-1.35946,6.734374
SUI,20240216,6715,1.0,0.308888,-1.415589,-1.106701,0.308888,-1.422233,-1.113345,0.308888,-1.415589,-1.106701,0.308888,-1.422233,-1.113345,4.746229
SUI,20240219,6759,1.0,0.305405,-1.128214,-0.822809,0.305405,-0.887963,-0.582558,0.305405,-1.128214,-0.822809,0.305405,-0.887963,-0.582558,4.415346
SUI,20240222,8846,1.0,0.320641,-1.493311,-1.17267,0.320641,-1.04084,-0.720199,0.320641,-1.493311,-1.17267,0.320641,-1.04084,-0.720199,4.895095
SUI,20240225,4093,1.0,0.334313,-1.581483,-1.24717,0.334313,-1.320887,-0.986574,0.334313,-1.581483,-1.24717,0.334313,-1.320887,-0.986574,3.395175
SUI,20240228,10524,1.0,0.782278,-1.637897,-0.85562,0.782278,1.281019,2.063297,0.782278,-1.637897,-0.85562,0.782278,1.281019,2.063297,12.315327
SUI,20240302,5708,1.0,0.382414,-1.370697,-0.988283,0.382414,-1.567219,-1.184806,0.382414,-1.370697,-0.988283,0.382414,-1.567219,-1.184806,4.795669
SUI,20240305,15051,1.0,0.950661,-2.556424,-1.605763,0.950661,-0.790492,0.160168,0.950661,-2.556424,-1.605763,0.950661,-0.790492,0.160168,16.286512
SUI,20240308,6920,1.0,0.62974,-1.22005,-0.590311,0.62974,-1.298445,-0.668705,0.62974,-1.22005,-0.590311,0.62974,-1.298445,-0.668705,7.302207
SUI,20240311,4846,1.0,0.54457,-1.780361,-1.235791,0.54457,-1.619763,-1.075193,0.54457,-1.780361,-1.235791,0.54457,-1.619763,-1.075193,5.767745
SUI,20240314,6201,1.0,0.524675,-1.683678,-1.159004,0.524675,-1.765437,-1.240763,0.524675,-1.683678,-1.159004,0.524675,-1.765437,-1.240763,6.770686
SUI,20240317,7697,1.0,0.518965,-1.842875,-1.32391,0.518965,-2.097156,-1.578191,0.518965,-1.842875,-1.32391,0.518965,-2.097156,-1.578191,7.774966
SUI,20240320,10072,1.0,0.504933,-1.712892,-1.207959,0.504933,-1.737576,-1.232643,0.504933,-1.712892,-1.207959,0.504933,-1.737576,-1.232643,8.691364
SUI,20240323,5134,1.0,0.348676,-1.811141,-1.462465,0.348676,-1.641817,-1.29314,0.348676,-1.811141,-1.462465,0.348676,-1.641817,-1.29314,4.565802
SUI,20240326,6993,1.0,0.407671,-1.716606,-1.308936,0.407671,-2.012282,-1.604612,0.407671,-1.716606,-1.308936,0.407671,-2.012282,-1.604612,6.748188
SUI,20240329,7336,1.0,0.398328,-1.470449,-1.072121,0.398328,-0.801043,-0.402714,0.398328,-1.470449,-1.072121,0.398328,-0.801043,-0.402714,7.082391
SUI,20240401,10147,1.0,0.510431,-1.341025,-0.830594,0.510431,-0.841108,-0.330677,0.510431,-1.341025,-0.830594,0.510431,-0.841108,-0.330677,8.407361
SUI,20240404,4414,1.0,0.373138,-1.397772,-1.024635,0.373138,-1.338388,-0.96525,0.373138,-1.397772,-1.024635,0.373138,-1.338388,-0.96525,4.565904
SUI,20240407,3451,1.0,0.351636,-1.463948,-1.112311,0.351636,-1.444729,-1.093093,0.351636,-1.463948,-1.112311,0.351636,-1.444729,-1.093093,3.230062
SUI,20240410,4825,1.0,0.524931,-1.35331,-0.828379,0.524931,-2.221627,-1.696697,0.524931,-1.35331,-0.828379,0.524931,-2.221627,-1.696697,5.065267
SUI,20240413,11684,1.0,1.580832,-2.256505,-0.675673,1.580832,-1.719157,-0.138324,1.580832,-2.256505,-0.675673,1.580832,-1.719157,-0.138324,15.035694
SUI,20240416,5328,1.0,0.720759,-2.074831,-1.354072,0.720759,-1.465515,-0.744756,0.720759,-2.074831,-1.354072,0.720759,-1.465515,-0.744756,8.69972
SUI,20240419,6446,1.0,0.625909,-1.516238,-0.89033,0.625909,-1.787763,-1.161854,0.625909,-1.516238,-0.89033,0.625909,-1.787763,-1.161854,8.136432
SUI,20240422,2529,1.0,0.54304,-1.594613,-1.051573,0.54304,-1.826693,-1.283653,0.54304,-1.594613,-1.051573,0.54304,-1.826693,-1.283653,5.424298
SUI,20240425,3117,1.0,0.549301,-1.609353,-1.060052,0.549301,-1.480484,-0.931183,0.549301,-1.609353,-1.060052,0.549301,-1.480484,-0.931183,5.530338
SUI,20240428,2017,1.0,0.505703,-1.533433,-1.02773,0.505703,-1.247749,-0.742047,0.505703,-1.533433,-1.02773,0.505703,-1.247749,-0.742047,3.869565
SUI,20240501,3970,1.0,0.76797,-1.92954,-1.161571,0.76797,-1.783627,-1.015657,0.76797,-1.92954,-1.161571,0.76797,-1.783627,-1.015657,7.559012
SUI,20240504,4969,1.0,0.604486,-1.508862,-0.904376,0.604486,-1.395059,-0.790572,0.604486,-1.508862,-0.904376,0.604486,-1.395059,-0.790572,4.047593
SUI,20240507,6139,1.0,0.589345,-1.904895,-1.31555,0.589345,-1.434119,-0.844773,0.589345,-1.904895,-1.31555,0.589345,-1.434119,-0.844773,5.685035
SUI,20240510,6826,1.0,0.603297,-1.674006,-1.070709,0.603297,-1.502121,-0.898824,0.603297,-1.674006,-1.070709,0.603297,-1.502121,-0.898824,6.105366
SUI,20240513,3947,1.0,0.586197,-1.601917,-1.01572,0.586197,-1.460686,-0.874489,0.586197,-1.601917,-1.01572,0.586197,-1.460686,-0.874489,5.316397
SUI,20240516,5621,1.0,0.61007,-1.724316,-1.114247,0.61007,-1.721591,-1.111521,0.61007,-1.724316,-1.114247,0.61007,-1.721591,-1.111521,5.916595
SUI,20240519,2533,1.0,0.555006,-1.730457,-1.175452,0.555006,-1.913738,-1.358733,0.555006,-1.730457,-1.175452,0.555006,-1.913738,-1.358733,3.579603
SUI,20240522,3663,1.0,0.553762,-1.653915,-1.100153,0.553762,-1.5353,-0.981538,0.553762,-1.653915,-1.100153,0.553762,-1.5353,-0.981538,5.086041
SUI,20240525,2052,1.0,0.515377,-1.640259,-1.124882,0.515377,-1.741597,-1.22622,0.515377,-1.640259,-1.124882,0.515377,-1.741597,-1.22622,2.88009
SUI,20240528,3435,1.0,0.56601,-1.557133,-0.991122,0.56601,-1.024845,-0.458835,0.56601,-1.557133,-0.991122,0.56601,-1.024845,-0.458835,4.805831
SUI,20240531,1627,1.0,0.631405,-1.512835,-0.88143,0.631405,-1.373007,-0.741602,0.631405,-1.512835,-0.88143,0.631405,-1.373007,-0.741602,3.388341
SUI,20240603,2160,1.0,0.515441,-1.524799,-1.009358,0.515441,-2.047696,-1.532255,0.515441,-1.524799,-1.009358,0.515441,-2.047696,-1.532255,3.373076
SUI,20240606,2951,1.0,0.514384,-1.542986,-1.028602,0.514384,-1.706049,-1.191665,0.514384,-1.542986,-1.028602,0.514384,-1.706049,-1.191665,3.620839
SUI,20240609,3732,1.0,0.522133,-1.782138,-1.260005,0.522133,-2.018744,-1.496611,0.522133,-1.782138,-1.260005,0.522133,-2.018744,-1.496611,4.783264
SUI,20240612,4793,1.0,0.656644,-1.463688,-0.807044,0.656644,-1.492644,-0.836,0.656644,-1.463688,-0.807044,0.656644,-1.492644,-0.836,5.712561
SUI,20240615,1640,1.0,0.57413,-2.031328,-1.457197,0.57413,-2.129349,-1.555219,0.57413,-2.031328,-1.457197,0.57413,-2.129349,-1.555219,3.426457
SUI,20240618,7729,1.0,0.952858,-2.201164,-1.248306,0.952858,-2.257179,-1.304321,0.952858,-2.201164,-1.248306,0.952858,-2.257179,-1.304321,10.340371
SUI,20240621,3957,1.0,0.631925,-1.99407,-1.362145,0.631925,-1.952302,-1.320377,0.631925,-1.99407,-1.362145,0.631925,-1.952302,-1.320377,5.826635
SUI,20240624,5432,1.0,0.681589,-2.283339,-1.601751,0.681589,-2.796518,-2.114929,0.681589,-2.283339,-1.601751,0.681589,-2.796518,-2.114929,6.773186
SUI,20240627,2623,1.0,0.64561,-1.638845,-0.993235,0.64561,-1.818244,-1.172634,0.64561,-1.638845,-0.993235,0.64561,-1.818244,-1.172634,3.966706
SUI,20240630,2059,1.0,0.670724,-1.858359,-1.187635,0.670724,-1.85487,-1.184146,0.670724,-1.858359,-1.187635,0.670724,-1.85487,-1.184146,3.412225
SUI,20240703,3041,1.0,0.717688,-2.004474,-1.286786,0.717688,-1.97239,-1.254701,0.717688,-2.004474,-1.286786,0.717688,-1.97239,-1.254701,4.629471
SUI,20240706,2709,1.0,0.900276,-2.135863,-1.235587,0.900276,-2.307089,-1.406813,0.900276,-2.135863,-1.235587,0.900276,-2.307089,-1.406813,5.036656
SUI,20240709,4044,1.0,0.843076,-2.211622,-1.368546,0.843076,-2.484848,-1.641772,0.843076,-2.211622,-1.368546,0.843076,-2.484848,-1.641772,6.44627
SUI,20240712,3611,1.0,0.739719,-1.791868,-1.052149,0.739719,-1.418294,-0.678575,0.739719,-1.791868,-1.052149,0.739719,-1.418294,-0.678575,5.069249
SUI,20240715,3347,1.0,0.659962,-1.764891,-1.104929,0.659962,-1.720169,-1.060207,0.659962,-1.764891,-1.104929,0.659962,-1.720169,-1.060207,4.573382
SUI,20240718,2488,1.0,0.643603,-1.817529,-1.173926,0.643603,-1.755489,-1.111885,0.643603,-1.817529,-1.173926,0.643603,-1.755489,-1.111885,4.507992
SUI,20240721,2454,1.0,0.631809,-1.826324,-1.194515,0.631809,-1.661382,-1.029573,0.631809,-1.826324,-1.194515,0.631809,-1.661382,-1.029573,3.880314
SUI,20240724,2976,1.0,0.673937,-1.985954,-1.312016,0.673937,-2.133115,-1.459177,0.673937,-1.985954,-1.312016,0.673937,-2.133115,-1.459177,4.176549
SUI,20240727,2374,1.0,0.663392,-1.750385,-1.086993,0.663392,-2.000409,-1.337017,0.663392,-1.750385,-1.086993,0.663392,-2.000409,-1.337017,3.603294
SUI,20240730,2318,1.0,0.737963,-1.579196,-0.841233,0.737963,-1.35989,-0.621927,0.737963,-1.579196,-0.841233,0.737963,-1.35989,-0.621927,3.872098
SUI,20240802,2511,1.0,0.797809,-2.215999,-1.41819,0.797809,-1.41841,-0.620601,0.797809,-2.215999,-1.41819,0.797809,-1.41841,-0.620601,6.160097
SUI,20240805,10432,1.0,1.44115,-2.247477,-0.806327,1.44115,-3.290247,-1.849097,1.44115,-2.247477,-0.806327,1.44115,-3.290247,-1.849097,14.749679
SUI,20240808,10940,1.0,0.773427,-1.840101,-1.066675,0.773427,-1.522217,-0.74879,0.773427,-1.840101,-1.066675,0.773427,-1.522217,-0.74879,9.209976
SUI,20240811,13344,1.0,0.593564,-1.86527,-1.271706,0.593564,-2.499376,-1.905812,0.593564,-1.86527,-1.271706,0.593564,-2.499376,-1.905812,7.118984
SUI,20240814,13962,1.0,0.576093,-1.723003,-1.14691,0.576093,-1.547797,-0.971704,0.576093,-1.723003,-1.14691,0.576093,-1.547797,-0.971704,6.869638
SUI,20240817,7190,1.0,0.626508,-1.86211,-1.235602,0.626508,-1.567451,-0.940943,0.626508,-1.86211,-1.235602,0.626508,-1.567451,-0.940943,5.936294
SUI,20240820,8524,1.0,0.577488,-1.615453,-1.037965,0.577488,-1.363198,-0.78571,0.577488,-1.615453,-1.037965,0.577488,-1.363198,-0.78571,5.811456
SUI,20240823,11647,1.0,0.556621,-1.525038,-0.968417,0.556621,-1.423417,-0.866796,0.556621,-1.525038,-0.968417,0.556621,-1.423417,-0.866796,7.603232
SUI,20240826,7186,1.0,0.532523,-1.920643,-1.38812,0.532523,-1.843714,-1.311191,0.532523,-1.920643,-1.38812,0.532523,-1.843714,-1.311191,5.549341
SUI,20240829,5406,1.0,0.625291,-1.741452,-1.11616,0.625291,-1.82696,-1.201669,0.625291,-1.741452,-1.11616,0.625291,-1.82696,-1.201669,5.969902
SUI,20240901,4236,1.0,0.665818,-1.850393,-1.184574,0.665818,-1.414444,-0.748625,0.665818,-1.850393,-1.184574,0.665818,-1.414444,-0.748625,5.638068
SUI,20240904,7903,1.0,0.686907,-1.450162,-0.763254,0.686907,-0.9968,-0.309893,0.686907,-1.450162,-0.763254,0.686907,-0.9968,-0.309893,7.856562
SUI,20240907,7605,1.0,0.614753,-1.657001,-1.042248,0.614753,-1.357715,-0.742962,0.614753,-1.657001,-1.042248,0.614753,-1.357715,-0.742962,6.193547
SUI,20240910,6155,1.0,0.564188,-1.400688,-0.8365,0.564188,-1.278192,-0.714004,0.564188,-1.400688,-0.8365,0.564188,-1.278192,-0.714004,4.77945
SUI,20240913,7374,1.0,0.51055,-1.422974,-0.912424,0.51055,-1.280154,-0.769605,0.51055,-1.422974,-0.912424,0.51055,-1.280154,-0.769605,5.123165
SUI,20240916,10663,1.0,0.504035,-1.517251,-1.013217,0.504035,-1.789156,-1.285121,0.504035,-1.517251,-1.013217,0.504035,-1.789156,-1.285121,6.719083
SUI,20240919,15529,1.0,0.427219,-1.482876,-1.055656,0.427219,-1.52785,-1.100631,0.427219,-1.482876,-1.055656,0.427219,-1.52785,-1.100631,8.085786
SUI,20240922,18732,1.0,0.38455,-1.268239,-0.883689,0.38455,-1.192743,-0.808193,0.38455,-1.268239,-0.883689,0.38455,-1.192743,-0.808193,7.679718
SUI,20240925,14001,1.0,0.340257,-1.194709,-0.854452,0.340257,-1.429713,-1.089457,0.340257,-1.194709,-0.854452,0.340257,-1.429713,-1.089457,5.833257
SUI,20240928,10009,1.0,0.329842,-1.369857,-1.040015,0.329842,-1.284424,-0.954582,0.329842,-1.369857,-1.040015,0.329842,-1.284424,-0.954582,4.401803
SUI,20241001,25013,1.0,0.367104,-1.355328,-0.988225,0.367104,-1.505434,-1.138331,0.367104,-1.355328,-0.988225,0.367104,-1.505434,-1.138331,10.044498
SUI,20241004,22676,1.0,0.350618,-1.397974,-1.047357,0.350618,-0.776235,-0.425617,0.350618,-1.397974,-1.047357,0.350618,-0.776235,-0.425617,8.985602
SUI,20241007,25930,1.0,0.310334,-1.059682,-0.749348,0.310334,-0.627797,-0.317463,0.310334,-1.059682,-0.749348,0.310334,-0.627797,-0.317463,8.700095
SUI,20241010,18189,1.0,0.311577,-1.15287,-0.841293,0.311577,-1.017197,-0.70562,0.311577,-1.15287,-0.841293,0.311577,-1.017197,-0.70562,6.425782
SUI,20241013,23123,1.0,0.258632,-1.165905,-0.907273,0.258632,-1.0436,-0.784968,0.258632,-1.165905,-0.907273,0.258632,-1.0436,-0.784968,6.531784
SUI,20241016,21643,1.0,0.269399,-1.233975,-0.964576,0.269399,-1.082438,-0.813039,0.269399,-1.233975,-0.964576,0.269399,-1.082438,-0.813039,6.813656
SUI,20241019,8755,1.0,0.256527,-1.150556,-0.894029,0.256527,-0.960128,-0.703601,0.256527,-1.150556,-0.894029,0.256527,-0.960128,-0.703601,3.765615
SUI,20241022,12517,1.0,0.279833,-1.131636,-0.851803,0.279833,-0.709013,-0.429179,0.279833,-1.131636,-0.851803,0.279833,-0.709013,-0.429179,5.112517
SUI,20241025,12845,1.0,0.321569,-1.263688,-0.942119,0.321569,-1.253706,-0.932137,0.321569,-1.263688,-0.942119,0.321569,-1.253706,-0.932137,7.500392
SUI,20241028,16497,1.0,0.325443,-1.275663,-0.95022,0.325443,-1.387975,-1.062532,0.325443,-1.275663,-0.95022,0.325443,-1.387975,-1.062532,6.777157
SUI,20241031,15554,1.0,0.26385,-1.36483,-1.10098,0.26385,-1.538362,-1.274513,0.26385,-1.36483,-1.10098,0.26385,-1.538362,-1.274513,5.917685
SUI,20241103,16626,1.0,0.284677,-1.228609,-0.943932,0.284677,-1.295223,-1.010546,0.284677,-1.228609,-0.943932,0.284677,-1.295223,-1.010546,6.546666
SUI,20241106,29276,1.0,0.270799,-1.098867,-0.828067,0.270799,-1.1464,-0.875601,0.270799,-1.098867,-0.828067,0.270799,-1.1464,-0.875601,9.593471
SUI,20241109,18734,1.0,0.265329,-0.979341,-0.714013,0.265329,-1.355517,-1.090188,0.265329,-0.979341,-0.714013,0.265329,-1.355517,-1.090188,7.808777
SUI,20241112,29108,1.0,0.254091,-1.131943,-0.877852,0.254091,-1.272168,-1.018077,0.254091,-1.131943,-0.877852,0.254091,-1.272168,-1.018077,11.404208
SUI,20241115,17828,1.0,0.220556,-1.17549,-0.954933,0.220556,-1.107436,-0.88688,0.220556,-1.17549,-0.954933,0.220556,-1.107436,-0.88688,8.17541
SUI,20241118,12201,1.0,0.247339,-1.007461,-0.760122,0.247339,-1.163017,-0.915678,0.247339,-1.007461,-0.760122,0.247339,-1.163017,-0.915678,6.845384
SUI,20241121,14388,1.0,0.26327,-1.182285,-0.919015,0.26327,-1.264621,-1.001351,0.26327,-1.182285,-0.919015,0.26327,-1.264621,-1.001351,8.319405
SUI,20241124,11765,1.0,0.295964,-1.139464,-0.8435,0.295964,-1.536288,-1.240324,0.295964,-1.139464,-0.8435,0.295964,-1.536288,-1.240324,7.810833
SUI,20241127,11104,1.0,0.245166,-1.124936,-0.879769,0.245166,-1.337044,-1.091877,0.245166,-1.124936,-0.879769,0.245166,-1.337044,-1.091877,6.623132
SUI,20241130,8094,1.0,0.192382,-0.943369,-0.750987,0.192382,-0.749547,-0.557165,0.192382,-0.943369,-0.750987,0.192382,-0.749547,-0.557165,4.50582
SUI,20241203,19085,1.0,0.28281,-1.405782,-1.122973,0.28281,-1.401244,-1.118434,0.28281,-1.405782,-1.122973,0.28281,-1.401244,-1.118434,10.373225
SUI,20241206,14643,1.0,0.234355,-1.099342,-0.864987,0.234355,-1.346575,-1.11222,0.234355,-1.099342,-0.864987,0.234355,-1.346575,-1.11222,7.811239
SUI,20241209,16031,1.0,0.44437,-1.204631,-0.760261,0.44437,-2.04528,-1.600909,0.44437,-1.204631,-0.760261,0.44437,-2.04528,-1.600909,11.308108
SUI,20241212,21632,1.0,0.202743,-1.006303,-0.80356,0.202743,-1.060918,-0.858175,0.202743,-1.006303,-0.80356,0.202743,-1.060918,-0.858175,9.123621
SUI,20241215,14107,1.0,0.150332,-0.968956,-0.818624,0.150332,-0.937636,-0.787304,0.150332,-0.968956,-0.818624,0.150332,-0.937636,-0.787304,5.011915
SUI,20241218,13881,1.0,0.255946,-0.956338,-0.700393,0.255946,-0.558094,-0.302148,0.255946,-0.956338,-0.700393,0.255946,-0.558094,-0.302148,8.926266
SUI,20241221,16720,1.0,0.213088,-1.104456,-0.891368,0.213088,-1.353564,-1.140475,0.213088,-1.104456,-0.891368,0.213088,-1.353564,-1.140475,8.30192
SUI,20241224,13226,1.0,0.161043,-1.124077,-0.963034,0.161043,-1.050956,-0.889913,0.161043,-1.124077,-0.963034,0.161043,-1.050956,-0.889913,6.258296
SUI,20241227,9673,1.0,0.173414,-1.050806,-0.877392,0.173414,-1.21848,-1.045066,0.173414,-1.050806,-0.877392,0.173414,-1.21848,-1.045066,5.776979
SUI,20241230,9977,1.0,0.187655,-1.232277,-1.044621,0.187655,-0.844786,-0.657131,0.187655,-1.232277,-1.044621,0.187655,-0.844786,-0.657131,6.431458
SUI,20250102,7377,1.0,0.168303,-0.94256,-0.774258,0.168303,-0.89102,-0.722717,0.168303,-0.94256,-0.774258,0.168303,-0.89102,-0.722717,4.462954
SUI,20250105,10768,1.0,0.123079,-0.934776,-0.811697,0.123079,-0.806973,-0.683894,0.123079,-0.934776,-0.811697,0.123079,-0.806973,-0.683894,3.985476
SUI,20250108,14572,1.0,0.178166,-1.16224,-0.984074,0.178166,-1.578832,-1.400666,0.178166,-1.16224,-0.984074,0.178166,-1.578832,-1.400666,7.496602
SUI,20250111,9217,1.0,0.128313,-1.018297,-0.889984,0.128313,-0.871578,-0.743265,0.128313,-1.018297,-0.889984,0.128313,-0.871578,-0.743265,4.139167
SUI,20250114,11510,1.0,0.157285,-0.875866,-0.71858,0.157285,-0.314849,-0.157563,0.157285,-0.875866,-0.71858,0.157285,-0.314849,-0.157563,5.834187
SUI,20250117,11650,1.0,0.159264,-0.857815,-0.698551,0.159264,-0.732619,-0.573355,0.159264,-0.857815,-0.698551,0.159264,-0.732619,-0.573355,5.965622
SUI,20250120,17222,1.0,0.281769,-1.102433,-0.820664,0.281769,-0.848543,-0.566774,0.281769,-1.102433,-0.820664,0.281769,-0.848543,-0.566774,10.87242
SUI,20250123,12907,1.0,0.200485,-0.831333,-0.630847,0.200485,-0.791597,-0.591112,0.200485,-0.831333,-0.630847,0.200485,-0.791597,-0.591112,6.428776
SUI,20250126,9410,1.0,0.157174,-0.834097,-0.676922,0.157174,-0.60452,-0.447346,0.157174,-0.834097,-0.676922,0.157174,-0.60452,-0.447346,4.023842
SUI,20250129,11097,1.0,0.209654,-0.906869,-0.697215,0.209654,-0.50869,-0.299037,0.209654,-0.906869,-0.697215,0.209654,-0.50869,-0.299037,7.139123
SUI,20250201,9053,1.0,0.161441,-1.036739,-0.875298,0.161441,-0.77826,-0.616818,0.161441,-1.036739,-0.875298,0.161441,-0.77826,-0.616818,4.981169
SUI,20250204,19229,1.0,0.248586,-1.09901,-0.850424,0.248586,-1.335873,-1.087287,0.248586,-1.09901,-0.850424,0.248586,-1.335873,-1.087287,11.498669
SUI,20250207,14138,1.0,0.246818,-1.029847,-0.78303,0.246818,-1.003844,-0.757026,0.246818,-1.029847,-0.78303,0.246818,-1.003844,-0.757026,9.098226
SUI,20250210,13906,1.0,0.208951,-1.124383,-0.915432,0.208951,-1.23288,-1.023929,0.208951,-1.124383,-0.915432,0.208951,-1.23288,-1.023929,8.636789
SUI,20250213,11986,1.0,0.178611,-0.832244,-0.653633,0.178611,-1.127381,-0.94877,0.178611,-0.832244,-0.653633,0.178611,-1.127381,-0.94877,6.643824
SUI,20250216,7109,1.0,0.174725,-0.952977,-0.778252,0.174725,-0.916382,-0.741658,0.174725,-0.952977,-0.778252,0.174725,-0.916382,-0.741658,4.313368
SUI,20250219,11136,1.0,0.188663,-1.108934,-0.920272,0.188663,-1.206673,-1.018011,0.188663,-1.108934,-0.920272,0.188663,-1.206673,-1.018011,5.933343
SUI,20250222,7730,1.0,0.20494,-1.225244,-1.020305,0.20494,-1.203213,-0.998273,0.20494,-1.225244,-1.020305,0.20494,-1.203213,-0.998273,4.538703
SUI,20250225,20472,1.0,0.256237,-0.857751,-0.601515,0.256237,-0.896393,-0.640156,0.256237,-0.857751,-0.601515,0.256237,-0.896393,-0.640156,12.472973
SUI,20250228,15469,1.0,0.216408,-0.942727,-0.726319,0.216408,-0.643567,-0.42716,0.216408,-0.942727,-0.726319,0.216408,-0.643567,-0.42716,8.937509
SUI,20250303,15610,1.0,0.196451,-0.787283,-0.590832,0.196451,-1.011398,-0.814947,0.196451,-0.787283,-0.590832,0.196451,-1.011398,-0.814947,7.987883
SUI,20250306,19976,1.0,0.274749,-1.222685,-0.947936,0.274749,-1.576099,-1.30135,0.274749,-1.222685,-0.947936,0.274749,-1.576099,-1.30135,11.215368
SUI,20250309,12229,1.0,0.23694,-1.100981,-0.864041,0.23694,-1.038551,-0.801611,0.23694,-1.100981,-0.864041,0.23694,-1.038551,-0.801611,6.603474
SUI,20250312,11460,1.0,0.269239,-0.804169,-0.53493,0.269239,-1.043776,-0.774538,0.269239,-0.804169,-0.53493,0.269239,-1.043776,-0.774538,7.713693
SUI,20250315,8560,1.0,0.224109,-1.008498,-0.78439,0.224109,-1.09294,-0.868831,0.224109,-1.008498,-0.78439,0.224109,-1.09294,-0.868831,4.344004
SUI,20250318,11376,1.0,0.233918,-0.973567,-0.73965,0.233918,-1.266266,-1.032348,0.233918,-0.973567,-0.73965,0.233918,-1.266266,-1.032348,5.580515
SUI,20250321,8006,1.0,0.236126,-0.868269,-0.632143,0.236126,-0.7625,-0.526375,0.236126,-0.868269,-0.632143,0.236126,-0.7625,-0.526375,4.230455
SUI,20250324,8803,1.0,0.227545,-0.849806,-0.622261,0.227545,-0.86783,-0.640286,0.227545,-0.849806,-0.622261,0.227545,-0.86783,-0.640286,4.493974
SUI,20250327,15607,1.0,0.20837,-1.036506,-0.828137,0.20837,-0.856511,-0.648141,0.20837,-1.036506,-0.828137,0.20837,-0.856511,-0.648141,6.490781
SUI,20250330,11083,1.0,0.239221,-1.059132,-0.819911,0.239221,-1.165282,-0.926061,0.239221,-1.059132,-0.819911,0.239221,-1.165282,-0.926061,5.851539
SUI,20250402,13133,1.0,0.264685,-0.978885,-0.714199,0.264685,-0.46752,-0.202835,0.264685,-0.978885,-0.714199,0.264685,-0.46752,-0.202835,8.146848
SUI,20250405,5099,1.0,0.255452,-0.894061,-0.638609,0.255452,-0.861315,-0.605864,0.255452,-0.894061,-0.638609,0.255452,-0.861315,-0.605864,3.887889
SUI,20250408,11090,1.0,0.298677,-0.931622,-0.632945,0.298677,-0.85539,-0.556713,0.298677,-0.931622,-0.632945,0.298677,-0.85539,-0.556713,7.704288
SUI,20250411,8874,1.0,0.275846,-0.918643,-0.642798,0.275846,-0.774806,-0.49896,0.275846,-0.918643,-0.642798,0.275846,-0.774806,-0.49896,5.941465
SUI,20250414,9248,1.0,0.260183,-0.986819,-0.726636,0.260183,-1.024358,-0.764175,0.260183,-0.986819,-0.726636,0.260183,-1.024358,-0.764175,6.188191
SUI,20250417,9059,1.0,0.261103,-1.10323,-0.842127,0.261103,-0.974984,-0.713881,0.261103,-1.10323,-0.842127,0.261103,-0.974984,-0.713881,4.409979
SUI,20250420,4424,1.0,0.26094,-1.109254,-0.848314,0.26094,-1.198629,-0.937689,0.26094,-1.109254,-0.848314,0.26094,-1.198629,-0.937689,3.322017
SUI,20250423,24607,1.0,0.22331,-1.109555,-0.886245,0.22331,-1.592479,-1.369169,0.22331,-1.109555,-0.886245,0.22331,-1.592479,-1.369169,10.212955
SUI,20250426,15287,1.0,0.160989,-1.100007,-0.939018,0.160989,-0.831551,-0.670563,0.160989,-1.100007,-0.939018,0.160989,-0.831551,-0.670563,6.320483
SUI,20250429,15308,1.0,0.167265,-0.924469,-0.757205,0.167265,-1.233606,-1.066341,0.167265,-0.924469,-0.757205,0.167265,-1.233606,-1.066341,7.098944
SUI,20250502,12397,1.0,0.167884,-0.80579,-0.637906,0.167884,-0.689271,-0.521387,0.167884,-0.80579,-0.637906,0.167884,-0.689271,-0.521387,4.406899
SUI,20250505,17024,1.0,0.177082,-0.894988,-0.717907,0.177082,-0.713941,-0.536859,0.177082,-0.894988,-0.717907,0.177082,-0.713941,-0.536859,6.193643
SUI,20250508,24457,1.0,0.179723,-0.973288,-0.793565,0.179723,-1.18536,-1.005637,0.179723,-0.973288,-0.793565,0.179723,-1.18536,-1.005637,7.807056
SUI,20250511,15846,1.0,0.165301,-0.807188,-0.641888,0.165301,-0.976966,-0.811666,0.165301,-0.807188,-0.641888,0.165301,-0.976966,-0.811666,6.643488
SUI,20250514,11130,1.0,0.145325,-0.913186,-0.767861,0.145325,-1.031274,-0.885949,0.145325,-0.913186,-0.767861,0.145325,-1.031274,-0.885949,4.993123
SUI,20250517,12172,1.0,0.147633,-0.99517,-0.847537,0.147633,-0.876224,-0.728591,0.147633,-0.99517,-0.847537,0.147633,-0.876224,-0.728591,5.123234
SUI,20250520,13806,1.0,0.145487,-0.851156,-0.705669,0.145487,-1.009175,-0.863687,0.145487,-0.851156,-0.705669,0.145487,-1.009175,-0.863687,5.075246
SUI,20250523,20849,1.0,0.170584,-0.933878,-0.763293,0.170584,-1.074158,-0.903574,0.170584,-0.933878,-0.763293,0.170584,-1.074158,-0.903574,6.992177
SUI,20250526,8876,1.0,0.152336,-0.744805,-0.592469,0.152336,-0.584527,-0.432191,0.152336,-0.744805,-0.592469,0.152336,-0.584527,-0.432191,3.687854
SUI,20250529,12106,1.0,0.152886,-1.033027,-0.880141,0.152886,-1.078355,-0.925469,0.152886,-1.033027,-0.880141,0.152886,-1.078355,-0.925469,4.589211
SUI,20250601,9676,1.0,0.163536,-1.077542,-0.914006,0.163536,-1.208106,-1.044569,0.163536,-1.077542,-0.914006,0.163536,-1.208106,-1.044569,4.115182
SUI,20250604,8380,1.0,0.164895,-1.032233,-0.867337,0.164895,-1.032078,-0.867183,0.164895,-1.032233,-0.867337,0.164895,-1.032078,-0.867183,3.464426
SUI,20250607,7707,1.0,0.161674,-1.006993,-0.84532,0.161674,-0.81893,-0.657256,0.161674,-1.006993,-0.84532,0.161674,-0.81893,-0.657256,3.053147
SUI,20250610,13274,1.0,0.153983,-1.050841,-0.896857,0.153983,-1.117036,-0.963053,0.153983,-1.050841,-0.896857,0.153983,-1.117036,-0.963053,4.213818
SUI,20250613,18497,1.0,0.185601,-0.990697,-0.805096,0.185601,-1.318197,-1.132596,0.185601,-0.990697,-0.805096,0.185601,-1.318197,-1.132596,6.747737
SUI,20250616,13436,1.0,0.172063,-1.104569,-0.932506,0.172063,-1.403318,-1.231255,0.172063,-1.104569,-0.932506,0.172063,-1.403318,-1.231255,4.50233
SUI,20250619,8444,1.0,0.189682,-1.048325,-0.858643,0.189682,-1.037054,-0.847373,0.189682,-1.048325,-0.858643,0.189682,-1.037054,-0.847373,3.585109
SUI,20250622,13814,1.0,0.228509,-1.196077,-0.967568,0.228509,-1.430795,-1.202286,0.228509,-1.196077,-0.967568,0.228509,-1.430795,-1.202286,7.136992
SUI,20250625,11442,1.0,0.191322,-1.234476,-1.043154,0.191322,-1.202782,-1.01146,0.191322,-1.234476,-1.043154,0.191322,-1.202782,-1.01146,4.986096
SUI,20250628,6981,1.0,0.192895,-1.014515,-0.82162,0.192895,-1.004132,-0.811237,0.192895,-1.014515,-0.82162,0.192895,-1.004132,-0.811237,3.201469
SUI,20250701,11279,1.0,0.190769,-1.080822,-0.890053,0.190769,-0.980229,-0.78946,0.190769,-1.080822,-0.890053,0.190769,-0.980229,-0.78946,3.762194
SUI,20250704,9584,1.0,0.182755,-0.921807,-0.739052,0.182755,-0.851502,-0.668746,0.182755,-0.921807,-0.739052,0.182755,-0.851502,-0.668746,3.80334
SUI,20250707,7258,1.0,0.182246,-0.975473,-0.793227,0.182246,-0.841892,-0.659645,0.182246,-0.975473,-0.793227,0.182246,-0.841892,-0.659645,3.473926
SUI,20250710,14669,1.0,0.174226,-0.95267,-0.778444,0.174226,-0.926248,-0.752022,0.174226,-0.95267,-0.778444,0.174226,-0.926248,-0.752022,4.840964
SUI,20250713,8309,1.0,0.15555,-1.193742,-1.038192,0.15555,-1.240199,-1.084649,0.15555,-1.193742,-1.038192,0.15555,-1.240199,-1.084649,4.043516
SUI,20250716,16276,1.0,0.138589,-0.987604,-0.849015,0.138589,-1.211407,-1.072818,0.138589,-0.987604,-0.849015,0.138589,-1.211407,-1.072818,4.614179
SUI,20250719,11352,1.0,0.144611,-1.013896,-0.869284,0.144611,-1.045939,-0.901328,0.144611,-1.013896,-0.869284,0.144611,-1.045939,-0.901328,4.131954
SUI,20250722,15795,1.0,0.14673,-1.013474,-0.866744,0.14673,-0.800651,-0.653921,0.14673,-1.013474,-0.866744,0.14673,-0.800651,-0.653921,5.810739
SUI,20250725,17866,1.0,0.151836,-0.938416,-0.78658,0.151836,-1.017049,-0.865213,0.151836,-0.938416,-0.78658,0.151836,-1.017049,-0.865213,6.193657
SUI,20250727,18235,1.0,0.132638,-0.920087,-0.787449,0.132638,-0.742622,-0.609984,0.132638,-0.920087,-0.787449,0.132638,-0.742622,-0.609984,4.822865
SUI,20250728,18116,1.0,0.138397,-0.868467,-0.73007,0.138397,-0.642279,-0.503882,0.138397,-0.868467,-0.73007,0.138397,-0.642279,-0.503882,5.163155
SUI,20250731,15237,1.0,0.145931,-1.001527,-0.855597,0.145931,-0.911586,-0.765656,0.145931,-1.001527,-0.855597,0.145931,-0.911586,-0.765656,4.516994
SUI,20250801,17867,1.0,0.170956,-1.031009,-0.860053,0.170956,-0.97219,-0.801234,0.170956,-1.031009,-0.860053,0.170956,-0.97219,-0.801234,7.13112
SUI,20250803,7154,1.0,0.159743,-0.962814,-0.803071,0.159743,-0.907107,-0.747365,0.159743,-0.962814,-0.803071,0.159743,-0.907107,-0.747365,3.67843
SUI,20250806,14223,1.0,0.154624,-1.152694,-0.99807,0.154624,-1.340418,-1.185794,0.154624,-1.152694,-0.99807,0.154624,-1.340418,-1.185794,4.23783
SUI,20250809,10119,1.0,0.137084,-0.992442,-0.855357,0.137084,-0.9787,-0.841615,0.137084,-0.992442,-0.855357,0.137084,-0.9787,-0.841615,3.865499
SUI,20250811,11594,1.0,0.1433,-0.946608,-0.803308,0.1433,-0.744845,-0.601546,0.1433,-0.946608,-0.803308,0.1433,-0.744845,-0.601546,4.560143
SUI,20250812,10031,1.0,0.147107,-0.946596,-0.799488,0.147107,-1.212126,-1.065019,0.147107,-0.946596,-0.799488,0.147107,-1.212126,-1.065019,4.345479
SUI,20250815,10050,1.0,0.143587,-1.087391,-0.943805,0.143587,-1.492264,-1.348677,0.143587,-1.087391,-0.943805,0.143587,-1.492264,-1.348677,4.855029
SUI,20250816,5036,1.0,0.1411,-0.985315,-0.844215,0.1411,-1.045818,-0.904718,0.1411,-0.985315,-0.844215,0.1411,-1.045818,-0.904718,2.897076
SUI,20250818,10531,1.0,0.148807,-0.909584,-0.760777,0.148807,-1.090507,-0.9417,0.148807,-0.909584,-0.760777,0.148807,-1.090507,-0.9417,4.294083
XRP,20230401,2216,1.0,1.025179,-2.620273,-1.595094,1.025179,-1.886773,-0.861594,1.025179,-2.620273,-1.595094,1.025179,-1.886773,-0.861594,5.849297
XRP,20230404,899,1.0,1.007347,-1.873393,-0.866046,1.007347,-1.898626,-0.891279,1.007347,-1.873393,-0.866046,1.007347,-1.898626,-0.891279,3.408699
XRP,20230407,1048,1.0,0.987623,-1.71343,-0.725806,0.987623,-1.898876,-0.911253,0.987623,-1.71343,-0.725806,0.987623,-1.898876,-0.911253,3.381324
XRP,20230410,457,1.0,0.990441,-1.733896,-0.743455,0.990441,-1.193092,-0.202651,0.990441,-1.733896,-0.743455,0.990441,-1.193092,-0.202651,1.987385
XRP,20230413,454,1.0,0.990334,-1.337219,-0.346885,0.990334,-0.500424,0.48991,0.990334,-1.337219,-0.346885,0.990334,-0.500424,0.48991,2.052461
XRP,20230416,409,1.0,0.963517,-1.553593,-0.590076,0.963517,-2.115934,-1.152417,0.963517,-1.553593,-0.590076,0.963517,-2.115934,-1.152417,1.662569
XRP,20230419,2904,1.0,1.174583,-2.258994,-1.084411,1.174583,-1.387465,-0.212882,1.174583,-2.258994,-1.084411,1.174583,-1.387465,-0.212882,7.219102
XRP,20230422,918,1.0,1.082151,-1.983728,-0.901577,1.082151,-2.10924,-1.027089,1.082151,-1.983728,-0.901577,1.082151,-2.10924,-1.027089,3.116029
XRP,20230425,758,1.0,1.089381,-1.466417,-0.377036,1.089381,-1.589058,-0.499677,1.089381,-1.466417,-0.377036,1.089381,-1.589058,-0.499677,3.000811
XRP,20230428,901,1.0,1.060019,-2.019355,-0.959336,1.060019,-2.05903,-0.999011,1.060019,-2.019355,-0.959336,1.060019,-2.05903,-0.999011,3.11277
XRP,20230501,582,1.0,1.089157,-2.032008,-0.942851,1.089157,-1.56906,-0.479904,1.089157,-2.032008,-0.942851,1.089157,-1.56906,-0.479904,2.772115
XRP,20230504,292,1.0,1.087154,-1.588034,-0.50088,1.087154,-1.45634,-0.369186,1.087154,-1.588034,-0.50088,1.087154,-1.45634,-0.369186,1.683623
XRP,20230507,221,1.0,1.103796,-3.137948,-2.034152,1.103796,-2.778118,-1.674322,1.103796,-3.137948,-2.034152,1.103796,-2.778118,-1.674322,1.869177
XRP,20230510,1105,1.0,1.21118,-3.484195,-2.273015,1.21118,-0.491403,0.719777,1.21118,-3.484195,-2.273015,1.21118,-0.491403,0.719777,4.684259
XRP,20230513,182,1.0,1.17435,-1.819293,-0.644943,1.17435,-2.306168,-1.131818,1.17435,-1.819293,-0.644943,1.17435,-2.306168,-1.131818,1.62152
XRP,20230516,702,1.0,1.17527,-2.705776,-1.530506,1.17527,-3.095171,-1.919902,1.17527,-2.705776,-1.530506,1.17527,-3.095171,-1.919902,3.296425
XRP,20230519,1101,1.0,1.086223,-1.671942,-0.585719,1.086223,-1.347147,-0.260924,1.086223,-1.671942,-0.585719,1.086223,-1.347147,-0.260924,3.863887
XRP,20230522,586,1.0,1.096771,-2.113539,-1.016769,1.096771,-2.779363,-1.682592,1.096771,-2.113539,-1.016769,1.096771,-2.779363,-1.682592,2.673191
XRP,20230525,361,1.0,1.117656,-1.53503,-0.417373,1.117656,-1.540281,-0.422624,1.117656,-1.53503,-0.417373,1.117656,-1.540281,-0.422624,2.172173
XRP,20230528,401,1.0,1.053311,-2.683491,-1.630179,1.053311,-2.631378,-1.578067,1.053311,-2.683491,-1.630179,1.053311,-2.631378,-1.578067,2.041498
XRP,20230531,1408,1.0,0.978371,-1.718283,-0.739912,0.978371,-1.483895,-0.505524,0.978371,-1.718283,-0.739912,0.978371,-1.483895,-0.505524,3.990874
XRP,20230603,612,1.0,0.965372,-1.511165,-0.545793,0.965372,-1.704824,-0.739452,0.965372,-1.511165,-0.545793,0.965372,-1.704824,-0.739452,2.283393
XRP,20230606,1569,1.0,0.981206,-1.735958,-0.754752,0.981206,-2.422197,-1.440991,0.981206,-1.735958,-0.754752,0.981206,-2.422197,-1.440991,3.848339
XRP,20230609,1140,1.0,0.941671,-1.332177,-0.390505,0.941671,-1.735683,-0.794011,0.941671,-1.332177,-0.390505,0.941671,-1.735683,-0.794011,3.112807
XRP,20230612,987,1.0,0.975102,-1.91804,-0.942938,0.975102,-2.008337,-1.033235,0.975102,-1.91804,-0.942938,0.975102,-2.008337,-1.033235,3.50339
XRP,20230615,1109,1.0,1.051553,-1.684241,-0.632688,1.051553,-1.586448,-0.534895,1.051553,-1.684241,-0.632688,1.051553,-1.586448,-0.534895,3.995859
XRP,20230618,744,1.0,1.037262,-2.202797,-1.165535,1.037262,-2.24146,-1.204199,1.037262,-2.202797,-1.165535,1.037262,-2.24146,-1.204199,3.233764
XRP,20230621,1001,1.0,1.012123,-1.654792,-0.642669,1.012123,-1.276364,-0.264241,1.012123,-1.654792,-0.642669,1.012123,-1.276364,-0.264241,3.380395
XRP,20230624,632,1.0,1.043387,-1.585192,-0.541805,1.043387,-0.90749,0.135897,1.043387,-1.585192,-0.541805,1.043387,-0.90749,0.135897,2.716002
XRP,20230627,388,1.0,1.043059,-1.47291,-0.429851,1.043059,-1.375838,-0.332779,1.043059,-1.47291,-0.429851,1.043059,-1.375838,-0.332779,2.267767
XRP,20230630,1376,1.0,1.103038,-2.723766,-1.620728,1.103038,-3.66813,-2.565092,1.103038,-2.723766,-1.620728,1.103038,-3.66813,-2.565092,4.389141
XRP,20230703,628,1.0,1.045644,-2.09252,-1.046875,1.045644,-1.487454,-0.441809,1.045644,-2.09252,-1.046875,1.045644,-1.487454,-0.441809,2.750626
XRP,20230706,522,1.0,1.060641,-1.165744,-0.105103,1.060641,-1.506755,-0.446114,1.060641,-1.165744,-0.105103,1.060641,-1.506755,-0.446114,2.784618
XRP,20230709,162,1.0,1.071934,-1.354411,-0.282477,1.071934,-1.032732,0.039202,1.071934,-1.354411,-0.282477,1.071934,-1.032732,0.039202,1.241829
XRP,20230712,296,1.0,1.059718,-1.583068,-0.52335,1.059718,-2.420455,-1.360737,1.059718,-1.583068,-0.52335,1.059718,-2.420455,-1.360737,1.902165
XRP,20230715,7129,1.0,0.727015,-1.496631,-0.769616,0.727015,-1.412569,-0.685553,0.727015,-1.496631,-0.769616,0.727015,-1.412569,-0.685553,8.189526
XRP,20230718,5673,1.0,0.675119,-1.242949,-0.56783,0.675119,-0.98901,-0.313891,0.675119,-1.242949,-0.56783,0.675119,-0.98901,-0.313891,6.162328
XRP,20230721,3710,1.0,0.648519,-1.370934,-0.722414,0.648519,-1.227601,-0.579082,0.648519,-1.370934,-0.722414,0.648519,-1.227601,-0.579082,4.385459
XRP,20230724,4358,1.0,0.744847,-1.599039,-0.854191,0.744847,-1.379694,-0.634846,0.744847,-1.599039,-0.854191,0.744847,-1.379694,-0.634846,5.460918
XRP,20230727,2287,1.0,0.700044,-1.506156,-0.806112,0.700044,-1.724884,-1.02484,0.700044,-1.506156,-0.806112,0.700044,-1.724884,-1.02484,3.483304
XRP,20230730,2098,1.0,0.757492,-1.976652,-1.21916,0.757492,-1.256101,-0.498609,0.757492,-1.976652,-1.21916,0.757492,-1.256101,-0.498609,3.409679
XRP,20230802,1576,1.0,0.744409,-1.470597,-0.726188,0.744409,-0.505708,0.238701,0.744409,-1.470597,-0.726188,0.744409,-0.505708,0.238701,2.987163
XRP,20230805,1643,1.0,0.817396,-1.801931,-0.984535,0.817396,-1.519115,-0.701719,0.817396,-1.801931,-0.984535,0.817396,-1.519115,-0.701719,3.201867
XRP,20230808,1883,1.0,0.795634,-1.321313,-0.525679,0.795634,-0.987743,-0.192108,0.795634,-1.321313,-0.525679,0.795634,-0.987743,-0.192108,3.150261
XRP,20230811,781,1.0,0.792701,-1.205567,-0.412866,0.792701,-1.180448,-0.387746,0.792701,-1.205567,-0.412866,0.792701,-1.180448,-0.387746,1.94282
XRP,20230814,672,1.0,0.796693,-1.187411,-0.390718,0.796693,-1.037388,-0.240696,0.796693,-1.187411,-0.390718,0.796693,-1.037388,-0.240696,1.720422
XRP,20230817,7981,1.0,1.309424,-2.285606,-0.976182,1.309424,-1.384581,-0.075157,1.309424,-2.285606,-0.976182,1.309424,-1.384581,-0.075157,16.753516
XRP,20230820,2697,1.0,0.942394,-1.851676,-0.909282,0.942394,-1.864488,-0.922094,0.942394,-1.851676,-0.909282,0.942394,-1.864488,-0.922094,4.421732
XRP,20230823,1085,1.0,0.956906,-1.983041,-1.026135,0.956906,-2.003832,-1.046925,0.956906,-1.983041,-1.026135,0.956906,-2.003832,-1.046925,2.9371
XRP,20230826,395,1.0,0.955448,-1.166229,-0.210781,0.955448,-1.050462,-0.095013,0.955448,-1.166229,-0.210781,0.955448,-1.050462,-0.095013,1.587354
XRP,20230829,2089,1.0,0.95852,-1.574517,-0.615997,0.95852,-0.971646,-0.013126,0.95852,-1.574517,-0.615997,0.95852,-0.971646,-0.013126,3.856273
XRP,20230901,953,1.0,1.006161,-2.245752,-1.239591,1.006161,-1.54735,-0.541189,1.006161,-2.245752,-1.239591,1.006161,-1.54735,-0.541189,2.96918
XRP,20230904,716,1.0,0.991164,-1.939335,-0.948171,0.991164,-2.274743,-1.283578,0.991164,-1.939335,-0.948171,0.991164,-2.274743,-1.283578,2.230424
XRP,20230907,418,1.0,1.02104,-1.454115,-0.433074,1.02104,-1.431635,-0.410595,1.02104,-1.454115,-0.433074,1.02104,-1.431635,-0.410595,1.491701
XRP,20230910,485,1.0,1.006394,-1.379597,-0.373203,1.006394,-1.580695,-0.574302,1.006394,-1.379597,-0.373203,1.006394,-1.580695,-0.574302,1.687658
XRP,20230913,890,1.0,1.114752,-2.596946,-1.482194,1.114752,-4.061559,-2.946807,1.114752,-2.596946,-1.482194,1.114752,-4.061559,-2.946807,3.510084
XRP,20230916,294,1.0,1.003286,-1.493618,-0.490332,1.003286,-1.925499,-0.922213,1.003286,-1.493618,-0.490332,1.003286,-1.925499,-0.922213,1.437565
XRP,20230919,644,1.0,0.990691,-1.101807,-0.111115,0.990691,-1.901514,-0.910823,0.990691,-1.101807,-0.111115,0.990691,-1.901514,-0.910823,2.528126
XRP,20230922,452,1.0,0.982877,-1.551302,-0.568425,0.982877,-1.367881,-0.385004,0.982877,-1.551302,-0.568425,0.982877,-1.367881,-0.385004,1.984786
XRP,20230925,675,1.0,1.007299,-1.591178,-0.583878,1.007299,-1.114063,-0.106764,1.007299,-1.591178,-0.583878,1.007299,-1.114063,-0.106764,2.542419
XRP,20230928,527,1.0,0.99784,-1.382193,-0.384353,0.99784,-1.110047,-0.112207,0.99784,-1.382193,-0.384353,0.99784,-1.110047,-0.112207,1.93002
XRP,20231001,546,1.0,0.973862,-1.528523,-0.554661,0.973862,-1.718992,-0.745131,0.973862,-1.528523,-0.554661,0.973862,-1.718992,-0.745131,1.858022
XRP,20231004,2434,1.0,0.956228,-1.985106,-1.028878,0.956228,-1.813662,-0.857434,0.956228,-1.985106,-1.028878,0.956228,-1.813662,-0.857434,4.244644
XRP,20231007,168,1.0,0.963104,-1.0318,-0.068696,0.963104,-0.79778,0.165324,0.963104,-1.0318,-0.068696,0.963104,-0.79778,0.165324,0.988936
XRP,20231010,450,1.0,1.012927,-1.433054,-0.420128,1.012927,-1.166984,-0.154057,1.012927,-1.433054,-0.420128,1.012927,-1.166984,-0.154057,2.032365
XRP,20231013,401,1.0,1.063568,-1.941261,-0.877693,1.063568,-2.134744,-1.071176,1.063568,-1.941261,-0.877693,1.063568,-2.134744,-1.071176,2.103367
XRP,20231016,1154,1.0,1.032717,-2.096993,-1.064276,1.032717,-2.280162,-1.247445,1.032717,-2.096993,-1.064276,1.032717,-2.280162,-1.247445,2.855978
XRP,20231019,2173,1.0,1.033111,-2.902497,-1.869387,1.033111,-3.541664,-2.508553,1.033111,-2.902497,-1.869387,1.033111,-3.541664,-2.508553,4.751095
XRP,20231022,459,1.0,0.983928,-1.049113,-0.065184,0.983928,-0.65795,0.325978,0.983928,-1.049113,-0.065184,0.983928,-0.65795,0.325978,2.172475
XRP,20231025,945,1.0,0.909179,-1.255808,-0.346629,0.909179,-0.994519,-0.08534,0.909179,-1.255808,-0.346629,0.909179,-0.994519,-0.08534,3.668074
XRP,20231028,290,1.0,0.916024,-1.182469,-0.266445,0.916024,-1.320566,-0.404542,0.916024,-1.182469,-0.266445,0.916024,-1.320566,-0.404542,1.415686
XRP,20231031,2922,1.0,0.87488,-2.464121,-1.589241,0.87488,-2.069652,-1.194772,0.87488,-2.464121,-1.589241,0.87488,-2.069652,-1.194772,5.219134
XRP,20231103,1265,1.0,0.843147,-1.810585,-0.967438,0.843147,-1.713068,-0.869921,0.843147,-1.810585,-0.967438,0.843147,-1.713068,-0.869921,3.71692
XRP,20231106,6624,1.0,0.732147,-1.402714,-0.670567,0.732147,-1.40408,-0.671933,0.732147,-1.402714,-0.670567,0.732147,-1.40408,-0.671933,6.580224
XRP,20231109,9259,1.0,0.947506,-2.216601,-1.269094,0.947506,-0.47528,0.472227,0.947506,-2.216601,-1.269094,0.947506,-0.47528,0.472227,11.596777
XRP,20231112,1400,1.0,0.762134,-1.417446,-0.655311,0.762134,-0.797133,-0.034999,0.762134,-1.417446,-0.655311,0.762134,-0.797133,-0.034999,3.1024
XRP,20231115,1960,1.0,0.801149,-1.445876,-0.644727,0.801149,-1.327713,-0.526564,0.801149,-1.445876,-0.644727,0.801149,-1.327713,-0.526564,3.319992
XRP,20231118,938,1.0,0.830242,-1.566835,-0.736593,0.830242,-1.265059,-0.434817,0.830242,-1.566835,-0.736593,0.830242,-1.265059,-0.434817,2.757552
XRP,20231121,2404,1.0,0.896854,-1.800205,-0.903352,0.896854,-1.702959,-0.806105,0.896854,-1.800205,-0.903352,0.896854,-1.702959,-0.806105,4.827304
XRP,20231124,1103,1.0,0.826771,-1.200369,-0.373597,0.826771,-0.895626,-0.068855,0.826771,-1.200369,-0.373597,0.826771,-0.895626,-0.068855,2.601774
XRP,20231127,1123,1.0,0.839553,-1.509789,-0.670236,0.839553,-1.903947,-1.064393,0.839553,-1.509789,-0.670236,0.839553,-1.903947,-1.064393,2.786896
XRP,20231130,710,1.0,0.850909,-1.708469,-0.85756,0.850909,-1.689256,-0.838347,0.850909,-1.708469,-0.85756,0.850909,-1.689256,-0.838347,1.959919
XRP,20231203,1036,1.0,0.805814,-1.263423,-0.457609,0.805814,-1.596456,-0.790642,0.805814,-1.263423,-0.457609,0.805814,-1.596456,-0.790642,2.243526
XRP,20231206,2492,1.0,0.810288,-1.621296,-0.811008,0.810288,-1.328871,-0.518583,0.810288,-1.621296,-0.811008,0.810288,-1.328871,-0.518583,3.903141
XRP,20231209,4245,1.0,0.765952,-1.878143,-1.112191,0.765952,-1.555753,-0.789802,0.765952,-1.878143,-1.112191,0.765952,-1.555753,-0.789802,5.005491
XRP,20231212,1366,1.0,0.813843,-1.586577,-0.772734,0.813843,-1.558089,-0.744246,0.813843,-1.586577,-0.772734,0.813843,-1.558089,-0.744246,3.060006
XRP,20231215,1352,1.0,0.8097,-1.679318,-0.869618,0.8097,-1.958471,-1.148771,0.8097,-1.679318,-0.869618,0.8097,-1.958471,-1.148771,2.798929
XRP,20231218,1696,1.0,0.850844,-1.519232,-0.668388,0.850844,-1.848688,-0.997845,0.850844,-1.519232,-0.668388,0.850844,-1.848688,-0.997845,3.315324
XRP,20231221,878,1.0,0.827297,-1.280979,-0.453682,0.827297,-1.360647,-0.53335,0.827297,-1.280979,-0.453682,0.827297,-1.360647,-0.53335,2.17701
XRP,20231224,1279,1.0,0.867355,-1.841257,-0.973902,0.867355,-1.068454,-0.201098,0.867355,-1.841257,-0.973902,0.867355,-1.068454,-0.201098,2.58828
XRP,20231227,1272,1.0,0.810085,-1.614809,-0.804724,0.810085,-1.796349,-0.986264,0.810085,-1.614809,-0.804724,0.810085,-1.796349,-0.986264,3.082689
XRP,20231230,674,1.0,0.808245,-1.34525,-0.537005,0.808245,-1.231996,-0.423751,0.808245,-1.34525,-0.537005,0.808245,-1.231996,-0.423751,1.904239
XRP,20240102,1069,1.0,0.812788,-1.545954,-0.733166,0.812788,-1.654873,-0.842085,0.812788,-1.545954,-0.733166,0.812788,-1.654873,-0.842085,2.516552
XRP,20240105,2109,1.0,1.009604,-1.163353,-0.15375,1.009604,-1.71013,-0.700526,1.009604,-1.163353,-0.15375,1.009604,-1.71013,-0.700526,4.611093
XRP,20240108,2898,1.0,0.905221,-1.886963,-0.981742,0.905221,-1.224687,-0.319465,0.905221,-1.886963,-0.981742,0.905221,-1.224687,-0.319465,5.591295
XRP,20240111,3140,1.0,0.848254,-1.311768,-0.463514,0.848254,-1.343382,-0.495128,0.848254,-1.311768,-0.463514,0.848254,-1.343382,-0.495128,4.950499
XRP,20240114,1053,1.0,0.866952,-2.047951,-1.180999,0.866952,-2.649142,-1.78219,0.866952,-2.047951,-1.180999,0.866952,-2.649142,-1.78219,3.22437
XRP,20240117,565,1.0,0.896838,-1.586407,-0.689568,0.896838,-1.633998,-0.73716,0.896838,-1.586407,-0.689568,0.896838,-1.633998,-0.73716,2.379761
XRP,20240120,544,1.0,0.924089,-1.74056,-0.816472,0.924089,-1.44665,-0.522561,0.924089,-1.74056,-0.816472,0.924089,-1.44665,-0.522561,2.20514
XRP,20240123,1603,1.0,0.985372,-1.492195,-0.506823,0.985372,-1.509939,-0.524566,0.985372,-1.492195,-0.506823,0.985372,-1.509939,-0.524566,4.129886
XRP,20240126,674,1.0,0.972113,-1.470705,-0.498592,0.972113,-1.409418,-0.437305,0.972113,-1.470705,-0.498592,0.972113,-1.409418,-0.437305,2.589823
XRP,20240129,732,1.0,0.956441,-1.431433,-0.474992,0.956441,-1.400875,-0.444434,0.956441,-1.431433,-0.474992,0.956441,-1.400875,-0.444434,2.531804
XRP,20240201,846,1.0,1.034015,-1.590442,-0.556426,1.034015,-1.376848,-0.342833,1.034015,-1.590442,-0.556426,1.034015,-1.376848,-0.342833,2.863097
XRP,20240204,688,1.0,1.010206,-1.31797,-0.307764,1.010206,-0.497218,0.512988,1.010206,-1.31797,-0.307764,1.010206,-0.497218,0.512988,2.182436
XRP,20240207,566,1.0,1.018721,-1.553459,-0.534738,1.018721,-1.059901,-0.04118,1.018721,-1.553459,-0.534738,1.018721,-1.059901,-0.04118,2.297934
XRP,20240210,362,1.0,0.958622,-1.265608,-0.306986,0.958622,-1.244043,-0.285421,0.958622,-1.265608,-0.306986,0.958622,-1.244043,-0.285421,1.428302
XRP,20240213,1079,1.0,1.002966,-1.39836,-0.395395,1.002966,-1.147149,-0.144183,1.002966,-1.39836,-0.395395,1.002966,-1.147149,-0.144183,2.656012
XRP,20240216,1668,1.0,0.889796,-1.560612,-0.670816,0.889796,-1.845667,-0.955871,0.889796,-1.560612,-0.670816,0.889796,-1.845667,-0.955871,3.409883
XRP,20240219,925,1.0,0.904962,-1.260744,-0.355782,0.904962,-0.788538,0.116424,0.904962,-1.260744,-0.355782,0.904962,-0.788538,0.116424,2.771294
XRP,20240222,823,1.0,0.929753,-1.684044,-0.754291,0.929753,-1.331014,-0.40126,0.929753,-1.684044,-0.754291,0.929753,-1.331014,-0.40126,2.95005
XRP,20240225,471,1.0,0.916539,-1.409598,-0.493059,0.916539,-1.23534,-0.318801,0.916539,-1.409598,-0.493059,0.916539,-1.23534,-0.318801,1.587451
XRP,20240228,6387,1.0,1.10952,-1.298161,-0.18864,1.10952,-3.995022,-2.885502,1.10952,-1.298161,-0.18864,1.10952,-3.995022,-2.885502,8.892413
XRP,20240302,5737,1.0,0.7981,-1.638952,-0.840852,0.7981,-1.414223,-0.616123,0.7981,-1.638952,-0.840852,0.7981,-1.414223,-0.616123,5.542105
XRP,20240305,15077,1.0,1.05954,-1.656633,-0.597093,1.05954,-2.13005,-1.07051,1.05954,-1.656633,-0.597093,1.05954,-2.13005,-1.07051,11.568583
XRP,20240308,3811,1.0,1.029661,-1.521673,-0.492012,1.029661,-3.496489,-2.466828,1.029661,-1.521673,-0.492012,1.029661,-3.496489,-2.466828,5.383875
XRP,20240311,13883,1.0,0.78409,-1.077554,-0.293464,0.78409,-0.121893,0.662197,0.78409,-1.077554,-0.293464,0.78409,-0.121893,0.662197,10.157199
XRP,20240314,5642,1.0,0.760457,-1.17573,-0.415273,0.760457,-0.598636,0.161821,0.760457,-1.17573,-0.415273,0.760457,-0.598636,0.161821,6.400761
XRP,20240317,2519,1.0,0.821498,-1.506995,-0.685497,0.821498,-1.388447,-0.566949,0.821498,-1.506995,-0.685497,0.821498,-1.388447,-0.566949,4.259227
XRP,20240320,4476,1.0,0.854329,-1.264526,-0.410197,0.854329,-1.427079,-0.57275,0.854329,-1.264526,-0.410197,0.854329,-1.427079,-0.57275,6.013442
XRP,20240323,1349,1.0,0.807128,-1.709324,-0.902196,0.807128,-1.513869,-0.706741,0.807128,-1.709324,-0.902196,0.807128,-1.513869,-0.706741,2.911376
XRP,20240326,1693,1.0,0.790484,-1.471137,-0.680653,0.790484,-1.664447,-0.873963,0.790484,-1.471137,-0.680653,0.790484,-1.664447,-0.873963,3.263029
XRP,20240329,2360,1.0,0.807254,-1.824531,-1.017276,0.807254,-2.015406,-1.208152,0.807254,-1.824531,-1.017276,0.807254,-2.015406,-1.208152,3.715318
XRP,20240401,2591,1.0,0.851415,-1.87604,-1.024625,0.851415,-1.460764,-0.609349,0.851415,-1.87604,-1.024625,0.851415,-1.460764,-0.609349,4.080249
XRP,20240404,2857,1.0,0.919823,-2.279346,-1.359523,0.919823,-2.480467,-1.560644,0.919823,-2.279346,-1.359523,0.919823,-2.480467,-1.560644,5.008263
XRP,20240407,593,1.0,0.843457,-2.036199,-1.192743,0.843457,-1.836451,-0.992994,0.843457,-2.036199,-1.192743,0.843457,-1.836451,-0.992994,2.064771
XRP,20240410,1801,1.0,0.845555,-1.449825,-0.604269,0.845555,-1.013069,-0.167514,0.845555,-1.449825,-0.604269,0.845555,-1.013069,-0.167514,3.912926
XRP,20240413,9144,1.0,1.32522,-2.252181,-0.926962,1.32522,0.208374,1.533594,1.32522,-2.252181,-0.926962,1.32522,0.208374,1.533594,15.642501
XRP,20240416,1961,1.0,1.036802,-1.845716,-0.808914,1.036802,-1.656462,-0.61966,1.036802,-1.845716,-0.808914,1.036802,-1.656462,-0.61966,5.605202
XRP,20240419,1760,1.0,1.026702,-1.921429,-0.894727,1.026702,-1.886826,-0.860124,1.026702,-1.921429,-0.894727,1.026702,-1.886826,-0.860124,5.32488
XRP,20240422,1537,1.0,0.929192,-1.906984,-0.977792,0.929192,-2.108335,-1.179143,0.929192,-1.906984,-0.977792,0.929192,-2.108335,-1.179143,4.076385
XRP,20240425,948,1.0,0.966241,-1.573959,-0.607719,0.966241,-1.526654,-0.560414,0.966241,-1.573959,-0.607719,0.966241,-1.526654,-0.560414,3.523678
XRP,20240428,385,1.0,0.968235,-1.451543,-0.483308,0.968235,-1.724626,-0.756392,0.968235,-1.451543,-0.483308,0.968235,-1.724626,-0.756392,2.071795
XRP,20240501,1751,1.0,1.016332,-1.826494,-0.810162,1.016332,-1.904891,-0.888559,1.016332,-1.826494,-0.810162,1.016332,-1.904891,-0.888559,5.113386
XRP,20240504,400,1.0,0.941056,-1.569925,-0.628869,0.941056,-1.45519,-0.514134,0.941056,-1.569925,-0.628869,0.941056,-1.45519,-0.514134,1.947425
XRP,20240507,1036,1.0,0.94591,-1.835989,-0.890079,0.94591,-1.657815,-0.711904,0.94591,-1.835989,-0.890079,0.94591,-1.657815,-0.711904,3.179091
XRP,20240510,715,1.0,1.001816,-1.863526,-0.86171,1.001816,-1.922343,-0.920527,1.001816,-1.863526,-0.86171,1.001816,-1.922343,-0.920527,2.844556
XRP,20240513,958,1.0,1.037375,-1.401009,-0.363634,1.037375,-1.540338,-0.502963,1.037375,-1.401009,-0.363634,1.037375,-1.540338,-0.502963,3.059821
XRP,20240516,554,1.0,0.988097,-1.357932,-0.369835,0.988097,-0.783011,0.205086,0.988097,-1.357932,-0.369835,0.988097,-0.783011,0.205086,2.666874
XRP,20240519,293,1.0,0.992269,-1.86492,-0.872651,0.992269,-1.221102,-0.228833,0.992269,-1.86492,-0.872651,0.992269,-1.221102,-0.228833,1.677406
XRP,20240522,720,1.0,0.948657,-1.557753,-0.609096,0.948657,-1.325272,-0.376615,0.948657,-1.557753,-0.609096,0.948657,-1.325272,-0.376615,2.772402
XRP,20240525,382,1.0,0.932156,-1.702626,-0.77047,0.932156,-1.838089,-0.905933,0.932156,-1.702626,-0.77047,0.932156,-1.838089,-0.905933,1.617957
XRP,20240528,744,1.0,0.967284,-1.81414,-0.846856,0.967284,-1.551674,-0.58439,0.967284,-1.81414,-0.846856,0.967284,-1.551674,-0.58439,2.975796
XRP,20240531,544,1.0,1.032365,-1.727818,-0.695453,1.032365,-1.204941,-0.172576,1.032365,-1.727818,-0.695453,1.032365,-1.204941,-0.172576,2.361082
XRP,20240603,446,1.0,0.974632,-1.637996,-0.663363,0.974632,-1.898279,-0.923647,0.974632,-1.637996,-0.663363,0.974632,-1.898279,-0.923647,2.100395
XRP,20240606,494,1.0,0.981675,-1.117858,-0.136183,0.981675,-0.949142,0.032533,0.981675,-1.117858,-0.136183,0.981675,-0.949142,0.032533,1.634871
XRP,20240609,218,1.0,1.014566,-1.47801,-0.463444,1.014566,-1.663782,-0.649217,1.014566,-1.47801,-0.463444,1.014566,-1.663782,-0.649217,1.190054
XRP,20240612,1509,1.0,1.136316,-2.036949,-0.900633,1.136316,-2.856744,-1.720428,1.136316,-2.036949,-0.900633,1.136316,-2.856744,-1.720428,3.321437
XRP,20240615,593,1.0,1.020509,-2.863197,-1.842688,1.020509,-2.885664,-1.865155,1.020509,-2.863197,-1.842688,1.020509,-2.885664,-1.865155,2.47936
XRP,20240618,3045,1.0,1.111145,-1.799638,-0.688493,1.111145,-1.654458,-0.543313,1.111145,-1.799638,-0.688493,1.111145,-1.654458,-0.543313,6.622026
XRP,20240621,694,1.0,1.056664,-1.498103,-0.441439,1.056664,-1.08018,-0.023516,1.056664,-1.498103,-0.441439,1.056664,-1.08018,-0.023516,3.379985
XRP,20240624,1315,1.0,1.140304,-2.165409,-1.025105,1.140304,-2.627661,-1.487358,1.140304,-2.165409,-1.025105,1.140304,-2.627661,-1.487358,3.983006
XRP,20240627,401,1.0,1.080193,-1.619535,-0.539342,1.080193,-1.281605,-0.201411,1.080193,-1.619535,-0.539342,1.080193,-1.281605,-0.201411,1.956504
XRP,20240630,163,1.0,1.055675,-1.399126,-0.343451,1.055675,-1.591046,-0.535371,1.055675,-1.399126,-0.343451,1.055675,-1.591046,-0.535371,1.226733
XRP,20240703,826,1.0,1.069446,-1.843936,-0.77449,1.069446,-1.802067,-0.732621,1.069446,-1.843936,-0.77449,1.069446,-1.802067,-0.732621,2.7309
XRP,20240706,498,1.0,1.164539,-1.580539,-0.416001,1.164539,-1.90673,-0.742191,1.164539,-1.580539,-0.416001,1.164539,-1.90673,-0.742191,2.506398
XRP,20240709,696,1.0,1.165129,-1.956345,-0.791216,1.165129,-2.160042,-0.994913,1.165129,-1.956345,-0.791216,1.165129,-2.160042,-0.994913,3.009256
XRP,20240712,1961,1.0,1.090266,-2.066709,-0.976442,1.090266,-1.720835,-0.630569,1.090266,-2.066709,-0.976442,1.090266,-1.720835,-0.630569,4.444189
XRP,20240715,2317,1.0,0.960165,-1.541513,-0.581348,0.960165,-1.271473,-0.311307,0.960165,-1.541513,-0.581348,0.960165,-1.271473,-0.311307,4.007892
XRP,20240718,6284,1.0,0.874955,-1.632361,-0.757406,0.874955,-1.403626,-0.528671,0.874955,-1.632361,-0.757406,0.874955,-1.403626,-0.528671,6.233823
XRP,20240721,2885,1.0,0.872391,-1.768828,-0.896438,0.872391,-1.337887,-0.465496,0.872391,-1.768828,-0.896438,0.872391,-1.337887,-0.465496,4.611037
XRP,20240724,3701,1.0,0.833829,-1.650841,-0.817012,0.833829,-1.380362,-0.546533,0.833829,-1.650841,-0.817012,0.833829,-1.380362,-0.546533,4.694065
XRP,20240727,1392,1.0,0.841059,-1.328597,-0.487538,0.841059,-0.975554,-0.134494,0.841059,-1.328597,-0.487538,0.841059,-0.975554,-0.134494,3.32751
XRP,20240730,3588,1.0,0.824049,-1.779036,-0.954987,0.824049,-1.81473,-0.99068,0.824049,-1.779036,-0.954987,0.824049,-1.81473,-0.99068,5.284356
XRP,20240802,3214,1.0,0.888419,-1.767954,-0.879534,0.888419,-1.179434,-0.291015,0.888419,-1.767954,-0.879534,0.888419,-1.179434,-0.291015,5.856517
XRP,20240805,9677,1.0,1.215203,-2.468735,-1.253532,1.215203,-3.766893,-2.55169,1.215203,-2.468735,-1.253532,1.215203,-3.766893,-2.55169,13.083676
XRP,20240808,9607,1.0,0.832862,-1.808911,-0.976049,0.832862,-1.569934,-0.737072,0.832862,-1.808911,-0.976049,0.832862,-1.569934,-0.737072,8.150881
XRP,20240811,1893,1.0,0.883841,-1.699837,-0.815995,0.883841,-2.015649,-1.131808,0.883841,-1.699837,-0.815995,0.883841,-2.015649,-1.131808,4.147542
XRP,20240814,1441,1.0,0.884992,-1.753262,-0.86827,0.884992,-1.522564,-0.637572,0.884992,-1.753262,-0.86827,0.884992,-1.522564,-0.637572,3.770148
XRP,20240817,435,1.0,0.890833,-1.128403,-0.237569,0.890833,-0.978119,-0.087285,0.890833,-1.128403,-0.237569,0.890833,-0.978119,-0.087285,1.57794
XRP,20240820,1671,1.0,0.853038,-1.632625,-0.779587,0.853038,-1.480235,-0.627197,0.853038,-1.632625,-0.779587,0.853038,-1.480235,-0.627197,3.348154
XRP,20240823,1110,1.0,0.836963,-1.738269,-0.901306,0.836963,-1.911088,-1.074125,0.836963,-1.738269,-0.901306,0.836963,-1.911088,-1.074125,2.673885
XRP,20240826,1096,1.0,0.871606,-1.767507,-0.895901,0.871606,-1.853159,-0.981553,0.871606,-1.767507,-0.895901,0.871606,-1.853159,-0.981553,2.884345
XRP,20240829,751,1.0,0.889508,-1.656014,-0.766505,0.889508,-1.169418,-0.27991,0.889508,-1.656014,-0.766505,0.889508,-1.169418,-0.27991,2.663407
XRP,20240901,543,1.0,0.902622,-1.424608,-0.521985,0.902622,-1.365747,-0.463124,0.902622,-1.424608,-0.521985,0.902622,-1.365747,-0.463124,2.655662
XRP,20240904,657,1.0,0.909781,-1.889678,-0.979897,0.909781,-1.536495,-0.626715,0.909781,-1.889678,-0.979897,0.909781,-1.536495,-0.626715,3.262057
XRP,20240907,308,1.0,0.953236,-1.427836,-0.4746,0.953236,-1.553398,-0.600161,0.953236,-1.427836,-0.4746,0.953236,-1.553398,-0.600161,1.862935
XRP,20240910,234,1.0,0.965512,-1.784041,-0.818529,0.965512,-2.229704,-1.264192,0.965512,-1.784041,-0.818529,0.965512,-2.229704,-1.264192,2.0254
XRP,20240913,1066,1.0,0.883321,-1.873233,-0.989912,0.883321,-1.471692,-0.588371,0.883321,-1.873233,-0.989912,0.883321,-1.471692,-0.588371,3.007678
XRP,20240916,965,1.0,0.873465,-2.079443,-1.205978,0.873465,-1.639686,-0.766221,0.873465,-2.079443,-1.205978,0.873465,-1.639686,-0.766221,3.120406
XRP,20240919,641,1.0,0.855936,-1.227708,-0.371772,0.855936,-1.433373,-0.577437,0.855936,-1.227708,-0.371772,0.855936,-1.433373,-0.577437,2.642441
XRP,20240922,616,1.0,0.864581,-1.692323,-0.827742,0.864581,-1.868007,-1.003426,0.864581,-1.692323,-0.827742,0.864581,-1.868007,-1.003426,2.574522
XRP,20240925,403,1.0,0.849237,-1.216339,-0.367102,0.849237,-1.081542,-0.232305,0.849237,-1.216339,-0.367102,0.849237,-1.081542,-0.232305,1.932517
XRP,20240928,2557,1.0,0.820898,-1.6909,-0.870002,0.820898,-2.552852,-1.731955,0.820898,-1.6909,-0.870002,0.820898,-2.552852,-1.731955,4.438823
XRP,20241001,5970,1.0,0.857109,-2.684136,-1.827027,0.857109,-2.384148,-1.527039,0.857109,-2.684136,-1.827027,0.857109,-2.384148,-1.527039,7.296492
XRP,20241004,1152,1.0,0.955169,-1.662377,-0.707208,0.955169,-1.271446,-0.316278,0.955169,-1.662377,-0.707208,0.955169,-1.271446,-0.316278,3.528865
XRP,20241007,720,1.0,0.94117,-1.659678,-0.718508,0.94117,-1.154204,-0.213035,0.94117,-1.659678,-0.718508,0.94117,-1.154204,-0.213035,3.031249
XRP,20241010,997,1.0,0.952497,-2.389724,-1.437227,0.952497,-1.881564,-0.929068,0.952497,-2.389724,-1.437227,0.952497,-1.881564,-0.929068,3.438975
XRP,20241013,314,1.0,0.976068,-1.441791,-0.465723,0.976068,-1.326267,-0.3502,0.976068,-1.441791,-0.465723,0.976068,-1.326267,-0.3502,1.712165
XRP,20241016,389,1.0,0.921697,-2.526752,-1.605055,0.921697,-1.728911,-0.807214,0.921697,-2.526752,-1.605055,0.921697,-1.728911,-0.807214,2.615407
XRP,20241019,233,1.0,0.921202,-1.452477,-0.531275,0.921202,-1.169442,-0.24824,0.921202,-1.452477,-0.531275,0.921202,-1.169442,-0.24824,1.332491
XRP,20241022,451,1.0,0.957615,-1.809633,-0.852018,0.957615,-1.777501,-0.819886,0.957615,-1.809633,-0.852018,0.957615,-1.777501,-0.819886,2.604117
XRP,20241025,789,1.0,1.037035,-1.162255,-0.12522,1.037035,1.789393,2.826428,1.037035,-1.162255,-0.12522,1.037035,1.789393,2.826428,3.65231
XRP,20241028,213,1.0,1.016164,-2.680381,-1.664217,1.016164,-2.716677,-1.700513,1.016164,-2.680381,-1.664217,1.016164,-2.716677,-1.700513,2.210508
XRP,20241031,312,1.0,0.97617,-1.542468,-0.566297,0.97617,-2.127881,-1.151711,0.97617,-1.542468,-0.566297,0.97617,-2.127881,-1.151711,2.30825
XRP,20241103,421,1.0,1.026885,-1.691474,-0.664589,1.026885,-1.825097,-0.798212,1.026885,-1.691474,-0.664589,1.026885,-1.825097,-0.798212,3.155467
XRP,20241106,1426,1.0,0.949577,-1.772173,-0.822595,0.949577,-2.006265,-1.056687,0.949577,-1.772173,-0.822595,0.949577,-2.006265,-1.056687,4.012714
XRP,20241109,727,1.0,0.920655,-1.395992,-0.475336,0.920655,-1.607432,-0.686777,0.920655,-1.395992,-0.475336,0.920655,-1.607432,-0.686777,2.469848
XRP,20241112,31587,1.0,0.789297,-1.78527,-0.995973,0.789297,-2.079079,-1.289783,0.789297,-1.78527,-0.995973,0.789297,-2.079079,-1.289783,13.844748
XRP,20241115,44348,1.0,0.637592,-1.355477,-0.717885,0.637592,-1.27426,-0.636668,0.637592,-1.355477,-0.717885,0.637592,-1.27426,-0.636668,12.378878
XRP,20241118,43105,1.0,0.512895,-1.272906,-0.760011,0.512895,-1.736613,-1.223718,0.512895,-1.272906,-0.760011,0.512895,-1.736613,-1.223718,9.995846
XRP,20241121,36910,1.0,0.472675,-1.179052,-0.706377,0.472675,-1.701513,-1.228838,0.472675,-1.179052,-0.706377,0.472675,-1.701513,-1.228838,9.179524
XRP,20241124,43613,1.0,0.390387,-1.222767,-0.83238,0.390387,-1.304658,-0.914271,0.390387,-1.222767,-0.83238,0.390387,-1.304658,-0.914271,10.5392
XRP,20241127,30666,1.0,0.363958,-1.082857,-0.718899,0.363958,-0.862251,-0.498292,0.363958,-1.082857,-0.718899,0.363958,-0.862251,-0.498292,7.813915
XRP,20241130,48864,1.0,0.290133,-0.911246,-0.621113,0.290133,-0.746023,-0.455891,0.290133,-0.911246,-0.621113,0.290133,-0.746023,-0.455891,9.432061
XRP,20241203,85319,1.0,0.35444,-0.963651,-0.609211,0.35444,-0.249224,0.105216,0.35444,-0.963651,-0.609211,0.35444,-0.249224,0.105216,18.044176
XRP,20241206,38280,1.0,0.233268,-1.017709,-0.78444,0.233268,-0.843457,-0.610189,0.233268,-1.017709,-0.78444,0.233268,-0.843457,-0.610189,8.166811
XRP,20241209,50290,1.0,0.270269,-1.038442,-0.768173,0.270269,-1.098966,-0.828697,0.270269,-1.038442,-0.768173,0.270269,-1.098966,-0.828697,12.571706
XRP,20241212,36275,1.0,0.217269,-0.876593,-0.659324,0.217269,-0.974908,-0.75764,0.217269,-0.876593,-0.659324,0.217269,-0.974908,-0.75764,6.873824
XRP,20241215,18596,1.0,0.213824,-0.823661,-0.609837,0.213824,-0.768071,-0.554247,0.213824,-0.823661,-0.609837,0.213824,-0.768071,-0.554247,3.90479
XRP,20241218,39296,1.0,0.234477,-0.980267,-0.74579,0.234477,-1.081177,-0.8467,0.234477,-0.980267,-0.74579,0.234477,-1.081177,-0.8467,9.266884
XRP,20241221,29171,1.0,0.239539,-1.108955,-0.869416,0.239539,-1.019189,-0.77965,0.239539,-1.108955,-0.869416,0.239539,-1.019189,-0.77965,6.801806
XRP,20241224,15978,1.0,0.226819,-0.954048,-0.727229,0.226819,-0.942724,-0.715905,0.226819,-0.954048,-0.727229,0.226819,-0.942724,-0.715905,4.469132
XRP,20241227,14789,1.0,0.236124,-0.954025,-0.717901,0.236124,-0.90209,-0.665966,0.236124,-0.954025,-0.717901,0.236124,-0.90209,-0.665966,4.928855
XRP,20241230,18160,1.0,0.24862,-0.999002,-0.750383,0.24862,-0.963655,-0.715035,0.24862,-0.999002,-0.750383,0.24862,-0.963655,-0.715035,5.814294
XRP,20250102,23271,1.0,0.214883,-1.040284,-0.825401,0.214883,-0.7746,-0.559717,0.214883,-1.040284,-0.825401,0.214883,-0.7746,-0.559717,5.573495
XRP,20250105,11808,1.0,0.215633,-0.837089,-0.621456,0.215633,-0.67082,-0.455187,0.215633,-0.837089,-0.621456,0.215633,-0.67082,-0.455187,3.203223
XRP,20250108,27902,1.0,0.223848,-1.000381,-0.776533,0.223848,-0.994716,-0.770869,0.223848,-1.000381,-0.776533,0.223848,-0.994716,-0.770869,6.860426
XRP,20250111,19144,1.0,0.208072,-1.025157,-0.817084,0.208072,-0.707825,-0.499753,0.208072,-1.025157,-0.817084,0.208072,-0.707825,-0.499753,4.913622
XRP,20250114,19059,1.0,0.197757,-0.903055,-0.705297,0.197757,-0.813281,-0.615524,0.197757,-0.903055,-0.705297,0.197757,-0.813281,-0.615524,4.919058
XRP,20250117,37825,1.0,0.160539,-0.821298,-0.66076,0.160539,-0.591893,-0.431354,0.160539,-0.821298,-0.66076,0.160539,-0.591893,-0.431354,5.852885
XRP,20250120,56713,1.0,0.202914,-1.0307,-0.827786,0.202914,-1.105074,-0.90216,0.202914,-1.0307,-0.827786,0.202914,-1.105074,-0.90216,11.558809
XRP,20250123,24140,1.0,0.171485,-0.857112,-0.685627,0.171485,-1.040264,-0.868779,0.171485,-0.857112,-0.685627,0.171485,-1.040264,-0.868779,5.280919
XRP,20250126,9229,1.0,0.167597,-0.710785,-0.543188,0.167597,-0.509069,-0.341472,0.167597,-0.710785,-0.543188,0.167597,-0.509069,-0.341472,2.397442
XRP,20250129,20776,1.0,0.172236,-0.913792,-0.741556,0.172236,-1.060081,-0.887845,0.172236,-0.913792,-0.741556,0.172236,-1.060081,-0.887845,5.020787
XRP,20250201,14965,1.0,0.175714,-0.850212,-0.674498,0.175714,-0.977668,-0.801954,0.175714,-0.850212,-0.674498,0.175714,-0.977668,-0.801954,3.977069
XRP,20250204,42320,1.0,0.220074,-0.860821,-0.640748,0.220074,-0.907288,-0.687215,0.220074,-0.860821,-0.640748,0.220074,-0.907288,-0.687215,10.83086
XRP,20250207,38750,1.0,0.220173,-1.11913,-0.898958,0.220173,-1.012583,-0.792411,0.220173,-1.11913,-0.898958,0.220173,-1.012583,-0.792411,8.168895
XRP,20250210,23187,1.0,0.213968,-0.934604,-0.720636,0.213968,-0.964673,-0.750705,0.213968,-0.934604,-0.720636,0.213968,-0.964673,-0.750705,5.129048
XRP,20250213,16328,1.0,0.212972,-0.984691,-0.771719,0.212972,-1.153196,-0.940225,0.212972,-0.984691,-0.771719,0.212972,-1.153196,-0.940225,4.833554
XRP,20250216,14458,1.0,0.186668,-0.938228,-0.75156,0.186668,-0.823116,-0.636448,0.186668,-0.938228,-0.75156,0.186668,-0.823116,-0.636448,3.606511
XRP,20250219,19794,1.0,0.196607,-1.014074,-0.817467,0.196607,-0.900454,-0.703847,0.196607,-1.014074,-0.817467,0.196607,-0.900454,-0.703847,4.81021
XRP,20250222,7137,1.0,0.204383,-0.873548,-0.669165,0.204383,-0.807208,-0.602825,0.204383,-0.873548,-0.669165,0.204383,-0.807208,-0.602825,2.462978
XRP,20250225,37184,1.0,0.247593,-1.246448,-0.998855,0.247593,-0.643683,-0.39609,0.247593,-1.246448,-0.998855,0.247593,-0.643683,-0.39609,11.668009
XRP,20250228,26237,1.0,0.253493,-0.904093,-0.6506,0.253493,-0.745638,-0.492145,0.253493,-0.904093,-0.6506,0.253493,-0.745638,-0.492145,8.734925
XRP,20250303,42571,1.0,0.221553,-0.938508,-0.716955,0.221553,-0.912521,-0.690968,0.221553,-0.938508,-0.716955,0.221553,-0.912521,-0.690968,11.215383
XRP,20250306,26070,1.0,0.205661,-1.007493,-0.801832,0.205661,-1.158064,-0.952404,0.205661,-1.007493,-0.801832,0.205661,-1.158064,-0.952404,6.467657
XRP,20250309,21858,1.0,0.237324,-0.956654,-0.719331,0.237324,-0.706556,-0.469232,0.237324,-0.956654,-0.719331,0.237324,-0.706556,-0.469232,6.560452
XRP,20250312,22229,1.0,0.242191,-0.97875,-0.736559,0.242191,-1.127798,-0.885607,0.242191,-0.97875,-0.736559,0.242191,-1.127798,-0.885607,7.309903
XRP,20250315,14361,1.0,0.210223,-0.945499,-0.735275,0.210223,-1.101966,-0.891742,0.210223,-0.945499,-0.735275,0.210223,-1.101966,-0.891742,3.688509
XRP,20250318,11143,1.0,0.224488,-0.937404,-0.712915,0.224488,-0.888312,-0.663823,0.224488,-0.937404,-0.712915,0.224488,-0.888312,-0.663823,3.778055
XRP,20250321,9926,1.0,0.211949,-0.960084,-0.748135,0.211949,-0.978985,-0.767036,0.211949,-0.960084,-0.748135,0.211949,-0.978985,-0.767036,3.679856
XRP,20250324,8004,1.0,0.206272,-0.898388,-0.692115,0.206272,-0.945031,-0.738759,0.206272,-0.898388,-0.692115,0.206272,-0.945031,-0.738759,3.070714
XRP,20250327,7145,1.0,0.21518,-1.00395,-0.788771,0.21518,-1.031981,-0.816802,0.21518,-1.00395,-0.788771,0.21518,-1.031981,-0.816802,3.083342
XRP,20250330,10883,1.0,0.235269,-1.037856,-0.802587,0.235269,-1.073212,-0.837943,0.235269,-1.037856,-0.802587,0.235269,-1.073212,-0.837943,4.126322
XRP,20250402,16698,1.0,0.254847,-1.062513,-0.807666,0.254847,-1.457941,-1.203094,0.254847,-1.062513,-0.807666,0.254847,-1.457941,-1.203094,6.658913
XRP,20250405,6776,1.0,0.236246,-0.967056,-0.73081,0.236246,-0.914725,-0.67848,0.236246,-0.967056,-0.73081,0.236246,-0.914725,-0.67848,2.958176
XRP,20250408,20975,1.0,0.27541,-1.171327,-0.895918,0.27541,-0.888338,-0.612928,0.27541,-1.171327,-0.895918,0.27541,-0.888338,-0.612928,7.555771
XRP,20250411,11021,1.0,0.255287,-0.943645,-0.688358,0.255287,-0.443821,-0.188534,0.255287,-0.943645,-0.688358,0.255287,-0.443821,-0.188534,4.473138
XRP,20250414,11295,1.0,0.238986,-1.092679,-0.853694,0.238986,-0.883436,-0.644451,0.238986,-1.092679,-0.853694,0.238986,-0.883436,-0.644451,4.468256
XRP,20250417,7691,1.0,0.244849,-0.914066,-0.669217,0.244849,-1.026668,-0.781819,0.244849,-0.914066,-0.669217,0.244849,-1.026668,-0.781819,3.365908
XRP,20250420,4169,1.0,0.247429,-0.953925,-0.706496,0.247429,-0.850134,-0.602705,0.247429,-0.953925,-0.706496,0.247429,-0.850134,-0.602705,2.089686
XRP,20250423,14623,1.0,0.23198,-1.034307,-0.802326,0.23198,-1.161319,-0.929338,0.23198,-1.034307,-0.802326,0.23198,-1.161319,-0.929338,4.686613
XRP,20250426,6889,1.0,0.228909,-0.981983,-0.753074,0.228909,-1.128066,-0.899157,0.228909,-0.981983,-0.753074,0.228909,-1.128066,-0.899157,2.748358
XRP,20250429,5550,1.0,0.223333,-0.898445,-0.675112,0.223333,-1.089462,-0.866128,0.223333,-0.898445,-0.675112,0.223333,-1.089462,-0.866128,2.743464
XRP,20250502,4608,1.0,0.229579,-0.830179,-0.6006,0.229579,-0.740861,-0.511281,0.229579,-0.830179,-0.6006,0.229579,-0.740861,-0.511281,2.435416
XRP,20250505,8702,1.0,0.236199,-1.059417,-0.823218,0.236199,-0.99336,-0.757162,0.236199,-1.059417,-0.823218,0.236199,-0.99336,-0.757162,3.104495
XRP,20250508,12903,1.0,0.228909,-1.040461,-0.811552,0.228909,-1.289244,-1.060335,0.228909,-1.040461,-0.811552,0.228909,-1.289244,-1.060335,4.009503
XRP,20250511,14520,1.0,0.214841,-1.137464,-0.922623,0.214841,-1.194262,-0.979421,0.214841,-1.137464,-0.922623,0.214841,-1.194262,-0.979421,4.191616
XRP,20250514,15720,1.0,0.200206,-0.991712,-0.791507,0.200206,-0.741671,-0.541465,0.200206,-0.991712,-0.791507,0.200206,-0.741671,-0.541465,4.875167
XRP,20250517,11190,1.0,0.218116,-0.919747,-0.701631,0.218116,-0.97283,-0.754715,0.218116,-0.919747,-0.701631,0.218116,-0.97283,-0.754715,3.825462
XRP,20250520,7559,1.0,0.215072,-0.997301,-0.782229,0.215072,-0.975925,-0.760853,0.215072,-0.997301,-0.782229,0.215072,-0.975925,-0.760853,3.186109
XRP,20250523,12635,1.0,0.218431,-0.880564,-0.662133,0.218431,-0.854627,-0.636196,0.218431,-0.880564,-0.662133,0.218431,-0.854627,-0.636196,4.14409
XRP,20250526,4809,1.0,0.216676,-0.906831,-0.690156,0.216676,-0.767338,-0.550663,0.216676,-0.906831,-0.690156,0.216676,-0.767338,-0.550663,2.183659
XRP,20250529,6630,1.0,0.223221,-0.9601,-0.73688,0.223221,-0.94819,-0.724969,0.223221,-0.9601,-0.73688,0.223221,-0.94819,-0.724969,2.900289
XRP,20250601,5525,1.0,0.235894,-0.997474,-0.76158,0.235894,-1.086573,-0.850679,0.235894,-0.997474,-0.76158,0.235894,-1.086573,-0.850679,2.556979
XRP,20250604,5315,1.0,0.225558,-0.92134,-0.695782,0.225558,-1.027816,-0.802258,0.225558,-0.92134,-0.695782,0.225558,-1.027816,-0.802258,2.498094
XRP,20250607,2589,1.0,0.231254,-0.915475,-0.684221,0.231254,-0.81412,-0.582866,0.231254,-0.915475,-0.684221,0.231254,-0.81412,-0.582866,1.503803
XRP,20250610,7442,1.0,0.221621,-0.937591,-0.71597,0.221621,-1.174638,-0.953018,0.221621,-0.937591,-0.71597,0.221621,-1.174638,-0.953018,2.84733
XRP,20250613,10756,1.0,0.240578,-1.12814,-0.887562,0.240578,-1.242143,-1.001564,0.240578,-1.12814,-0.887562,0.240578,-1.242143,-1.001564,4.362739
XRP,20250616,11188,1.0,0.22483,-0.995358,-0.770528,0.22483,-1.176838,-0.952008,0.22483,-0.995358,-0.770528,0.22483,-1.176838,-0.952008,3.619037
XRP,20250619,3981,1.0,0.233791,-0.932367,-0.698575,0.233791,-0.904422,-0.670631,0.233791,-0.932367,-0.698575,0.233791,-0.904422,-0.670631,2.097593
XRP,20250622,14015,1.0,0.255308,-0.991783,-0.736476,0.255308,-1.015275,-0.759967,0.255308,-0.991783,-0.736476,0.255308,-1.015275,-0.759967,5.526406
XRP,20250625,6538,1.0,0.229936,-1.109017,-0.879081,0.229936,-0.888091,-0.658155,0.229936,-1.109017,-0.879081,0.229936,-0.888091,-0.658155,2.863652
XRP,20250628,5204,1.0,0.230341,-0.893008,-0.662668,0.230341,-0.787546,-0.557205,0.230341,-0.893008,-0.662668,0.230341,-0.787546,-0.557205,2.17671
XRP,20250701,7339,1.0,0.229561,-1.031468,-0.801907,0.229561,-0.964467,-0.734907,0.229561,-1.031468,-0.801907,0.229561,-0.964467,-0.734907,2.885476
XRP,20250704,5262,1.0,0.226223,-0.967322,-0.741099,0.226223,-0.863845,-0.637623,0.226223,-0.967322,-0.741099,0.226223,-0.863845,-0.637623,2.274283
XRP,20250707,8661,1.0,0.222042,-0.949475,-0.727433,0.222042,-1.063946,-0.841904,0.222042,-0.949475,-0.727433,0.222042,-1.063946,-0.841904,3.562477
XRP,20250710,10836,1.0,0.206904,-0.902603,-0.695698,0.206904,-0.865232,-0.658328,0.206904,-0.902603,-0.695698,0.206904,-0.865232,-0.658328,3.553937
XRP,20250713,19576,1.0,0.184457,-0.869732,-0.685275,0.184457,-1.055931,-0.871475,0.184457,-0.869732,-0.685275,0.184457,-1.055931,-0.871475,4.730924
XRP,20250716,22211,1.0,0.170298,-0.874242,-0.703944,0.170298,-0.96933,-0.799032,0.170298,-0.874242,-0.703944,0.170298,-0.96933,-0.799032,4.269603
XRP,20250719,20706,1.0,0.148033,-0.891082,-0.743049,0.148033,-0.733494,-0.58546,0.148033,-0.891082,-0.743049,0.148033,-0.733494,-0.58546,4.112041
XRP,20250722,22805,1.0,0.145241,-0.986707,-0.841466,0.145241,-0.917702,-0.772461,0.145241,-0.986707,-0.841466,0.145241,-0.917702,-0.772461,4.662667
XRP,20250725,22685,1.0,0.165183,-1.029672,-0.864489,0.165183,-0.970238,-0.805056,0.165183,-1.029672,-0.864489,0.165183,-0.970238,-0.805056,5.583999
XRP,20250727,12945,1.0,0.157685,-0.953111,-0.795426,0.157685,-0.945994,-0.788309,0.157685,-0.953111,-0.795426,0.157685,-0.945994,-0.788309,3.147652
XRP,20250728,18706,1.0,0.158903,-0.958843,-0.79994,0.158903,-1.0116,-0.852697,0.158903,-0.958843,-0.79994,0.158903,-1.0116,-0.852697,4.440816
XRP,20250731,12872,1.0,0.163912,-0.762082,-0.59817,0.163912,-0.541644,-0.377732,0.163912,-0.762082,-0.59817,0.163912,-0.541644,-0.377732,3.317729
XRP,20250801,21612,1.0,0.171713,-0.862333,-0.69062,0.171713,-0.949719,-0.778006,0.171713,-0.862333,-0.69062,0.171713,-0.949719,-0.778006,6.115402
XRP,20250803,14239,1.0,0.175876,-0.889826,-0.71395,0.175876,-0.718996,-0.54312,0.175876,-0.889826,-0.71395,0.175876,-0.718996,-0.54312,3.716164
XRP,20250806,10247,1.0,0.170583,-0.821661,-0.651078,0.170583,-0.776353,-0.605771,0.170583,-0.821661,-0.651078,0.170583,-0.776353,-0.605771,3.299296
XRP,20250809,11216,1.0,0.154162,-0.823626,-0.669464,0.154162,-0.693458,-0.539296,0.154162,-0.823626,-0.669464,0.154162,-0.693458,-0.539296,3.039072
XRP,20250811,18417,1.0,0.157971,-0.925262,-0.767291,0.157971,-0.773041,-0.61507,0.157971,-0.925262,-0.767291,0.157971,-0.773041,-0.61507,4.574722
XRP,20250812,12497,1.0,0.158884,-0.737331,-0.578447,0.158884,-0.778175,-0.619291,0.158884,-0.737331,-0.578447,0.158884,-0.778175,-0.619291,3.44646
XRP,20250815,10139,1.0,0.164275,-0.943212,-0.778937,0.164275,-0.63216,-0.467886,0.164275,-0.943212,-0.778937,0.164275,-0.63216,-0.467886,3.695282
XRP,20250816,5739,1.0,0.1615,-0.831582,-0.670082,0.1615,-0.568075,-0.406575,0.1615,-0.831582,-0.670082,0.1615,-0.568075,-0.406575,2.255802
XRP,20250818,12063,1.0,0.168566,-0.873994,-0.705428,0.168566,-0.815819,-0.647253,0.168566,-0.873994,-0.705428,0.168566,-0.815819,-0.647253,3.618708
