coin,date,block,regime,capture_sum,adverse_sum,net_sum,n_fills
ARB,20230724,asia,calm,0.0032848697155714035,-0.019696107134222984,-0.01641123555600643,81.0
ARB,20230724,europe,calm,0.005638027563691139,-0.033171024173498154,-0.027532998472452164,132.0
ARB,20230724,europe,mid,0.013427557423710823,0.041914235800504684,0.05534179508686066,217.0
ARB,20230724,europe,stress,0.01030506007373333,-0.01786058396100998,-0.0075555220246315,178.0
ARB,20230724,us,calm,0.0023258200380951166,-0.012002727948129177,-0.00967690721154213,55.0
ARB,20230724,us,mid,8.414684270974249e-05,-0.0008411144372075796,-0.0007569675799459219,2.0
ARB,20230802,asia,calm,0.0037937939632683992,-0.016636524349451065,-0.01284273061901331,87.0
ARB,20230802,asia,mid,0.0007278542034327984,-0.0017967137973755598,-0.0010688595939427614,17.0
ARB,20230802,europe,calm,0.0041513643227517605,-0.02320634387433529,-0.01905498281121254,92.0
ARB,20230802,europe,mid,0.0009242465603165329,-0.0018058066489174962,-0.0008815600886009634,19.0
ARB,20230802,us,calm,0.002997972769662738,-0.01973428949713707,-0.016736317425966263,68.0
ARB,20230802,us,mid,0.00394607987254858,-0.018255852162837982,-0.014309772290289402,83.0
ARB,20230808,asia,calm,0.0019295779056847095,-0.004653019364923239,-0.002723441459238529,42.0
ARB,20230808,europe,calm,0.0026676093693822622,-0.009802763350307941,-0.007135154213756323,61.0
ARB,20230808,europe,mid,0.00013067542749922723,-0.0006976316217333078,-0.0005669562378898263,3.0
ARB,20230808,us,calm,0.00426793098449707,-0.010893675498664379,-0.0066257440485060215,94.0
ARB,20230808,us,mid,0.0006879663560539484,-0.001718442770652473,-0.0010304765310138464,16.0
ARB,20230817,asia,calm,0.0020901942625641823,-0.007145645562559366,-0.005055450834333897,44.0
ARB,20230817,asia,mid,0.003785346169024706,-0.02320222556591034,-0.01941688358783722,67.0
ARB,20230817,asia,stress,0.0008661050815135241,-0.004816002212464809,-0.003949897363781929,18.0
ARB,20230817,europe,calm,0.0014804546954110265,-0.004537962377071381,-0.003057507099583745,31.0
ARB,20230817,europe,mid,0.006460718810558319,-0.04110994189977646,-0.03464921936392784,126.0
ARB,20230817,europe,stress,0.007740388624370098,-0.013336233794689178,-0.005595841910690069,114.0
ARB,20230817,us,calm,0.0011148304911330342,-0.0032696956768631935,-0.002154865302145481,21.0
ARB,20230817,us,mid,0.005084911826997995,-0.021671591326594353,-0.016586683690547943,90.0
ARB,20230817,us,stress,0.14192184805870056,0.0032603666186332703,0.14518219232559204,1167.0
ARB,20230826,asia,calm,0.0019517638720571995,-0.008435421623289585,-0.006483656354248524,35.0
ARB,20230826,europe,calm,0.001535608433187008,-0.003549364395439625,-0.0020137557294219732,28.0
ARB,20230826,europe,mid,0.00010630382166709751,-0.0008504644501954317,-0.000744160613976419,2.0
ARB,20230826,us,calm,0.001322923693805933,-0.0018071362283080816,-0.00048421250539831817,25.0
ARB,20230904,asia,calm,0.003117726184427738,-0.01724305935204029,-0.014125333167612553,57.0
ARB,20230904,asia,mid,0.0008153975941240788,0.000820787507109344,0.0016361854504793882,10.0
ARB,20230904,europe,calm,0.0030311420559883118,-0.009359247982501984,-0.006328105926513672,54.0
ARB,20230904,europe,mid,0.002191508887335658,0.0019350288202986121,0.004126537591218948,38.0
ARB,20230904,us,calm,0.002077927812933922,-0.007963890209794044,-0.005885962396860123,37.0
ARB,20230904,us,mid,5.6075816246448085e-05,0.0,5.6075816246448085e-05,1.0
ARB,20230910,asia,calm,0.002711873035877943,-0.011828577145934105,-0.00911670457571745,46.0
ARB,20230910,asia,mid,0.004134927410632372,-0.10612457245588303,-0.10198963433504105,58.0
ARB,20230910,asia,stress,0.009264987893402576,-0.06054094061255455,-0.05127593129873276,126.0
ARB,20230910,europe,calm,0.003544645616784692,-0.01411428302526474,-0.010569638572633266,60.0
ARB,20230910,europe,mid,0.002774530090391636,-0.002975823823362589,-0.00020129315089434385,43.0
ARB,20230910,us,calm,0.002843189751729369,-0.008930759504437447,-0.006087569519877434,45.0
ARB,20230910,us,mid,0.009132521227002144,-0.04614265263080597,-0.037010133266448975,142.0
ARB,20230919,asia,calm,0.0018681696383282542,-0.009769689291715622,-0.007901519536972046,31.0
ARB,20230919,asia,mid,0.00042628063238225877,-0.00023983354913070798,0.00018644709780346602,7.0
ARB,20230919,europe,calm,0.0023786199744790792,0.0010845715878531337,0.0034631912130862474,40.0
ARB,20230919,europe,mid,0.004981314297765493,-0.011976395733654499,-0.006995080504566431,83.0
ARB,20230919,us,calm,0.003943709656596184,-0.009984114207327366,-0.0060404036194086075,56.0
ARB,20230919,us,mid,0.0009477365529164672,-0.005574752110987902,-0.004627015441656113,16.0
ARB,20230928,asia,calm,0.0023660145234316587,-0.006556564010679722,-0.004190549720078707,39.0
ARB,20230928,europe,calm,0.0021490496583282948,-0.009784813039004803,-0.007635762915015221,36.0
ARB,20230928,europe,mid,0.005381546914577484,-0.023704664781689644,-0.018323121592402458,85.0
ARB,20230928,us,calm,0.0017492318293079734,-0.007231612224131823,-0.005482380278408527,31.0
ARB,20230928,us,mid,0.005407128017395735,-0.01852530427277088,-0.01311817578971386,86.0
ARB,20230928,us,stress,0.007392300292849541,-0.0060950350016355515,0.0012972666881978512,124.0
ARB,20231007,asia,calm,0.0015741364331915975,-0.004445410333573818,-0.002871273783966899,27.0
ARB,20231007,europe,calm,0.0016992714954540133,-0.005822915583848953,-0.004123644437640905,29.0
ARB,20231007,us,calm,0.0010347033385187387,-0.0021865989547222853,-0.0011518957326188684,18.0
ARB,20231013,asia,calm,0.0011200029402971268,-0.003859942080453038,-0.002739938907325268,18.0
ARB,20231013,europe,calm,0.002672754693776369,-0.012659532018005848,-0.009986776858568192,43.0
ARB,20231013,europe,mid,0.002097539370879531,-0.01814393326640129,-0.016046395525336266,29.0
ARB,20231013,europe,stress,0.0006208342965692282,-0.003722436958923936,-0.0031016028951853514,10.0
ARB,20231013,us,calm,0.0025379816070199013,-0.004380261059850454,-0.0018422793364152312,39.0
ARB,20231013,us,mid,0.00400164257735014,-0.012247678823769093,-0.008246035315096378,46.0
ARB,20231022,asia,calm,0.003400838701054454,-0.008266082964837551,-0.004865244496613741,55.0
ARB,20231022,asia,mid,0.008409605361521244,-0.046383973211050034,-0.037974365055561066,121.0
ARB,20231022,asia,stress,0.0003629619022831321,-0.0027218637987971306,-0.002358902245759964,5.0
ARB,20231022,europe,calm,0.003026610938832164,-0.013432365842163563,-0.01040575560182333,50.0
ARB,20231022,europe,mid,0.00030305710970424116,-0.00012079329462721944,0.00018226381507702172,5.0
ARB,20231022,europe,stress,0.00012064917973475531,-0.0008452574838884175,-0.0007246083114296198,2.0
ARB,20231022,us,calm,0.0030427654273808002,-0.013387233018875122,-0.010344468057155609,48.0
ARB,20231022,us,mid,0.0008316360763274133,-0.010341404005885124,-0.009509768337011337,14.0
ARB,20231031,asia,calm,0.002493905369192362,-0.008511487394571304,-0.00601758249104023,48.0
ARB,20231031,asia,mid,0.005161966197192669,-0.02051064372062683,-0.015348678454756737,80.0
ARB,20231031,europe,calm,0.00217806501314044,-0.011072665452957153,-0.008894600905478,42.0
ARB,20231031,europe,mid,0.013103535398840904,0.04593034088611603,0.05903387814760208,196.0
ARB,20231031,europe,stress,0.01351669430732727,-0.11783859878778458,-0.10432189702987671,180.0
ARB,20231031,us,calm,0.002184157492592931,-0.009489471092820168,-0.00730531383305788,41.0
ARB,20231031,us,mid,0.0019230954349040985,-0.0030444213189184666,-0.0011213256511837244,35.0
ARB,20231109,asia,calm,0.0035622031427919865,-0.014507119543850422,-0.010944916866719723,77.0
ARB,20231109,asia,mid,0.009424211457371712,-0.022391099482774734,-0.012966888025403023,183.0
ARB,20231109,europe,calm,0.001589637016877532,-0.007041805423796177,-0.005452169105410576,33.0
ARB,20231109,europe,mid,0.014270519837737083,-0.03048841282725334,-0.016217894852161407,284.0
ARB,20231109,europe,stress,0.061545513570308685,-0.16378861665725708,-0.10224311053752899,1092.0
ARB,20231109,us,mid,0.007020318880677223,-0.016901802271604538,-0.009881481528282166,135.0
ARB,20231109,us,stress,0.39561212062835693,-0.655024528503418,-0.2594124376773834,4029.0
ARB,20231115,asia,calm,0.0074167558923363686,-0.04317450895905495,-0.03575775399804115,153.0
ARB,20231115,asia,mid,0.00027602334739640355,-0.0009673058521002531,-0.0006912825047038496,5.0
ARB,20231115,europe,calm,0.006413178518414497,-0.025264080613851547,-0.0188509002327919,137.0
ARB,20231115,europe,mid,0.005269656889140606,-0.01909670978784561,-0.01382705383002758,114.0
ARB,20231115,us,calm,0.002768625970929861,-0.015248473733663559,-0.012479845434427261,61.0
ARB,20231115,us,mid,0.017381884157657623,-0.07920420914888382,-0.061822324991226196,349.0
ARB,20231115,us,stress,0.001146567054092884,-0.005783912260085344,-0.0046373456716537476,23.0
ARB,20231124,asia,calm,0.0035464526154100895,-0.017725136131048203,-0.014178682118654251,72.0
ARB,20231124,europe,calm,0.005142750218510628,-0.03188934177160263,-0.026746593415737152,104.0
ARB,20231124,europe,mid,0.007543680723756552,-0.015940289944410324,-0.008396608754992485,140.0
ARB,20231124,us,calm,0.004763512406498194,-0.016498582437634468,-0.011735069565474987,89.0
ARB,20231124,us,mid,0.006929938681423664,-0.016881391406059265,-0.009951451793313026,137.0
ARB,20231203,asia,calm,0.0041559794917702675,-0.01891271024942398,-0.014756731688976288,89.0
ARB,20231203,asia,mid,0.0007734582759439945,-0.000458993628853932,0.0003144647926092148,13.0
ARB,20231203,europe,calm,0.005010319873690605,0.0001390151446685195,0.005149335600435734,104.0
ARB,20231203,europe,mid,0.001237711519934237,-0.00253472407348454,-0.0012970123207196593,26.0
ARB,20231203,us,calm,0.004592197015881538,-0.015604308806359768,-0.011012112721800804,79.0
ARB,20231203,us,mid,0.006401870399713516,-0.006093756761401892,0.00030811398755759,113.0
ARB,20231212,asia,calm,0.0018198979087173939,-0.008770566433668137,-0.006950669921934605,39.0
ARB,20231212,asia,mid,0.019853416830301285,-0.09125767648220062,-0.07140426337718964,432.0
ARB,20231212,asia,stress,0.0011180156143382192,-0.0016893345164135098,-0.0005713190184906125,17.0
ARB,20231212,europe,calm,0.00038514434709213674,-0.004106389824301004,-0.003721245564520359,9.0
ARB,20231212,europe,mid,0.025965599343180656,-0.11611363291740417,-0.09014803171157837,544.0
ARB,20231212,europe,stress,0.01856076903641224,-0.07884369790554047,-0.06028292700648308,324.0
ARB,20231212,us,calm,4.416766023496166e-05,0.0004416766169015318,0.00048584426986053586,1.0
ARB,20231212,us,mid,0.032946959137916565,-0.10171228647232056,-0.0687653124332428,579.0
ARB,20231212,us,stress,0.04072914272546768,-0.16618862748146057,-0.1254594773054123,666.0
ARB,20231218,asia,calm,0.0022078584879636765,-0.01279955729842186,-0.010591698810458183,48.0
ARB,20231218,asia,mid,0.01353189442306757,-0.08552485704421997,-0.07199296355247498,241.0
ARB,20231218,europe,calm,0.0007512924494221807,-0.0018785145366564393,-0.0011272220872342587,16.0
ARB,20231218,europe,mid,0.017472196370363235,-0.05142512917518616,-0.03395293653011322,324.0
ARB,20231218,europe,stress,0.015540894120931625,-0.09234619140625,-0.07680529356002808,225.0
ARB,20231218,us,calm,0.004357198253273964,-0.02402653731405735,-0.019669339060783386,88.0
ARB,20231218,us,mid,0.0034781896974891424,-0.00728826317936182,-0.003810072550550103,67.0
ARB,20231227,asia,calm,0.0011509895557537675,-0.0025317990221083164,-0.0013808096991851926,28.0
ARB,20231227,asia,mid,0.009297658689320087,-0.049599871039390564,-0.04030221700668335,227.0
ARB,20231227,europe,calm,0.00046312404447235167,-0.0004624806751962751,6.434274837374687e-07,12.0
ARB,20231227,europe,mid,0.028831124305725098,-0.16311106085777283,-0.13427993655204773,678.0
ARB,20231227,europe,stress,0.10684341192245483,-0.20697614550590515,-0.10013274848461151,1880.0
ARB,20231227,us,mid,0.02555232308804989,-0.07690729200839996,-0.05135497450828552,580.0
ARB,20231227,us,stress,0.032989732921123505,-0.15560559928417206,-0.12261586636304855,692.0
ARB,20240105,asia,mid,0.03673950955271721,-0.18475206196308136,-0.14801256358623505,1119.0
ARB,20240105,asia,stress,0.0826924741268158,-0.19223298132419586,-0.10954049229621887,1025.0
ARB,20240105,europe,mid,0.03401676565408707,-0.109368234872818,-0.07535148411989212,935.0
ARB,20240105,europe,stress,0.09627445042133331,-0.31074947118759155,-0.21447503566741943,2244.0
ARB,20240105,us,calm,0.00034180021611973643,0.002659341786056757,0.0030011418275535107,13.0
ARB,20240105,us,mid,0.03565054014325142,-0.1970294862985611,-0.16137894988059998,1040.0
ARB,20240105,us,stress,0.033131007105112076,-0.07712581753730774,-0.04399481415748596,775.0
ARB,20240111,asia,mid,0.03011474572122097,-0.1619778722524643,-0.13186313211917877,1081.0
ARB,20240111,asia,stress,0.08878609538078308,-0.7359901666641235,-0.6472040414810181,2908.0
ARB,20240111,europe,mid,0.040221236646175385,-0.2071133852005005,-0.1668921411037445,1476.0
ARB,20240111,europe,stress,0.11465628445148468,-0.46440762281417847,-0.3497513234615326,3406.0
ARB,20240111,us,calm,0.0009129786631092429,0.0015491469530388713,0.002462125616148114,34.0
ARB,20240111,us,mid,0.033733852207660675,-0.2135295271873474,-0.17979569733142853,1203.0
ARB,20240111,us,stress,0.05152943730354309,-0.2350110113620758,-0.18348157405853271,1696.0
ARB,20240120,asia,calm,0.013657155446708202,-0.08702252805233002,-0.07336537539958954,458.0
ARB,20240120,asia,mid,0.004760260693728924,-0.03009241446852684,-0.02533215470612049,151.0
ARB,20240120,europe,calm,0.013574395328760147,-0.08829811960458755,-0.07472372055053711,455.0
ARB,20240120,europe,mid,0.015240462496876717,-0.07950764149427414,-0.06426717340946198,459.0
ARB,20240120,us,calm,0.007800539024174213,-0.02363991178572178,-0.01583937369287014,227.0
ARB,20240120,us,mid,0.01858624629676342,-0.09584635496139526,-0.07726012170314789,551.0
ARB,20240129,asia,calm,0.010704156942665577,-0.0497373566031456,-0.0390331968665123,350.0
ARB,20240129,asia,mid,0.002696029609069228,-0.00974020641297102,-0.007044175639748573,86.0
ARB,20240129,europe,calm,0.013439721427857876,-0.05296320840716362,-0.03952348977327347,448.0
ARB,20240129,europe,mid,0.011234728619456291,-0.021291127428412437,-0.01005639974027872,351.0
ARB,20240129,us,calm,0.008419697172939777,-0.03901886194944382,-0.030599161982536316,253.0
ARB,20240129,us,mid,0.025045428425073624,-0.10241632163524628,-0.07737090438604355,736.0
ARB,20240207,asia,calm,0.020360443741083145,-0.09240098297595978,-0.07204054296016693,667.0
ARB,20240207,europe,calm,0.01705164648592472,-0.08798399567604065,-0.07093235850334167,569.0
ARB,20240207,europe,mid,0.008297302760183811,-0.019363585859537125,-0.011066281236708164,267.0
ARB,20240207,us,calm,0.01854340359568596,-0.08132095634937286,-0.0627775639295578,581.0
ARB,20240207,us,mid,0.03761208429932594,-0.14205476641654968,-0.10444268584251404,1164.0
ARB,20240213,asia,calm,0.010504044592380524,-0.05608215183019638,-0.04557810351252556,418.0
ARB,20240213,asia,mid,0.004747755825519562,-0.027351627126336098,-0.022603873163461685,188.0
ARB,20240213,europe,calm,0.01324552297592163,-0.07284748554229736,-0.05960196256637573,466.0
ARB,20240213,europe,mid,0.03573483228683472,-0.19033721089363098,-0.15460236370563507,1081.0
ARB,20240213,europe,stress,0.017474550753831863,-0.12019570171833038,-0.10272116214036942,505.0
ARB,20240213,us,calm,0.009214096702635288,-0.04828745126724243,-0.03907335177063942,364.0
ARB,20240213,us,mid,0.007563379593193531,-0.03969969600439072,-0.03213631361722946,291.0
ARB,20240222,asia,calm,0.01316874660551548,-0.08904869109392166,-0.07587994635105133,436.0
ARB,20240222,asia,mid,0.01227096002548933,-0.035148221999406815,-0.022877264767885208,294.0
ARB,20240222,asia,stress,0.0024444202426820993,-0.012809288688004017,-0.010364867746829987,82.0
ARB,20240222,europe,calm,0.011412622407078743,-0.047857679426670074,-0.036445051431655884,383.0
ARB,20240222,europe,mid,0.0296666007488966,-0.14329257607460022,-0.11362598836421967,995.0
ARB,20240222,us,calm,0.009979658760130405,-0.02680930308997631,-0.01682964339852333,305.0
ARB,20240222,us,mid,0.01594071462750435,-0.06033959984779358,-0.04439888522028923,468.0
ARB,20240302,asia,calm,0.0138358473777771,-0.06023187190294266,-0.04639602452516556,495.0
ARB,20240302,asia,mid,0.012152041308581829,-0.0862366110086441,-0.0740845650434494,408.0
ARB,20240302,europe,calm,0.014513576403260231,-0.08877751976251602,-0.07426394522190094,505.0
ARB,20240302,europe,mid,0.017467748373746872,-0.057413000613451004,-0.03994525223970413,533.0
ARB,20240302,us,calm,0.015132981352508068,-0.06699637323617935,-0.05186338722705841,540.0
ARB,20240302,us,mid,0.003665103344246745,-0.01874476857483387,-0.01507966872304678,127.0
ARB,20240311,asia,calm,0.008299056440591812,-0.05001162737607956,-0.04171256721019745,284.0
ARB,20240311,asia,mid,0.03857548534870148,-0.11886779963970184,-0.08029231429100037,875.0
ARB,20240311,asia,stress,0.0366881862282753,-0.08743853867053986,-0.050750356167554855,525.0
ARB,20240311,europe,calm,0.014044524170458317,-0.05068254470825195,-0.03663802146911621,509.0
ARB,20240311,europe,mid,0.016343217343091965,-0.0459510013461113,-0.029607782140374184,466.0
ARB,20240311,us,calm,0.006378999445587397,-0.036452628672122955,-0.030073633417487144,229.0
ARB,20240311,us,mid,0.01831645891070366,-0.09145791828632355,-0.07314145565032959,556.0
ARB,20240311,us,stress,0.008048165589571,0.019024329259991646,0.027072492986917496,195.0
ARB,20240317,asia,mid,0.054242972284555435,-0.2099323868751526,-0.15568940341472626,1445.0
ARB,20240317,asia,stress,0.0288332998752594,-0.10588975250720978,-0.07705643773078918,698.0
ARB,20240317,europe,mid,0.0606284961104393,-0.17795586585998535,-0.11732736229896545,1712.0
ARB,20240317,europe,stress,0.002514341613277793,-0.008053779602050781,-0.005539438687264919,73.0
ARB,20240317,us,calm,0.008825202472507954,-0.04670657962560654,-0.03788137435913086,273.0
ARB,20240317,us,mid,0.016753513365983963,-0.056043826043605804,-0.03929031640291214,507.0
ARB,20240326,asia,calm,0.014937646687030792,-0.06401459872722626,-0.049076952040195465,449.0
ARB,20240326,asia,mid,0.000522695598192513,-0.0024686746764928102,-0.0019459787290543318,13.0
ARB,20240326,europe,calm,0.012023642659187317,-0.04413323104381561,-0.0321095809340477,361.0
ARB,20240326,europe,mid,0.035127051174640656,-0.09078218042850494,-0.055655136704444885,814.0
ARB,20240326,us,calm,0.009287958964705467,-0.039272721856832504,-0.029984762892127037,296.0
ARB,20240326,us,mid,0.010556651279330254,-0.03747539967298508,-0.026918746531009674,314.0
ARB,20240404,asia,calm,0.005259660538285971,-0.026365645229816437,-0.02110598422586918,134.0
ARB,20240404,asia,mid,0.01141547691076994,-0.05656132847070694,-0.04514584690332413,274.0
ARB,20240404,europe,calm,0.008853944018483162,-0.02142202854156494,-0.012568085454404354,229.0
ARB,20240404,europe,mid,0.004387415945529938,-0.015048574656248093,-0.01066115777939558,117.0
ARB,20240404,us,calm,0.010331015102565289,-0.03155742585659027,-0.021226409822702408,267.0
ARB,20240404,us,mid,0.01260263379663229,-0.030027035623788834,-0.01742440089583397,292.0
ARB,20240404,us,stress,0.0019834425766021013,-0.007037298288196325,-0.005053855944424868,44.0
ARB,20240413,asia,calm,0.004710465669631958,-0.015785908326506615,-0.011075443588197231,98.0
ARB,20240413,asia,mid,0.04014003276824951,-0.1445561945438385,-0.10441617667675018,706.0
ARB,20240413,asia,stress,0.009607246145606041,-0.058139678090810776,-0.048532433807849884,163.0
ARB,20240413,europe,calm,0.003775404766201973,-0.00592760881409049,-0.0021522033493965864,69.0
ARB,20240413,europe,mid,0.03175639733672142,-0.06248610466718674,-0.030729707330465317,598.0
ARB,20240413,us,mid,0.01217668130993843,-0.017879359424114227,-0.0057026781141757965,186.0
ARB,20240413,us,stress,1.3909202814102173,-1.7937886714935303,-0.4028683006763458,9321.0
ARB,20240419,asia,calm,0.0035630015190690756,-0.01622125320136547,-0.012658251449465752,72.0
ARB,20240419,asia,mid,0.05477193742990494,-0.14705929160118103,-0.09228735417127609,963.0
ARB,20240419,asia,stress,0.05448886752128601,-0.16073843836784363,-0.10624957084655762,873.0
ARB,20240419,europe,calm,0.00829086173325777,-0.030462663620710373,-0.022171802818775177,161.0
ARB,20240419,europe,mid,0.03655626252293587,-0.11701485514640808,-0.08045859634876251,686.0
ARB,20240419,us,calm,0.011213304474949837,-0.04104119539260864,-0.029827892780303955,229.0
ARB,20240419,us,mid,0.018069544807076454,-0.047005340456962585,-0.02893579751253128,332.0
ARB,20240428,asia,calm,0.006941206753253937,-0.03165494650602341,-0.02471373975276947,140.0
ARB,20240428,asia,mid,0.017106126993894577,-0.0699937492609024,-0.05288761854171753,308.0
ARB,20240428,europe,calm,0.010995078831911087,-0.02752038836479187,-0.016525307670235634,201.0
ARB,20240428,europe,mid,0.013609889894723892,-0.038684993982315063,-0.02507510595023632,272.0
ARB,20240428,us,calm,0.008135873824357986,-0.0162981990724802,-0.008162325248122215,168.0
ARB,20240428,us,mid,0.009068384766578674,0.001913802232593298,0.010982184670865536,191.0
ARB,20240507,asia,calm,0.011392176151275635,-0.03266775608062744,-0.021275576204061508,200.0
ARB,20240507,asia,mid,0.005304574966430664,-0.0002080989070236683,0.005096475128084421,88.0
ARB,20240507,europe,calm,0.014342869631946087,-0.040906887501478195,-0.026564016938209534,242.0
ARB,20240507,europe,mid,0.005720640532672405,-0.00777245219796896,-0.002051812596619129,97.0
ARB,20240507,us,calm,0.012543996796011925,-0.027707327157258987,-0.015163328498601913,203.0
ARB,20240507,us,mid,0.004254668019711971,-0.01245187222957611,-0.00819720420986414,71.0
ARB,20240516,asia,calm,0.008328075520694256,-0.026118475943803787,-0.017790397629141808,158.0
ARB,20240516,europe,calm,0.012141016311943531,-0.046768058091402054,-0.0346270427107811,219.0
ARB,20240516,europe,mid,0.011525284498929977,-0.020421111956238747,-0.008895826525986195,194.0
ARB,20240516,us,calm,0.009999051690101624,-0.029763830825686455,-0.019764777272939682,176.0
ARB,20240522,asia,calm,0.01166374422609806,-0.042243603616952896,-0.030579859390854836,260.0
ARB,20240522,asia,mid,0.008270162157714367,-0.014826780185103416,-0.006556618493050337,179.0
ARB,20240522,europe,calm,0.006462732795625925,-0.020979026332497597,-0.01451629213988781,150.0
ARB,20240522,europe,mid,0.04974323511123657,-0.18315625190734863,-0.13341301679611206,979.0
ARB,20240522,europe,stress,0.01107909344136715,-0.03099845163524151,-0.019919361919164658,222.0
ARB,20240522,us,calm,0.011598765850067139,-0.06022842973470688,-0.04862966388463974,242.0
ARB,20240522,us,mid,0.016801130026578903,-0.06069772690534592,-0.043896593153476715,359.0
ARB,20240531,asia,calm,0.011067898944020271,-0.03272596001625061,-0.02165805920958519,240.0
ARB,20240531,asia,mid,4.4288939534453675e-05,8.857787906890735e-05,0.00013286682951729745,1.0
ARB,20240531,europe,calm,0.01427142322063446,-0.042674921452999115,-0.028403498232364655,297.0
ARB,20240531,europe,mid,0.014573631808161736,-0.03618956729769707,-0.02161593735218048,313.0
ARB,20240531,us,calm,0.009926688857376575,-0.029916860163211823,-0.01999017223715782,212.0
ARB,20240531,us,mid,0.007108907215297222,-0.028428975492715836,-0.021320069208741188,145.0
ARB,20240609,asia,calm,0.006371248513460159,-0.02792331762611866,-0.0215520728379488,118.0
ARB,20240609,europe,calm,0.01026538573205471,-0.041280318051576614,-0.031014930456876755,199.0
ARB,20240609,europe,mid,0.0003562422061804682,-0.0033598029986023903,-0.0030035609379410744,7.0
ARB,20240609,us,calm,0.005044103600084782,-0.014013795182108879,-0.008969691582024097,97.0
ARB,20240618,asia,calm,0.006077880971133709,-0.012405038811266422,-0.006327158305794001,94.0
ARB,20240618,asia,mid,0.031765107065439224,-0.08426258713006973,-0.05249747261404991,503.0
ARB,20240618,asia,stress,0.3542344272136688,-1.542127251625061,-1.1878929138183594,2486.0
ARB,20240618,europe,calm,0.011106993071734905,-0.026297248899936676,-0.015190256759524345,170.0
ARB,20240618,europe,mid,0.04148028790950775,-0.14231717586517334,-0.10083688050508499,625.0
ARB,20240618,europe,stress,0.011396504938602448,-0.04253951460123062,-0.031143007799983025,178.0
ARB,20240618,us,calm,0.00474619772285223,-0.01549532264471054,-0.01074912492185831,75.0
ARB,20240618,us,mid,0.03089885041117668,-0.08826736360788345,-0.05736851319670677,473.0
ARB,20240624,asia,calm,0.011983562260866165,-0.05646555498242378,-0.04448199272155762,183.0
ARB,20240624,asia,mid,0.01970454305410385,-0.045850448310375214,-0.02614591084420681,295.0
ARB,20240624,europe,calm,0.0028973743319511414,-0.008377203717827797,-0.005479829851537943,43.0
ARB,20240624,europe,mid,0.042797427624464035,-0.13810662925243378,-0.09530918300151825,491.0
ARB,20240624,europe,stress,0.048232272267341614,-0.1282690167427063,-0.08003672957420349,467.0
ARB,20240624,us,calm,0.003970708232372999,-0.008000352419912815,-0.004029644653201103,63.0
ARB,20240624,us,mid,0.043565697968006134,-0.14022961258888245,-0.09666390717029572,605.0
ARB,20240624,us,stress,0.0006364730652421713,-0.0001316918060183525,0.0005047812592238188,10.0
ARB,20240703,asia,calm,0.010586313903331757,-0.039156537503004074,-0.028570225462317467,160.0
ARB,20240703,asia,mid,0.009785638190805912,-0.01296205073595047,-0.003176414407789707,123.0
ARB,20240703,europe,calm,0.011877138167619705,-0.04051300883293152,-0.028635872527956963,172.0
ARB,20240703,europe,mid,0.02617712691426277,-0.037789199501276016,-0.01161206979304552,349.0
ARB,20240703,us,calm,0.007134477142244577,-0.012782363221049309,-0.005647887475788593,102.0
ARB,20240703,us,mid,0.00906690675765276,-0.02826133742928505,-0.019194431602954865,123.0
ARB,20240712,asia,calm,0.008699263446033001,-0.019135983660817146,-0.010436722077429295,118.0
ARB,20240712,asia,mid,0.014034335501492023,-0.031595759093761444,-0.017561428248882294,191.0
ARB,20240712,europe,calm,0.007107597775757313,-0.011762966401875019,-0.004655367694795132,95.0
ARB,20240712,europe,mid,0.021544981747865677,-0.05185304209589958,-0.030308056622743607,290.0
ARB,20240712,us,calm,0.0038682008162140846,-0.008687623776495457,-0.004819422960281372,48.0
ARB,20240712,us,mid,0.01182337012141943,-0.026646342128515244,-0.014822972938418388,164.0
ARB,20240721,asia,calm,0.007853428833186626,-0.026878951117396355,-0.019025523215532303,122.0
ARB,20240721,europe,calm,0.007130916230380535,-0.014697834849357605,-0.00756691861897707,107.0
ARB,20240721,europe,mid,0.0037653932813555002,-0.0027989898808300495,0.0009664029930718243,58.0
ARB,20240721,us,calm,0.009063433855772018,-0.012356530874967575,-0.0032930979505181313,139.0
ARB,20240721,us,mid,0.023354357108473778,-0.07198313623666763,-0.0486287847161293,348.0
ARB,20240721,us,stress,0.021881980821490288,-0.06572535634040833,-0.04384337365627289,301.0
ARB,20240727,asia,calm,0.006276304833590984,-0.015164477750658989,-0.00888817198574543,91.0
ARB,20240727,asia,mid,6.900834705447778e-05,0.0004140500968787819,0.0004830584512092173,1.0
ARB,20240727,europe,calm,0.011794047430157661,-0.02936837635934353,-0.017574328929185867,168.0
ARB,20240727,europe,mid,0.0017911166651174426,-0.005513392388820648,-0.0037222756072878838,26.0
ARB,20240727,us,calm,0.008167342282831669,-0.033494506031274796,-0.025327160954475403,116.0
ARB,20240727,us,mid,0.01724075898528099,-0.03989827632904053,-0.022657517343759537,234.0
ARB,20240727,us,stress,0.008541266433894634,-0.02032634988427162,-0.011785086244344711,122.0
ARB,20240805,asia,mid,0.0018581466283649206,-0.014083385467529297,-0.012225238606333733,21.0
ARB,20240805,asia,stress,0.8799251914024353,-1.3239219188690186,-0.4439966678619385,5171.0
ARB,20240805,europe,stress,0.24163493514060974,-0.5291616320610046,-0.2875266373157501,2099.0
ARB,20240805,us,calm,0.00010370216477895156,0.0,0.00010370216477895156,1.0
ARB,20240805,us,mid,0.013514086604118347,-0.041325684636831284,-0.027811598032712936,131.0
ARB,20240805,us,stress,0.07289716601371765,-0.10033489763736725,-0.027437731623649597,680.0
ARB,20240814,asia,calm,0.009944085031747818,-0.02367219142615795,-0.01372810360044241,115.0
ARB,20240814,asia,mid,0.0034317923709750175,-0.0016033346764743328,0.0018284579273313284,40.0
ARB,20240814,europe,calm,0.006995293311774731,-0.013902779668569565,-0.0069074868224561214,81.0
ARB,20240814,europe,mid,0.04538808763027191,-0.16689957678318024,-0.12151148915290833,504.0
ARB,20240814,europe,stress,0.01506707165390253,-0.044640447944402695,-0.02957337349653244,168.0
ARB,20240814,us,calm,0.01578698679804802,-0.037151873111724854,-0.021364878863096237,174.0
ARB,20240814,us,mid,0.00881863757967949,-0.032443828880786896,-0.023625193163752556,100.0
ARB,20240820,asia,calm,0.015151618048548698,-0.03447040542960167,-0.01931878924369812,166.0
ARB,20240820,asia,mid,0.008024523966014385,-0.02089771069586277,-0.01287318766117096,88.0
ARB,20240820,europe,calm,0.013678783550858498,-0.03150324523448944,-0.017824463546276093,146.0
ARB,20240820,europe,mid,0.020533718168735504,-0.05596365034580231,-0.0354299321770668,219.0
ARB,20240820,us,calm,0.017430409789085388,-0.04716937988996506,-0.02973897010087967,187.0
ARB,20240820,us,mid,0.0024488423950970173,-0.002819990972056985,-0.0003711485187523067,26.0
ARB,20240829,asia,calm,0.01116778515279293,-0.01632385514676571,-0.005156070459634066,116.0
ARB,20240829,asia,mid,0.008116321638226509,-0.013742282055318356,-0.0056259604170918465,83.0
ARB,20240829,europe,calm,0.00940828025341034,-0.017022551968693733,-0.007614273577928543,98.0
ARB,20240829,europe,mid,0.011920693330466747,-0.021944541484117508,-0.010023847222328186,126.0
ARB,20240829,us,calm,0.008769179694354534,-0.028585361316800117,-0.019816182553768158,91.0
ARB,20240829,us,mid,0.020744692534208298,-0.048698827624320984,-0.027954131364822388,212.0
ARB,20240907,asia,calm,0.007675711065530777,-0.019851233810186386,-0.012175524607300758,75.0
ARB,20240907,asia,mid,0.003359205089509487,-0.010310055688023567,-0.006950851064175367,33.0
ARB,20240907,europe,calm,0.009095902554690838,-0.02156958170235157,-0.012473681941628456,91.0
ARB,20240907,europe,mid,0.0015906039625406265,-0.0030846481677144766,-0.00149404420517385,13.0
ARB,20240907,us,calm,0.008802739903330803,-0.025614330545067787,-0.016811590641736984,88.0
ARB,20240907,us,mid,0.0005005507846362889,-0.0012019628193229437,-0.0007014120928943157,5.0
ARB,20240916,asia,calm,0.008906426839530468,-0.019593218341469765,-0.010686790570616722,90.0
ARB,20240916,asia,mid,0.00782102346420288,-0.01680317148566246,-0.008982149884104729,79.0
ARB,20240916,europe,calm,0.01223390270024538,-0.026021193712949753,-0.013787293806672096,124.0
ARB,20240916,europe,mid,0.004488298669457436,-0.003587201703339815,0.0009010966750793159,45.0
ARB,20240916,us,calm,0.01053101010620594,-0.016743136569857597,-0.006212126463651657,106.0
ARB,20240916,us,mid,0.002684058388695121,-0.003687370102852583,-0.0010033115977421403,27.0
ARB,20240922,asia,calm,0.007223209366202354,-0.02525823749601841,-0.018035028129816055,86.0
ARB,20240922,asia,mid,0.007783873938024044,-0.028048278763890266,-0.0202644020318985,92.0
ARB,20240922,europe,calm,0.008457738906145096,-0.022467603906989098,-0.014009865932166576,101.0
ARB,20240922,europe,mid,0.004638865124434233,-0.016379091888666153,-0.011740225367248058,55.0
ARB,20240922,us,calm,0.01002652570605278,-0.037517569959163666,-0.027491038665175438,116.0
ARB,20240922,us,mid,0.009333916939795017,-0.023093027994036674,-0.013759112916886806,111.0
ARB,20241001,asia,calm,0.006280144676566124,-0.013843193650245667,-0.00756304943934083,78.0
ARB,20241001,asia,mid,0.005482356995344162,-0.01678793877363205,-0.011305583640933037,65.0
ARB,20241001,europe,calm,0.005288806743919849,-0.011142517440021038,-0.005853710230439901,66.0
ARB,20241001,europe,mid,0.0193939208984375,-0.030636901035904884,-0.011242982000112534,219.0
ARB,20241001,europe,stress,0.048607148230075836,-0.22259774804115295,-0.17399060726165771,480.0
ARB,20241001,us,calm,0.0027171822730451822,-0.005247716326266527,-0.002530534751713276,30.0
ARB,20241001,us,mid,0.020207099616527557,-0.023936539888381958,-0.0037294412031769753,216.0
ARB,20241001,us,stress,0.05553526058793068,-0.03529761731624603,0.0202376339584589,531.0
ARB,20241010,asia,calm,0.009532513096928596,-0.017558138817548752,-0.008025625720620155,100.0
ARB,20241010,asia,mid,0.0027785433921962976,0.0006780621479265392,0.0034566058311611414,29.0
ARB,20241010,europe,calm,0.008394061587750912,-0.014351710677146912,-0.005957650952041149,86.0
ARB,20241010,europe,mid,0.01810230314731598,-0.013275611214339733,0.004826692398637533,186.0
ARB,20241010,us,calm,0.006560928653925657,-0.013098152354359627,-0.00653722183778882,66.0
ARB,20241010,us,mid,0.01641230098903179,-0.004987567663192749,0.011424732394516468,169.0
ARB,20241010,us,stress,0.0013758136192336679,-0.0013793010730296373,-3.4874174161814153e-06,14.0
ARB,20241019,asia,calm,0.00599632365629077,-0.018522106111049652,-0.012525780126452446,68.0
ARB,20241019,europe,calm,0.006320400163531303,-0.009529550559818745,-0.0032091489993035793,70.0
ARB,20241019,us,calm,0.0032866362016648054,-0.005242094863206148,-0.0019554586615413427,37.0
ARB,20241025,asia,calm,0.010176308453083038,-0.01830263063311577,-0.00812632218003273,112.0
ARB,20241025,asia,mid,0.0017375401221215725,-0.0029288874939084053,-0.001191347255371511,19.0
ARB,20241025,europe,calm,0.010157163254916668,-0.02415042370557785,-0.013993261381983757,112.0
ARB,20241025,europe,mid,0.007859497331082821,-0.025911536067724228,-0.01805204153060913,87.0
ARB,20241025,us,calm,0.0037241564132273197,-0.009663106873631477,-0.005938950926065445,40.0
ARB,20241025,us,mid,0.026875682175159454,-0.08910542726516724,-0.06222974509000778,280.0
ARB,20241025,us,stress,0.07742877304553986,-0.25776004791259766,-0.1803312748670578,585.0
ARB,20241103,asia,calm,0.0037401968147605658,-0.006024278700351715,-0.0022840825840830803,37.0
ARB,20241103,asia,mid,0.008023313246667385,-0.008773857727646828,-0.0007505434914492071,78.0
ARB,20241103,asia,stress,0.012052558362483978,-0.005321813747286797,0.006730743683874607,113.0
ARB,20241103,europe,calm,0.0049714017659425735,-0.007275684736669064,-0.0023042825050652027,48.0
ARB,20241103,europe,mid,0.016641894355416298,-0.024851836264133453,-0.008209941908717155,151.0
ARB,20241103,europe,stress,0.009590396657586098,-0.022026820108294487,-0.01243642345070839,88.0
ARB,20241103,us,calm,0.005737911909818649,-0.00616931589320302,-0.0004314029938541353,55.0
ARB,20241103,us,mid,0.007619637064635754,-0.015907015651464462,-0.008287377655506134,73.0
ARB,20241112,asia,mid,0.044948041439056396,-0.08698216080665588,-0.042034126818180084,577.0
ARB,20241112,asia,stress,0.06206008419394493,-0.08696417510509491,-0.024904094636440277,757.0
ARB,20241112,europe,mid,0.017039969563484192,-0.02398092672228813,-0.006940955296158791,218.0
ARB,20241112,europe,stress,0.21140480041503906,-0.47290927171707153,-0.26150450110435486,2273.0
ARB,20241112,us,calm,0.00015564219211228192,-0.0009347978630103171,-0.0007791556417942047,2.0
ARB,20241112,us,mid,0.03817767649888992,-0.07532954216003418,-0.03715185821056366,455.0
ARB,20241112,us,stress,0.016486557200551033,-0.03977092355489731,-0.023284360766410828,191.0
ARB,20241121,asia,mid,0.05667481571435928,-0.11792893707752228,-0.0612541139125824,708.0
ARB,20241121,asia,stress,0.016445256769657135,-0.02154793217778206,-0.0051026782020926476,211.0
ARB,20241121,europe,mid,0.043696001172065735,-0.05960256978869438,-0.01590656116604805,557.0
ARB,20241121,europe,stress,0.31998327374458313,-0.5053627490997314,-0.1853795200586319,3948.0
ARB,20241121,us,calm,0.0021575461141765118,-0.00711016496643424,-0.004952618852257729,29.0
ARB,20241121,us,mid,0.05328936502337456,-0.10338097810745239,-0.05009160935878754,729.0
ARB,20241121,us,stress,0.046807318925857544,-0.13375765085220337,-0.08695031702518463,646.0
ARB,20241127,asia,mid,0.08183153718709946,-0.18939439952373505,-0.10756286978721619,1243.0
ARB,20241127,asia,stress,0.03611758351325989,-0.07073241472244263,-0.03461483493447304,533.0
ARB,20241127,europe,mid,0.05635160580277443,-0.08190923184156418,-0.02555762231349945,884.0
ARB,20241127,europe,stress,0.10083715617656708,-0.14575326442718506,-0.04491610452532768,1493.0
ARB,20241127,us,mid,0.1117371916770935,-0.2468147873878479,-0.1350775808095932,1566.0
ARB,20241127,us,stress,0.051780134439468384,-0.04313572496175766,0.008644402027130127,739.0
ARB,20241206,asia,calm,0.006498175673186779,-0.026437979191541672,-0.019939802587032318,130.0
ARB,20241206,asia,mid,0.04975437372922897,-0.07443497329950333,-0.024680597707629204,878.0
ARB,20241206,asia,stress,0.015930134803056717,-0.019354909658432007,-0.003424775553867221,239.0
ARB,20241206,europe,calm,0.0017673252150416374,-0.004008561838418245,-0.002241236623376608,37.0
ARB,20241206,europe,mid,0.05347558110952377,-0.09805767238140106,-0.04458208382129669,980.0
ARB,20241206,europe,stress,0.07204808294773102,-0.15332479774951935,-0.08127671480178833,1205.0
ARB,20241206,us,calm,0.012888179160654545,-0.026144519448280334,-0.013256339356303215,248.0
ARB,20241206,us,mid,0.05287640541791916,-0.10138186812400818,-0.04850546270608902,998.0
ARB,20241206,us,stress,0.005010929889976978,0.006788270082324743,0.011799200437963009,99.0
ARB,20241215,asia,calm,0.020795714110136032,-0.07595653086900711,-0.05516082048416138,382.0
ARB,20241215,asia,mid,0.011858591809868813,-0.03438131883740425,-0.02252272516489029,219.0
ARB,20241215,europe,calm,0.017678353935480118,-0.04628239572048187,-0.028604041785001755,322.0
ARB,20241215,europe,mid,0.014098349027335644,-0.03177780658006668,-0.017679458484053612,256.0
ARB,20241215,us,calm,0.018982039764523506,-0.049570903182029724,-0.030588865280151367,335.0
ARB,20241215,us,mid,0.04025598615407944,-0.13366593420505524,-0.0934099406003952,712.0
ARB,20241215,us,stress,0.0047324602492153645,0.009709550999104977,0.01444200985133648,83.0
ARB,20241224,asia,calm,0.009325823746621609,-0.016620006412267685,-0.0072941831313073635,135.0
ARB,20241224,asia,mid,0.02857379987835884,-0.06570819765329361,-0.03713439404964447,429.0
ARB,20241224,europe,calm,0.01384008675813675,-0.039054106920957565,-0.025214022025465965,210.0
ARB,20241224,europe,mid,0.037540122866630554,-0.057042092084884644,-0.01950196549296379,569.0
ARB,20241224,us,calm,0.011889074929058552,-0.0293346606194973,-0.017445586621761322,183.0
ARB,20241224,us,mid,0.03461714833974838,-0.0787249431014061,-0.04410779848694801,509.0
ARB,20241230,asia,calm,0.010789217427372932,-0.02634706348180771,-0.015557844191789627,158.0
ARB,20241230,asia,mid,0.013988101854920387,-0.04388028755784035,-0.02989218942821026,201.0
ARB,20241230,europe,calm,0.011726778000593185,-0.015502799302339554,-0.0037760213017463684,173.0
ARB,20241230,europe,mid,0.027615241706371307,-0.07133807986974716,-0.04372284188866615,366.0
ARB,20241230,us,calm,0.00968519039452076,-0.027351627126336098,-0.017666436731815338,133.0
ARB,20241230,us,mid,0.03352925926446915,-0.06596201658248901,-0.032432764768600464,455.0
ARB,20241230,us,stress,0.006386930588632822,-0.019255032762885094,-0.012868102639913559,90.0
ARB,20250108,asia,calm,0.012425689026713371,-0.03329553082585335,-0.020869843661785126,184.0
ARB,20250108,asia,mid,0.039896123111248016,-0.08748531341552734,-0.04758918285369873,595.0
ARB,20250108,asia,stress,0.0038248824421316385,-0.008831465616822243,-0.005006580613553524,53.0
ARB,20250108,europe,calm,0.016326291486620903,-0.019166572019457817,-0.0028402809984982014,243.0
ARB,20250108,europe,mid,0.04295133799314499,-0.09192335605621338,-0.04897201806306839,636.0
ARB,20250108,us,calm,0.003865845501422882,-0.004963601008057594,-0.0010977553902193904,48.0
ARB,20250108,us,mid,0.054422155022621155,-0.08268164098262787,-0.028259485960006714,788.0
ARB,20250108,us,stress,0.05565912276506424,-0.021022498607635498,0.034636616706848145,749.0
ARB,20250117,asia,calm,0.01746915467083454,-0.032916441559791565,-0.015447286888957024,265.0
ARB,20250117,asia,mid,0.00805806927382946,-0.024492355063557625,-0.016434285789728165,120.0
ARB,20250117,europe,calm,0.019068721681833267,-0.04802916198968887,-0.028960436582565308,287.0
ARB,20250117,europe,mid,0.03494381904602051,-0.05844418704509735,-0.023500366136431694,543.0
ARB,20250117,europe,stress,0.0019320877036079764,-0.0031819255091249943,-0.0012498367577791214,31.0
ARB,20250117,us,calm,0.011672438122332096,-0.014444539323449135,-0.0027721025981009007,181.0
ARB,20250117,us,mid,0.027906309813261032,-0.03156960383057594,-0.003663291223347187,436.0
ARB,20250126,asia,calm,0.017765400931239128,-0.04192057624459267,-0.02415517531335354,249.0
ARB,20250126,europe,calm,0.01745438575744629,-0.02155798301100731,-0.004103597719222307,240.0
ARB,20250126,us,calm,0.01829248107969761,-0.025563528761267662,-0.007271047681570053,249.0
ARB,20250126,us,mid,0.01064758189022541,-0.025971274822950363,-0.015323693864047527,136.0
ARB,20250201,asia,calm,0.009715467691421509,-0.026295259594917297,-0.01657979004085064,119.0
ARB,20250201,asia,mid,0.010958852246403694,-0.056027352809906006,-0.04506850615143776,134.0
ARB,20250201,asia,stress,0.02804054319858551,-0.18196460604667664,-0.15392407774925232,332.0
ARB,20250201,europe,calm,0.006863790564239025,-0.013106273487210274,-0.006242483388632536,85.0
ARB,20250201,europe,mid,0.014720667153596878,-0.022717490792274475,-0.007996823638677597,183.0
ARB,20250201,us,calm,0.0018565513892099261,5.856403731741011e-06,0.00186240766197443,23.0
ARB,20250201,us,mid,0.046289585530757904,-0.07801108807325363,-0.03172150254249573,526.0
ARB,20250210,asia,mid,0.03625855594873428,-0.06721329689025879,-0.030954739078879356,323.0
ARB,20250210,asia,stress,0.016850966960191727,-0.014428339898586273,0.002422626595944166,146.0
ARB,20250210,europe,mid,0.03509121388196945,-0.03547970950603485,-0.0003884988836944103,320.0
ARB,20250210,europe,stress,0.007736643776297569,0.003678786801174283,0.011415431275963783,69.0
ARB,20250210,us,calm,0.0054829842410981655,-0.01737949065864086,-0.011896505951881409,51.0
ARB,20250210,us,mid,0.030375581234693527,-0.035726696252822876,-0.0053511145524680614,279.0
ARB,20250219,asia,mid,0.01921919360756874,-0.051855023950338364,-0.03263583034276962,176.0
ARB,20250219,europe,calm,0.00010710077913245186,-0.00021420155826490372,-0.00010710077913245186,1.0
ARB,20250219,europe,mid,0.03377038985490799,-0.0632680207490921,-0.02949763834476471,314.0
ARB,20250219,us,calm,0.002126735635101795,-0.005004134960472584,-0.0028773995582014322,19.0
ARB,20250219,us,mid,0.0315096415579319,-0.06391111016273499,-0.032401468604803085,295.0
ARB,20250228,asia,mid,0.0043083676137030125,-0.020372750237584114,-0.01606438308954239,35.0
ARB,20250228,asia,stress,0.10966000705957413,-0.05156497284770012,0.05809502676129341,851.0
ARB,20250228,europe,mid,0.007854512892663479,-0.011797075159847736,-0.003942563198506832,61.0
ARB,20250228,europe,stress,0.046612195670604706,-0.11713726818561554,-0.07052507251501083,360.0
ARB,20250228,us,mid,0.02031845971941948,-0.03273560851812363,-0.012417152523994446,167.0
ARB,20250306,asia,mid,0.03214091807603836,-0.0603996217250824,-0.028258703649044037,270.0
ARB,20250306,asia,stress,0.0035834747832268476,-0.007514567580074072,-0.003931091632694006,30.0
ARB,20250306,europe,calm,0.0004721715522464365,0.0002358768688281998,0.000708048406522721,4.0
ARB,20250306,europe,mid,0.02275347150862217,-0.036384619772434235,-0.013631148263812065,189.0
ARB,20250306,europe,stress,0.010324371047317982,-0.023694591596722603,-0.013370221480727196,84.0
ARB,20250306,us,calm,0.00036724231904372573,-0.0008572735823690891,-0.0004900312633253634,2.0
ARB,20250306,us,mid,0.021800799295306206,-0.006788469851016998,0.015012328512966633,176.0
ARB,20250306,us,stress,0.004671015311032534,-0.005400762893259525,-0.0007297482225112617,38.0
ARB,20250315,asia,calm,0.008883563801646233,-0.016654033213853836,-0.007770469877868891,64.0
ARB,20250315,asia,mid,0.004706459119915962,-0.006379670463502407,-0.0016732108779251575,34.0
ARB,20250315,europe,calm,0.011635116301476955,-0.015813453122973442,-0.004178336355835199,84.0
ARB,20250315,europe,mid,0.0031874871347099543,-0.008041886612772942,-0.004854399710893631,23.0
ARB,20250315,us,calm,0.012984656728804111,-0.01951742358505726,-0.006532767787575722,95.0
ARB,20250315,us,mid,0.0013724612072110176,-0.002882306231185794,-0.0015098450239747763,10.0
ARB,20250324,asia,calm,0.0005222954787313938,-0.0005222613690420985,3.41096892952919e-08,4.0
ARB,20250324,asia,mid,0.017316395416855812,-0.016626743599772453,0.0006896501872688532,130.0
ARB,20250324,asia,stress,0.00013592497271019965,0.0,0.00013592497271019965,1.0
ARB,20250324,europe,calm,0.0005203931359574199,0.00026072116452269256,0.0007811142131686211,4.0
ARB,20250324,europe,mid,0.01867213472723961,-0.036677200347185135,-0.018005063757300377,144.0
ARB,20250324,europe,stress,0.004601249936968088,-0.003986523021012545,0.0006147263338789344,36.0
ARB,20250324,us,calm,0.0031920727342367172,-0.0065168594010174274,-0.0033247866667807102,25.0
ARB,20250324,us,mid,0.008455060422420502,-0.009495084173977375,-0.0010400242172181606,64.0
ARB,20250330,asia,calm,0.0005957302055321634,-0.0008949444745667279,-0.0002992142690345645,4.0
ARB,20250330,asia,mid,0.008522498421370983,-0.014021065086126328,-0.005498567130416632,57.0
ARB,20250330,europe,calm,0.00029757857555523515,-0.000300766434520483,-3.1878589652478695e-06,2.0
ARB,20250330,europe,mid,0.020925849676132202,-0.03912370651960373,-0.018197854980826378,138.0
ARB,20250330,europe,stress,0.0007565465057268739,-0.0024238815531134605,-0.0016673351638019085,5.0
ARB,20250330,us,calm,0.0006048736395314336,-0.00014900128007866442,0.0004558723303489387,3.0
ARB,20250330,us,mid,0.015745222568511963,-0.015187517739832401,0.0005577051779255271,103.0
ARB,20250408,asia,mid,0.00933846551924944,-0.011362080462276936,-0.0020236154086887836,50.0
ARB,20250408,asia,stress,0.005948952864855528,-0.01075711939483881,-0.004808166529983282,33.0
ARB,20250408,europe,mid,0.0055273850448429585,-0.00793483480811119,-0.0024074483662843704,29.0
ARB,20250408,europe,stress,0.023578014224767685,-0.031111814081668854,-0.0075337993912398815,130.0
ARB,20250408,us,calm,0.000380156358005479,-0.00038058991776779294,-4.33559762313962e-07,2.0
ARB,20250408,us,mid,0.0052957599982619286,-0.01020884606987238,-0.004913086537271738,28.0
ARB,20250408,us,stress,0.041984930634498596,-0.07191435992717743,-0.02992943860590458,223.0
ARB,20250417,asia,calm,0.0001791151735233143,0.0,0.0001791151735233143,1.0
ARB,20250417,asia,mid,0.009983912110328674,-0.013545900583267212,-0.003561987541615963,56.0
ARB,20250417,europe,mid,0.014981063082814217,-0.01215389184653759,0.0028271707706153393,82.0
ARB,20250417,europe,stress,0.0023442108649760485,-0.00145112001337111,0.0008930909098125994,13.0
ARB,20250417,us,calm,0.0024717110209167004,-0.003700828645378351,-0.001229117508046329,14.0
ARB,20250417,us,mid,0.011661398224532604,-0.010341756045818329,0.0013196433428674936,65.0
ARB,20250417,us,stress,0.0028317763935774565,-0.007780350279062986,-0.0049485741183161736,16.0
ARB,20250426,asia,mid,0.01774793677031994,-0.019350383430719376,-0.0016024470096454024,122.0
ARB,20250426,asia,stress,0.0007087173289619386,-0.00028356732218526304,0.0004251499776728451,5.0
ARB,20250426,europe,mid,0.015596901066601276,-0.025367246940732002,-0.009770345874130726,108.0
ARB,20250426,europe,stress,0.0012744890991598368,-0.0031206763815134764,-0.0018461872823536396,9.0
ARB,20250426,us,calm,0.0012850852217525244,-0.0031439601443707943,-0.00185887492261827,9.0
ARB,20250426,us,mid,0.008122366853058338,-0.012800154276192188,-0.004677787888795137,57.0
ARB,20250502,asia,calm,0.00029205638566054404,-0.0007296931580640376,-0.0004376367724034935,2.0
ARB,20250502,asia,mid,0.012929132208228111,-0.011297703720629215,0.0016314275562763214,88.0
ARB,20250502,europe,calm,0.0011911960318684578,-0.0023853210732340813,-0.0011941250413656235,8.0
ARB,20250502,europe,mid,0.016325606033205986,-0.016162555664777756,0.0001630487822694704,103.0
ARB,20250502,europe,stress,0.0010383040644228458,-0.002372946823015809,-0.0013346427585929632,7.0
ARB,20250502,us,calm,0.0016279120463877916,-0.004444355610758066,-0.0028164435643702745,11.0
ARB,20250502,us,mid,0.011041704565286636,-0.021482868120074272,-0.010441163554787636,75.0
ARB,20250511,asia,mid,0.00010329511133022606,-0.0008263608906418085,-0.0007230658084154129,1.0
ARB,20250511,asia,stress,0.1917121410369873,-0.23465126752853394,-0.042939115315675735,1761.0
ARB,20250511,europe,mid,0.0363553985953331,-0.06740352511405945,-0.03104812651872635,328.0
ARB,20250511,europe,stress,0.04221748560667038,-0.055433474481105804,-0.013215981423854828,374.0
ARB,20250511,us,calm,0.0009930742671713233,0.001988582778722048,0.002981657162308693,9.0
ARB,20250511,us,mid,0.01788848638534546,-0.04916743189096451,-0.03127894550561905,160.0
ARB,20250511,us,stress,0.03494575247168541,-0.05854439735412598,-0.02359864115715027,305.0
ARB,20250520,asia,mid,0.02893964946269989,-0.0452437698841095,-0.016304120421409607,223.0
ARB,20250520,asia,stress,0.014953408390283585,-0.017604056745767593,-0.002650647656992078,118.0
ARB,20250520,europe,mid,0.03191809356212616,-0.05134381726384163,-0.019425727427005768,246.0
ARB,20250520,europe,stress,0.00999150238931179,-0.016616664826869965,-0.006625161971896887,76.0
ARB,20250520,us,mid,0.03024800680577755,-0.0279068686068058,0.0023411386646330357,230.0
ARB,20250520,us,stress,0.010140109807252884,-0.016383208334445953,-0.006243099458515644,77.0
ARB,20250601,asia,mid,0.0183524452149868,-0.03440920636057854,-0.016056757420301437,123.0
ARB,20250601,europe,mid,0.024052292108535767,-0.03562753647565842,-0.011575242504477501,158.0
ARB,20250601,us,calm,0.0007317526615224779,-0.00044103231630288064,0.00029072031611576676,5.0
ARB,20250601,us,mid,0.025738151744008064,-0.026322579011321068,-0.0005844277329742908,170.0
ARB,20250601,us,stress,0.0016073560109362006,-0.003212492447346449,-0.0016051360871642828,11.0
ARB,20250607,asia,calm,0.0005871577886864543,-0.0011743155773729086,-0.0005871577886864543,4.0
ARB,20250607,asia,mid,0.010336128063499928,-0.022446677088737488,-0.01211055088788271,70.0
ARB,20250607,asia,stress,0.0001508978457422927,0.0003017956914845854,0.0004526935226749629,1.0
ARB,20250607,europe,calm,0.0023368019610643387,-0.003503158688545227,-0.0011663567274808884,16.0
ARB,20250607,europe,mid,0.010552676394581795,-0.022855456918478012,-0.012302779592573643,73.0
ARB,20250607,us,calm,0.0033207309897989035,-0.004904182627797127,-0.0015834516379982233,23.0
ARB,20250607,us,mid,0.007515635807067156,-0.008703039027750492,-0.0011874039191752672,52.0
ARB,20250616,asia,mid,0.026574760675430298,-0.04228711500763893,-0.015712354332208633,177.0
ARB,20250616,asia,stress,0.005441716406494379,-0.007248983718454838,-0.0018072668462991714,36.0
ARB,20250616,europe,mid,0.02177352085709572,-0.03677673637866974,-0.015003212727606297,146.0
ARB,20250616,europe,stress,0.012240241281688213,-0.023278482258319855,-0.011038239113986492,83.0
ARB,20250616,us,calm,0.001033036969602108,-0.0038387728855013847,-0.0028057359158992767,7.0
ARB,20250616,us,mid,0.030675161629915237,-0.03995772451162338,-0.009282566606998444,200.0
ARB,20250616,us,stress,0.027313990518450737,-0.01884034089744091,0.008473649621009827,174.0
ARB,20250625,asia,mid,0.022225257009267807,-0.035655003041028976,-0.01342974416911602,139.0
ARB,20250625,asia,stress,0.0011154881212860346,-0.0019130634609609842,-0.0007975753396749496,7.0
ARB,20250625,europe,mid,0.02268827334046364,-0.025143716484308243,-0.0024554445408284664,140.0
ARB,20250625,europe,stress,0.025909004732966423,-0.047825828194618225,-0.021916823461651802,162.0
ARB,20250625,us,mid,0.01531170029193163,-0.018546821549534798,-0.003235121490433812,96.0
ARB,20250625,us,stress,0.02174200490117073,-0.03541991114616394,-0.01367790624499321,138.0
ARB,20250704,asia,mid,0.034405238926410675,-0.047039058059453964,-0.012633824720978737,225.0
ARB,20250704,asia,stress,0.005281360819935799,-0.005123161245137453,0.0001582000986672938,35.0
ARB,20250704,europe,mid,0.03214471787214279,-0.04281751438975334,-0.0106727983802557,208.0
ARB,20250704,europe,stress,0.016670532524585724,-0.022116970270872116,-0.005446439143270254,108.0
ARB,20250704,us,calm,0.0018696453189477324,-0.0015578765887767076,0.0003117688465863466,12.0
ARB,20250704,us,mid,0.022140586748719215,-0.02189779281616211,0.00024279532954096794,142.0
ARB,20250704,us,stress,0.022092435508966446,-0.024512384086847305,-0.002419950906187296,135.0
ARB,20250710,asia,mid,0.0325755812227726,-0.046957746148109436,-0.014382164925336838,230.0
ARB,20250710,asia,stress,0.0005625878693535924,-0.0011250965762883425,-0.000562508765142411,4.0
ARB,20250710,europe,mid,0.02195780724287033,-0.02480754256248474,-0.002849736250936985,158.0
ARB,20250710,europe,stress,0.009598908014595509,-0.00246991659514606,0.007128991186618805,69.0
ARB,20250710,us,mid,0.03325652331113815,-0.04965700954198837,-0.01640048250555992,245.0
ARB,20250710,us,stress,0.0830477774143219,-0.12044662982225418,-0.03739885240793228,598.0
ARB,20250719,asia,mid,0.03649064153432846,-0.07008717209100723,-0.03359653055667877,335.0
ARB,20250719,asia,stress,0.024955546483397484,-0.02948269061744213,-0.004527144134044647,222.0
ARB,20250719,europe,mid,0.03678899258375168,-0.08322508633136749,-0.04643610119819641,335.0
ARB,20250719,europe,stress,0.0031187538988888264,-0.008007013238966465,-0.004888259805738926,28.0
ARB,20250719,us,mid,0.034392647445201874,-0.07343095541000366,-0.039038315415382385,315.0
ARB,20250727,asia,calm,0.006503807846456766,-0.009044951759278774,-0.002541144611313939,59.0
ARB,20250727,asia,mid,0.01375107653439045,-0.03837616741657257,-0.02462509460747242,112.0
ARB,20250727,europe,calm,0.006456233561038971,-0.008247008547186852,-0.0017907744040712714,58.0
ARB,20250727,europe,mid,0.0198870487511158,-0.049795810133218765,-0.029908761382102966,180.0
ARB,20250727,us,calm,0.000658217875752598,-0.0020805366802960634,-0.0014223188627511263,5.0
ARB,20250727,us,mid,0.02665277197957039,-0.05087187886238098,-0.024219108745455742,242.0
ARB,20250727,us,stress,0.0009957356378436089,-0.0028792221564799547,-0.001883486402221024,9.0
ARB,20250730,asia,mid,0.026321472600102425,-0.04488637298345566,-0.018564898520708084,221.0
ARB,20250730,europe,mid,0.0189431831240654,-0.013888188637793064,0.005054997280240059,157.0
ARB,20250730,europe,stress,0.0510384663939476,-0.054600559175014496,-0.003562090452760458,405.0
ARB,20250730,us,mid,0.02160496637225151,-0.018886562436819077,0.0027184030041098595,176.0
ARB,20250730,us,stress,0.060579847544431686,-0.033523209393024445,0.02705664560198784,483.0
ARB,20250801,asia,mid,0.0129928607493639,-0.016659613698720932,-0.0036667524836957455,101.0
ARB,20250801,asia,stress,0.04625285044312477,-0.05284557864069939,-0.006592730991542339,358.0
ARB,20250801,europe,mid,0.012240971438586712,-0.033503640443086624,-0.02126266621053219,92.0
ARB,20250801,europe,stress,0.059338271617889404,-0.062274813652038574,-0.002936546690762043,449.0
ARB,20250801,us,mid,0.006493635009974241,-0.009592430666089058,-0.0030987956561148167,50.0
ARB,20250801,us,stress,0.06854043155908585,-0.07915829867124557,-0.010617867112159729,505.0
ARB,20250804,asia,calm,0.0023148495238274336,-0.004110387526452541,-0.0017955382354557514,18.0
ARB,20250804,asia,mid,0.01915576681494713,-0.018251731991767883,0.0009040356380864978,149.0
ARB,20250804,europe,mid,0.023046135902404785,-0.04682660475373268,-0.023780468851327896,180.0
ARB,20250804,europe,stress,0.010544990189373493,-0.019091680645942688,-0.00854668952524662,82.0
ARB,20250804,us,calm,0.0013563460670411587,-0.0014840441290289164,-0.00012769800378009677,10.0
ARB,20250804,us,mid,0.031178779900074005,-0.04678630083799362,-0.015607519075274467,251.0
ARB,20250807,asia,calm,0.007209865376353264,-0.01393444649875164,-0.0067245797254145145,56.0
ARB,20250807,asia,mid,0.00792992115020752,-0.01611359976232052,-0.008183678612112999,62.0
ARB,20250807,europe,calm,0.0012729235459119081,-0.005828683264553547,-0.004555759485810995,10.0
ARB,20250807,europe,mid,0.023107454180717468,-0.043370965868234634,-0.020263511687517166,187.0
ARB,20250807,europe,stress,0.005083122290670872,0.000229461002163589,0.005312582012265921,41.0
ARB,20250807,us,calm,0.006190350279211998,-0.007613467052578926,-0.0014231175882741809,50.0
ARB,20250807,us,mid,0.02059239149093628,-0.03826708346605301,-0.01767469011247158,168.0
ARB,20250807,us,stress,0.0006215354078449309,-0.0012409070041030645,-0.0006193716544657946,5.0
ARB,20250810,asia,calm,0.0011884337291121483,-0.0030231105629354715,-0.001834677066653967,11.0
ARB,20250810,asia,mid,0.04640500620007515,-0.09041547030210495,-0.0440104641020298,420.0
ARB,20250810,asia,stress,0.005659447982907295,-0.013789712451398373,-0.008130263537168503,53.0
ARB,20250810,europe,calm,0.0042702448554337025,-0.007113975938409567,-0.0028437308501452208,39.0
ARB,20250810,europe,mid,0.03045382723212242,-0.06052415445446968,-0.03007032722234726,279.0
ARB,20250810,europe,stress,0.004207800142467022,-0.008073786273598671,-0.0038659863639622927,38.0
ARB,20250810,us,calm,0.001936525572091341,-0.004634719807654619,-0.002698194235563278,18.0
ARB,20250810,us,mid,0.019307389855384827,-0.0405062735080719,-0.021198881790041924,175.0
ARB,20250812,asia,calm,0.0013574761105701327,-0.0013817815342918038,-2.4305438273586333e-05,12.0
ARB,20250812,asia,mid,0.01709417626261711,-0.0352027527987957,-0.018108578398823738,150.0
ARB,20250812,asia,stress,0.0006874167593196034,-0.004123083781450987,-0.0034356669057160616,6.0
ARB,20250812,europe,calm,0.00022578483913093805,-0.0009035981493070722,-0.0006778133101761341,2.0
ARB,20250812,europe,mid,0.024356206879019737,-0.06310819834470749,-0.0387519896030426,211.0
ARB,20250812,europe,stress,0.0762133002281189,-0.11124994605779648,-0.03503664955496788,666.0
ARB,20250812,us,mid,0.04340732842683792,-0.11020161956548691,-0.06679429113864899,406.0
ARB,20250812,us,stress,0.01950695924460888,-0.023260105401277542,-0.0037531456910073757,184.0
ARB,20250815,asia,mid,0.03604012727737427,-0.06695149838924408,-0.030911369249224663,376.0
ARB,20250815,asia,stress,0.0404922217130661,-0.0645051896572113,-0.024012967944145203,403.0
ARB,20250815,europe,mid,0.029839087277650833,-0.06587354838848114,-0.03603445738554001,301.0
ARB,20250815,europe,stress,0.11670278012752533,-0.1392420530319214,-0.022539284080266953,1113.0
ARB,20250815,us,mid,0.036254338920116425,-0.046073876321315765,-0.009819534607231617,344.0
ARB,20250815,us,stress,0.03632785752415657,-0.06358903646469116,-0.027261175215244293,339.0
ARB,20250818,asia,mid,0.016113929450511932,-0.02938772365450859,-0.013273795135319233,167.0
ARB,20250818,asia,stress,0.1026429682970047,-0.1699841171503067,-0.0673411637544632,1040.0
ARB,20250818,europe,mid,0.031649310141801834,-0.0794258862733841,-0.04777657985687256,324.0
ARB,20250818,europe,stress,0.05687996745109558,-0.1012934148311615,-0.04441343992948532,578.0
ARB,20250818,us,mid,0.04748973250389099,-0.11684916913509369,-0.0693594366312027,488.0
ARB,20250818,us,stress,0.012714818120002747,-0.03138558939099312,-0.01867077127099037,130.0
AVAX,20230724,asia,calm,0.0031749738845974207,-0.007849136367440224,-0.004674162715673447,17.0
AVAX,20230724,asia,mid,0.006175074726343155,-0.014780651777982712,-0.008605576120316982,32.0
AVAX,20230724,europe,calm,0.0005637920694425702,-0.0015007881447672844,-0.0009369960753247142,3.0
AVAX,20230724,europe,mid,0.01358482614159584,0.002362603321671486,0.015947429463267326,67.0
AVAX,20230724,europe,stress,0.056548528373241425,-0.07727736234664917,-0.02072882652282715,267.0
AVAX,20230724,us,calm,0.0019121237564831972,-0.004206875804811716,-0.002294752513989806,10.0
AVAX,20230724,us,mid,0.0009671595180407166,-0.0011613653041422367,-0.00019420572789385915,5.0
AVAX,20230802,asia,calm,0.0021492778323590755,-0.0039049778133630753,-0.0017556998645886779,11.0
AVAX,20230802,asia,mid,0.002331985393539071,-0.0019359530415385962,0.00039603241020813584,12.0
AVAX,20230802,europe,calm,0.0031494046561419964,-0.003930558450520039,-0.0007811544928699732,16.0
AVAX,20230802,europe,mid,0.005160131491720676,-0.007524690590798855,-0.0023645597975701094,26.0
AVAX,20230802,us,calm,0.0035859118215739727,-0.007567290682345629,-0.003981378860771656,18.0
AVAX,20230802,us,mid,0.008210589177906513,-0.006589321419596672,0.0016212682239711285,40.0
AVAX,20230802,us,stress,0.006417362485080957,-0.0060090571641922,0.00040830601938068867,32.0
AVAX,20230808,asia,calm,0.002807958284392953,-0.005614787340164185,-0.0028068292886018753,14.0
AVAX,20230808,asia,mid,0.00040136463940143585,-0.00040136463940143585,0.0,2.0
AVAX,20230808,europe,calm,0.0037894551642239094,-0.007182493340224028,-0.003393038408830762,19.0
AVAX,20230808,europe,mid,0.0007995207561179996,-0.00199912185780704,-0.0011996012181043625,4.0
AVAX,20230808,us,calm,0.006881994660943747,-0.008452139794826508,-0.001570143736898899,28.0
AVAX,20230808,us,mid,0.002163869561627507,-0.0066808490082621574,-0.004516978748142719,11.0
AVAX,20230817,asia,calm,0.0004379243473522365,-0.000875848694704473,-0.0004379243473522365,2.0
AVAX,20230817,asia,mid,0.003550732508301735,-0.00487829465419054,-0.001327562378719449,16.0
AVAX,20230817,asia,stress,0.005607635714113712,-0.0013832891127094626,0.004224346484988928,25.0
AVAX,20230817,europe,calm,0.0024079277645796537,-0.004817197564989328,-0.002409269567579031,11.0
AVAX,20230817,europe,mid,0.008222749456763268,-0.025402121245861053,-0.017179368063807487,37.0
AVAX,20230817,europe,stress,0.00918319821357727,-0.025298526510596275,-0.016115328297019005,40.0
AVAX,20230817,us,calm,0.0008915700018405914,0.00044910339056514204,0.001340673421509564,4.0
AVAX,20230817,us,mid,0.006306675728410482,-0.018098093569278717,-0.011791416443884373,28.0
AVAX,20230817,us,stress,0.23221038281917572,-0.5179031491279602,-0.2856927812099457,806.0
AVAX,20230826,asia,calm,0.0009967616060748696,-0.0014951429329812527,-0.000498381326906383,4.0
AVAX,20230826,europe,calm,0.0004978844663128257,0.0,0.0004978844663128257,2.0
AVAX,20230826,us,calm,0.0009919602889567614,-0.0019839205779135227,-0.0009919602889567614,4.0
AVAX,20230904,asia,calm,0.002273195656016469,-0.004040190484374762,-0.0017669947119429708,9.0
AVAX,20230904,asia,mid,0.0004988776054233313,-0.0019950128626078367,-0.0014961351407691836,2.0
AVAX,20230904,europe,calm,0.0017709622625261545,-0.002023301087319851,-0.0002523389121051878,7.0
AVAX,20230904,europe,mid,0.002540686633437872,-0.006602841429412365,-0.004062154795974493,10.0
AVAX,20230904,us,calm,0.002547140698879957,-0.004073107615113258,-0.0015259669162333012,10.0
AVAX,20230904,us,mid,0.0023096248041838408,-0.005139314103871584,-0.002829688834026456,9.0
AVAX,20230910,asia,calm,0.0036265579983592033,-0.014414605684578419,-0.01078804675489664,14.0
AVAX,20230910,asia,mid,0.014338897541165352,-0.0690707117319107,-0.054731812328100204,55.0
AVAX,20230910,asia,stress,0.031811438500881195,-0.08790023624897003,-0.05608881264925003,113.0
AVAX,20230910,europe,calm,0.001572354231029749,-0.004192383494228125,-0.002620029030367732,6.0
AVAX,20230910,europe,mid,0.0028847886715084314,0.000518274784553796,0.0034030636306852102,11.0
AVAX,20230910,us,calm,0.0007887144456617534,-0.003681862261146307,-0.0028931477572768927,3.0
AVAX,20230910,us,mid,0.006881793960928917,-0.01799936220049858,-0.01111756730824709,26.0
AVAX,20230919,asia,calm,0.00219645700417459,-0.003841799683868885,-0.0016453424468636513,8.0
AVAX,20230919,asia,mid,0.001929519698023796,-0.004408943001180887,-0.002479423303157091,7.0
AVAX,20230919,europe,calm,0.0021748091094195843,-0.003805400338023901,-0.0016305913450196385,8.0
AVAX,20230919,europe,mid,0.007065142504870892,-0.012227173894643784,-0.005162032321095467,25.0
AVAX,20230919,us,calm,0.0013589283917099237,-0.002175707370042801,-0.0008167788037098944,5.0
AVAX,20230919,us,mid,0.0027144576888531446,-0.004345203749835491,-0.0016307453624904156,10.0
AVAX,20230928,asia,calm,0.0033397574443370104,-0.006681059952825308,-0.0033413025084882975,12.0
AVAX,20230928,asia,mid,0.0022332551889121532,-0.003906442783772945,-0.0016731878276914358,8.0
AVAX,20230928,europe,calm,0.006031982600688934,-0.012616297230124474,-0.006584313698112965,22.0
AVAX,20230928,europe,mid,0.007875054143369198,-0.015750106424093246,-0.007875051349401474,29.0
AVAX,20230928,us,calm,0.002698821946978569,-0.005397061351686716,-0.002698239404708147,10.0
AVAX,20230928,us,mid,0.005394071340560913,-0.009703275747597218,-0.004309205338358879,20.0
AVAX,20231007,asia,mid,0.019144151359796524,-0.02807164192199707,-0.008927489630877972,84.0
AVAX,20231007,asia,stress,0.08359064161777496,-0.2399778515100479,-0.15638719499111176,367.0
AVAX,20231007,europe,mid,0.023851517587900162,-0.030218400061130524,-0.006366882473230362,101.0
AVAX,20231007,europe,stress,0.02313680574297905,-0.03472556918859482,-0.011588767170906067,94.0
AVAX,20231007,us,calm,0.0009657186456024647,-0.001448462251573801,-0.00048274354776367545,4.0
AVAX,20231007,us,mid,0.010888502933084965,-0.015752729028463364,-0.00486422423273325,44.0
AVAX,20231013,asia,calm,0.0021889377385377884,-0.005472566932439804,-0.0032836291939020157,8.0
AVAX,20231013,asia,mid,0.0005455540958791971,-0.0005451076431199908,4.46452759206295e-07,2.0
AVAX,20231013,europe,calm,0.0038306908681988716,-0.007115678861737251,-0.0032849882263690233,14.0
AVAX,20231013,europe,mid,0.0013802389148622751,-0.003314647823572159,-0.0019344089087098837,5.0
AVAX,20231013,us,calm,0.001368301105685532,-0.0021873025689274073,-0.0008190014632418752,5.0
AVAX,20231013,us,mid,0.0029825058300048113,0.0032284425105899572,0.006210949271917343,11.0
AVAX,20231013,us,stress,0.003233660012483597,-0.005369354970753193,-0.002135694958269596,12.0
AVAX,20231022,asia,mid,0.004860151559114456,-0.0064092217944562435,-0.001549070468172431,19.0
AVAX,20231022,asia,stress,0.020745497196912766,-0.04204723984003067,-0.021301738917827606,80.0
AVAX,20231022,europe,mid,0.008966762572526932,-0.01228461042046547,-0.0033178478479385376,35.0
AVAX,20231022,europe,stress,0.0038294782862067223,-0.008173929527401924,-0.004344451706856489,15.0
AVAX,20231022,us,calm,0.0002515723172109574,-0.0005031446344219148,-0.0002515723172109574,1.0
AVAX,20231022,us,mid,0.009577163495123386,-0.02265523187816143,-0.01307806558907032,38.0
AVAX,20231031,asia,mid,0.010409053415060043,-0.019528796896338463,-0.00911974348127842,48.0
AVAX,20231031,asia,stress,0.0008625981863588095,-0.003030122257769108,-0.002167524304240942,4.0
AVAX,20231031,europe,mid,0.01923910714685917,-0.023804692551493645,-0.004565590526908636,87.0
AVAX,20231031,europe,stress,0.024017050862312317,-0.056426726281642914,-0.0324096754193306,101.0
AVAX,20231031,us,mid,0.00954610574990511,-0.01864134520292282,-0.009095238521695137,43.0
AVAX,20231031,us,stress,0.0035211422946304083,-0.009676464833319187,-0.006155321374535561,14.0
AVAX,20231109,asia,mid,0.013209367170929909,-0.011675612069666386,0.0015337589429691434,69.0
AVAX,20231109,asia,stress,0.005479787476360798,-0.0004059081547893584,0.005073880776762962,29.0
AVAX,20231109,europe,mid,0.008844796568155289,-0.01624729298055172,-0.007402496412396431,48.0
AVAX,20231109,europe,stress,0.07815185189247131,-0.14518150687217712,-0.06702964752912521,404.0
AVAX,20231109,us,mid,0.0035293588880449533,-0.008981611579656601,-0.005452252924442291,18.0
AVAX,20231109,us,stress,0.32354509830474854,-0.6713324189186096,-0.3477872610092163,1407.0
AVAX,20231115,asia,mid,0.038808200508356094,-0.11886019259691238,-0.08005201071500778,266.0
AVAX,20231115,asia,stress,0.1259061098098755,-0.26688575744628906,-0.14097963273525238,881.0
AVAX,20231115,europe,mid,0.013119606301188469,-0.02521088905632496,-0.012091285549104214,98.0
AVAX,20231115,europe,stress,0.40764108300209045,-0.8066319227218628,-0.3989908695220947,2948.0
AVAX,20231115,us,mid,0.014530695974826813,-0.025362664833664894,-0.010831966996192932,119.0
AVAX,20231115,us,stress,0.3760662078857422,-0.6830031871795654,-0.30693691968917847,2929.0
AVAX,20231124,asia,calm,0.0025368775241076946,-0.0067538428120315075,-0.0042169648222625256,21.0
AVAX,20231124,asia,mid,0.0224637221544981,-0.04850640892982483,-0.026042688637971878,185.0
AVAX,20231124,europe,calm,0.0005997939151711762,-0.0019184071570634842,-0.001318613183684647,5.0
AVAX,20231124,europe,mid,0.0699995756149292,-0.09103286266326904,-0.021033287048339844,531.0
AVAX,20231124,europe,stress,0.0339684784412384,-0.060901883989572525,-0.02693340927362442,271.0
AVAX,20231124,us,calm,0.000600457307882607,-0.0004785772762261331,0.0001218799443449825,5.0
AVAX,20231124,us,mid,0.03997654467821121,-0.0487871915102005,-0.008810648694634438,324.0
AVAX,20231124,us,stress,0.015156139619648457,0.0014887009747326374,0.01664484106004238,127.0
AVAX,20231203,asia,calm,0.0063920412212610245,-0.016968898475170135,-0.01057685911655426,56.0
AVAX,20231203,asia,mid,0.011679746210575104,-0.05055087432265282,-0.038871120661497116,105.0
AVAX,20231203,europe,calm,0.001929417485371232,-0.004546219948679209,-0.002616802230477333,17.0
AVAX,20231203,europe,mid,0.016978397965431213,-0.0849267989397049,-0.06794840097427368,128.0
AVAX,20231203,us,calm,0.0038962173275649548,-0.00893663614988327,-0.005040418356657028,34.0
AVAX,20231203,us,mid,0.012700451537966728,-0.009246345609426498,0.003454107092693448,107.0
AVAX,20231212,asia,mid,0.023710476234555244,-0.050676435232162476,-0.026965957134962082,360.0
AVAX,20231212,asia,stress,0.20444542169570923,-0.48707324266433716,-0.2826278507709503,2952.0
AVAX,20231212,europe,mid,0.060791242867708206,-0.12345066666603088,-0.06265942752361298,811.0
AVAX,20231212,europe,stress,0.19208970665931702,-0.22020241618156433,-0.028112702071666718,2255.0
AVAX,20231212,us,mid,0.025999873876571655,-0.0998753234744072,-0.07387544214725494,333.0
AVAX,20231212,us,stress,0.1974572241306305,-0.5609380006790161,-0.363480806350708,2503.0
AVAX,20231218,asia,mid,0.04302103817462921,-0.10850504040718079,-0.06548399478197098,612.0
AVAX,20231218,asia,stress,0.04159589111804962,-0.07405533641576767,-0.03245943784713745,618.0
AVAX,20231218,europe,mid,0.04156219959259033,-0.09386365115642548,-0.05230144411325455,584.0
AVAX,20231218,europe,stress,0.11773335933685303,-0.28092071413993835,-0.16318733990192413,1540.0
AVAX,20231218,us,mid,0.05446085333824158,-0.1485978364944458,-0.09413698315620422,777.0
AVAX,20231218,us,stress,0.02190655656158924,-0.03238015994429588,-0.010473606176674366,336.0
AVAX,20231227,asia,mid,0.03059091977775097,-0.09448385238647461,-0.0638929232954979,506.0
AVAX,20231227,asia,stress,0.004707086831331253,-0.0302637480199337,-0.025556661188602448,75.0
AVAX,20231227,europe,mid,0.05364683270454407,-0.14753183722496033,-0.09388499706983566,869.0
AVAX,20231227,europe,stress,0.001678283791989088,-0.003233411116525531,-0.0015551276737824082,29.0
AVAX,20231227,us,calm,0.0015744908014312387,-0.009056555107235909,-0.007482063490897417,26.0
AVAX,20231227,us,mid,0.04913216456770897,-0.13449807465076447,-0.08536592125892639,767.0
AVAX,20240105,asia,calm,6.742633559042588e-05,-0.00013485267118085176,-6.742633559042588e-05,1.0
AVAX,20240105,asia,mid,0.042132668197155,-0.23425078392028809,-0.19211812317371368,441.0
AVAX,20240105,asia,stress,0.08108818531036377,-0.14054444432258606,-0.05945625156164169,586.0
AVAX,20240105,europe,mid,0.042281270027160645,-0.1371934711933136,-0.09491219371557236,532.0
AVAX,20240105,europe,stress,0.03439449891448021,-0.008364935405552387,0.026029570028185844,361.0
AVAX,20240105,us,calm,6.862005102448165e-05,-0.0002744802040979266,-0.00020586015307344496,1.0
AVAX,20240105,us,mid,0.035669803619384766,-0.11669521778821945,-0.08102542161941528,468.0
AVAX,20240105,us,stress,0.017115596681833267,-0.03646492213010788,-0.01934933289885521,202.0
AVAX,20240111,asia,mid,0.033715471625328064,-0.07324641942977905,-0.03953094780445099,483.0
AVAX,20240111,asia,stress,0.011002810671925545,-0.03769748657941818,-0.02669467404484749,157.0
AVAX,20240111,europe,calm,0.0005147354677319527,-0.00013026580563746393,0.0003844696038868278,8.0
AVAX,20240111,europe,mid,0.034073859453201294,-0.06341463327407837,-0.02934076264500618,501.0
AVAX,20240111,europe,stress,0.10160459578037262,-0.21113304793834686,-0.10952845960855484,1361.0
AVAX,20240111,us,calm,0.002411420689895749,-0.000511042308062315,0.0019003782654181123,33.0
AVAX,20240111,us,mid,0.026407264173030853,-0.06926241517066956,-0.0428551584482193,402.0
AVAX,20240111,us,stress,0.030157525092363358,-0.11882950365543365,-0.0886719822883606,426.0
AVAX,20240120,asia,calm,0.005419239401817322,-0.011989905498921871,-0.006570667028427124,71.0
AVAX,20240120,asia,mid,0.0040537589229643345,-0.0060034506022930145,-0.0019496921449899673,51.0
AVAX,20240120,europe,calm,0.010550321079790592,-0.032178666442632675,-0.021628346294164658,126.0
AVAX,20240120,europe,mid,0.002097879070788622,-0.0007934062159620225,0.0013044727966189384,27.0
AVAX,20240120,us,calm,0.009818787686526775,-0.026996662840247154,-0.017177874222397804,119.0
AVAX,20240120,us,mid,0.00038432315341196954,0.00015438091941177845,0.0005387041019275784,5.0
AVAX,20240129,asia,calm,0.007048467639833689,-0.021741792559623718,-0.014693327248096466,95.0
AVAX,20240129,asia,mid,0.042156726121902466,-0.1060149297118187,-0.06385821104049683,573.0
AVAX,20240129,asia,stress,0.0002154193352907896,-0.0037329308688640594,-0.00351751153357327,3.0
AVAX,20240129,europe,calm,0.008949997834861279,-0.024668896570801735,-0.01571890152990818,122.0
AVAX,20240129,europe,mid,0.04663477838039398,-0.08522359281778336,-0.03858882188796997,606.0
AVAX,20240129,us,calm,0.008882196620106697,-0.013755704276263714,-0.0048735071904957294,124.0
AVAX,20240129,us,mid,0.034764692187309265,-0.10121551156044006,-0.0664508193731308,475.0
AVAX,20240129,us,stress,0.022547632455825806,-0.03928077220916748,-0.016733139753341675,311.0
AVAX,20240207,asia,calm,0.011100743897259235,-0.02660704031586647,-0.015506296418607235,144.0
AVAX,20240207,europe,calm,0.01523206289857626,-0.01551595889031887,-0.00028389645740389824,205.0
AVAX,20240207,europe,mid,0.0038577814120799303,-0.015952281653881073,-0.012094498611986637,52.0
AVAX,20240207,us,calm,0.0066782021895051,-0.0065400185994803905,0.0001381834881613031,92.0
AVAX,20240207,us,mid,0.03598511219024658,-0.06608320772647858,-0.030098097398877144,382.0
AVAX,20240213,asia,calm,0.013382135890424252,-0.03648325800895691,-0.023101119324564934,216.0
AVAX,20240213,asia,mid,0.012901537120342255,-0.0047272988595068455,0.008174238726496696,201.0
AVAX,20240213,europe,calm,0.016207434237003326,-0.030285121873021126,-0.0140776876360178,251.0
AVAX,20240213,europe,mid,0.0472513809800148,-0.19352716207504272,-0.14627577364444733,631.0
AVAX,20240213,europe,stress,0.018902435898780823,-0.0359916016459465,-0.01708916388452053,280.0
AVAX,20240213,us,calm,0.016675904393196106,-0.03600410372018814,-0.019328195601701736,258.0
AVAX,20240213,us,mid,0.005745132453739643,-0.02021610364317894,-0.014470972120761871,89.0
AVAX,20240222,asia,calm,0.015620100311934948,-0.02259950526058674,-0.006979404948651791,232.0
AVAX,20240222,asia,mid,0.00799003429710865,-0.01289946585893631,-0.00490943156182766,94.0
AVAX,20240222,europe,calm,0.01615959405899048,-0.02974470891058445,-0.013585114851593971,241.0
AVAX,20240222,europe,mid,0.016084425151348114,-0.029358278959989548,-0.01327385101467371,236.0
AVAX,20240222,us,calm,0.014946278184652328,-0.03725699707865715,-0.02231072261929512,207.0
AVAX,20240222,us,mid,0.011127530597150326,-0.035321786999702454,-0.024194255471229553,161.0
AVAX,20240302,asia,calm,0.009549548849463463,-0.03315139561891556,-0.023601844906806946,161.0
AVAX,20240302,asia,mid,0.036536429077386856,-0.06527037173509598,-0.02873394265770912,598.0
AVAX,20240302,europe,calm,0.00885822530835867,-0.028188247233629227,-0.019330020993947983,150.0
AVAX,20240302,europe,mid,0.03267642483115196,-0.09442543238401413,-0.06174900382757187,522.0
AVAX,20240302,us,calm,0.010196050629019737,-0.022384408861398697,-0.01218835823237896,164.0
AVAX,20240302,us,mid,0.022760657593607903,-0.062479905784130096,-0.03971925005316734,376.0
AVAX,20240311,asia,calm,0.011894743889570236,-0.03587198257446289,-0.023977236822247505,192.0
AVAX,20240311,asia,mid,0.05764004588127136,-0.018273957073688507,0.03936607390642166,739.0
AVAX,20240311,asia,stress,0.019852112978696823,-0.07171285897493362,-0.0518607497215271,240.0
AVAX,20240311,europe,mid,0.08789846301078796,-0.09650120139122009,-0.008602730929851532,1515.0
AVAX,20240311,europe,stress,0.09604352712631226,-0.20644821226596832,-0.11040470004081726,1587.0
AVAX,20240311,us,calm,0.00795031152665615,-0.03129219636321068,-0.023341884836554527,144.0
AVAX,20240311,us,mid,0.05745392292737961,-0.17152567207813263,-0.11407175660133362,1048.0
AVAX,20240311,us,stress,0.023040447384119034,-0.06467685103416443,-0.041636399924755096,412.0
AVAX,20240317,asia,mid,0.057994283735752106,-0.19407102465629578,-0.13607673346996307,1058.0
AVAX,20240317,asia,stress,0.08778278529644012,-0.1852433979511261,-0.09746061265468597,1451.0
AVAX,20240317,europe,mid,0.064642034471035,-0.14153939485549927,-0.07689736783504486,1270.0
AVAX,20240317,europe,stress,0.09921702742576599,-0.11423500627279282,-0.015017959289252758,1757.0
AVAX,20240317,us,calm,0.003139909589663148,-0.023544397205114365,-0.020404484122991562,58.0
AVAX,20240317,us,mid,0.062202997505664825,-0.2377644032239914,-0.17556141316890717,1268.0
AVAX,20240317,us,stress,0.04940027371048927,-0.17663685977458954,-0.12723658978939056,927.0
AVAX,20240326,asia,calm,0.019385430961847305,-0.04214911907911301,-0.022763680666685104,439.0
AVAX,20240326,asia,mid,0.0122638288885355,-0.011819305829703808,0.0004445216618478298,267.0
AVAX,20240326,europe,calm,0.012721812352538109,-0.02603740058839321,-0.013315588235855103,251.0
AVAX,20240326,europe,mid,0.05994773656129837,-0.01122140884399414,0.048726338893175125,1233.0
AVAX,20240326,europe,stress,0.009346125647425652,-0.03226567059755325,-0.02291955053806305,201.0
AVAX,20240326,us,calm,0.015456287190318108,-0.047269053757190704,-0.031812768429517746,331.0
AVAX,20240326,us,mid,0.034689176827669144,-0.06588859856128693,-0.03119942732155323,675.0
AVAX,20240404,asia,calm,0.008352447301149368,-0.03456634655594826,-0.02621389552950859,143.0
AVAX,20240404,asia,mid,0.03210097551345825,-0.1215212494134903,-0.08942027390003204,563.0
AVAX,20240404,europe,calm,0.01622960716485977,-0.034323111176490784,-0.018093504011631012,303.0
AVAX,20240404,europe,mid,0.006085739471018314,-0.015151336789131165,-0.009065596386790276,112.0
AVAX,20240404,us,calm,0.01656544953584671,-0.02572127990424633,-0.009155831299722195,306.0
AVAX,20240404,us,mid,0.021730223670601845,-0.035554684698581696,-0.013824459165334702,357.0
AVAX,20240404,us,stress,0.0023191787768155336,-0.007409559562802315,-0.005090381950139999,39.0
AVAX,20240413,asia,calm,0.0034484947100281715,-0.009801764041185379,-0.00635326886549592,52.0
AVAX,20240413,asia,mid,0.03574955463409424,-0.10070332139730453,-0.0649537667632103,529.0
AVAX,20240413,asia,stress,0.007848954759538174,-0.027078749611973763,-0.019229797646403313,114.0
AVAX,20240413,europe,calm,0.003910674247890711,-0.023722175508737564,-0.019811498001217842,59.0
AVAX,20240413,europe,mid,0.032155949622392654,-0.1086929589509964,-0.07653702050447464,479.0
AVAX,20240413,us,mid,0.008752106688916683,0.021643176674842834,0.030395282432436943,119.0
AVAX,20240413,us,stress,1.355389952659607,-1.7609013319015503,-0.40551134943962097,9536.0
AVAX,20240419,asia,calm,0.0018795293290168047,-0.0028857896104454994,-0.0010062599321827292,24.0
AVAX,20240419,asia,mid,0.05001732334494591,-0.11479693651199341,-0.0647796168923378,650.0
AVAX,20240419,asia,stress,0.08842195570468903,-0.13512374460697174,-0.046701811254024506,1105.0
AVAX,20240419,europe,calm,0.004659603349864483,-0.004625643603503704,3.39601538144052e-05,65.0
AVAX,20240419,europe,mid,0.043226711452007294,-0.1054086983203888,-0.0621819868683815,585.0
AVAX,20240419,us,calm,0.012579021975398064,-0.031665459275245667,-0.019086439162492752,167.0
AVAX,20240419,us,mid,0.021575789898633957,-0.030502960085868835,-0.008927172981202602,286.0
AVAX,20240419,us,stress,0.0009424665477126837,-0.0014455309137701988,-0.0005030642496421933,13.0
AVAX,20240428,asia,calm,0.009172609075903893,-0.01866888254880905,-0.009496272541582584,123.0
AVAX,20240428,asia,mid,0.001210637972690165,-0.01505716796964407,-0.01384652964770794,17.0
AVAX,20240428,europe,calm,0.011040020734071732,-0.023879123851656914,-0.012839103117585182,147.0
AVAX,20240428,us,calm,0.008797682821750641,-0.024437598884105682,-0.01563991606235504,119.0
AVAX,20240428,us,mid,0.011111171916127205,-0.02032509818673134,-0.009213929995894432,151.0
AVAX,20240507,asia,calm,0.01758449710905552,-0.04617031663656235,-0.02858581580221653,256.0
AVAX,20240507,asia,mid,0.009628597646951675,-0.019604578614234924,-0.009975980967283249,132.0
AVAX,20240507,europe,calm,0.011148915626108646,-0.03133423626422882,-0.020185323432087898,159.0
AVAX,20240507,europe,mid,0.0184837207198143,-0.04010618478059769,-0.021622467786073685,253.0
AVAX,20240507,us,calm,0.01747072860598564,-0.044163793325424194,-0.026693066582083702,239.0
AVAX,20240507,us,mid,0.01050339825451374,-0.021989870816469193,-0.011486472561955452,142.0
AVAX,20240516,asia,calm,0.011867443099617958,-0.028961937874555588,-0.01709449663758278,162.0
AVAX,20240516,asia,mid,0.0025221591349691153,-0.01009070873260498,-0.007568549830466509,35.0
AVAX,20240516,europe,calm,0.011425528675317764,-0.025050820782780647,-0.013625290244817734,154.0
AVAX,20240516,europe,mid,0.024782106280326843,-0.08041076362133026,-0.05562865734100342,335.0
AVAX,20240516,us,calm,0.010456246323883533,-0.027494654059410095,-0.017038408666849136,143.0
AVAX,20240516,us,mid,0.00405607046559453,-0.012250023894011974,-0.008193953894078732,55.0
AVAX,20240522,asia,calm,0.015905093401670456,-0.04730110615491867,-0.03139601647853851,244.0
AVAX,20240522,asia,mid,0.01174996793270111,-0.022381596267223358,-0.010631628334522247,190.0
AVAX,20240522,europe,calm,0.013814756646752357,-0.043323323130607605,-0.029508568346500397,219.0
AVAX,20240522,europe,mid,0.035405129194259644,-0.04445561766624451,-0.009050486609339714,515.0
AVAX,20240522,europe,stress,0.0038668762426823378,-0.013940021395683289,-0.010073143988847733,59.0
AVAX,20240522,us,calm,0.0138532854616642,-0.06630556285381317,-0.05245227366685867,216.0
AVAX,20240522,us,mid,0.01502280868589878,-0.04139508306980133,-0.026372279971837997,238.0
AVAX,20240531,asia,calm,0.011020374484360218,-0.030477605760097504,-0.01945723220705986,153.0
AVAX,20240531,asia,mid,0.0005551701760850847,-0.004304872360080481,-0.0037497023586183786,8.0
AVAX,20240531,asia,stress,0.0009699422516860068,-0.00457599014043808,-0.003606047946959734,12.0
AVAX,20240531,europe,calm,0.01440978329628706,-0.0179582666605711,-0.0035484815016388893,197.0
AVAX,20240531,europe,mid,0.008498534560203552,-0.019734537228941917,-0.01123600360006094,122.0
AVAX,20240531,us,calm,0.011083943769335747,-0.025949615985155106,-0.014865674078464508,158.0
AVAX,20240531,us,mid,0.00550231384113431,-0.008598524145781994,-0.0030962100718170404,78.0
AVAX,20240609,asia,calm,0.005807106848806143,-0.018045714125037193,-0.012238606810569763,75.0
AVAX,20240609,europe,calm,0.00655444897711277,-0.020149556919932365,-0.013595107942819595,84.0
AVAX,20240609,us,calm,0.00480420608073473,-0.014469588175415993,-0.009665383026003838,63.0
AVAX,20240618,asia,calm,0.005818357691168785,-0.016879737377166748,-0.011061379685997963,62.0
AVAX,20240618,asia,mid,0.03005991131067276,-0.052164290100336075,-0.022104376927018166,307.0
AVAX,20240618,asia,stress,0.25854700803756714,-0.39908865094184875,-0.14054158329963684,1742.0
AVAX,20240618,europe,calm,0.007398457732051611,-0.02037322334945202,-0.01297476701438427,77.0
AVAX,20240618,europe,mid,0.03449545055627823,-0.11053230613470078,-0.07603687047958374,351.0
AVAX,20240618,europe,stress,0.011490420438349247,-0.003363683121278882,0.008126737549901009,119.0
AVAX,20240618,us,calm,0.002923140302300453,-0.0046178847551345825,-0.0016947442200034857,30.0
AVAX,20240618,us,mid,0.022532403469085693,-0.050885461270809174,-0.02835305780172348,233.0
AVAX,20240624,asia,calm,0.004440931603312492,-0.012521978467702866,-0.008081046864390373,44.0
AVAX,20240624,asia,mid,0.03868845850229263,-0.10062581300735474,-0.061937347054481506,372.0
AVAX,20240624,asia,stress,0.00010368066432420164,-0.0014515293296426535,-0.001347848679870367,1.0
AVAX,20240624,europe,mid,0.08539745211601257,-0.12165245413780212,-0.03625497967004776,769.0
AVAX,20240624,europe,stress,0.08749718964099884,-0.31680798530578613,-0.2293108105659485,664.0
AVAX,20240624,us,calm,0.004341810941696167,-0.005640959367156029,-0.0012991486582905054,43.0
AVAX,20240624,us,mid,0.04844537004828453,-0.09674979746341705,-0.048304423689842224,454.0
AVAX,20240624,us,stress,0.04213491827249527,-0.05174494534730911,-0.009610030800104141,375.0
AVAX,20240703,asia,calm,0.00849941372871399,-0.018695537000894547,-0.010196121409535408,96.0
AVAX,20240703,asia,mid,0.023551080375909805,-0.08487986028194427,-0.06132877245545387,249.0
AVAX,20240703,europe,calm,0.017688659951090813,-0.04972487688064575,-0.03203621879220009,190.0
AVAX,20240703,europe,mid,0.03635525703430176,-0.07103271037340164,-0.03467744588851929,371.0
AVAX,20240703,us,calm,0.011714248917996883,-0.016784923151135445,-0.005070674233138561,124.0
AVAX,20240703,us,mid,0.010285931639373302,-0.017504388466477394,-0.007218456827104092,107.0
AVAX,20240703,us,stress,0.001205706037580967,-0.0031556275207549334,-0.0019499213667586446,13.0
AVAX,20240712,asia,calm,0.008972078561782837,-0.01872205175459385,-0.009749973192811012,87.0
AVAX,20240712,asia,mid,0.012139784172177315,-0.03371749818325043,-0.021577712148427963,122.0
AVAX,20240712,europe,calm,0.003483312204480171,-0.003267146646976471,0.00021616520825773478,34.0
AVAX,20240712,europe,mid,0.02055700123310089,-0.044748976826667786,-0.024191975593566895,205.0
AVAX,20240712,us,calm,0.004484592471271753,-0.028081262484192848,-0.02359667234122753,46.0
AVAX,20240712,us,mid,0.022021036595106125,-0.026279352605342865,-0.004258320666849613,213.0
AVAX,20240712,us,stress,0.004582467954605818,-0.0028766533359885216,0.001705812057480216,45.0
AVAX,20240721,asia,calm,0.011178649961948395,-0.03042803704738617,-0.019249390810728073,129.0
AVAX,20240721,asia,mid,0.0059627629816532135,-0.014268968254327774,-0.008306206203997135,69.0
AVAX,20240721,europe,calm,0.005923058371990919,-0.01287609338760376,-0.006953036412596703,67.0
AVAX,20240721,europe,mid,0.035859569907188416,-0.06591334939002991,-0.030053773894906044,422.0
AVAX,20240721,europe,stress,0.016266822814941406,-0.038870252668857574,-0.02260342799127102,196.0
AVAX,20240721,us,mid,0.04822862893342972,-0.12632086873054504,-0.07809223234653473,604.0
AVAX,20240721,us,stress,0.12250062823295593,-0.13510020077228546,-0.012599557638168335,1489.0
AVAX,20240727,asia,calm,0.012490570545196533,-0.029003076255321503,-0.01651250384747982,143.0
AVAX,20240727,asia,mid,8.70852600201033e-05,-0.0001741705200402066,-8.70852600201033e-05,1.0
AVAX,20240727,europe,calm,0.013303428888320923,-0.04399200528860092,-0.03068857453763485,153.0
AVAX,20240727,europe,mid,0.019731685519218445,-0.04613611474633217,-0.026404427364468575,230.0
AVAX,20240727,us,calm,0.006182120181620121,-0.016071569174528122,-0.009889448061585426,70.0
AVAX,20240727,us,mid,0.030704142525792122,-0.07241738587617874,-0.04171324521303177,346.0
AVAX,20240727,us,stress,0.020133990794420242,-0.0510513037443161,-0.03091731294989586,225.0
AVAX,20240805,asia,mid,0.0015269117429852486,-0.0023520460817962885,-0.0008251339895650744,13.0
AVAX,20240805,asia,stress,0.7504755258560181,-1.1674444675445557,-0.41696903109550476,4770.0
AVAX,20240805,europe,stress,0.2988246977329254,-0.45565295219421387,-0.15682823956012726,2147.0
AVAX,20240805,us,mid,0.009660609066486359,-0.022046146914362907,-0.012385535053908825,76.0
AVAX,20240805,us,stress,0.0701734721660614,-0.15842556953430176,-0.08825208246707916,548.0
AVAX,20240814,asia,calm,0.011142429895699024,-0.022273991256952286,-0.01113156508654356,95.0
AVAX,20240814,europe,calm,0.013252759352326393,-0.02332572266459465,-0.010072962380945683,114.0
AVAX,20240814,europe,mid,0.035214923322200775,-0.06120910495519638,-0.02599417231976986,301.0
AVAX,20240814,europe,stress,0.012512669898569584,-0.027616754174232483,-0.015104083344340324,105.0
AVAX,20240814,us,calm,0.014501618221402168,-0.02427052892744541,-0.009768908843398094,122.0
AVAX,20240814,us,mid,0.008363052271306515,-0.01837918907403946,-0.010016136802732944,71.0
AVAX,20240820,asia,calm,0.01608886942267418,-0.04204075038433075,-0.02595188096165657,140.0
AVAX,20240820,asia,mid,0.013799713924527168,-0.02016575261950493,-0.006366036366671324,119.0
AVAX,20240820,europe,calm,0.016909152269363403,-0.03517497703433037,-0.018265824764966965,149.0
AVAX,20240820,europe,mid,0.024504251778125763,-0.0643138438463211,-0.03980959951877594,214.0
AVAX,20240820,us,calm,0.0134208919480443,-0.023756181821227074,-0.010335290804505348,120.0
AVAX,20240820,us,mid,0.021327821537852287,-0.042391337454319,-0.021063514053821564,189.0
AVAX,20240829,asia,calm,0.011880784295499325,-0.024335501715540886,-0.012454718351364136,112.0
AVAX,20240829,asia,mid,0.007747378200292587,-0.013670697808265686,-0.0059233177453279495,72.0
AVAX,20240829,europe,calm,0.009725265204906464,-0.018640467897057533,-0.008915201760828495,92.0
AVAX,20240829,europe,mid,0.035525593906641006,-0.07993125170469284,-0.04440566152334213,340.0
AVAX,20240829,us,calm,0.011831703595817089,-0.03724192455410957,-0.025410227477550507,110.0
AVAX,20240829,us,mid,0.034926459193229675,-0.058885637670755386,-0.02395918034017086,327.0
AVAX,20240907,asia,calm,0.011943819001317024,-0.03626832738518715,-0.024324506521224976,102.0
AVAX,20240907,asia,mid,0.00268350075930357,-0.010958906263113022,-0.008275406435132027,23.0
AVAX,20240907,europe,calm,0.011887755244970322,-0.02400788478553295,-0.012120131403207779,102.0
AVAX,20240907,europe,mid,0.0006843907758593559,-0.0016001483891159296,-0.0009157577296718955,6.0
AVAX,20240907,us,calm,0.011377479881048203,-0.017579248175024986,-0.006201768293976784,99.0
AVAX,20240907,us,mid,0.0010356362909078598,-0.0027617469895631075,-0.0017261110479012132,9.0
AVAX,20240916,asia,calm,0.009417659603059292,-0.017755523324012756,-0.008337864652276039,89.0
AVAX,20240916,asia,mid,0.01069216150790453,-0.0281479861587286,-0.017455825582146645,101.0
AVAX,20240916,europe,calm,0.012649208307266235,-0.015457101166248322,-0.002807892393320799,121.0
AVAX,20240916,europe,mid,0.009449990466237068,-0.007690411526709795,0.001759577775374055,89.0
AVAX,20240916,us,calm,0.013146641664206982,-0.03399346023797989,-0.020846817642450333,123.0
AVAX,20240916,us,mid,0.0067352065816521645,-0.014520958065986633,-0.007785753346979618,63.0
AVAX,20240922,asia,calm,0.007870656438171864,-0.01775444857776165,-0.009883792139589787,86.0
AVAX,20240922,asia,mid,0.0021668532863259315,-0.002893497236073017,-0.000726643658708781,24.0
AVAX,20240922,europe,calm,0.010028389282524586,-0.025834709405899048,-0.015806321054697037,108.0
AVAX,20240922,us,calm,0.008997466415166855,-0.02360658161342144,-0.01460911612957716,95.0
AVAX,20240922,us,mid,0.00833419244736433,-0.019497381523251534,-0.011163190007209778,90.0
AVAX,20241001,asia,calm,0.007577721029520035,-0.018167706206440926,-0.01058998517692089,86.0
AVAX,20241001,asia,mid,0.006540460046380758,-0.012243447825312614,-0.005702987313270569,72.0
AVAX,20241001,europe,calm,0.006463887635618448,-0.011429978534579277,-0.004966092295944691,71.0
AVAX,20241001,europe,mid,0.014591984450817108,0.0010103529784828424,0.015602339059114456,161.0
AVAX,20241001,europe,stress,0.03878782317042351,-0.07622966170310974,-0.037441838532686234,401.0
AVAX,20241001,us,calm,0.002395939314737916,-0.004014749079942703,-0.001618809881620109,25.0
AVAX,20241001,us,mid,0.029209956526756287,-0.07242454588413239,-0.0432145856320858,301.0
AVAX,20241001,us,stress,0.046296291053295135,-0.1367514580488205,-0.09045515209436417,463.0
AVAX,20241010,asia,calm,0.0081525519490242,-0.019140413030982018,-0.010987860150635242,85.0
AVAX,20241010,asia,mid,0.0031113536097109318,-0.007193980272859335,-0.004082626663148403,32.0
AVAX,20241010,europe,calm,0.005562514532357454,-0.014373398385941982,-0.008810884319245815,58.0
AVAX,20241010,europe,mid,0.03328249603509903,-0.07517001032829285,-0.04188751429319382,341.0
AVAX,20241010,us,calm,0.006439738441258669,-0.011949071660637856,-0.005509332753717899,65.0
AVAX,20241010,us,mid,0.018096012994647026,-0.03433820605278015,-0.016242191195487976,183.0
AVAX,20241019,asia,calm,0.007260666694492102,-0.014444026164710522,-0.00718335947021842,81.0
AVAX,20241019,asia,mid,0.0012440814170986414,-0.003908995073288679,-0.0026649136561900377,14.0
AVAX,20241019,asia,stress,0.0009761137771420181,0.001420265412889421,0.002396379131823778,11.0
AVAX,20241019,europe,calm,0.007605053950101137,-0.014866093173623085,-0.007261037360876799,85.0
AVAX,20241019,us,calm,0.005979258567094803,-0.008380738086998463,-0.00240147951990366,67.0
AVAX,20241025,asia,calm,0.012675335630774498,-0.01915544643998146,-0.0064801122061908245,132.0
AVAX,20241025,asia,mid,0.0012408369220793247,-0.002859564032405615,-0.001618727226741612,13.0
AVAX,20241025,europe,calm,0.00842459499835968,-0.01408577710390091,-0.005661181639879942,88.0
AVAX,20241025,europe,mid,0.008775715716183186,-0.003684038296341896,0.005091677885502577,93.0
AVAX,20241025,us,calm,0.004059925209730864,-0.014331520535051823,-0.010271596722304821,42.0
AVAX,20241025,us,mid,0.02794560045003891,-0.08104802668094635,-0.05310242623090744,287.0
AVAX,20241025,us,stress,0.07881408929824829,-0.2577841281890869,-0.17897003889083862,609.0
AVAX,20241103,asia,calm,0.006609541364014149,-0.011121322400867939,-0.004511781502515078,63.0
AVAX,20241103,asia,mid,0.005833265837281942,-0.0013953978195786476,0.004437868017703295,55.0
AVAX,20241103,asia,stress,0.004384170286357403,0.0057152193039655685,0.010099390521645546,41.0
AVAX,20241103,europe,calm,0.005454568658024073,-0.015845458954572678,-0.010390891693532467,51.0
AVAX,20241103,europe,mid,0.018743835389614105,-0.03204353526234627,-0.013299701735377312,172.0
AVAX,20241103,us,calm,0.005564307793974876,-0.012177392840385437,-0.006613085046410561,52.0
AVAX,20241103,us,mid,0.010854247957468033,-0.009676585905253887,0.0011776613537222147,101.0
AVAX,20241112,asia,mid,0.0344851016998291,-0.09347687661647797,-0.05899178236722946,479.0
AVAX,20241112,asia,stress,0.15587374567985535,-0.41377973556518555,-0.2579059898853302,2128.0
AVAX,20241112,europe,mid,0.02827734872698784,-0.07846339792013168,-0.050186049193143845,392.0
AVAX,20241112,europe,stress,0.38709405064582825,-0.8257379531860352,-0.4386438727378845,4917.0
AVAX,20241112,us,mid,0.09004873037338257,-0.2673717737197876,-0.17732305824756622,1198.0
AVAX,20241112,us,stress,0.04958818852901459,-0.1408880352973938,-0.09129983186721802,648.0
AVAX,20241121,asia,mid,0.07466542720794678,-0.1758718192577362,-0.10120640695095062,994.0
AVAX,20241121,asia,stress,0.010502043180167675,-0.027985606342554092,-0.017483562231063843,142.0
AVAX,20241121,europe,calm,0.0016166046261787415,-0.00017446308629587293,0.0014421413652598858,22.0
AVAX,20241121,europe,mid,0.06503379344940186,-0.12082239985466003,-0.05578860640525818,901.0
AVAX,20241121,europe,stress,0.06462737172842026,-0.1215057373046875,-0.05687837302684784,900.0
AVAX,20241121,us,calm,0.011508513242006302,-0.029324781149625778,-0.017816266044974327,161.0
AVAX,20241121,us,mid,0.060409292578697205,-0.12003573775291443,-0.059626441448926926,855.0
AVAX,20241121,us,stress,0.004066864959895611,-0.015189817175269127,-0.011122954078018665,57.0
AVAX,20241127,asia,mid,0.10652865469455719,-0.28792649507522583,-0.18139785528182983,1791.0
AVAX,20241127,asia,stress,0.034034378826618195,-0.06976756453514099,-0.0357331782579422,538.0
AVAX,20241127,europe,mid,0.11412312835454941,-0.2554161548614502,-0.14129304885864258,1890.0
AVAX,20241127,europe,stress,0.04069659858942032,-0.1017092764377594,-0.06101267784833908,678.0
AVAX,20241127,us,calm,0.0014202467864379287,-0.0076181781478226185,-0.006197931710630655,25.0
AVAX,20241127,us,mid,0.11270572245121002,-0.294902503490448,-0.18219676613807678,1854.0
AVAX,20241127,us,stress,0.00739920511841774,-0.011611572466790676,-0.004212365951389074,128.0
AVAX,20241206,asia,calm,0.0029237116686999798,-0.008438718505203724,-0.005515007767826319,58.0
AVAX,20241206,asia,mid,0.07764917612075806,-0.1719357967376709,-0.09428662806749344,1522.0
AVAX,20241206,asia,stress,0.010342972353100777,-0.01256756391376257,-0.002224590163677931,202.0
AVAX,20241206,europe,mid,0.11503449827432632,-0.24966543912887573,-0.13463094830513,2235.0
AVAX,20241206,europe,stress,0.019457237794995308,-0.028951657935976982,-0.009494423866271973,371.0
AVAX,20241206,us,calm,0.029275503009557724,-0.04179864376783371,-0.012523144483566284,599.0
AVAX,20241206,us,mid,0.038844138383865356,-0.12422828376293182,-0.08538413047790527,774.0
AVAX,20241215,asia,calm,0.03113667480647564,-0.06345867365598679,-0.032321996986866,609.0
AVAX,20241215,asia,mid,0.019223306328058243,-0.05253250151872635,-0.03330919146537781,356.0
AVAX,20241215,asia,stress,0.006168506573885679,-0.011574438773095608,-0.005405933130532503,119.0
AVAX,20241215,europe,calm,0.029254719614982605,-0.07632376253604889,-0.047069042921066284,580.0
AVAX,20241215,europe,mid,0.02496306039392948,-0.06012990325689316,-0.035166844725608826,497.0
AVAX,20241215,us,calm,0.02740250714123249,-0.0854153111577034,-0.05801280587911606,536.0
AVAX,20241215,us,mid,0.0343911275267601,-0.0627133771777153,-0.0283222496509552,627.0
AVAX,20241215,us,stress,0.019920714199543,-0.023504294455051422,-0.0035835793241858482,382.0
AVAX,20241224,asia,calm,0.008390825241804123,-0.009202880784869194,-0.0008120553102344275,128.0
AVAX,20241224,asia,mid,0.03601723909378052,-0.07119537889957428,-0.03517814353108406,546.0
AVAX,20241224,europe,calm,0.0031602070666849613,-0.0022184927947819233,0.0009417156688869,48.0
AVAX,20241224,europe,mid,0.07821046561002731,-0.16586606204509735,-0.08765560388565063,1223.0
AVAX,20241224,us,calm,0.006982616614550352,-0.021683167666196823,-0.014700551517307758,113.0
AVAX,20241224,us,mid,0.06528680771589279,-0.19570529460906982,-0.13041849434375763,1044.0
AVAX,20241230,asia,calm,0.012782154604792595,-0.026569655165076256,-0.013787498697638512,185.0
AVAX,20241230,asia,mid,0.01965901255607605,-0.03949398919939995,-0.0198349766433239,286.0
AVAX,20241230,europe,calm,0.0061811949126422405,-0.013502492569386959,-0.007321296725422144,91.0
AVAX,20241230,europe,mid,0.04989586025476456,-0.11013753712177277,-0.0602416917681694,710.0
AVAX,20241230,us,calm,0.010677237063646317,-0.02655394747853279,-0.015876712277531624,156.0
AVAX,20241230,us,mid,0.04520472511649132,-0.07080462574958801,-0.025599904358386993,645.0
AVAX,20241230,us,stress,0.009593179449439049,-0.012723451480269432,-0.0031302720308303833,139.0
AVAX,20250108,asia,calm,0.011600462719798088,-0.026988085359334946,-0.015387620776891708,174.0
AVAX,20250108,asia,mid,0.04260618984699249,-0.02725922130048275,0.015346967615187168,644.0
AVAX,20250108,asia,stress,0.0013430844992399216,-0.007103550713509321,-0.005760466679930687,20.0
AVAX,20250108,europe,calm,0.012028113007545471,-0.028500504791736603,-0.01647239178419113,183.0
AVAX,20250108,europe,mid,0.0408455990254879,-0.07430189847946167,-0.03345629945397377,598.0
AVAX,20250108,us,calm,0.0027341197710484266,-0.00895948801189661,-0.00622536800801754,38.0
AVAX,20250108,us,mid,0.04454083740711212,-0.115760937333107,-0.07122009992599487,652.0
AVAX,20250108,us,stress,0.03572440892457962,-0.08522549271583557,-0.04950108006596565,518.0
AVAX,20250117,asia,calm,0.02465938776731491,-0.04794202744960785,-0.023282639682292938,400.0
AVAX,20250117,asia,mid,0.007418319117277861,-0.013399148359894753,-0.00598082784563303,118.0
AVAX,20250117,europe,calm,0.020298000425100327,-0.043283361941576004,-0.022985363379120827,328.0
AVAX,20250117,europe,mid,0.03682870417833328,-0.09235473722219467,-0.05552603304386139,591.0
AVAX,20250117,us,calm,0.024421077221632004,-0.07276218384504318,-0.04834111034870148,398.0
AVAX,20250117,us,mid,0.010632041841745377,-0.017899468541145325,-0.007267426699399948,173.0
AVAX,20250126,asia,calm,0.023678988218307495,-0.047887831926345825,-0.024208849295973778,351.0
AVAX,20250126,asia,mid,0.007602166850119829,-0.01442012283951044,-0.006817955989390612,113.0
AVAX,20250126,europe,calm,0.022199789062142372,-0.04501620680093765,-0.02281641587615013,328.0
AVAX,20250126,us,calm,0.021084707230329514,-0.049149807542562485,-0.02806510031223297,313.0
AVAX,20250126,us,mid,0.012679042294621468,-0.040049631148576736,-0.02737058699131012,183.0
AVAX,20250201,asia,calm,0.015207139775156975,-0.04165998846292496,-0.02645285055041313,209.0
AVAX,20250201,asia,mid,0.00325515097938478,-0.014524045400321484,-0.011268895119428635,45.0
AVAX,20250201,europe,calm,0.023684492334723473,-0.03920691832900047,-0.01552242785692215,319.0
AVAX,20250201,europe,mid,0.005401770584285259,-0.011235116049647331,-0.005833344534039497,72.0
AVAX,20250201,us,calm,0.013879554346203804,-0.03281499445438385,-0.018935436382889748,182.0
AVAX,20250201,us,mid,0.030822154134511948,-0.07406215369701385,-0.04323999956250191,397.0
AVAX,20250210,asia,mid,0.03526943922042847,-0.06813755631446838,-0.03286811709403992,347.0
AVAX,20250210,asia,stress,0.022262653335928917,-0.028186319395899773,-0.005923666059970856,221.0
AVAX,20250210,europe,mid,0.049006540328264236,-0.08844031393527985,-0.039433784782886505,499.0
AVAX,20250210,europe,stress,0.0025502953212708235,-0.006869061850011349,-0.004318767227232456,26.0
AVAX,20250210,us,calm,0.00901583768427372,-0.023424915969371796,-0.01440907921642065,92.0
AVAX,20250210,us,mid,0.019720643758773804,-0.0322854220867157,-0.012564778327941895,201.0
AVAX,20250219,asia,calm,0.014551475644111633,-0.03331324830651283,-0.0187617726624012,136.0
AVAX,20250219,asia,mid,0.01932612806558609,-0.03704453259706497,-0.017718404531478882,181.0
AVAX,20250219,asia,stress,0.0012792950728908181,0.000640272512100637,0.0019195681670680642,12.0
AVAX,20250219,europe,calm,0.016178779304027557,-0.023224104195833206,-0.007045322097837925,153.0
AVAX,20250219,europe,mid,0.021434534341096878,-0.03409551456570625,-0.012660980224609375,200.0
AVAX,20250219,us,calm,0.005824571009725332,-0.015038237906992435,-0.009213666431605816,55.0
AVAX,20250219,us,mid,0.019120823591947556,-0.04109667241573334,-0.021975848823785782,180.0
AVAX,20250228,asia,mid,0.016589069738984108,-0.02684931829571724,-0.010260248556733131,145.0
AVAX,20250228,asia,stress,0.13448593020439148,-0.13068978488445282,0.0037961527705192566,1109.0
AVAX,20250228,europe,mid,0.01904435083270073,-0.052510522305965424,-0.033466171473264694,157.0
AVAX,20250228,europe,stress,0.0709296464920044,-0.14377473294734955,-0.07284508645534515,588.0
AVAX,20250228,us,mid,0.034620605409145355,-0.07481816411018372,-0.04019755870103836,304.0
AVAX,20250228,us,stress,0.01573256403207779,-0.03923327848315239,-0.0235007181763649,137.0
AVAX,20250306,asia,mid,0.04915138706564903,-0.12767332792282104,-0.07852193713188171,432.0
AVAX,20250306,asia,stress,0.02150534838438034,-0.04970746114850044,-0.028202112764120102,189.0
AVAX,20250306,europe,mid,0.044828709214925766,-0.10469718277454376,-0.059868477284908295,391.0
AVAX,20250306,europe,stress,0.042059239000082016,-0.08535337448120117,-0.04329413175582886,360.0
AVAX,20250306,us,mid,0.02900444157421589,-0.03630121052265167,-0.00729677127674222,245.0
AVAX,20250306,us,stress,0.041264403611421585,-0.06290917098522186,-0.02164476178586483,351.0
AVAX,20250315,asia,calm,0.02067718654870987,-0.09907732158899307,-0.0784001350402832,749.0
AVAX,20250315,asia,mid,0.005950420629233122,-0.040354594588279724,-0.034404173493385315,208.0
AVAX,20250315,asia,stress,0.0001083015522453934,0.0015738102374598384,0.0016821117606014013,4.0
AVAX,20250315,europe,calm,0.013298138976097107,-0.07202430069446564,-0.05872616544365883,488.0
AVAX,20250315,europe,mid,0.012455468997359276,-0.06456860899925232,-0.052113138139247894,430.0
AVAX,20250315,us,calm,0.01612856611609459,-0.10049570351839066,-0.08436714112758636,579.0
AVAX,20250315,us,mid,0.01440679281949997,-0.06556791812181473,-0.05116112902760506,471.0
AVAX,20250315,us,stress,0.017916427925229073,-0.1707482933998108,-0.15283185243606567,573.0
AVAX,20250324,asia,calm,0.0031361603178083897,-0.015508484095335007,-0.012372325174510479,129.0
AVAX,20250324,asia,mid,0.06448684632778168,-0.34480541944503784,-0.28031855821609497,2481.0
AVAX,20250324,asia,stress,0.00010097314225276932,0.00012616704043466598,0.0002271401899633929,3.0
AVAX,20250324,europe,calm,0.015542397275567055,-0.06900174915790558,-0.05345935374498367,646.0
AVAX,20250324,europe,mid,0.027688678354024887,-0.12334614992141724,-0.09565748274326324,1086.0
AVAX,20250324,us,calm,0.018040120601654053,-0.05682320520281792,-0.038783084601163864,730.0
AVAX,20250324,us,mid,0.002460120478644967,-0.013791739009320736,-0.011331617832183838,104.0
AVAX,20250330,asia,calm,0.012140966020524502,-0.04635576903820038,-0.0342148020863533,451.0
AVAX,20250330,asia,mid,0.004713431000709534,-0.01793530397117138,-0.01322187390178442,184.0
AVAX,20250330,europe,calm,0.014949562959372997,-0.04982896149158478,-0.034879397600889206,523.0
AVAX,20250330,europe,mid,0.010815201327204704,-0.03579077869653702,-0.024975579231977463,333.0
AVAX,20250330,us,calm,0.014518355019390583,-0.06580647826194763,-0.051288120448589325,486.0
AVAX,20250330,us,mid,0.011697898618876934,-0.04858531802892685,-0.03688742220401764,427.0
AVAX,20250408,asia,mid,0.043430522084236145,-0.19163179397583008,-0.14820127189159393,1415.0
AVAX,20250408,europe,calm,0.008437441661953926,-0.054527007043361664,-0.046089570969343185,278.0
AVAX,20250408,europe,mid,0.045870017260313034,-0.17400437593460083,-0.1281343549489975,1510.0
AVAX,20250408,europe,stress,0.030298789963126183,-0.10339251905679703,-0.0730937272310257,994.0
AVAX,20250408,us,calm,0.0014611753867939115,-0.023716935887932777,-0.022255759686231613,42.0
AVAX,20250408,us,mid,0.04401514679193497,-0.1433653086423874,-0.09935015439987183,1367.0
AVAX,20250408,us,stress,0.05086521804332733,-0.24925418198108673,-0.1983889639377594,1522.0
AVAX,20250417,asia,calm,0.01162104494869709,-0.04871094226837158,-0.03708989545702934,420.0
AVAX,20250417,asia,mid,0.00042727412073872983,-0.0016552687156945467,-0.0012279946822673082,16.0
AVAX,20250417,europe,calm,0.011492563411593437,-0.0371171198785305,-0.025624554604291916,416.0
AVAX,20250417,europe,mid,0.008299263194203377,-0.02037617564201355,-0.012076911516487598,300.0
AVAX,20250417,us,calm,0.013556232675909996,-0.037406075745821,-0.023849841207265854,492.0
AVAX,20250417,us,mid,0.00868731178343296,-0.025809012353420258,-0.017121696844697,303.0
AVAX,20250426,asia,calm,0.0076609449461102486,-0.053944531828165054,-0.04628358781337738,312.0
AVAX,20250426,asia,mid,0.005260454025119543,-0.03925709426403046,-0.03399663791060448,223.0
AVAX,20250426,europe,calm,0.0072188470512628555,-0.03909279778599739,-0.031873952597379684,300.0
AVAX,20250426,europe,mid,0.022212062031030655,-0.07559490948915482,-0.05338284745812416,870.0
AVAX,20250426,us,calm,0.009375018998980522,-0.049951910972595215,-0.04057689011096954,404.0
AVAX,20250502,asia,calm,0.011770861223340034,-0.027569130063056946,-0.01579826883971691,475.0
AVAX,20250502,asia,mid,0.0075096250511705875,-0.010549511760473251,-0.0030398848466575146,290.0
AVAX,20250502,asia,stress,0.00873904675245285,-1.9589555449783802e-05,0.008719457313418388,199.0
AVAX,20250502,europe,calm,0.009746088646352291,-0.02355308085680008,-0.013806991279125214,376.0
AVAX,20250502,europe,mid,0.029830439016222954,-0.11076962947845459,-0.08093920350074768,1163.0
AVAX,20250502,us,calm,0.01664498820900917,-0.020825689658522606,-0.004180703312158585,666.0
AVAX,20250502,us,mid,0.004836347419768572,-0.013309561647474766,-0.008473213762044907,195.0
AVAX,20250511,asia,calm,0.004021705128252506,-0.026732172816991806,-0.022710468620061874,153.0
AVAX,20250511,asia,mid,0.033957209438085556,-0.15110871195793152,-0.11715148389339447,1486.0
AVAX,20250511,asia,stress,0.01834680885076523,-0.13109952211380005,-0.11275273561477661,727.0
AVAX,20250511,europe,calm,0.012435085140168667,-0.026466861367225647,-0.014031775295734406,565.0
AVAX,20250511,europe,mid,0.013421496376395226,-0.024440661072731018,-0.011019164696335793,598.0
AVAX,20250511,us,calm,0.007496199104934931,-0.026034653186798096,-0.018538450822234154,320.0
AVAX,20250511,us,mid,0.010306427255272865,-0.04525989666581154,-0.034953467547893524,476.0
AVAX,20250520,asia,calm,0.008144484832882881,-0.0300770066678524,-0.02193252183496952,344.0
AVAX,20250520,asia,mid,0.013061720877885818,-0.06886512786149979,-0.05580340325832367,553.0
AVAX,20250520,europe,calm,0.01201491430401802,-0.05213506519794464,-0.04012015461921692,500.0
AVAX,20250520,europe,mid,0.00613557081669569,-0.02197955921292305,-0.015843991190195084,245.0
AVAX,20250520,us,calm,0.009288528002798557,-0.039893317967653275,-0.030604790896177292,398.0
AVAX,20250520,us,mid,0.018512781709432602,-0.10653287917375565,-0.08802009373903275,769.0
AVAX,20250601,asia,calm,0.008992703631520271,-0.038144584745168686,-0.029151882976293564,356.0
AVAX,20250601,asia,mid,0.0003648929705377668,-0.000531561323441565,-0.00016666832379996777,15.0
AVAX,20250601,europe,calm,0.012321285903453827,-0.07522885501384735,-0.06290756911039352,486.0
AVAX,20250601,europe,mid,0.002015806967392564,-0.011644449084997177,-0.009628642350435257,78.0
AVAX,20250601,us,calm,0.011795313097536564,-0.03491094708442688,-0.02311563491821289,463.0
AVAX,20250601,us,mid,0.0020597500260919333,-0.003974795341491699,-0.001915044616907835,78.0
AVAX,20250607,asia,calm,0.011090263724327087,-0.03501718491315842,-0.02392691932618618,430.0
AVAX,20250607,asia,mid,0.0018729738658294082,-0.012419924139976501,-0.010546949692070484,75.0
AVAX,20250607,europe,calm,0.012467064894735813,-0.06709856539964676,-0.05463150143623352,494.0
AVAX,20250607,europe,mid,0.011769687756896019,-0.027020569890737534,-0.015250880271196365,457.0
AVAX,20250607,us,calm,0.009504450485110283,-0.02851145714521408,-0.01900700479745865,373.0
AVAX,20250616,asia,calm,0.013506045565009117,-0.058362048119306564,-0.044856004416942596,485.0
AVAX,20250616,asia,mid,0.0027602622285485268,-0.01081230491399765,-0.008052043616771698,106.0
AVAX,20250616,europe,calm,0.013867931440472603,-0.04456080496311188,-0.030692873522639275,525.0
AVAX,20250616,europe,mid,0.004226180724799633,-0.008310372941195965,-0.004084192216396332,163.0
AVAX,20250616,us,calm,0.01612858846783638,-0.0467604398727417,-0.03063185140490532,606.0
AVAX,20250616,us,mid,0.011543198488652706,-0.027339870110154152,-0.015796668827533722,402.0
AVAX,20250616,us,stress,0.003541257232427597,-0.008946678601205349,-0.005405421368777752,133.0
AVAX,20250625,asia,calm,0.009672969579696655,-0.04352071136236191,-0.03384774178266525,345.0
AVAX,20250625,asia,mid,0.001041286624968052,-0.0029893280006945133,-0.0019480413757264614,38.0
AVAX,20250625,europe,calm,0.013627884909510612,-0.03626556321978569,-0.022637678310275078,474.0
AVAX,20250625,europe,mid,0.020397640764713287,-0.052312180399894714,-0.03191453590989113,703.0
AVAX,20250625,us,calm,0.01666751690208912,-0.03651246801018715,-0.01984495483338833,575.0
AVAX,20250625,us,mid,0.0002271453122375533,0.00017012094031088054,0.00039726632530801,8.0
AVAX,20250704,asia,calm,0.011838942766189575,-0.039070334285497665,-0.02723139151930809,427.0
AVAX,20250704,asia,mid,0.00201033684425056,-0.00904309656471014,-0.0070327590219676495,74.0
AVAX,20250704,europe,calm,0.01107168011367321,-0.027498312294483185,-0.016426632180809975,383.0
AVAX,20250704,europe,mid,0.006685392465442419,-0.014994394034147263,-0.008309001103043556,232.0
AVAX,20250704,us,calm,0.008078310638666153,-0.027281194925308228,-0.019202882423996925,279.0
AVAX,20250704,us,mid,0.004488778300583363,-0.02021980471909046,-0.015731025487184525,155.0
AVAX,20250710,asia,calm,0.010470503941178322,-0.05798831954598427,-0.047517821192741394,391.0
AVAX,20250710,asia,mid,7.670476770726964e-05,-0.0006646491237916052,-0.0005879444070160389,3.0
AVAX,20250710,europe,calm,0.014340784400701523,-0.06252122670412064,-0.048180438578128815,537.0
AVAX,20250710,europe,mid,0.0014369843993335962,-0.003884427947923541,-0.002447443548589945,55.0
AVAX,20250710,us,calm,0.013534847646951675,-0.07372733950614929,-0.060192495584487915,487.0
AVAX,20250710,us,mid,0.027385501191020012,-0.08032456040382385,-0.05293906107544899,893.0
AVAX,20250710,us,stress,0.004027509596198797,-0.02842373587191105,-0.024396229535341263,128.0
AVAX,20250719,asia,calm,0.013233008794486523,-0.058791179209947586,-0.04555816948413849,596.0
AVAX,20250719,asia,mid,0.006827453151345253,-0.03747647628188133,-0.03064902313053608,277.0
AVAX,20250719,europe,calm,0.014930462464690208,-0.07471731305122375,-0.0597868487238884,673.0
AVAX,20250719,europe,mid,0.008029711432754993,-0.0424930676817894,-0.03446335345506668,355.0
AVAX,20250719,us,calm,0.010053378529846668,-0.05440806224942207,-0.04435468465089798,461.0
AVAX,20250719,us,mid,0.037536706775426865,-0.1633797287940979,-0.12584304809570312,1623.0
AVAX,20250719,us,stress,0.005907182581722736,-0.01666916161775589,-0.010761980898678303,263.0
AVAX,20250727,asia,calm,0.010449004359543324,-0.05853767320513725,-0.048088669776916504,484.0
AVAX,20250727,europe,calm,0.014102727174758911,-0.0664869099855423,-0.05238417536020279,648.0
AVAX,20250727,us,calm,0.020321892574429512,-0.11753270030021667,-0.09721080958843231,958.0
AVAX,20250727,us,mid,0.013412457890808582,-0.11462488025426865,-0.10121241211891174,630.0
AVAX,20250730,asia,calm,0.0142824687063694,-0.05949362367391586,-0.04521115869283676,653.0
AVAX,20250730,europe,calm,0.008533097803592682,-0.020244168117642403,-0.011711069382727146,323.0
AVAX,20250730,europe,mid,0.034541670233011246,-0.1663465052843094,-0.13180483877658844,1457.0
AVAX,20250730,us,calm,0.012524094432592392,-0.07620108127593994,-0.06367698311805725,538.0
AVAX,20250730,us,mid,0.016940418630838394,-0.0638018548488617,-0.046861432492733,715.0
AVAX,20250730,us,stress,0.0179034024477005,-0.07209359854459763,-0.054190196096897125,656.0
AVAX,20250801,asia,calm,0.008613314479589462,-0.045444320887327194,-0.03683100640773773,358.0
AVAX,20250801,asia,mid,0.026964787393808365,-0.10079377144575119,-0.07382899522781372,1057.0
AVAX,20250801,asia,stress,0.00641521904617548,-0.04837561398744583,-0.041960395872592926,257.0
AVAX,20250801,europe,calm,0.006045559421181679,-0.042056143283843994,-0.036010582000017166,253.0
AVAX,20250801,europe,mid,0.0351540669798851,-0.20894169807434082,-0.17378762364387512,1374.0
AVAX,20250801,europe,stress,0.007022104226052761,-0.014663735404610634,-0.007641629781574011,281.0
AVAX,20250801,us,calm,0.001850188011303544,-0.010907953605055809,-0.009057765826582909,78.0
AVAX,20250801,us,mid,0.04002095013856888,-0.1625751256942749,-0.12255416810512543,1555.0
AVAX,20250801,us,stress,0.011026868596673012,-0.03707733750343323,-0.02605046145617962,397.0
AVAX,20250804,asia,calm,0.012576064094901085,-0.03574248030781746,-0.023166414350271225,528.0
AVAX,20250804,asia,mid,0.002110560890287161,-0.0191055815666914,-0.0169950220733881,82.0
AVAX,20250804,europe,calm,0.009346943348646164,-0.03383650630712509,-0.024489562958478928,369.0
AVAX,20250804,europe,mid,0.015706434845924377,-0.06104964017868042,-0.04534320533275604,657.0
AVAX,20250804,us,calm,0.020167173817753792,-0.09647801518440247,-0.07631084322929382,839.0
AVAX,20250804,us,mid,0.006119996774941683,-0.02081434242427349,-0.014694344252347946,230.0
AVAX,20250807,asia,calm,0.00789940170943737,-0.03172454982995987,-0.02382514625787735,329.0
AVAX,20250807,europe,calm,0.018390804529190063,-0.05713586509227753,-0.03874506056308746,748.0
AVAX,20250807,europe,mid,0.0031289290636777878,-0.009209534153342247,-0.006080604158341885,132.0
AVAX,20250807,us,calm,0.02141270600259304,-0.10661482065916061,-0.08520211279392242,920.0
AVAX,20250807,us,mid,0.0018041161820292473,-0.005393930245190859,-0.003589814528822899,78.0
AVAX,20250810,asia,calm,0.02061224728822708,-0.06459324806928635,-0.043981000781059265,868.0
AVAX,20250810,asia,mid,0.005512617528438568,-0.0341409333050251,-0.028628315776586533,233.0
AVAX,20250810,europe,calm,0.017072685062885284,-0.07220607250928879,-0.055133383721113205,714.0
AVAX,20250810,europe,mid,0.004252845887094736,-0.024073679000139236,-0.019820833578705788,191.0
AVAX,20250810,us,calm,0.014623116701841354,-0.06607197970151901,-0.05144886672496796,615.0
AVAX,20250810,us,mid,0.0006737530929967761,-0.0051572141237556934,-0.004483461380004883,29.0
AVAX,20250812,asia,calm,0.010669417679309845,-0.0590100958943367,-0.048340678215026855,479.0
AVAX,20250812,asia,mid,0.0007462952053174376,-0.0005248182569630444,0.00022147638082969934,30.0
AVAX,20250812,asia,stress,6.592972204089165e-05,-0.00013180536916479468,-6.587564712390304e-05,3.0
AVAX,20250812,europe,calm,0.009522361680865288,-0.02991674095392227,-0.02039438486099243,386.0
AVAX,20250812,europe,mid,0.02349216677248478,-0.0973130613565445,-0.07382088899612427,1013.0
AVAX,20250812,europe,stress,0.00519829336553812,-0.012260178104043007,-0.007061877753585577,223.0
AVAX,20250812,us,calm,0.02498328685760498,-0.10421498864889145,-0.07923170179128647,1146.0
AVAX,20250812,us,mid,0.009346431121230125,-0.011113274842500687,-0.0017668453510850668,425.0
AVAX,20250815,asia,calm,0.01783057674765587,-0.08672963082790375,-0.06889905780553818,769.0
AVAX,20250815,asia,mid,0.023644674569368362,-0.14866723120212555,-0.12502256035804749,1084.0
AVAX,20250815,asia,stress,0.00689336284995079,0.0034566745162010193,0.010350036434829235,315.0
AVAX,20250815,europe,calm,0.013424482196569443,-0.06931006908416748,-0.05588557943701744,623.0
AVAX,20250815,europe,mid,0.04173751175403595,-0.13171783089637756,-0.08998030424118042,1799.0
AVAX,20250815,us,calm,0.014311867766082287,-0.06408532708883286,-0.049773454666137695,638.0
AVAX,20250815,us,mid,0.023587018251419067,-0.12411916255950928,-0.10053214430809021,1003.0
AVAX,20250818,asia,calm,0.013348150067031384,-0.028402872383594513,-0.015054725110530853,595.0
AVAX,20250818,asia,mid,0.03566690534353256,-0.17474117875099182,-0.13907429575920105,1561.0
AVAX,20250818,asia,stress,0.0018846542807295918,-0.004876029212027788,-0.002991374582052231,82.0
AVAX,20250818,europe,calm,0.01589992269873619,-0.060887306928634644,-0.04498738422989845,705.0
AVAX,20250818,europe,mid,0.01584216021001339,-0.08208959549665451,-0.06624743342399597,662.0
AVAX,20250818,us,calm,0.017393533140420914,-0.08447276055812836,-0.06707923114299774,777.0
AVAX,20250818,us,mid,0.006770784500986338,-0.036388203501701355,-0.029617421329021454,306.0
BNB,20230724,asia,calm,0.0034230330493301153,-0.010164011269807816,-0.006740977987647057,33.0
BNB,20230724,europe,calm,0.007963665761053562,-0.04000338912010193,-0.03203972056508064,76.0
BNB,20230724,europe,mid,0.00654639070853591,-0.0325189009308815,-0.025972507894039154,62.0
BNB,20230724,europe,stress,0.009812136180698872,-0.012344695627689362,-0.002532561309635639,92.0
BNB,20230724,us,calm,0.004522559233009815,-0.010405928827822208,-0.0058833700604736805,40.0
BNB,20230802,asia,calm,0.005479640327394009,-0.011977705173194408,-0.006498063914477825,54.0
BNB,20230802,asia,mid,0.00020161294378340244,-0.0014109858311712742,-0.0012093728873878717,2.0
BNB,20230802,europe,calm,0.006048264913260937,-0.014788336120545864,-0.008740073069930077,55.0
BNB,20230802,us,calm,0.0061060767620801926,-0.023253925144672394,-0.017147842794656754,59.0
BNB,20230802,us,mid,0.00227946019731462,-0.0011450431775301695,0.0011344178346917033,22.0
BNB,20230802,us,stress,0.0628960058093071,-0.1551646739244461,-0.09226865321397781,565.0
BNB,20230808,asia,calm,0.0015461551956832409,-0.003506553126499057,-0.0019603981636464596,15.0
BNB,20230808,europe,calm,0.002771252766251564,-0.006981043145060539,-0.004209790378808975,27.0
BNB,20230808,us,calm,0.0024416593369096518,-0.007317468523979187,-0.004875808954238892,24.0
BNB,20230808,us,mid,0.00232707685790956,-0.006277965381741524,-0.003950888756662607,23.0
BNB,20230817,asia,calm,0.004767931066453457,-0.03154703974723816,-0.026779109612107277,44.0
BNB,20230817,asia,mid,0.006224068813025951,-0.030741920694708824,-0.024517850950360298,57.0
BNB,20230817,europe,calm,0.006650919560343027,-0.04509995877742767,-0.038449037820100784,61.0
BNB,20230817,europe,mid,0.008523574098944664,-0.012227563187479973,-0.003703988855704665,76.0
BNB,20230817,europe,stress,0.0049791461788117886,-0.022118721157312393,-0.017139574512839317,45.0
BNB,20230817,us,calm,0.0049825916066765785,-0.013507073745131493,-0.008524482138454914,45.0
BNB,20230817,us,mid,0.021111372858285904,0.020086921751499176,0.04119829460978508,179.0
BNB,20230817,us,stress,0.09382323175668716,-0.2935408353805542,-0.19971764087677002,735.0
BNB,20230826,asia,calm,0.0036758892238140106,-0.008038189262151718,-0.00436229957267642,32.0
BNB,20230826,europe,calm,0.0017282848712056875,-0.004378706216812134,-0.00265042157843709,15.0
BNB,20230826,us,calm,0.0012708100257441401,-0.00277120852842927,-0.0015003985026851296,11.0
BNB,20230904,asia,calm,0.003248580964282155,-0.009517272934317589,-0.0062686908058822155,26.0
BNB,20230904,europe,calm,0.005929399747401476,-0.013472179882228374,-0.007542780600488186,51.0
BNB,20230904,us,calm,0.0024416442029178143,-0.005119128152728081,-0.002677484415471554,21.0
BNB,20230910,asia,calm,0.004353588912636042,-0.010598691180348396,-0.006245102733373642,37.0
BNB,20230910,europe,calm,0.002707734005525708,-0.007771579083055258,-0.005063845310360193,23.0
BNB,20230910,us,calm,0.004363479092717171,-0.014154119417071342,-0.009790640324354172,37.0
BNB,20230919,asia,calm,0.0003472637617960572,-0.0006945275235921144,-0.0003472637617960572,3.0
BNB,20230919,europe,calm,0.007569559384137392,-0.007817343808710575,-0.0002477843372616917,66.0
BNB,20230919,us,calm,0.002304848050698638,-0.0041488166898489,-0.0018439686391502619,20.0
BNB,20230928,asia,calm,0.002590546617284417,-0.0056511820293962955,-0.0030606361106038094,22.0
BNB,20230928,europe,calm,0.005483301356434822,-0.009105153381824493,-0.0036218510940670967,47.0
BNB,20230928,us,calm,0.003711108583956957,-0.007532896939665079,-0.0038217874243855476,31.0
BNB,20231007,asia,calm,0.0004684115992859006,-0.0009368231985718012,-0.0004684115992859006,4.0
BNB,20231007,europe,calm,0.0007045860984362662,-0.0009390817140229046,-0.00023449561558663845,6.0
BNB,20231007,us,calm,0.00011802195513155311,-0.00023604391026310623,-0.00011802195513155311,1.0
BNB,20231013,asia,calm,0.0029183041770011187,-0.00486750528216362,-0.0019492011051625013,24.0
BNB,20231013,europe,calm,0.002552638528868556,-0.007290199864655733,-0.004737561568617821,21.0
BNB,20231013,us,calm,0.003270477522164583,-0.006542720831930637,-0.003272243309766054,27.0
BNB,20231013,us,mid,0.003014462999999523,-0.0007387091172859073,0.0022757535334676504,25.0
BNB,20231022,asia,calm,0.003948809579014778,-0.01092163659632206,-0.006972826085984707,34.0
BNB,20231022,europe,calm,0.0018683720845729113,-0.004903688095510006,-0.003035315778106451,16.0
BNB,20231022,us,calm,0.0037009157240390778,-0.006942243315279484,-0.0032413271255791187,32.0
BNB,20231022,us,mid,0.001492420444265008,-0.0073408810421824455,-0.005848460365086794,13.0
BNB,20231031,asia,calm,0.0036315189208835363,-0.010343492962419987,-0.006711972877383232,33.0
BNB,20231031,europe,calm,0.0044214120134711266,-0.018620088696479797,-0.014198675751686096,40.0
BNB,20231031,europe,mid,0.002001271117478609,-0.002673966810107231,-0.0006726954597979784,16.0
BNB,20231031,us,calm,0.002883295761421323,-0.005535254254937172,-0.002651958493515849,26.0
BNB,20231109,asia,calm,0.011444875970482826,-0.0291316919028759,-0.017686814069747925,112.0
BNB,20231109,asia,mid,0.006002179346978664,-0.014195365831255913,-0.008193185552954674,58.0
BNB,20231109,europe,calm,0.007412503939121962,-0.012022025883197784,-0.004609521944075823,74.0
BNB,20231109,europe,mid,0.020517073571681976,-0.05061860382556915,-0.030101528391242027,199.0
BNB,20231109,europe,stress,0.007206262554973364,-0.03150807321071625,-0.024301812052726746,68.0
BNB,20231109,us,calm,0.007061019539833069,-0.016642574220895767,-0.009581554681062698,69.0
BNB,20231109,us,mid,0.02895164117217064,-0.07499758154153824,-0.0460459440946579,276.0
BNB,20231109,us,stress,0.06681954115629196,-0.358572781085968,-0.29175323247909546,598.0
BNB,20231115,asia,calm,0.005416290368884802,-0.014304504729807377,-0.008888214826583862,53.0
BNB,20231115,europe,calm,0.007353260647505522,-0.015940207988023758,-0.008586944080889225,71.0
BNB,20231115,europe,mid,0.005551857873797417,-0.011071907356381416,-0.005520050413906574,56.0
BNB,20231115,us,calm,0.006637393496930599,-0.015555446036159992,-0.008918054401874542,62.0
BNB,20231115,us,mid,0.00711439223960042,-0.011673376895487309,-0.004558985121548176,68.0
BNB,20231124,asia,calm,0.004465298727154732,-0.005548165645450354,-0.0010828659869730473,38.0
BNB,20231124,europe,calm,0.01403026096522808,-0.030660994350910187,-0.016630735248327255,130.0
BNB,20231124,europe,mid,0.0004244934534654021,-0.0016960377106443048,-0.0012715443735942245,4.0
BNB,20231124,us,calm,0.011920436285436153,-0.030407246202230453,-0.018486810848116875,106.0
BNB,20231124,us,mid,0.0017184275202453136,0.0002121151192113757,0.0019305426394566894,16.0
BNB,20231203,asia,calm,0.006101799663156271,-0.016781071200966835,-0.010679271072149277,56.0
BNB,20231203,europe,calm,0.0065918536856770515,-0.011522455140948296,-0.004930600989609957,59.0
BNB,20231203,europe,mid,0.0007707686745561659,0.0015360565157607198,0.0023068252485245466,7.0
BNB,20231203,us,calm,0.007358496077358723,-0.011003291234374046,-0.00364479492418468,67.0
BNB,20231212,asia,calm,0.0071100653149187565,-0.020981207489967346,-0.013871141709387302,65.0
BNB,20231212,asia,mid,0.02555360272526741,-0.08403560519218445,-0.058482009917497635,254.0
BNB,20231212,europe,calm,0.00798691064119339,-0.019165145233273506,-0.011178232729434967,78.0
BNB,20231212,europe,mid,0.020931625738739967,-0.04922982677817345,-0.02829819917678833,210.0
BNB,20231212,us,calm,0.007845425046980381,-0.025712592527270317,-0.01786716841161251,80.0
BNB,20231212,us,mid,0.03796017915010452,-0.06734905391931534,-0.029388878494501114,376.0
BNB,20231218,asia,calm,0.010307732038199902,-0.021761871874332428,-0.011454138904809952,97.0
BNB,20231218,asia,mid,0.0024300115182995796,-0.0067642261274158955,-0.0043342141434550285,23.0
BNB,20231218,europe,calm,0.0072913505136966705,-0.019458787515759468,-0.012167437933385372,65.0
BNB,20231218,europe,mid,0.008757674135267735,-0.025311240926384926,-0.016553565859794617,81.0
BNB,20231218,us,calm,0.006582112982869148,-0.015273764729499817,-0.008691651746630669,63.0
BNB,20231227,asia,calm,0.0034264754503965378,-0.004236187320202589,-0.0008097110548987985,39.0
BNB,20231227,asia,mid,0.0233212448656559,-0.09639107435941696,-0.07306982576847076,267.0
BNB,20231227,europe,calm,0.0001697362313279882,-0.0005090358317829669,-0.0003392996150068939,2.0
BNB,20231227,europe,mid,0.06423340737819672,-0.21199819445610046,-0.14776477217674255,754.0
BNB,20231227,europe,stress,0.029445653781294823,-0.09490714967250824,-0.06546150892972946,311.0
BNB,20231227,us,calm,0.0077638751827180386,-0.021519243717193604,-0.013755367137491703,96.0
BNB,20231227,us,mid,0.028056422248482704,-0.07381100952625275,-0.04575458541512489,329.0
BNB,20240105,asia,calm,0.005734468810260296,-0.015190714038908482,-0.009456245228648186,74.0
BNB,20240105,asia,mid,0.02824527956545353,-0.07277258485555649,-0.04452730715274811,296.0
BNB,20240105,asia,stress,0.029671018943190575,-0.35534733533859253,-0.3256763219833374,359.0
BNB,20240105,europe,calm,0.009117149747908115,-0.023383677005767822,-0.014266527257859707,114.0
BNB,20240105,europe,mid,0.017832322046160698,-0.012336183339357376,0.005496136844158173,221.0
BNB,20240105,us,calm,0.007466315757483244,-0.016939986497163773,-0.009473671205341816,93.0
BNB,20240105,us,mid,0.009333084337413311,-0.013219064101576805,-0.0038859806954860687,112.0
BNB,20240111,asia,calm,0.009812715463340282,-0.03214620426297188,-0.02233349159359932,117.0
BNB,20240111,asia,mid,0.01703288033604622,-0.03041919320821762,-0.013386309146881104,201.0
BNB,20240111,europe,calm,0.013326202519237995,-0.020373644307255745,-0.0070474399253726006,130.0
BNB,20240111,europe,mid,0.05757497623562813,-0.1932588815689087,-0.13568389415740967,631.0
BNB,20240111,europe,stress,0.0014677915023639798,-0.0021988563239574432,-0.0007310647051781416,17.0
BNB,20240111,us,calm,0.007301177363842726,-0.02262825146317482,-0.015327071771025658,90.0
BNB,20240111,us,mid,0.017947068437933922,-0.03405112400650978,-0.01610404998064041,216.0
BNB,20240111,us,stress,0.004575511906296015,-0.005846123211085796,-0.0012706120032817125,54.0
BNB,20240120,asia,calm,0.005175704136490822,-0.00867907889187336,-0.003503374755382538,64.0
BNB,20240120,europe,calm,0.006295357830822468,-0.014273562468588352,-0.00797820370644331,78.0
BNB,20240120,us,calm,0.00641188770532608,-0.014642966911196709,-0.008231079205870628,59.0
BNB,20240129,asia,calm,0.003428945317864418,-0.009307874366641045,-0.005878928583115339,40.0
BNB,20240129,europe,calm,0.007489086128771305,-0.01854344643652439,-0.011054358445107937,92.0
BNB,20240129,us,calm,0.008480262011289597,-0.021077219396829605,-0.012596961110830307,105.0
BNB,20240207,asia,calm,0.007207414600998163,-0.019068287685513496,-0.01186087355017662,85.0
BNB,20240207,europe,calm,0.010134275071322918,-0.020195016637444496,-0.010060742497444153,120.0
BNB,20240207,us,calm,0.014333449304103851,-0.020690519362688065,-0.006357070058584213,174.0
BNB,20240213,asia,calm,0.011231254786252975,-0.006545055657625198,0.004686199594289064,147.0
BNB,20240213,asia,mid,0.0003053551772609353,0.0001527300337329507,0.0004580851527862251,4.0
BNB,20240213,europe,calm,0.02306750789284706,0.0555310919880867,0.07859860360622406,298.0
BNB,20240213,europe,mid,0.024691103026270866,-0.2863633334636688,-0.2616721987724304,239.0
BNB,20240213,us,calm,0.004730549640953541,-0.010398323647677898,-0.00566777354106307,61.0
BNB,20240222,asia,calm,0.023655474185943604,-0.056639499962329865,-0.03298402577638626,352.0
BNB,20240222,asia,mid,0.03921525552868843,0.005186058580875397,0.04440131038427353,585.0
BNB,20240222,asia,stress,6.595000741071999e-05,0.0,6.595000741071999e-05,1.0
BNB,20240222,europe,calm,0.041805051267147064,-0.0844036117196083,-0.04259856417775154,517.0
BNB,20240222,europe,mid,0.03861062601208687,-0.5191349387168884,-0.48052433133125305,564.0
BNB,20240222,us,calm,0.023165589198470116,-0.053132832050323486,-0.02996724098920822,290.0
BNB,20240222,us,mid,0.015385031700134277,0.01732908934354782,0.0327141247689724,97.0
BNB,20240302,asia,calm,0.01755461096763611,-0.042571745812892914,-0.025017134845256805,284.0
BNB,20240302,asia,mid,0.0003638516936916858,-0.001689245575107634,-0.0013253939105197787,6.0
BNB,20240302,europe,calm,0.02198737859725952,-0.05652914196252823,-0.03454176336526871,299.0
BNB,20240302,us,calm,0.00550197483971715,-0.013939057476818562,-0.008437082171440125,90.0
BNB,20240311,asia,calm,0.0020662115421146154,-0.020357299596071243,-0.018291087821125984,43.0
BNB,20240311,asia,mid,0.12537968158721924,0.6374764442443848,0.7628561854362488,1915.0
BNB,20240311,asia,stress,0.12150740623474121,-0.2292151153087616,-0.10770772397518158,1902.0
BNB,20240311,europe,calm,0.029357820749282837,-0.03923169523477554,-0.009873873554170132,529.0
BNB,20240311,europe,mid,0.055775802582502365,0.11030040681362152,0.16607621312141418,794.0
BNB,20240311,europe,stress,0.00201939488761127,-0.0010629793396219611,0.0009564153733663261,25.0
BNB,20240311,us,calm,0.014219766482710838,-0.05788620933890343,-0.04366644471883774,283.0
BNB,20240311,us,mid,0.014342222362756729,-0.0477142259478569,-0.03337200731039047,286.0
BNB,20240317,asia,calm,0.009251514449715614,-0.04193270206451416,-0.032681189477443695,211.0
BNB,20240317,asia,mid,0.050283875316381454,-0.10377620160579681,-0.05349230766296387,1091.0
BNB,20240317,asia,stress,0.026083435863256454,-0.14914065599441528,-0.12305721640586853,536.0
BNB,20240317,europe,calm,0.0028757890686392784,-0.008858446031808853,-0.005982656031847,64.0
BNB,20240317,europe,mid,0.055132847279310226,-0.18216532468795776,-0.12703247368335724,1208.0
BNB,20240317,us,calm,0.005632189568132162,-0.00773650361225009,-0.0021043135784566402,124.0
BNB,20240317,us,mid,0.04135888069868088,-0.1259526014328003,-0.08459372073411942,900.0
BNB,20240326,asia,calm,0.02042420580983162,-0.016810474917292595,0.0036137383431196213,438.0
BNB,20240326,asia,mid,0.0001701186556601897,0.002381661208346486,0.0025517798494547606,4.0
BNB,20240326,europe,calm,0.022501099854707718,-0.1047624945640564,-0.08226139098405838,501.0
BNB,20240326,europe,mid,0.041771501302719116,-0.0026650652289390564,0.03910642862319946,737.0
BNB,20240326,us,calm,0.01734919287264347,-0.04475191980600357,-0.02740272507071495,377.0
BNB,20240326,us,mid,0.007679822854697704,-0.018947307020425797,-0.011267484165728092,161.0
BNB,20240404,asia,calm,0.03465636819601059,-0.23600605130195618,-0.20134969055652618,723.0
BNB,20240404,asia,mid,0.00946301780641079,-0.03278833627700806,-0.023325318470597267,172.0
BNB,20240404,asia,stress,0.04215731844305992,0.06772364675998688,0.1098809540271759,491.0
BNB,20240404,europe,calm,0.04983215779066086,-0.10644496232271194,-0.05661281198263168,1080.0
BNB,20240404,us,calm,0.029252443462610245,-0.08818916231393814,-0.058936718851327896,650.0
BNB,20240404,us,mid,0.015119378454983234,-0.035453911870718,-0.020334534347057343,324.0
BNB,20240413,asia,calm,0.007801108993589878,-0.028127478435635567,-0.020326368510723114,169.0
BNB,20240413,asia,mid,0.0417143777012825,-0.21672323346138,-0.1750088483095169,892.0
BNB,20240413,asia,stress,0.013598097488284111,-0.07004919648170471,-0.05645110458135605,273.0
BNB,20240413,europe,calm,0.03192116692662239,-0.06490311026573181,-0.03298194333910942,657.0
BNB,20240413,europe,mid,0.0033631939440965652,-0.009858597069978714,-0.006495401728898287,68.0
BNB,20240413,us,calm,0.0005206141504459083,-0.0020680890884250402,-0.0015474751126021147,12.0
BNB,20240413,us,mid,0.056388892233371735,-0.1338287591934204,-0.07743985205888748,1133.0
BNB,20240413,us,stress,0.9875298738479614,-1.0913652181625366,-0.10383549332618713,5855.0
BNB,20240419,asia,calm,0.02176024205982685,-0.07584167271852493,-0.05408142879605293,443.0
BNB,20240419,asia,mid,0.06382782012224197,-0.20130857825279236,-0.13748076558113098,1253.0
BNB,20240419,europe,calm,0.02059030719101429,-0.08411461114883423,-0.06352429836988449,444.0
BNB,20240419,us,calm,0.013536845333874226,-0.03457685932517052,-0.021040014922618866,291.0
BNB,20240419,us,mid,0.0032980386167764664,-0.019871389493346214,-0.016573350876569748,70.0
BNB,20240428,asia,calm,0.006012564990669489,-0.020532965660095215,-0.014520401135087013,144.0
BNB,20240428,europe,calm,0.007922688499093056,-0.025261498987674713,-0.017338812351226807,186.0
BNB,20240428,europe,mid,0.0015689473366364837,-0.002682979218661785,-0.0011140318820253015,34.0
BNB,20240428,us,calm,0.008769395761191845,-0.0411762073636055,-0.03240681067109108,208.0
BNB,20240507,asia,calm,0.008938180282711983,-0.0381324477493763,-0.029194265604019165,193.0
BNB,20240507,asia,mid,0.00017061573453247547,0.00017067004228010774,0.00034128580591641366,4.0
BNB,20240507,europe,calm,0.017048295587301254,-0.045581117272377014,-0.02853282168507576,354.0
BNB,20240507,europe,mid,0.0027244349475950003,-0.009204292669892311,-0.0064798579551279545,63.0
BNB,20240507,us,calm,0.013701176270842552,-0.041023850440979004,-0.0273226760327816,309.0
BNB,20240507,us,mid,0.004471696447581053,-0.012473341077566147,-0.008001645095646381,83.0
BNB,20240516,asia,calm,0.004926509223878384,-0.019488753750920296,-0.014562245458364487,112.0
BNB,20240516,europe,calm,0.018335487693548203,-0.042913950979709625,-0.024578463286161423,306.0
BNB,20240516,us,calm,0.004669212270528078,-0.015951085835695267,-0.011281872168183327,103.0
BNB,20240522,asia,calm,0.029826294630765915,-0.0703602135181427,-0.04053393006324768,720.0
BNB,20240522,europe,calm,0.03925984352827072,-0.1249808743596077,-0.08572101593017578,929.0
BNB,20240522,europe,mid,0.00044544771662913263,-0.0029152522329241037,-0.0024698046036064625,11.0
BNB,20240522,us,calm,0.01355565432459116,-0.057265862822532654,-0.04371020942926407,319.0
BNB,20240522,us,mid,0.00436775479465723,-0.016195831820368767,-0.011828077025711536,92.0
BNB,20240531,asia,calm,0.002821181667968631,-0.010443298146128654,-0.00762211624532938,65.0
BNB,20240531,europe,calm,0.009906496852636337,-0.032588642090559006,-0.02268214523792267,235.0
BNB,20240531,us,calm,0.00569095928221941,-0.019696511328220367,-0.014005552977323532,120.0
BNB,20240609,asia,calm,0.006501864641904831,-0.015737688168883324,-0.009235823526978493,168.0
BNB,20240609,europe,calm,0.006683136336505413,-0.01962253451347351,-0.012939400039613247,174.0
BNB,20240609,us,calm,0.0037099714390933514,-0.008867689408361912,-0.005157718434929848,98.0
BNB,20240618,asia,calm,0.027761224657297134,-0.11657886207103729,-0.08881764113903046,631.0
BNB,20240618,asia,mid,0.054237231612205505,-0.33126574754714966,-0.27702850103378296,979.0
BNB,20240618,asia,stress,0.09018424153327942,-0.17513230443000793,-0.08494804799556732,1641.0
BNB,20240618,europe,calm,0.031834524124860764,-0.11141450703144073,-0.07957997173070908,705.0
BNB,20240618,europe,mid,0.009983125142753124,-0.01691499352455139,-0.006931867450475693,225.0
BNB,20240618,us,calm,0.022829800844192505,-0.07250787317752838,-0.049678072333335876,463.0
BNB,20240624,asia,calm,0.016416054219007492,-0.05431598797440529,-0.037899937480688095,365.0
BNB,20240624,asia,mid,0.012642146088182926,-0.045979879796504974,-0.03333773836493492,251.0
BNB,20240624,europe,calm,0.021065406501293182,-0.3441118896007538,-0.32304647564888,446.0
BNB,20240624,europe,mid,0.03964906558394432,-0.22728946805000305,-0.18764041364192963,669.0
BNB,20240624,us,calm,0.020628340542316437,-0.08835311233997345,-0.06772477179765701,439.0
BNB,20240624,us,mid,0.01678626611828804,-0.0304548442363739,-0.013668572530150414,335.0
BNB,20240703,asia,calm,0.015146617777645588,-0.03895232453942299,-0.023805709555745125,297.0
BNB,20240703,europe,calm,0.01496615819633007,-0.050664328038692474,-0.03569817170500755,322.0
BNB,20240703,europe,mid,0.0028266431763768196,-0.005590526852756739,-0.002763883676379919,57.0
BNB,20240703,us,calm,0.008378930389881134,-0.019801201298832893,-0.01142227090895176,181.0
BNB,20240712,asia,calm,0.01104345265775919,-0.02332250587642193,-0.012279056943953037,221.0
BNB,20240712,asia,mid,0.004287708085030317,-0.02394249476492405,-0.019654786214232445,85.0
BNB,20240712,europe,calm,0.015607262030243874,-0.0363423228263855,-0.020735062658786774,286.0
BNB,20240712,europe,mid,0.0013829180970788002,-0.009673933498561382,-0.008291014470160007,27.0
BNB,20240712,us,calm,0.006996211130172014,-0.021058348938822746,-0.01406213827431202,146.0
BNB,20240721,asia,calm,0.002231795573607087,-0.010909577831625938,-0.00867778342217207,53.0
BNB,20240721,europe,calm,0.009990870952606201,-0.04118897020816803,-0.03119809925556183,233.0
BNB,20240721,us,calm,0.01478257030248642,-0.04288453981280327,-0.02810196951031685,335.0
BNB,20240721,us,mid,0.013223480433225632,-0.0716194212436676,-0.05839593708515167,278.0
BNB,20240727,asia,calm,0.006652730517089367,-0.022448211908340454,-0.015795482322573662,149.0
BNB,20240727,asia,mid,0.0010285743046551943,-0.006858305539935827,-0.005829730536788702,23.0
BNB,20240727,europe,calm,0.007443144917488098,-0.023729225620627403,-0.016286082565784454,175.0
BNB,20240727,us,calm,0.015247264876961708,-0.0826682597398758,-0.06742098927497864,338.0
BNB,20240727,us,mid,0.009565187618136406,-0.025104233995079994,-0.015539044514298439,218.0
BNB,20240805,asia,mid,0.021367892622947693,-0.0748857781291008,-0.053517889231443405,363.0
BNB,20240805,asia,stress,0.6557207703590393,-0.025274038314819336,0.6304466128349304,6533.0
BNB,20240805,europe,mid,0.019382167607545853,-0.11081895232200623,-0.09143678098917007,336.0
BNB,20240805,europe,stress,0.1992482841014862,-0.40413832664489746,-0.20489004254341125,3149.0
BNB,20240805,us,calm,0.001719942782074213,-0.0060908910818398,-0.004370948299765587,31.0
BNB,20240805,us,mid,0.04824560135602951,-0.15726089477539062,-0.10901530086994171,863.0
BNB,20240805,us,stress,0.02128479816019535,-0.0665317103266716,-0.0452469065785408,378.0
BNB,20240814,asia,calm,0.008048801682889462,-0.030388493090867996,-0.02233969047665596,169.0
BNB,20240814,europe,calm,0.02186724729835987,-0.07578370720148087,-0.053916458040475845,446.0
BNB,20240814,europe,mid,0.012057509273290634,-0.05916418880224228,-0.04710667207837105,251.0
BNB,20240814,us,calm,0.01275879517197609,-0.03550153970718384,-0.02274274453520775,265.0
BNB,20240820,asia,calm,0.03334052115678787,-0.09080107510089874,-0.05746055394411087,752.0
BNB,20240820,asia,mid,0.0011527013266459107,-0.007915684953331947,-0.006762982811778784,26.0
BNB,20240820,europe,calm,0.02844090946018696,-0.13678491115570068,-0.10834398865699768,619.0
BNB,20240820,europe,mid,0.039245206862688065,-0.06803745031356812,-0.02879224717617035,873.0
BNB,20240820,us,calm,0.03533417731523514,-0.117900051176548,-0.08256587386131287,762.0
BNB,20240820,us,mid,0.022096432745456696,-0.18659168481826782,-0.1644952893257141,454.0
BNB,20240829,asia,calm,0.01041172631084919,-0.03870673477649689,-0.028295010328292847,223.0
BNB,20240829,europe,calm,0.013270924799144268,-0.03666718676686287,-0.023396261036396027,284.0
BNB,20240829,europe,mid,0.0030115556437522173,-0.01184717658907175,-0.008835621178150177,61.0
BNB,20240829,us,calm,0.01427269447594881,-0.06675645709037781,-0.05248375982046127,305.0
BNB,20240907,asia,calm,0.012886219657957554,-0.03980077803134918,-0.026914559304714203,252.0
BNB,20240907,europe,calm,0.010757362470030785,-0.0333014652132988,-0.022544100880622864,201.0
BNB,20240907,us,calm,0.0058707441203296185,-0.013827893882989883,-0.007957149296998978,116.0
BNB,20240916,asia,calm,0.01462564431130886,-0.048930250108242035,-0.034304603934288025,317.0
BNB,20240916,europe,calm,0.01569671928882599,-0.05372573435306549,-0.0380290150642395,336.0
BNB,20240916,us,calm,0.013910729438066483,-0.060911472886800766,-0.04700075089931488,291.0
BNB,20240922,asia,calm,0.006762025877833366,-0.01958681270480156,-0.012824787758290768,154.0
BNB,20240922,europe,calm,0.0034464504569768906,-0.014486447907984257,-0.011039997451007366,78.0
BNB,20240922,us,calm,0.010175390169024467,-0.04964014142751694,-0.03946474939584732,224.0
BNB,20241001,asia,calm,0.012658961117267609,-0.05022474005818367,-0.03756577521562576,289.0
BNB,20241001,europe,calm,0.017632590606808662,-0.07277597486972809,-0.05514339357614517,398.0
BNB,20241001,europe,mid,0.017099551856517792,-0.027028311043977737,-0.009928758256137371,366.0
BNB,20241001,us,calm,0.03376007825136185,-0.11463795602321625,-0.0808778703212738,735.0
BNB,20241001,us,mid,0.0419810488820076,-0.13245078921318054,-0.09046975523233414,852.0
BNB,20241010,asia,calm,0.0031563411466777325,-0.011404039338231087,-0.008247697725892067,72.0
BNB,20241010,europe,calm,0.008958220481872559,-0.02828120067715645,-0.01932298019528389,199.0
BNB,20241010,us,calm,0.01319333165884018,-0.040138304233551025,-0.026944974437355995,283.0
BNB,20241019,asia,calm,0.0030036899261176586,-0.0072604091838002205,-0.004256719257682562,70.0
BNB,20241019,europe,calm,0.001255679759196937,-0.004352793097496033,-0.0030971134547144175,30.0
BNB,20241019,us,calm,0.0015081084566190839,-0.0030988063663244247,-0.0015906983753666282,36.0
BNB,20241025,asia,calm,0.006156074348837137,-0.02254427596926689,-0.01638820208609104,145.0
BNB,20241025,europe,calm,0.008034519851207733,-0.022815730422735214,-0.014781210571527481,186.0
BNB,20241025,us,calm,0.018050819635391235,-0.06851251423358917,-0.05046168714761734,413.0
BNB,20241025,us,mid,0.012045929208397865,-0.022666802629828453,-0.010620874352753162,263.0
BNB,20241103,asia,calm,0.008947701193392277,-0.026315348222851753,-0.017367642372846603,198.0
BNB,20241103,europe,calm,0.008803687989711761,-0.023928865790367126,-0.015125175006687641,195.0
BNB,20241103,us,calm,0.008593615144491196,-0.021305197849869728,-0.012711582705378532,186.0
BNB,20241112,asia,calm,0.0043085841462016106,-0.023517776280641556,-0.01920919120311737,104.0
BNB,20241112,asia,mid,0.041596073657274246,-0.17646503448486328,-0.13486894965171814,999.0
BNB,20241112,asia,stress,0.056476954370737076,-0.20329196751117706,-0.14681503176689148,1262.0
BNB,20241112,europe,calm,0.006652361713349819,-0.023223107680678368,-0.016570743173360825,165.0
BNB,20241112,europe,mid,0.1331518292427063,-0.42863309383392334,-0.29548126459121704,2743.0
BNB,20241112,europe,stress,0.07352009415626526,-0.1474926471710205,-0.07397255301475525,1449.0
BNB,20241112,us,calm,0.02515580505132675,-0.0929034948348999,-0.06774768233299255,588.0
BNB,20241112,us,mid,0.019601520150899887,-0.045927729457616806,-0.02632620930671692,392.0
BNB,20241121,asia,calm,0.024618156254291534,-0.06267504394054413,-0.03805689513683319,546.0
BNB,20241121,asia,mid,0.005087090190500021,-0.016659563407301903,-0.01157246995717287,118.0
BNB,20241121,europe,calm,0.028571516275405884,-0.04940950125455856,-0.02083798497915268,632.0
BNB,20241121,europe,mid,0.020373530685901642,-0.030811872333288193,-0.010438341647386551,473.0
BNB,20241121,us,calm,0.02017301134765148,-0.05720849335193634,-0.03703548014163971,483.0
BNB,20241121,us,mid,0.0008488742168992758,4.107804852537811e-05,0.0008899524109438062,21.0
BNB,20241127,asia,calm,0.025912059471011162,-0.06972663104534149,-0.043814558535814285,618.0
BNB,20241127,asia,mid,0.0008960316190496087,-0.007375163957476616,-0.006479131989181042,21.0
BNB,20241127,europe,calm,0.04006417095661163,-0.12336888164281845,-0.08330470323562622,899.0
BNB,20241127,europe,mid,0.004703897051513195,-0.009402102790772915,-0.004698207601904869,113.0
BNB,20241127,us,calm,0.03234085813164711,-0.08547943085432053,-0.05313856899738312,771.0
BNB,20241206,asia,calm,0.02938142605125904,-0.0616440512239933,-0.03226262703537941,694.0
BNB,20241206,asia,mid,0.01647055149078369,-0.10195553302764893,-0.08548498153686523,418.0
BNB,20241206,europe,calm,0.02432408183813095,-0.07109831273555756,-0.046774230897426605,660.0
BNB,20241206,europe,mid,0.041972436010837555,-0.023837562650442123,0.01813487894833088,1022.0
BNB,20241206,us,calm,0.026724088937044144,-0.09129743278026581,-0.06457334756851196,730.0
BNB,20241206,us,mid,0.032789379358291626,-0.10188011825084686,-0.06909073889255524,810.0
BNB,20241215,asia,calm,0.01129547692835331,-0.043658655136823654,-0.03236318379640579,307.0
BNB,20241215,europe,calm,0.01034524291753769,-0.028481587767601013,-0.018136344850063324,290.0
BNB,20241215,us,calm,0.017107754945755005,-0.07268911600112915,-0.055581361055374146,470.0
BNB,20241215,us,mid,0.0028129222337156534,-0.006998990196734667,-0.00418606773018837,75.0
BNB,20241224,asia,calm,0.017958998680114746,-0.05394153296947479,-0.035982534289360046,473.0
BNB,20241224,asia,mid,0.0047448244877159595,-0.007609374355524778,-0.002864550333470106,113.0
BNB,20241224,asia,stress,0.0010128968860954046,-0.006477345246821642,-0.005464447662234306,25.0
BNB,20241224,europe,calm,0.019277257844805717,-0.045128144323825836,-0.02585088461637497,508.0
BNB,20241224,us,calm,0.018788684159517288,-0.056704841554164886,-0.0379161573946476,491.0
BNB,20241230,asia,calm,0.011428328230977058,-0.029756993055343628,-0.01832866296172142,300.0
BNB,20241230,europe,calm,0.019503207877278328,-0.019853150472044945,-0.0003499421291053295,508.0
BNB,20241230,europe,mid,0.004611073527485132,-0.004183704033493996,0.00042736841714940965,115.0
BNB,20241230,us,calm,0.021852072328329086,-0.07729700207710266,-0.055444929748773575,577.0
BNB,20241230,us,mid,0.009244962595403194,-0.04723863676190376,-0.03799367696046829,251.0
BNB,20250108,asia,calm,0.021870197728276253,-0.05814466252923012,-0.036274462938308716,575.0
BNB,20250108,asia,mid,0.009698508307337761,0.013767411932349205,0.023465922102332115,251.0
BNB,20250108,europe,calm,0.026051431894302368,-0.10660045593976974,-0.08054902404546738,669.0
BNB,20250108,europe,mid,0.0017951156478375196,-0.004232823848724365,-0.0024377082008868456,50.0
BNB,20250108,us,calm,0.01673753932118416,-0.03084280528128147,-0.014105264097452164,450.0
BNB,20250108,us,mid,0.026068560779094696,-0.02922244183719158,-0.003153882920742035,655.0
BNB,20250108,us,stress,0.005387423560023308,0.009901965968310833,0.015289390459656715,130.0
BNB,20250117,asia,calm,0.00797739066183567,-0.027965273708105087,-0.019987886771559715,222.0
BNB,20250117,europe,calm,0.016446758061647415,-0.03544121980667114,-0.018994459882378578,461.0
BNB,20250117,us,calm,0.01186801865696907,-0.03467090427875519,-0.022802887484431267,341.0
BNB,20250126,asia,calm,0.0018866709433495998,-0.004862581845372915,-0.002975910436362028,52.0
BNB,20250126,europe,calm,0.0029185046441853046,-0.007701292634010315,-0.004782788455486298,72.0
BNB,20250126,us,calm,0.014927111566066742,-0.028983600437641144,-0.014056486077606678,326.0
BNB,20250126,us,mid,0.0011272183619439602,-0.005335283000022173,-0.004208064172416925,30.0
BNB,20250201,asia,calm,0.00331719103269279,-0.010136038064956665,-0.006818846333771944,87.0
BNB,20250201,europe,calm,0.006715207826346159,-0.013765465468168259,-0.007050257176160812,179.0
BNB,20250201,us,calm,0.009640106931328773,-0.03143604099750519,-0.021795932203531265,254.0
BNB,20250210,asia,calm,0.020998558029532433,-0.0740739107131958,-0.053075358271598816,479.0
BNB,20250210,asia,mid,0.013751393184065819,-0.05868058279156685,-0.04492918401956558,302.0
BNB,20250210,europe,calm,0.018712762743234634,-0.04559619724750519,-0.026883432641625404,429.0
BNB,20250210,europe,mid,0.0029410412535071373,-0.006206503603607416,-0.0032654618844389915,41.0
BNB,20250210,us,calm,0.01603533700108528,-0.04317181929945946,-0.027136482298374176,360.0
BNB,20250210,us,mid,0.008130831643939018,-0.00991746038198471,-0.0017866268754005432,180.0
BNB,20250219,asia,calm,0.0240772794932127,-0.08625414967536926,-0.062176868319511414,592.0
BNB,20250219,asia,mid,0.0044133285991847515,0.035162948071956635,0.03957626596093178,106.0
BNB,20250219,europe,calm,0.02244478464126587,-0.05653970316052437,-0.0340949147939682,516.0
BNB,20250219,europe,mid,0.0075323800556361675,-0.005014373920857906,0.0025180079974234104,186.0
BNB,20250219,us,calm,0.034421760588884354,-0.08001795411109924,-0.04559619352221489,798.0
BNB,20250228,asia,calm,0.007468482945114374,-0.027307497337460518,-0.01983901485800743,172.0
BNB,20250228,asia,mid,0.0851716697216034,-0.29550954699516296,-0.21033789217472076,1783.0
BNB,20250228,asia,stress,0.023115364834666252,-0.05328168347477913,-0.030166324228048325,492.0
BNB,20250228,europe,calm,0.017608150839805603,-0.03786327317357063,-0.02025512233376503,390.0
BNB,20250228,europe,mid,0.03793457895517349,-0.051537610590457916,-0.01360301673412323,832.0
BNB,20250228,us,calm,0.026293255388736725,-0.08057226985692978,-0.05427902191877365,583.0
BNB,20250306,asia,calm,0.02043023519217968,-0.06380075216293335,-0.043370507657527924,477.0
BNB,20250306,europe,calm,0.016716979444026947,-0.05433325469493866,-0.03761627525091171,385.0
BNB,20250306,us,calm,0.013891240581870079,-0.033844955265522,-0.019953714683651924,322.0
BNB,20250315,asia,calm,0.008195356465876102,-0.01435299776494503,-0.0061576408334076405,97.0
BNB,20250315,europe,calm,0.010629411786794662,-0.020587487146258354,-0.009958076290786266,127.0
BNB,20250315,us,calm,0.02142290584743023,-0.04122290760278702,-0.019800003618001938,262.0
BNB,20250315,us,mid,0.004562819376587868,-0.013943050056695938,-0.00938023068010807,56.0
BNB,20250324,asia,calm,0.01099289208650589,-0.025518877431750298,-0.014525984413921833,137.0
BNB,20250324,europe,calm,0.01522145513445139,-0.020871341228485107,-0.005649888888001442,191.0
BNB,20250324,us,calm,0.011175567284226418,-0.03091799095273018,-0.019742421805858612,134.0
BNB,20250324,us,mid,0.007631373591721058,-0.0367891788482666,-0.029157808050513268,97.0
BNB,20250330,asia,calm,0.007656431756913662,-0.015815168619155884,-0.008158734068274498,93.0
BNB,20250330,europe,calm,0.00852464884519577,-0.017727211117744446,-0.0092025650665164,103.0
BNB,20250330,us,calm,0.011166537180542946,-0.03447531908750534,-0.023308780044317245,134.0
BNB,20250408,asia,calm,0.017470426857471466,-0.025182301178574562,-0.007711873855441809,194.0
BNB,20250408,europe,calm,0.017225954681634903,-0.017983412370085716,-0.0007574576884508133,193.0
BNB,20250408,europe,mid,0.0027531201485544443,-0.005856851115822792,-0.0031037291046231985,31.0
BNB,20250408,us,calm,0.01880214735865593,-0.04439520835876465,-0.02559306100010872,206.0
BNB,20250408,us,mid,0.009967479854822159,-0.03306287154555321,-0.0230953898280859,110.0
BNB,20250417,asia,calm,0.0031737973913550377,-0.008578400127589703,-0.00540460180491209,37.0
BNB,20250417,europe,calm,0.006143419072031975,-0.017532050609588623,-0.011388631537556648,71.0
BNB,20250417,us,calm,0.005161103792488575,-0.008460738696157932,-0.00329963443800807,61.0
BNB,20250426,asia,calm,0.00199332507327199,-0.003488511312752962,-0.0014951861230656505,24.0
BNB,20250426,europe,calm,0.0054658823646605015,-0.014576449990272522,-0.009110567159950733,66.0
BNB,20250426,us,calm,0.0028803700115531683,-0.004938168451189995,-0.0020577984396368265,35.0
BNB,20250502,asia,calm,0.0040000746957957745,-0.006498255766928196,-0.0024981810711324215,48.0
BNB,20250502,europe,calm,0.0052667222917079926,0.0030180830508470535,0.00828480627387762,63.0
BNB,20250502,us,calm,0.002499629510566592,-0.003167711663991213,-0.0006680821534246206,30.0
BNB,20250511,asia,calm,0.016491051763296127,-0.03713064640760422,-0.02063959650695324,217.0
BNB,20250511,asia,mid,0.007187727373093367,-0.013150671496987343,-0.005962943658232689,95.0
BNB,20250511,europe,calm,0.007872089743614197,-0.018167126923799515,-0.010295039042830467,103.0
BNB,20250511,europe,mid,0.0032252909149974585,-0.002065816195681691,0.0011594751849770546,39.0
BNB,20250511,us,calm,0.009224606677889824,-0.015152321197092533,-0.005927716381847858,119.0
BNB,20250520,asia,calm,0.007530291099101305,-0.011603078804910183,-0.004072788171470165,95.0
BNB,20250520,europe,calm,0.007925441488623619,-0.016325898468494415,-0.008400456048548222,102.0
BNB,20250520,us,calm,0.006877122912555933,-0.010033933445811272,-0.0031568105332553387,87.0
BNB,20250601,asia,calm,0.004658292979001999,-0.009925613179802895,-0.005267320200800896,61.0
BNB,20250601,europe,calm,0.004460006486624479,-0.008457392454147339,-0.003997385501861572,58.0
BNB,20250601,us,calm,0.007695906795561314,-0.027067191898822784,-0.019371282309293747,100.0
BNB,20250607,asia,calm,0.0025607063435018063,-0.005124750081449747,-0.002564043737947941,33.0
BNB,20250607,europe,calm,0.0019271433120593429,-0.0046243816614151,-0.002697237767279148,25.0
BNB,20250607,us,calm,0.0023804125376045704,-0.004605333786457777,-0.0022249214816838503,31.0
BNB,20250616,asia,calm,0.003380558220669627,-0.007836216129362583,-0.004455657675862312,44.0
BNB,20250616,europe,calm,0.003432890633121133,-0.006714343558996916,-0.003281452925875783,45.0
BNB,20250616,us,calm,0.005805010907351971,-0.012209976091980934,-0.006404966115951538,76.0
BNB,20250625,asia,calm,0.004650027025490999,-0.010872792452573776,-0.006222766358405352,56.0
BNB,20250625,asia,mid,0.0042436979711055756,-0.012948572635650635,-0.00870487280189991,47.0
BNB,20250625,europe,calm,0.004802224691957235,-0.010538673959672451,-0.005736447870731354,62.0
BNB,20250625,us,calm,0.003019595518708229,-0.005110920872539282,-0.0020913255866616964,39.0
BNB,20250704,asia,calm,0.0031824843026697636,-0.006965663284063339,-0.0037831792142242193,42.0
BNB,20250704,europe,calm,0.003812649752944708,-0.009151930920779705,-0.005339282099157572,50.0
BNB,20250704,us,calm,0.0023784986697137356,-0.0030670673586428165,-0.0006885685143060982,31.0
BNB,20250710,asia,calm,0.0029819875489920378,-0.007902706041932106,-0.004920718260109425,40.0
BNB,20250710,europe,calm,0.004326913971453905,-0.0103754922747612,-0.0060485778376460075,55.0
BNB,20250710,us,calm,0.011777493171393871,-0.02632582001388073,-0.014548325911164284,160.0
BNB,20250710,us,mid,0.004964438267052174,-0.009352611377835274,-0.004388174507766962,68.0
BNB,20250719,asia,calm,0.01386975310742855,-0.03651433065533638,-0.02264457568526268,202.0
BNB,20250719,asia,mid,0.00034542320645414293,-0.000690693617798388,-0.000345270469551906,5.0
BNB,20250719,europe,calm,0.011514987796545029,-0.02943411096930504,-0.01791912317276001,169.0
BNB,20250719,us,calm,0.007942263968288898,-0.019307928159832954,-0.01136566512286663,116.0
BNB,20250727,asia,calm,0.007846055552363396,-0.018454143777489662,-0.010608089156448841,123.0
BNB,20250727,europe,calm,0.007898065261542797,-0.017039451748132706,-0.009141385555267334,126.0
BNB,20250727,europe,mid,0.006287221796810627,-0.08569968491792679,-0.07941246032714844,101.0
BNB,20250727,us,calm,0.017811410129070282,-0.0017315130680799484,0.016079893335700035,296.0
BNB,20250727,us,mid,0.026840388774871826,-0.05676436424255371,-0.029923973605036736,437.0
BNB,20250727,us,stress,0.01365750003606081,-0.03324195742607117,-0.019584456458687782,219.0
BNB,20250730,asia,calm,0.022095149382948875,-0.05152714625000954,-0.029431995004415512,346.0
BNB,20250730,europe,calm,0.026789188385009766,-0.09935403615236282,-0.07256484031677246,424.0
BNB,20250730,europe,mid,0.024080542847514153,-0.051016710698604584,-0.02693617343902588,353.0
BNB,20250730,us,calm,0.01204696111381054,-0.01921655796468258,-0.00716959685087204,190.0
BNB,20250730,us,mid,0.026310713961720467,-0.0594252273440361,-0.033114511519670486,402.0
BNB,20250730,us,stress,0.00025808115606196225,-0.001935608801431954,-0.0016775276744738221,4.0
BNB,20250801,asia,calm,0.01024368405342102,-0.032898638397455215,-0.022654954344034195,160.0
BNB,20250801,asia,mid,0.033493876457214355,-0.07635343819856644,-0.04285956174135208,519.0
BNB,20250801,europe,calm,0.01652802899479866,-0.021303560584783554,-0.004775531589984894,250.0
BNB,20250801,europe,mid,0.03535900264978409,-0.1083303913474083,-0.0729713886976242,534.0
BNB,20250801,us,calm,0.010817226022481918,-0.028482388705015182,-0.017665162682533264,162.0
BNB,20250801,us,mid,0.0339517667889595,-0.05164819210767746,-0.01769641786813736,509.0
BNB,20250804,asia,calm,0.004240263719111681,-0.011524655856192112,-0.007284392137080431,64.0
BNB,20250804,europe,calm,0.011115853674709797,-0.02730582281947136,-0.016189968213438988,169.0
BNB,20250804,us,calm,0.00829552672803402,-0.014494956471025944,-0.006199432071298361,127.0
BNB,20250807,asia,calm,0.0037756788078695536,-0.008471079170703888,-0.004695400130003691,58.0
BNB,20250807,europe,calm,0.009959502145648003,-0.02520403452217579,-0.015244533307850361,146.0
BNB,20250807,us,calm,0.010266024619340897,-0.0208891574293375,-0.01062313187867403,160.0
BNB,20250810,asia,calm,0.011085700243711472,-0.028901737183332443,-0.01781603693962097,178.0
BNB,20250810,europe,calm,0.010754585266113281,-0.02011950872838497,-0.00936492532491684,172.0
BNB,20250810,us,calm,0.008608665317296982,-0.01901717483997345,-0.010408509522676468,138.0
BNB,20250812,asia,calm,0.0069236536510288715,-0.020533176138997078,-0.013609522953629494,112.0
BNB,20250812,europe,calm,0.01812213473021984,-0.030711214989423752,-0.012589079327881336,292.0
BNB,20250812,europe,mid,0.0025290302000939846,0.00018076921696774662,0.0027097987476736307,41.0
BNB,20250812,us,calm,0.020357146859169006,-0.04351027309894562,-0.02315312623977661,335.0
BNB,20250815,asia,calm,0.011704635806381702,-0.030171703547239304,-0.018467068672180176,194.0
BNB,20250815,europe,calm,0.016719860956072807,-0.008505159057676792,0.008214701898396015,280.0
BNB,20250815,europe,mid,0.01854756847023964,-0.05068260058760643,-0.03213503211736679,304.0
BNB,20250815,us,calm,0.010809055529534817,-0.030851110816001892,-0.02004205249249935,178.0
BNB,20250815,us,mid,0.004900489933788776,-0.010843096300959587,-0.005942606367170811,79.0
BNB,20250818,asia,calm,0.029520384967327118,-0.07973510026931763,-0.05021471157670021,490.0
BNB,20250818,asia,mid,0.011225522495806217,0.003939767833799124,0.015165290795266628,176.0
BNB,20250818,europe,calm,0.01863515004515648,-0.0359000563621521,-0.01726490817964077,310.0
BNB,20250818,us,calm,0.013007285073399544,-0.04231873154640198,-0.029311444610357285,220.0
BTC,20230724,asia,calm,0.0012863745214417577,0.04804016649723053,0.049326539039611816,589.0
BTC,20230724,europe,calm,0.03877589851617813,0.17619207501411438,0.21496793627738953,1636.0
BTC,20230724,europe,mid,0.0056481314823031425,-0.40507572889328003,-0.399427592754364,1582.0
BTC,20230724,us,calm,0.0006532676052302122,-0.0320625938475132,-0.03140932321548462,276.0
BTC,20230802,asia,calm,0.002187014790251851,-0.09193529188632965,-0.08974827826023102,931.0
BTC,20230802,asia,mid,0.01009073294699192,0.0454578660428524,0.05554860457777977,229.0
BTC,20230802,europe,calm,0.006039267871528864,-0.1556127518415451,-0.14957347512245178,1081.0
BTC,20230802,us,calm,0.006427386309951544,-0.10392005741596222,-0.09749267995357513,428.0
BTC,20230802,us,mid,0.002904226304963231,-0.013620838522911072,-0.010716617107391357,726.0
BTC,20230808,asia,calm,0.0004717339761555195,-0.014018828049302101,-0.013547094538807869,162.0
BTC,20230808,europe,calm,0.0028930814005434513,-0.2284448742866516,-0.2255517989397049,1334.0
BTC,20230808,us,calm,0.009341565892100334,-0.23168258368968964,-0.22234100103378296,1670.0
BTC,20230808,us,mid,0.00014379284402821213,-0.00706435926258564,-0.006920565851032734,57.0
BTC,20230817,asia,calm,0.003775794757530093,0.12972687184810638,0.13350266218185425,1219.0
BTC,20230817,asia,mid,0.0003018757561221719,-0.025874856859445572,-0.02557298168540001,172.0
BTC,20230817,europe,calm,0.005212258547544479,-0.22658158838748932,-0.22136932611465454,1491.0
BTC,20230817,europe,mid,0.007284215651452541,-0.23254767060279846,-0.22526344656944275,967.0
BTC,20230817,us,calm,0.004631410352885723,0.014823302626609802,0.019454747438430786,1332.0
BTC,20230817,us,mid,0.015912093222141266,-3.296642303466797,-3.2807297706604004,2728.0
BTC,20230817,us,stress,0.07569940388202667,-3.595573902130127,-3.5198745727539062,7070.0
BTC,20230826,asia,calm,0.00015734529006294906,-0.005808930844068527,-0.005651586223393679,82.0
BTC,20230826,europe,calm,0.00021332119649741799,-0.004488562699407339,-0.004275240935385227,91.0
BTC,20230826,us,calm,8.651482494315132e-05,-0.004102837294340134,-0.004016322549432516,45.0
BTC,20230904,asia,calm,0.000548528041690588,-0.02431477978825569,-0.023766253143548965,230.0
BTC,20230904,europe,calm,0.0015911057125777006,-0.056508518755435944,-0.054917410016059875,642.0
BTC,20230904,us,calm,0.002381881233304739,-0.08545118570327759,-0.08306930959224701,517.0
BTC,20230910,asia,calm,0.0006320227403193712,-0.009705014526844025,-0.009072992019355297,172.0
BTC,20230910,europe,calm,0.0005706035299226642,-0.032241541892290115,-0.031670939177274704,231.0
BTC,20230910,us,calm,0.0030191168189048767,-0.1894274801015854,-0.18640835583209991,1158.0
BTC,20230910,us,mid,0.00043798526166938245,0.030907414853572845,0.03134539723396301,183.0
BTC,20230919,asia,calm,0.0007937002228572965,-0.036511894315481186,-0.035718195140361786,284.0
BTC,20230919,europe,calm,0.0061157806776463985,-0.37366512417793274,-0.3675493597984314,2566.0
BTC,20230919,europe,mid,0.00037937023444101214,-0.0012149715330451727,-0.0008356017060577869,126.0
BTC,20230919,us,calm,0.0019245819421485066,-0.1100955680012703,-0.10817097872495651,819.0
BTC,20230919,us,mid,0.00014242665201891214,-0.008758049458265305,-0.008615621365606785,76.0
BTC,20230928,asia,calm,0.002429357962682843,-0.053315259516239166,-0.05088590085506439,519.0
BTC,20230928,europe,calm,0.004052037373185158,-0.17449304461479187,-0.17044100165367126,1579.0
BTC,20230928,europe,mid,0.0006058019353076816,-0.028389543294906616,-0.027783740311861038,231.0
BTC,20230928,us,calm,0.003484065178781748,-0.19247213006019592,-0.1889880895614624,1376.0
BTC,20230928,us,mid,0.004316485021263361,-0.01800818182528019,-0.013691697269678116,535.0
BTC,20231007,asia,calm,0.0004803725460078567,-0.021657690405845642,-0.021177317947149277,266.0
BTC,20231007,europe,calm,0.0003936740686185658,-0.015573064796626568,-0.015179390087723732,196.0
BTC,20231007,us,calm,0.0003513604460749775,-0.016434434801340103,-0.016083072870969772,189.0
BTC,20231013,asia,calm,0.0010458534816280007,-0.014998355880379677,-0.013952501118183136,333.0
BTC,20231013,europe,calm,0.0018172352574765682,-0.07286050170660019,-0.07104326784610748,642.0
BTC,20231013,us,calm,0.002542720874771476,-0.026413708925247192,-0.023870989680290222,979.0
BTC,20231013,us,mid,0.002096877433359623,-0.06678073108196259,-0.06468385457992554,488.0
BTC,20231022,asia,calm,0.004200969822704792,-0.07415493577718735,-0.06995396316051483,1235.0
BTC,20231022,asia,mid,0.0004709265485871583,-0.04215202480554581,-0.04168109595775604,252.0
BTC,20231022,europe,calm,0.00107626523822546,-0.05978192016482353,-0.0587056539952755,608.0
BTC,20231022,europe,mid,6.874687096569687e-05,-0.004560965579003096,-0.004492218606173992,32.0
BTC,20231022,us,calm,0.002139131538569927,-0.13404086232185364,-0.13190174102783203,632.0
BTC,20231031,asia,calm,0.0034373796079307795,-0.08779831230640411,-0.08436094224452972,1491.0
BTC,20231031,europe,calm,0.004319959785789251,-0.12678977847099304,-0.12246981263160706,1536.0
BTC,20231031,us,calm,0.0025909843388944864,-0.1272716224193573,-0.12468065321445465,1310.0
BTC,20231109,asia,calm,0.011571820825338364,-0.10466615855693817,-0.0930943489074707,2362.0
BTC,20231109,asia,mid,0.0062487442046403885,-0.2381807267665863,-0.23193198442459106,1452.0
BTC,20231109,asia,stress,0.003071986371651292,-0.06205613166093826,-0.058984141796827316,922.0
BTC,20231109,europe,calm,0.007873117923736572,-0.23564815521240234,-0.22777502238750458,3259.0
BTC,20231109,europe,mid,0.03493805602192879,0.29958587884902954,0.3345238268375397,5677.0
BTC,20231109,europe,stress,0.014332834631204605,-0.038423847407102585,-0.024091020226478577,2681.0
BTC,20231109,us,calm,0.006265441887080669,-0.34431275725364685,-0.3380473256111145,3149.0
BTC,20231109,us,mid,0.00974356196820736,-0.29311859607696533,-0.2833750545978546,3015.0
BTC,20231109,us,stress,0.03313963860273361,-0.5280969142913818,-0.4949572682380676,6087.0
BTC,20231115,asia,calm,0.001883618882857263,-0.060184795409440994,-0.0583011731505394,916.0
BTC,20231115,europe,calm,0.0075663672760128975,-0.2915503680706024,-0.2839840352535248,3349.0
BTC,20231115,us,calm,0.009119749069213867,-0.2701966166496277,-0.2610768675804138,3248.0
BTC,20231115,us,mid,0.027985231950879097,-0.4637100100517273,-0.4357247054576874,4229.0
BTC,20231115,us,stress,0.017226872965693474,-0.4161052703857422,-0.39887845516204834,3592.0
BTC,20231124,asia,calm,0.0019472043495625257,-0.042924508452415466,-0.04097730293869972,574.0
BTC,20231124,europe,calm,0.07365979254245758,-0.23957231640815735,-0.16591252386569977,3275.0
BTC,20231124,europe,mid,0.00899298395961523,-0.12183783948421478,-0.11284483969211578,3675.0
BTC,20231124,us,calm,0.005090021528303623,-0.09622717648744583,-0.09113715589046478,2032.0
BTC,20231124,us,mid,0.00257443031296134,0.019903521984815598,0.022477952763438225,1381.0
BTC,20231203,asia,calm,0.0009511951939202845,-0.03310322016477585,-0.032152023166418076,511.0
BTC,20231203,europe,calm,0.003736149286851287,-0.1489061415195465,-0.14516998827457428,2371.0
BTC,20231203,us,calm,0.006874143145978451,-0.09520328044891357,-0.08832915127277374,2409.0
BTC,20231203,us,mid,0.005080689676105976,-0.09469132125377655,-0.08961062133312225,1581.0
BTC,20231212,asia,calm,0.0034716948866844177,-0.12928107380867004,-0.12580935657024384,1920.0
BTC,20231212,europe,calm,0.01247947197407484,-0.2562602758407593,-0.24378080666065216,3136.0
BTC,20231212,europe,mid,0.0005755394231528044,-0.025348791852593422,-0.0247732512652874,281.0
BTC,20231212,us,calm,0.007886247709393501,-0.2208782434463501,-0.21299199759960175,3431.0
BTC,20231212,us,mid,0.0003549635875970125,-0.012129615992307663,-0.011774653568863869,206.0
BTC,20231218,asia,calm,0.004700554069131613,-0.1442733258008957,-0.13957276940345764,2376.0
BTC,20231218,europe,calm,0.025817444548010826,-0.7903759479522705,-0.7645583748817444,4416.0
BTC,20231218,europe,mid,0.0005149354692548513,-0.012082799337804317,-0.011567868292331696,343.0
BTC,20231218,us,calm,0.006392566487193108,-0.23378871381282806,-0.2273961454629898,2944.0
BTC,20231218,us,mid,0.0008409307920373976,-0.03604421764612198,-0.03520328551530838,374.0
BTC,20231227,asia,calm,0.0012756151845678687,-0.06962500512599945,-0.06834939122200012,876.0
BTC,20231227,europe,calm,0.02706250734627247,-0.24320358037948608,-0.21614108979701996,3551.0
BTC,20231227,us,calm,0.03357905149459839,-0.2411574274301529,-0.2075784057378769,3162.0
BTC,20240105,asia,calm,0.006327617913484573,-0.21102066338062286,-0.2046930193901062,2496.0
BTC,20240105,asia,mid,0.016607213765382767,0.06249024718999863,0.0790974572300911,283.0
BTC,20240105,asia,stress,0.01932748779654503,3.25905704498291,3.2783846855163574,2845.0
BTC,20240105,europe,calm,0.01190263219177723,-0.757587730884552,-0.7456851005554199,4752.0
BTC,20240105,europe,mid,0.01386718638241291,-0.22693711519241333,-0.21306991577148438,2321.0
BTC,20240105,us,calm,0.006007039453834295,-0.21062451601028442,-0.2046174705028534,2036.0
BTC,20240105,us,mid,0.004213111475110054,-0.16678974032402039,-0.1625766158103943,1807.0
BTC,20240105,us,stress,1.715037433314137e-05,-0.002833801321685314,-0.002816650550812483,15.0
BTC,20240111,asia,calm,0.03568405285477638,-0.35489702224731445,-0.31921297311782837,2462.0
BTC,20240111,asia,mid,0.002878319239243865,-0.09050842374563217,-0.08763010799884796,1284.0
BTC,20240111,europe,calm,0.007679720409214497,-0.31989943981170654,-0.3122197091579437,4234.0
BTC,20240111,europe,mid,0.027940906584262848,-0.08684960752725601,-0.05890868604183197,6277.0
BTC,20240111,europe,stress,0.04519328474998474,-0.3381572961807251,-0.29296398162841797,12029.0
BTC,20240111,us,calm,0.0037842057645320892,-0.19968222081661224,-0.19589801132678986,2527.0
BTC,20240111,us,mid,0.008196341805160046,-0.25078949332237244,-0.2425931692123413,3339.0
BTC,20240111,us,stress,0.012367173098027706,-0.2741442024707794,-0.26177704334259033,4572.0
BTC,20240120,asia,calm,0.0008546769386157393,-0.03235265240073204,-0.031497977674007416,588.0
BTC,20240120,europe,calm,0.0006469479994848371,-0.030193131417036057,-0.029546184465289116,480.0
BTC,20240120,us,calm,0.0005800686194561422,-0.03522755578160286,-0.034647490829229355,427.0
BTC,20240129,asia,calm,0.03418051823973656,-0.1881158947944641,-0.15393537282943726,1131.0
BTC,20240129,asia,mid,1.189019599223684e-06,-0.0007181678665801883,-0.0007169788586907089,1.0
BTC,20240129,europe,calm,0.0034864782355725765,-0.15595833957195282,-0.1524718701839447,2316.0
BTC,20240129,us,calm,0.0062456582672894,-0.2511005997657776,-0.24485492706298828,2534.0
BTC,20240129,us,mid,0.003568769432604313,-0.016739606857299805,-0.013170838356018066,2072.0
BTC,20240207,asia,calm,0.0018738379003480077,-0.04773915559053421,-0.045865319669246674,958.0
BTC,20240207,europe,calm,0.0038137692026793957,-0.19351929426193237,-0.1897055208683014,1886.0
BTC,20240207,us,calm,0.01091601513326168,-0.44415777921676636,-0.4332417845726013,4855.0
BTC,20240207,us,mid,0.00013964605750516057,-0.008418388664722443,-0.00827874056994915,123.0
BTC,20240213,asia,calm,0.00586483720690012,-0.036874499171972275,-0.03100966289639473,2193.0
BTC,20240213,europe,calm,0.010228920727968216,-0.03933316469192505,-0.029104314744472504,4813.0
BTC,20240213,europe,mid,0.011342376470565796,-0.38240674138069153,-0.37106436491012573,4828.0
BTC,20240213,us,calm,0.0054908134043216705,-0.2557956576347351,-0.25030481815338135,4046.0
BTC,20240222,asia,calm,0.004230904392898083,-0.14055493474006653,-0.13632403314113617,1861.0
BTC,20240222,europe,calm,0.004435661248862743,-0.2507917881011963,-0.24635612964630127,3188.0
BTC,20240222,us,calm,0.007448062766343355,-0.23308943212032318,-0.2256413698196411,2711.0
BTC,20240302,asia,calm,0.00294690765440464,-0.137378990650177,-0.13443207740783691,1887.0
BTC,20240302,europe,calm,0.004776227753609419,-0.14335493743419647,-0.13857871294021606,2016.0
BTC,20240302,us,calm,0.001676870509982109,-0.06280854344367981,-0.06113167107105255,857.0
BTC,20240311,asia,calm,0.0067149316892027855,-0.3663800060749054,-0.35966506600379944,3686.0
BTC,20240311,asia,mid,0.014056297019124031,-0.47127851843833923,-0.45722225308418274,5928.0
BTC,20240311,asia,stress,0.015589263290166855,-0.28596943616867065,-0.2703801691532135,6432.0
BTC,20240311,europe,calm,0.013749318197369576,-0.6819506883621216,-0.6682013869285583,9341.0
BTC,20240311,europe,mid,0.011139439418911934,-0.5529763698577881,-0.5418369174003601,6227.0
BTC,20240311,europe,stress,0.0019188043661415577,0.07883743941783905,0.08075626194477081,934.0
BTC,20240311,us,calm,0.03259558230638504,-0.17739738523960114,-0.1448017805814743,5039.0
BTC,20240311,us,mid,0.002424742793664336,-0.093490369617939,-0.09106563031673431,645.0
BTC,20240317,asia,calm,0.004537648055702448,-0.2441854327917099,-0.239647775888443,3683.0
BTC,20240317,asia,mid,0.009757792577147484,-0.30284762382507324,-0.2930898070335388,6136.0
BTC,20240317,asia,stress,0.0005042751436121762,-0.032426126301288605,-0.031921856105327606,443.0
BTC,20240317,europe,calm,0.012285979464650154,-0.36632394790649414,-0.35403797030448914,7476.0
BTC,20240317,europe,mid,0.004380838479846716,-0.11685881018638611,-0.11247797310352325,1963.0
BTC,20240317,us,calm,0.007265348453074694,-0.15647804737091064,-0.14921268820762634,4545.0
BTC,20240317,us,mid,0.00011109978368040174,0.005477249156683683,0.0055883475579321384,119.0
BTC,20240326,asia,calm,0.013447001576423645,-0.3080178499221802,-0.29457080364227295,5135.0
BTC,20240326,europe,calm,0.020234815776348114,-0.5148265957832336,-0.49459177255630493,6501.0
BTC,20240326,europe,mid,0.018213573843240738,-0.23839706182479858,-0.22018350660800934,6831.0
BTC,20240326,us,calm,0.005638522561639547,-0.4744654893875122,-0.46882694959640503,5075.0
BTC,20240404,asia,calm,0.00528325792402029,-0.2109387069940567,-0.20565545558929443,3541.0
BTC,20240404,asia,mid,1.5165037439146545e-06,-0.00048528119805268943,-0.0004837646847590804,2.0
BTC,20240404,asia,stress,2.2750591597286984e-06,-0.0010647322051227093,-0.0010624571004882455,3.0
BTC,20240404,europe,calm,0.009259378537535667,-0.2441292107105255,-0.2348698377609253,5673.0
BTC,20240404,us,calm,0.009261086583137512,-0.3669021725654602,-0.3576411008834839,6831.0
BTC,20240404,us,mid,0.006567919626832008,-0.15517130494117737,-0.1486033797264099,3967.0
BTC,20240413,asia,calm,0.00796034000813961,-0.4016256332397461,-0.3936653137207031,4977.0
BTC,20240413,asia,mid,0.0007400446338579059,-0.002525538206100464,-0.0017854925245046616,773.0
BTC,20240413,europe,calm,0.003148154355585575,-0.24823015928268433,-0.24508199095726013,2147.0
BTC,20240413,us,calm,0.008784846402704716,-0.3673977255821228,-0.35861286520957947,3918.0
BTC,20240413,us,mid,0.021902596578001976,0.24002330005168915,0.26192593574523926,8448.0
BTC,20240413,us,stress,0.2901618480682373,-4.709722995758057,-4.419561386108398,28320.0
BTC,20240419,asia,calm,0.015174519270658493,-0.5750727653503418,-0.5598982572555542,8482.0
BTC,20240419,asia,mid,0.042870886623859406,-0.4384980797767639,-0.3956271708011627,20366.0
BTC,20240419,asia,stress,0.016085490584373474,-0.048098187893629074,-0.03201272338628769,4838.0
BTC,20240419,europe,calm,0.02643158845603466,-0.5574105381965637,-0.5309790372848511,8776.0
BTC,20240419,europe,mid,0.013413366861641407,-0.2653590440750122,-0.2519456446170807,6818.0
BTC,20240419,us,calm,0.023587342351675034,-0.19054311513900757,-0.16695576906204224,6876.0
BTC,20240419,us,mid,0.01192026399075985,-0.16594254970550537,-0.15402230620384216,3803.0
BTC,20240428,asia,calm,0.0021700337529182434,-0.13293060660362244,-0.1307605654001236,1859.0
BTC,20240428,europe,calm,0.0035375431180000305,-0.10609611123800278,-0.10255856812000275,1416.0
BTC,20240428,us,calm,0.012504341080784798,-0.3919823169708252,-0.37947797775268555,3037.0
BTC,20240507,asia,calm,0.0056210728362202644,-0.18218529224395752,-0.17656421661376953,3781.0
BTC,20240507,europe,calm,0.01118049118667841,-0.3094260096549988,-0.29824548959732056,4928.0
BTC,20240507,europe,mid,7.76221786509268e-05,-0.006454252637922764,-0.006376631557941437,71.0
BTC,20240507,us,calm,0.004761493764817715,-0.3401084542274475,-0.3353469967842102,3473.0
BTC,20240516,asia,calm,0.00425159465521574,-0.14756566286087036,-0.14331406354904175,1750.0
BTC,20240516,europe,calm,0.006022414658218622,-0.7845588326454163,-0.7785363793373108,4069.0
BTC,20240516,europe,mid,0.00051055324729532,-0.011760811321437359,-0.011250259354710579,267.0
BTC,20240516,us,calm,0.015470599755644798,-0.25896114110946655,-0.2434905469417572,3370.0
BTC,20240522,asia,calm,0.002230161800980568,-0.1781221628189087,-0.17589199542999268,1777.0
BTC,20240522,europe,calm,0.005240888334810734,-0.3116818070411682,-0.30644088983535767,4224.0
BTC,20240522,us,calm,0.007768178824335337,-0.28408414125442505,-0.27631592750549316,3990.0
BTC,20240531,asia,calm,0.0009260395308956504,-0.07847612351179123,-0.07755008339881897,867.0
BTC,20240531,europe,calm,0.006698709912598133,-0.3097478151321411,-0.30304914712905884,5143.0
BTC,20240531,us,calm,0.004422307014465332,-0.35425400733947754,-0.3498316705226898,3344.0
BTC,20240609,asia,calm,0.00019192564650438726,-0.02038518525660038,-0.02019326016306877,254.0
BTC,20240609,europe,calm,0.0037044959608465433,-0.13307711482048035,-0.12937262654304504,1187.0
BTC,20240609,us,calm,0.0005379696376621723,-0.05927535146474838,-0.058737389743328094,507.0
BTC,20240618,asia,calm,0.0056828223168849945,-0.5668400526046753,-0.5611572265625,4642.0
BTC,20240618,asia,mid,0.0055704014375805855,-0.18309098482131958,-0.17752057313919067,2087.0
BTC,20240618,europe,calm,0.01381470076739788,-0.4116693139076233,-0.39785465598106384,5283.0
BTC,20240618,europe,mid,0.001264757476747036,-0.07631053030490875,-0.07504577934741974,1154.0
BTC,20240618,us,calm,0.00523362448439002,-0.3610683083534241,-0.3558347225189209,4138.0
BTC,20240624,asia,calm,0.00442847516387701,-0.32307660579681396,-0.3186481297016144,3410.0
BTC,20240624,asia,mid,0.00047036181786097586,-0.022287720814347267,-0.021817360073328018,93.0
BTC,20240624,europe,calm,0.010301640257239342,-0.6123881936073303,-0.6020865440368652,5657.0
BTC,20240624,europe,mid,0.016763946041464806,-1.0127511024475098,-0.9959871768951416,2493.0
BTC,20240624,europe,stress,0.0035709035582840443,-0.21607284247875214,-0.21250194311141968,1540.0
BTC,20240624,us,calm,0.014205662533640862,-0.5401928424835205,-0.5259872078895569,4717.0
BTC,20240624,us,mid,0.013487273827195168,-0.45933493971824646,-0.44584763050079346,5422.0
BTC,20240703,asia,calm,0.006131451111286879,-0.11799831688404083,-0.11186687648296356,2618.0
BTC,20240703,asia,mid,0.00071931496495381,-0.0190301351249218,-0.018310818821191788,505.0
BTC,20240703,europe,calm,0.012462973594665527,-0.5124698877334595,-0.500006914138794,5669.0
BTC,20240703,europe,mid,0.0004208545433357358,-0.02674882858991623,-0.02632797509431839,434.0
BTC,20240703,us,calm,0.005608387291431427,-0.23908686637878418,-0.23347847163677216,2704.0
BTC,20240712,asia,calm,0.004990896675735712,-0.20189863443374634,-0.19690772891044617,2597.0
BTC,20240712,asia,mid,0.00040947808884084225,-0.018905313685536385,-0.0184958316385746,361.0
BTC,20240712,europe,calm,0.004888794384896755,-0.300758421421051,-0.2958696186542511,3529.0
BTC,20240712,europe,mid,0.0005238057347014546,0.0045985872857272625,0.005122395697981119,299.0
BTC,20240712,us,calm,0.003913354128599167,-0.1567259132862091,-0.15281255543231964,2709.0
BTC,20240721,asia,calm,0.00129532883875072,-0.08791732788085938,-0.08662199974060059,1035.0
BTC,20240721,europe,calm,0.002609494375064969,-0.11078634113073349,-0.10817685723304749,1471.0
BTC,20240721,us,calm,0.028838396072387695,-0.2964893579483032,-0.2676509618759155,4641.0
BTC,20240721,us,mid,0.003809846704825759,-0.3222097158432007,-0.3183998465538025,2963.0
BTC,20240727,asia,calm,0.0010912071447819471,-0.09276492148637772,-0.09167371690273285,1036.0
BTC,20240727,europe,calm,0.004034578800201416,-0.4102267026901245,-0.4061921238899231,3591.0
BTC,20240727,us,calm,0.004959526471793652,-0.5058479309082031,-0.5008883476257324,3924.0
BTC,20240727,us,mid,0.007864131592214108,-0.42457932233810425,-0.41671520471572876,3258.0
BTC,20240727,us,stress,0.020113982260227203,-0.8055738210678101,-0.7854597568511963,7225.0
BTC,20240805,asia,calm,0.0005014259368181229,-0.07950713485479355,-0.07900571078062057,253.0
BTC,20240805,asia,mid,0.018526332452893257,-0.6613219976425171,-0.6427956223487854,8042.0
BTC,20240805,asia,stress,0.17904667556285858,-4.171590328216553,-3.9925434589385986,34838.0
BTC,20240805,europe,mid,0.00586474034935236,-0.4861454367637634,-0.48028069734573364,3413.0
BTC,20240805,europe,stress,0.14214830100536346,-3.5200023651123047,-3.3778538703918457,36009.0
BTC,20240805,us,calm,0.0006445198087021708,-0.08866970241069794,-0.08802516758441925,366.0
BTC,20240805,us,mid,0.017316332086920738,-1.1172899007797241,-1.0999735593795776,9848.0
BTC,20240805,us,stress,0.01958680897951126,-0.9324655532836914,-0.912878692150116,8636.0
BTC,20240814,asia,calm,0.0025200038217008114,-0.18386442959308624,-0.1813444197177887,1791.0
BTC,20240814,europe,calm,0.008768433704972267,-0.6163839101791382,-0.6076154708862305,4519.0
BTC,20240814,europe,mid,0.015157613903284073,0.07691866159439087,0.09207621216773987,6148.0
BTC,20240814,europe,stress,0.0010605748975649476,-0.023287251591682434,-0.02222668007016182,775.0
BTC,20240814,us,calm,0.0035837111063301563,-0.28866878151893616,-0.2850850820541382,3315.0
BTC,20240814,us,mid,0.001443377579562366,-0.19589118659496307,-0.1944478154182434,1075.0
BTC,20240820,asia,calm,0.00794842466711998,-0.09129289537668228,-0.0833444595336914,3258.0
BTC,20240820,asia,mid,0.001509691122919321,-0.06205805763602257,-0.060548365116119385,978.0
BTC,20240820,europe,calm,0.020549019798636436,-0.4794315695762634,-0.45888254046440125,3657.0
BTC,20240820,europe,mid,0.01217824686318636,-0.37292468547821045,-0.3607464134693146,3759.0
BTC,20240820,us,calm,0.0046720923855900764,-0.41339343786239624,-0.40872135758399963,3321.0
BTC,20240820,us,mid,0.007943687960505486,-0.045142363756895065,-0.03719867765903473,264.0
BTC,20240829,asia,calm,0.0023571792989969254,-0.09116176515817642,-0.08880458772182465,1103.0
BTC,20240829,europe,calm,0.004574202932417393,-0.2767982482910156,-0.2722240388393402,4160.0
BTC,20240829,us,calm,0.004832030273973942,-0.2799256443977356,-0.27509361505508423,4023.0
BTC,20240829,us,mid,0.0024296811316162348,-0.18959948420524597,-0.18716979026794434,1863.0
BTC,20240907,asia,calm,0.001888211932964623,-0.08102327585220337,-0.07913507521152496,1159.0
BTC,20240907,europe,calm,0.0024274089373648167,-0.14811578392982483,-0.14568836987018585,1560.0
BTC,20240907,us,calm,0.0028025615029037,-0.2236308604478836,-0.22082830965518951,1539.0
BTC,20240916,asia,calm,0.004480364732444286,-0.3655121326446533,-0.36103177070617676,3011.0
BTC,20240916,asia,mid,3.3845999496406876e-06,0.0008038422092795372,0.0008072268101386726,4.0
BTC,20240916,europe,calm,0.006589510478079319,-0.3868996500968933,-0.3803101181983948,4399.0
BTC,20240916,us,calm,0.004121239762753248,-0.2271268367767334,-0.22300559282302856,2622.0
BTC,20240922,asia,calm,0.002355802571401,-0.050159551203250885,-0.04780374467372894,710.0
BTC,20240922,europe,calm,0.0009701070957817137,-0.08926793932914734,-0.08829784393310547,1016.0
BTC,20240922,us,calm,0.005283277481794357,-0.29399776458740234,-0.28871452808380127,2800.0
BTC,20240922,us,mid,0.0003047707723453641,-0.052779171615839005,-0.05247440189123154,371.0
BTC,20241001,asia,calm,0.0023089521564543247,-0.2129613757133484,-0.2106524109840393,2178.0
BTC,20241001,europe,calm,0.007156379520893097,-0.27602308988571167,-0.26886671781539917,4838.0
BTC,20241001,europe,mid,0.007284156046807766,-0.4367688000202179,-0.42948460578918457,2963.0
BTC,20241001,us,calm,0.013340910896658897,-0.6321711540222168,-0.6188302040100098,5753.0
BTC,20241001,us,mid,0.007666995748877525,-0.5567427277565002,-0.549075722694397,5572.0
BTC,20241010,asia,calm,0.0009969004895538092,-0.05942334234714508,-0.05842644348740578,958.0
BTC,20241010,europe,calm,0.0056305439211428165,-0.4387339651584625,-0.43310344219207764,4331.0
BTC,20241010,us,calm,0.00977906584739685,-0.2690548598766327,-0.25927579402923584,5067.0
BTC,20241010,us,mid,0.001064741867594421,-0.10424356907606125,-0.10317882150411606,849.0
BTC,20241019,asia,calm,0.000540837412700057,-0.056265488266944885,-0.05572465434670448,681.0
BTC,20241019,europe,calm,0.0006127515225671232,-0.052772264927625656,-0.05215951055288315,601.0
BTC,20241019,us,calm,0.0006080984603613615,-0.031986020505428314,-0.03137792646884918,407.0
BTC,20241025,asia,calm,0.003414863720536232,-0.14191760122776031,-0.13850274682044983,1690.0
BTC,20241025,europe,calm,0.003979204222559929,-0.41882264614105225,-0.41484344005584717,3969.0
BTC,20241025,us,calm,0.007509985938668251,-0.68263840675354,-0.6751284599304199,5309.0
BTC,20241025,us,mid,0.008645875379443169,-0.5219340920448303,-0.5132881999015808,4603.0
BTC,20241103,asia,calm,0.002894133096560836,-0.18425814807415009,-0.1813640147447586,2300.0
BTC,20241103,europe,calm,0.004052456468343735,-0.23050525784492493,-0.2264527976512909,2136.0
BTC,20241103,us,calm,0.002461161930114031,-0.23049823939800262,-0.22803707420825958,2194.0
BTC,20241112,asia,calm,0.011731946840882301,-0.4696010947227478,-0.45786917209625244,6239.0
BTC,20241112,asia,mid,0.005866810213774443,-0.5160248875617981,-0.5101580619812012,5082.0
BTC,20241112,europe,calm,0.0047838748432695866,-0.5248200297355652,-0.5200361013412476,5113.0
BTC,20241112,europe,mid,0.02196277305483818,-1.2552844285964966,-1.2333215475082397,13844.0
BTC,20241112,europe,stress,0.0029214106034487486,-0.013120628893375397,-0.010199224576354027,2177.0
BTC,20241112,us,calm,0.01065349392592907,-0.8909320831298828,-0.8802785873413086,7995.0
BTC,20241112,us,mid,0.003198630176484585,-0.26731589436531067,-0.2641172409057617,2995.0
BTC,20241121,asia,calm,0.011267270892858505,-0.9193598628044128,-0.9080926179885864,8853.0
BTC,20241121,europe,calm,0.007580155041068792,-0.6839096546173096,-0.6763296127319336,8270.0
BTC,20241121,europe,mid,0.00068228121381253,0.025775955989956856,0.026458244770765305,1031.0
BTC,20241121,us,calm,0.005719566717743874,-0.47754913568496704,-0.4718295633792877,6815.0
BTC,20241121,us,mid,3.667236160254106e-05,-0.015881294384598732,-0.015844617038965225,71.0
BTC,20241127,asia,calm,0.003126606810837984,-0.29818156361579895,-0.29505494236946106,2910.0
BTC,20241127,europe,calm,0.003701870096847415,-0.4273919463157654,-0.4236900806427002,5176.0
BTC,20241127,us,calm,0.003332617925480008,-0.3677248954772949,-0.3643922805786133,4966.0
BTC,20241206,asia,calm,0.004200617782771587,-0.28630709648132324,-0.2821064591407776,4609.0
BTC,20241206,asia,mid,0.0014092886121943593,-0.07404298335313797,-0.07263369113206863,1279.0
BTC,20241206,europe,calm,0.007666061632335186,-0.354900598526001,-0.3472345471382141,7090.0
BTC,20241206,us,calm,0.00875463429838419,-0.43064939975738525,-0.42189472913742065,6769.0
BTC,20241206,us,mid,0.0034446781501173973,0.01790951006114483,0.021354185417294502,1483.0
BTC,20241215,asia,calm,0.001341651426628232,-0.13392601907253265,-0.1325843632221222,1966.0
BTC,20241215,europe,calm,0.002534330589696765,-0.08978434652090073,-0.0872500091791153,2311.0
BTC,20241215,us,calm,0.00508283544331789,-0.279577374458313,-0.27449455857276917,3513.0
BTC,20241215,us,mid,0.003709127428010106,-0.19853445887565613,-0.19482532143592834,2571.0
BTC,20241224,asia,calm,0.0026380978524684906,-0.14361442625522614,-0.14097630977630615,2950.0
BTC,20241224,asia,mid,2.637027364471578e-06,0.0006696872296743095,0.0006723242695443332,5.0
BTC,20241224,europe,calm,0.006919090636074543,-0.4388929009437561,-0.43197381496429443,7898.0
BTC,20241224,us,calm,0.009269531816244125,-0.2781956195831299,-0.26892605423927307,8495.0
BTC,20241230,asia,calm,0.0020497075747698545,-0.2169261872768402,-0.2148764729499817,2651.0
BTC,20241230,europe,calm,0.010805266909301281,1.0826648473739624,1.0934698581695557,8920.0
BTC,20241230,europe,mid,0.0042195552960038185,0.050791412591934204,0.055010855197906494,3769.0
BTC,20241230,us,calm,0.011036018840968609,-0.9056417942047119,-0.8946057558059692,7904.0
BTC,20241230,us,mid,0.0015948719810694456,-0.17534875869750977,-0.17375388741493225,1944.0
BTC,20250108,asia,calm,0.005085606127977371,-0.22509780526161194,-0.22001218795776367,5240.0
BTC,20250108,asia,mid,5.166166943126882e-07,-0.00013225387374404818,-0.00013173726620152593,1.0
BTC,20250108,europe,calm,0.003991031087934971,-0.5378196835517883,-0.533828616142273,5486.0
BTC,20250108,europe,mid,0.002194778062403202,-0.15481913089752197,-0.15262436866760254,2627.0
BTC,20250108,us,calm,0.007373773027211428,-0.43296360969543457,-0.42558977007865906,7538.0
BTC,20250108,us,mid,0.004798573441803455,-0.20075346529483795,-0.19595493376255035,5150.0
BTC,20250117,asia,calm,0.0027549108490347862,-0.11386451125144958,-0.11110956966876984,3171.0
BTC,20250117,europe,calm,0.00454010721296072,-0.30911609530448914,-0.30457597970962524,4993.0
BTC,20250117,europe,mid,0.0008295935695059597,-0.02547970600426197,-0.024650108069181442,830.0
BTC,20250117,us,calm,0.0074085211381316185,-0.2640056014060974,-0.2565970718860626,4505.0
BTC,20250126,asia,calm,0.0006983259227126837,-0.04906412214040756,-0.04836580157279968,403.0
BTC,20250126,europe,calm,0.0004441473865881562,-0.013563958927989006,-0.013119811192154884,487.0
BTC,20250126,us,calm,0.001860788557678461,-0.17767086625099182,-0.1758100688457489,1899.0
BTC,20250126,us,mid,0.00033579044975340366,-0.03326960653066635,-0.03293381258845329,585.0
BTC,20250201,asia,calm,0.00042152864625677466,-0.0908772274851799,-0.09045570343732834,796.0
BTC,20250201,europe,calm,0.001292704720981419,-0.10744407773017883,-0.10615135729312897,1163.0
BTC,20250201,us,calm,0.0017532388446852565,-0.4524099826812744,-0.4506567120552063,2437.0
BTC,20250210,asia,calm,0.0022697104141116142,-0.19384074211120605,-0.19157104194164276,2717.0
BTC,20250210,europe,calm,0.0015199589543044567,-0.1318131685256958,-0.13029320538043976,2304.0
BTC,20250210,us,calm,0.0008893879130482674,-0.08010973036289215,-0.07922033965587616,1021.0
BTC,20250219,asia,calm,0.000546904862858355,-0.10691741108894348,-0.10637050867080688,994.0
BTC,20250219,europe,calm,0.002342021092772484,-0.13888095319271088,-0.13653893768787384,2309.0
BTC,20250219,us,calm,0.0009946206118911505,-0.131296768784523,-0.13030214607715607,1458.0
BTC,20250228,asia,calm,0.0013528717681765556,0.05276118218898773,0.05411403626203537,1386.0
BTC,20250228,asia,mid,0.02267257496714592,-1.5932271480560303,-1.5705547332763672,14479.0
BTC,20250228,asia,stress,0.012749219313263893,-1.7622898817062378,-1.7495404481887817,8145.0
BTC,20250228,europe,calm,0.003303770674392581,-0.18185631930828094,-0.1785525381565094,3334.0
BTC,20250228,europe,mid,0.012320326641201973,-0.5749889612197876,-0.5626685619354248,12574.0
BTC,20250228,us,calm,0.0059414515271782875,-0.4615107774734497,-0.455569326877594,4747.0
BTC,20250228,us,mid,0.0029918893706053495,-0.400620698928833,-0.3976287841796875,3221.0
BTC,20250306,asia,calm,0.0038354394491761923,-0.4335883557796478,-0.429752916097641,3775.0
BTC,20250306,asia,mid,0.00031205726554617286,0.0014172710943967104,0.0017293267883360386,503.0
BTC,20250306,europe,calm,0.005607147701084614,-0.26175349950790405,-0.2561463713645935,3916.0
BTC,20250306,europe,mid,0.0025133329909294844,-0.17080791294574738,-0.16829459369182587,2816.0
BTC,20250306,us,calm,0.004732388071715832,-0.24982956051826477,-0.24509716033935547,4147.0
BTC,20250306,us,mid,0.0033130536321550608,-0.2343466430902481,-0.2310335785150528,3731.0
BTC,20250315,asia,calm,0.0005311178974807262,-0.09379158169031143,-0.09326046705245972,868.0
BTC,20250315,europe,calm,0.0007838017772883177,-0.07452031224966049,-0.0737365111708641,981.0
BTC,20250315,us,calm,0.0004822129849344492,-0.047177474945783615,-0.04669526219367981,513.0
BTC,20250324,asia,calm,0.002000893000513315,-0.2156701683998108,-0.21366927027702332,2016.0
BTC,20250324,asia,mid,3.490731160127325e-06,0.0013743042945861816,0.0013777947751805186,6.0
BTC,20250324,europe,calm,0.0030657928436994553,-0.29971247911453247,-0.29664671421051025,3423.0
BTC,20250324,us,calm,0.0011472608894109726,-0.15036669373512268,-0.14921942353248596,1722.0
BTC,20250330,asia,calm,0.0009907456114888191,-0.07760338485240936,-0.07661263644695282,831.0
BTC,20250330,europe,calm,0.000883347587659955,-0.15200287103652954,-0.15111953020095825,1141.0
BTC,20250330,us,calm,0.0022702342830598354,-0.17534314095973969,-0.1730729043483734,1556.0
BTC,20250408,asia,calm,0.0036382258404046297,-0.2916252017021179,-0.28798696398735046,3593.0
BTC,20250408,europe,calm,0.0029995201621204615,-0.24227268993854523,-0.23927319049835205,3149.0
BTC,20250408,europe,mid,0.0019266086164861917,-0.112268827855587,-0.11034221947193146,2130.0
BTC,20250408,us,calm,0.003079045098274946,-0.22104288637638092,-0.2179638296365738,2772.0
BTC,20250408,us,mid,0.004320679698139429,-0.3539949357509613,-0.349674254655838,3714.0
BTC,20250417,asia,calm,0.000801116693764925,-0.0823143720626831,-0.08151324838399887,1022.0
BTC,20250417,europe,calm,0.0020787057001143694,-0.12516629695892334,-0.12308758497238159,2163.0
BTC,20250417,us,calm,0.00210976367816329,-0.18068018555641174,-0.17857041954994202,2534.0
BTC,20250426,asia,calm,0.0004111691378057003,-0.04788526892662048,-0.047474101185798645,508.0
BTC,20250426,europe,calm,0.00048632550169713795,-0.11649332195520401,-0.116007000207901,760.0
BTC,20250426,us,calm,0.0003958308952860534,-0.05116940289735794,-0.05077357590198517,425.0
BTC,20250502,asia,calm,0.0008653309196233749,-0.0729469507932663,-0.07208161801099777,1201.0
BTC,20250502,europe,calm,0.003192049916833639,-0.28882068395614624,-0.28562867641448975,3063.0
BTC,20250502,us,calm,0.0019582060631364584,-0.14251390099525452,-0.14055569469928741,1675.0
BTC,20250511,asia,calm,0.001956796273589134,-0.3364049196243286,-0.3344481289386749,2512.0
BTC,20250511,europe,calm,0.0015415465459227562,-0.15359053015708923,-0.1520489901304245,1906.0
BTC,20250511,us,calm,0.0018931467784568667,-0.1600407361984253,-0.15814758837223053,1678.0
BTC,20250520,asia,calm,0.002829879755154252,-0.3014621436595917,-0.29863226413726807,4175.0
BTC,20250520,europe,calm,0.002107849344611168,-0.22916579246520996,-0.22705794870853424,2152.0
BTC,20250520,us,calm,0.006692532449960709,-0.28046876192092896,-0.27377623319625854,3891.0
BTC,20250601,asia,calm,0.00047256817924790084,-0.07131697237491608,-0.07084439694881439,661.0
BTC,20250601,europe,calm,0.0008029164746403694,-0.11088263988494873,-0.11007971316576004,925.0
BTC,20250601,us,calm,0.002801035065203905,-0.20635265111923218,-0.20355159044265747,1286.0
BTC,20250607,asia,calm,0.0009982945630326867,-0.0975443422794342,-0.09654604643583298,955.0
BTC,20250607,europe,calm,0.0010658286046236753,-0.09166312217712402,-0.09059729427099228,943.0
BTC,20250607,us,calm,0.0008736748713999987,-0.04101357236504555,-0.04013989865779877,478.0
BTC,20250616,asia,calm,0.0011288376990705729,-0.16794635355472565,-0.16681751608848572,1557.0
BTC,20250616,europe,calm,0.002409059787169099,-0.23877502977848053,-0.23636597394943237,2666.0
BTC,20250616,us,calm,0.0028965307865291834,-0.3879384994506836,-0.3850419521331787,3341.0
BTC,20250625,asia,calm,0.0012953085824847221,-0.3407064974308014,-0.339411199092865,1627.0
BTC,20250625,europe,calm,0.0025451539549976587,-0.2448311448097229,-0.24228599667549133,2999.0
BTC,20250625,us,calm,0.0007535106269642711,-0.16570810973644257,-0.16495460271835327,1449.0
BTC,20250704,asia,calm,0.0006586748640984297,-0.09619304537773132,-0.09553436934947968,925.0
BTC,20250704,europe,calm,0.0013405517674982548,-0.1626998782157898,-0.16135931015014648,2145.0
BTC,20250704,us,calm,0.000931399641558528,-0.1004321426153183,-0.09950073063373566,1228.0
BTC,20250710,asia,calm,0.0003982018679380417,-0.05956220626831055,-0.059164006263017654,636.0
BTC,20250710,europe,calm,0.0010162710677832365,-0.13445749878883362,-0.13344120979309082,1321.0
BTC,20250710,us,calm,0.005913515575230122,-0.003966793417930603,0.001946762204170227,5371.0
BTC,20250710,us,mid,0.0049552153795957565,-0.43425172567367554,-0.42929649353027344,1605.0
BTC,20250710,us,stress,0.0014700512401759624,-0.26392388343811035,-0.2624538540840149,2082.0
BTC,20250719,asia,calm,0.0006514823180623353,-0.050985775887966156,-0.050334297120571136,525.0
BTC,20250719,europe,calm,0.0003285067214164883,-0.06031433120369911,-0.059985823929309845,729.0
BTC,20250719,us,calm,0.0007152649923227727,-0.10877826809883118,-0.10806300491094589,940.0
BTC,20250727,asia,calm,0.00024110132653731853,-0.038466259837150574,-0.03822515904903412,416.0
BTC,20250727,europe,calm,0.0015847282484173775,-0.05327187851071358,-0.051687151193618774,662.0
BTC,20250727,us,calm,0.002013659803196788,-0.10971561819314957,-0.10770195722579956,1668.0
BTC,20250730,asia,calm,0.00038223661249503493,-0.047438692301511765,-0.04705645889043808,625.0
BTC,20250730,europe,calm,0.001453608856536448,-0.14102385938167572,-0.13957026600837708,1938.0
BTC,20250730,us,calm,0.0026310537941753864,-0.13496184349060059,-0.1323307901620865,3207.0
BTC,20250801,asia,calm,0.0026274456176906824,-0.5544023513793945,-0.5517749786376953,3940.0
BTC,20250801,asia,mid,4.3237392333139724e-07,-0.00010982296953443438,-0.00010939059575321153,1.0
BTC,20250801,europe,calm,0.005567502696067095,-0.4737939238548279,-0.46822643280029297,4794.0
BTC,20250801,us,calm,0.003972472157329321,-0.45282793045043945,-0.4488554000854492,4966.0
BTC,20250804,asia,calm,0.0006407664623111486,-0.07390211522579193,-0.07326135039329529,814.0
BTC,20250804,europe,calm,0.0011640067677944899,-0.144516259431839,-0.14335224032402039,2161.0
BTC,20250804,us,calm,0.00085990852676332,-0.1276969313621521,-0.12683701515197754,1679.0
BTC,20250807,asia,calm,0.0004849103279411793,-0.06453289836645126,-0.06404799222946167,727.0
BTC,20250807,europe,calm,0.002845747396349907,-0.171478271484375,-0.16863253712654114,3259.0
BTC,20250807,us,calm,0.0020813611336052418,-0.19539996981620789,-0.19331859052181244,2485.0
BTC,20250810,asia,calm,0.001568117062561214,-0.08709771186113358,-0.08552958816289902,2141.0
BTC,20250810,asia,mid,0.006788135971873999,-0.18481601774692535,-0.17802788317203522,802.0
BTC,20250810,europe,calm,0.0012747151777148247,-0.11873690038919449,-0.11746218800544739,1388.0
BTC,20250810,us,calm,0.0069784922525286674,-0.07612501829862595,-0.069146528840065,1077.0
BTC,20250812,asia,calm,0.0015197795582935214,-0.08077286183834076,-0.07925307750701904,1129.0
BTC,20250812,europe,calm,0.006979824043810368,-0.3721316456794739,-0.3651518225669861,4585.0
BTC,20250812,us,calm,0.0021467050537467003,-0.11387956142425537,-0.1117328554391861,2053.0
BTC,20250815,asia,calm,0.0007083126110956073,-0.07698488980531693,-0.07627657800912857,1149.0
BTC,20250815,europe,calm,0.003406368661671877,-0.353436678647995,-0.3500303030014038,3509.0
BTC,20250815,us,calm,0.0014226133935153484,-0.13176044821739197,-0.13033783435821533,2329.0
BTC,20250818,asia,calm,0.003817013930529356,0.022661134600639343,0.02647821605205536,3826.0
BTC,20250818,europe,calm,0.0017274514539167285,-0.16938626766204834,-0.16765880584716797,2307.0
BTC,20250818,us,calm,0.0010688784532248974,-0.13831830024719238,-0.1372494399547577,1676.0
DOGE,20230724,asia,calm,0.007105427328497171,-0.033507294952869415,-0.026401866227388382,101.0
DOGE,20230724,asia,mid,0.0027237010654062033,-0.003168647177517414,-0.00044494587928056717,38.0
DOGE,20230724,asia,stress,0.049546342343091965,-0.20862866938114166,-0.1590823233127594,673.0
DOGE,20230724,europe,mid,0.02438357099890709,-0.0666600912809372,-0.042276524007320404,363.0
DOGE,20230724,europe,stress,0.24872851371765137,-0.7342590689659119,-0.4855306148529053,3322.0
DOGE,20230724,us,calm,0.006089344155043364,-0.024873962625861168,-0.018784616142511368,91.0
DOGE,20230724,us,mid,0.020828435197472572,-0.052651576697826385,-0.031823139637708664,306.0
DOGE,20230724,us,stress,0.00916287861764431,-0.03280140832066536,-0.0236385315656662,132.0
DOGE,20230802,asia,calm,0.005936034955084324,-0.015678513795137405,-0.009742478840053082,89.0
DOGE,20230802,europe,calm,0.008322679437696934,-0.041377611458301544,-0.03305492922663689,125.0
DOGE,20230802,europe,mid,0.01076899841427803,-0.007537137251347303,0.0032318595331162214,144.0
DOGE,20230802,europe,stress,0.0015272776363417506,-0.0069957757368683815,-0.005468498449772596,22.0
DOGE,20230802,us,calm,0.0073587060905992985,-0.039402373135089874,-0.03204367309808731,109.0
DOGE,20230802,us,mid,0.008226712234318256,-0.008342711254954338,-0.00011600228026509285,105.0
DOGE,20230802,us,stress,0.005512647796422243,-0.024472150951623917,-0.01895950175821781,77.0
DOGE,20230808,asia,calm,0.0035292264074087143,-0.008965722285211086,-0.005436496343463659,52.0
DOGE,20230808,europe,calm,0.008435153402388096,-0.028840407729148865,-0.020405251532793045,124.0
DOGE,20230808,us,calm,0.013273708522319794,-0.04195723682641983,-0.028683528304100037,197.0
DOGE,20230808,us,mid,0.0013311472721397877,-0.0018679394852370024,-0.000536792038474232,20.0
DOGE,20230817,asia,calm,0.00523731391876936,-0.018442733213305473,-0.013205419294536114,71.0
DOGE,20230817,asia,mid,0.005656880792230368,-0.008655036799609661,-0.0029981553088873625,68.0
DOGE,20230817,asia,stress,0.004057371523231268,-0.011219744570553303,-0.007162371650338173,54.0
DOGE,20230817,europe,calm,0.008045977912843227,-0.02698134258389473,-0.01893536187708378,108.0
DOGE,20230817,europe,mid,0.010876012966036797,-0.025375094264745712,-0.014499080367386341,137.0
DOGE,20230817,europe,stress,0.013433627784252167,-0.03607746213674545,-0.022643834352493286,168.0
DOGE,20230817,us,calm,0.003492822637781501,-0.01032083947211504,-0.006828016601502895,46.0
DOGE,20230817,us,mid,0.013860827311873436,-0.06015268713235855,-0.04629186540842056,173.0
DOGE,20230817,us,stress,0.2878416180610657,-0.5218157172203064,-0.23397411406040192,2405.0
DOGE,20230826,asia,calm,0.0016653414350003004,-0.003489426104351878,-0.0018240846693515778,21.0
DOGE,20230826,europe,calm,0.0007940172799862921,-0.0020651950035244226,-0.0012711777817457914,10.0
DOGE,20230826,us,calm,0.00047830454423092306,-0.0009580816840752959,-0.00047977713984437287,6.0
DOGE,20230904,asia,calm,0.0018941103480756283,-0.004570738412439823,-0.002676628064364195,24.0
DOGE,20230904,europe,calm,0.0026213445235043764,-0.0009424671297892928,0.0016788775101304054,33.0
DOGE,20230904,europe,mid,0.000159121846081689,-0.00031718023819848895,-0.00015805839211679995,2.0
DOGE,20230904,us,calm,0.003506158711388707,-0.003918933216482401,-0.0004127753200009465,42.0
DOGE,20230904,us,mid,0.0008010672754608095,-0.00433069933205843,-0.003529632231220603,10.0
DOGE,20230910,asia,calm,0.004408066160976887,-0.05324949696660042,-0.0488414391875267,53.0
DOGE,20230910,asia,mid,0.004512365907430649,-0.016693387180566788,-0.01218101754784584,28.0
DOGE,20230910,asia,stress,0.01929512619972229,-0.19486013054847717,-0.17556500434875488,197.0
DOGE,20230910,europe,calm,0.004959204699844122,-0.014958877116441727,-0.009999673813581467,57.0
DOGE,20230910,europe,mid,0.0018867296166718006,0.0013294280506670475,0.003216158365830779,22.0
DOGE,20230910,us,calm,0.0048293983563780785,-0.01745898462831974,-0.012629586271941662,58.0
DOGE,20230910,us,mid,0.0014782792422920465,-0.006239899899810553,-0.004761620424687862,16.0
DOGE,20230919,asia,calm,0.001528691384010017,-0.004505668301135302,-0.00297697726637125,19.0
DOGE,20230919,asia,mid,8.048289600992575e-05,-0.0001609657920198515,-8.048289600992575e-05,1.0
DOGE,20230919,europe,calm,0.005180702544748783,-0.015697190538048744,-0.010516487061977386,64.0
DOGE,20230919,us,calm,0.002470688195899129,-0.004624587949365377,-0.002153899520635605,31.0
DOGE,20230928,asia,calm,0.002226771553978324,-0.006762315984815359,-0.0045355441980063915,27.0
DOGE,20230928,europe,calm,0.0040112813003361225,-0.009009325876832008,-0.004998045973479748,49.0
DOGE,20230928,us,calm,0.0022801598533988,-0.007163700181990862,-0.004883540794253349,28.0
DOGE,20231007,asia,calm,0.0011377631453797221,-0.002925219712778926,-0.0017874566838145256,14.0
DOGE,20231007,europe,calm,0.00040767755126580596,-0.0014673250261694193,-0.0010596474166959524,5.0
DOGE,20231007,us,calm,0.0008158376440405846,-0.0009771754266694188,-0.00016133786994032562,10.0
DOGE,20231013,asia,calm,0.0013807432260364294,-0.0036226478405296803,-0.002241904614493251,16.0
DOGE,20231013,europe,calm,0.0019675535149872303,-0.004617993254214525,-0.0026504395063966513,23.0
DOGE,20231013,europe,mid,0.0030670836567878723,-0.015174195170402527,-0.012107113376259804,12.0
DOGE,20231013,europe,stress,0.0013659190153703094,0.0013816329883411527,0.0027475517708808184,16.0
DOGE,20231013,us,calm,0.0023973342031240463,-0.003945465665310621,-0.0015481315786018968,28.0
DOGE,20231013,us,mid,0.002828691154718399,-0.003724734764546156,-0.0008960431441664696,24.0
DOGE,20231022,asia,calm,0.0059594083577394485,-0.028178252279758453,-0.022218843922019005,73.0
DOGE,20231022,asia,mid,0.007566021755337715,-0.023451918736100197,-0.015885895118117332,85.0
DOGE,20231022,europe,calm,0.0028816103003919125,-0.00773192523047328,-0.00485031446442008,35.0
DOGE,20231022,europe,mid,0.0002466631995048374,-0.0009866527980193496,-0.0007399895694106817,3.0
DOGE,20231022,us,calm,0.003102704184129834,-0.0031950650736689568,-9.236155892722309e-05,37.0
DOGE,20231031,asia,calm,0.008231799118220806,-0.021665528416633606,-0.013433730229735374,112.0
DOGE,20231031,asia,mid,0.0005827934946864843,-0.0018935271073132753,-0.0013107334962114692,8.0
DOGE,20231031,europe,calm,0.006170442793518305,-0.01229421328753233,-0.006123770959675312,84.0
DOGE,20231031,europe,mid,0.027155527845025063,-0.09370237588882446,-0.06654685735702515,346.0
DOGE,20231031,europe,stress,0.01961871236562729,-0.06651843339204788,-0.0468997061252594,184.0
DOGE,20231031,us,calm,0.0062492042779922485,-0.018958155065774918,-0.012708949856460094,77.0
DOGE,20231031,us,mid,0.004483355209231377,-0.013015931472182274,-0.008532576262950897,50.0
DOGE,20231109,asia,calm,0.007382659241557121,-0.018154729157686234,-0.010772069916129112,105.0
DOGE,20231109,asia,mid,0.013603362254798412,-0.034396279603242874,-0.020792916417121887,192.0
DOGE,20231109,europe,calm,0.005124582909047604,-0.013476002961397171,-0.008351419121026993,77.0
DOGE,20231109,europe,mid,0.029298238456249237,-0.10251397639513016,-0.07321573793888092,438.0
DOGE,20231109,europe,stress,0.026588784530758858,-0.07105360925197601,-0.04446481913328171,383.0
DOGE,20231109,us,calm,0.0012416673125699162,-0.0008280033362098038,0.00041366409277543426,18.0
DOGE,20231109,us,mid,0.037588492035865784,-0.0850268006324768,-0.04743831977248192,512.0
DOGE,20231109,us,stress,0.34392881393432617,-1.1562623977661133,-0.8123337030410767,3086.0
DOGE,20231115,asia,calm,0.011514633893966675,-0.027271835133433342,-0.015757201239466667,162.0
DOGE,20231115,europe,calm,0.014414679259061813,-0.030990231782197952,-0.016575554385781288,208.0
DOGE,20231115,europe,mid,0.00436282716691494,-0.011155661195516586,-0.006792835425585508,61.0
DOGE,20231115,us,calm,0.014227064326405525,-0.04945658519864082,-0.03522951900959015,212.0
DOGE,20231115,us,mid,0.015731720253825188,-0.052457310259342194,-0.036725591868162155,229.0
DOGE,20231115,us,stress,0.0014795772731304169,-0.003307085484266281,-0.001827508443966508,21.0
DOGE,20231124,asia,calm,0.007994365878403187,-0.026068756356835365,-0.018074393272399902,118.0
DOGE,20231124,europe,calm,0.02028370276093483,-0.059882499277591705,-0.039598796516656876,309.0
DOGE,20231124,us,calm,0.012419414706528187,-0.04690098017454147,-0.03448156639933586,188.0
DOGE,20231203,asia,calm,0.012151327915489674,-0.038972340524196625,-0.026821011677384377,203.0
DOGE,20231203,asia,mid,0.0036321731749922037,-0.01188946794718504,-0.008257296867668629,53.0
DOGE,20231203,europe,calm,0.012373024597764015,-0.03049117885529995,-0.018118154257535934,201.0
DOGE,20231203,europe,mid,0.0017189625650644302,-0.0037958016619086266,-0.002076838631182909,29.0
DOGE,20231203,us,calm,0.014332422986626625,-0.03555118292570114,-0.021218761801719666,235.0
DOGE,20231203,us,mid,0.010331382974982262,-0.0350375659763813,-0.02470618486404419,166.0
DOGE,20231212,asia,calm,0.013843094930052757,-0.0447821244597435,-0.030939029529690742,257.0
DOGE,20231212,asia,mid,0.019491903483867645,-0.05770280584692955,-0.0382109060883522,355.0
DOGE,20231212,europe,calm,0.011122660711407661,-0.030569979920983315,-0.019447317346930504,204.0
DOGE,20231212,europe,mid,0.02647981233894825,-0.09436780214309692,-0.06788799166679382,484.0
DOGE,20231212,us,calm,0.0205189548432827,-0.07418765127658844,-0.05366869643330574,367.0
DOGE,20231212,us,mid,0.021016228944063187,-0.04893803969025612,-0.02792181633412838,377.0
DOGE,20231212,us,stress,0.013108902610838413,-0.03732060641050339,-0.02421170100569725,149.0
DOGE,20231218,asia,calm,0.014746465720236301,-0.05362280085682869,-0.03887633606791496,266.0
DOGE,20231218,asia,mid,0.007896000519394875,-0.032436177134513855,-0.02454017475247383,141.0
DOGE,20231218,europe,calm,0.015024334192276001,-0.05567387863993645,-0.040649544447660446,259.0
DOGE,20231218,europe,mid,0.027261972427368164,-0.1040067970752716,-0.07674481719732285,389.0
DOGE,20231218,europe,stress,0.0266554094851017,-0.021087583154439926,0.005567809566855431,410.0
DOGE,20231218,us,calm,0.012679275125265121,-0.057219743728637695,-0.044540468603372574,224.0
DOGE,20231227,asia,calm,0.009750910103321075,-0.038953326642513275,-0.0292024128139019,176.0
DOGE,20231227,asia,mid,0.001215968863107264,-0.006300745997577906,-0.005084776785224676,22.0
DOGE,20231227,europe,calm,0.016945984214544296,-0.06834937632083893,-0.051403388381004333,312.0
DOGE,20231227,europe,mid,0.002378433244302869,-0.005939309485256672,-0.0035608757752925158,43.0
DOGE,20231227,us,calm,0.011386070400476456,-0.046674467623233795,-0.03528839349746704,212.0
DOGE,20240105,asia,calm,0.01055954210460186,-0.04783918708562851,-0.0372796431183815,173.0
DOGE,20240105,asia,mid,0.015223617665469646,-0.13352163136005402,-0.11829803884029388,179.0
DOGE,20240105,asia,stress,0.03987492620944977,0.04373687505722046,0.08361179381608963,399.0
DOGE,20240105,europe,calm,0.011434396728873253,-0.025072410702705383,-0.013638017699122429,186.0
DOGE,20240105,europe,mid,0.024039266631007195,-0.045333489775657654,-0.02129421755671501,330.0
DOGE,20240105,us,calm,0.01005113311111927,-0.04189327359199524,-0.03184214606881142,153.0
DOGE,20240105,us,mid,0.016940567642450333,-0.039239734411239624,-0.022299164906144142,205.0
DOGE,20240105,us,stress,0.004809054080396891,-0.024432625621557236,-0.01962357386946678,75.0
DOGE,20240111,asia,calm,0.013326476328074932,-0.040112145245075226,-0.026785671710968018,211.0
DOGE,20240111,asia,mid,0.02139314077794552,-0.09937767684459686,-0.07798454165458679,350.0
DOGE,20240111,europe,calm,0.012205937877297401,-0.04049001634120941,-0.02828407660126686,202.0
DOGE,20240111,europe,mid,0.05479539558291435,-0.13531319797039032,-0.08051781356334686,817.0
DOGE,20240111,europe,stress,0.03054182231426239,-0.08491388708353043,-0.054372064769268036,494.0
DOGE,20240111,us,calm,0.013937028124928474,-0.0659705325961113,-0.052033502608537674,233.0
DOGE,20240111,us,mid,0.00753479590639472,-0.023896288126707077,-0.01636148802936077,126.0
DOGE,20240111,us,stress,0.02021339349448681,-0.03917144984006882,-0.01895805448293686,318.0
DOGE,20240120,asia,calm,0.011228911578655243,-0.0218989048153162,-0.010669992305338383,170.0
DOGE,20240120,asia,mid,0.00019120880460832268,-0.000892865820787847,-0.0007016569725237787,3.0
DOGE,20240120,europe,calm,0.008787481114268303,-0.029762446880340576,-0.020974967628717422,138.0
DOGE,20240120,us,calm,0.0070196413435041904,-0.02156751975417137,-0.014547879807651043,110.0
DOGE,20240120,us,mid,0.039685122668743134,-0.11514504253864288,-0.07545993477106094,586.0
DOGE,20240120,us,stress,0.12764352560043335,-0.4212084412574768,-0.29356491565704346,1940.0
DOGE,20240129,asia,calm,0.007414642721414566,-0.01901218853890896,-0.011597544886171818,117.0
DOGE,20240129,asia,mid,6.356067024171352e-05,0.0,6.356067024171352e-05,1.0
DOGE,20240129,asia,stress,0.0001268311170861125,0.0,0.0001268311170861125,2.0
DOGE,20240129,europe,calm,0.00881827250123024,-0.026194367557764053,-0.017376098781824112,139.0
DOGE,20240129,europe,mid,0.04403232783079147,-0.14843854308128357,-0.1044062152504921,685.0
DOGE,20240129,europe,stress,0.03198034316301346,-0.14226584136486053,-0.11028549820184708,460.0
DOGE,20240129,us,calm,0.013244913890957832,-0.03702888637781143,-0.02378397434949875,215.0
DOGE,20240129,us,mid,0.01410490833222866,-0.048249319195747375,-0.034144409000873566,226.0
DOGE,20240207,asia,calm,0.003691663034260273,-0.009673500433564186,-0.0059818378649652,58.0
DOGE,20240207,europe,calm,0.005659449379891157,-0.012713302858173847,-0.007053853012621403,85.0
DOGE,20240207,us,calm,0.008963700383901596,-0.01624438166618347,-0.007280681282281876,140.0
DOGE,20240213,asia,calm,0.008917302824556828,-0.027103105559945107,-0.018185803666710854,144.0
DOGE,20240213,europe,calm,0.014567362144589424,-0.04397573322057724,-0.029408369213342667,233.0
DOGE,20240213,europe,mid,0.04047715663909912,-0.1367548406124115,-0.09627766907215118,554.0
DOGE,20240213,us,calm,0.01291828602552414,-0.04067933186888695,-0.027761045843362808,205.0
DOGE,20240222,asia,calm,0.015099599957466125,-0.045405082404613495,-0.030305486172437668,249.0
DOGE,20240222,europe,calm,0.02397163398563862,-0.08057355135679245,-0.05660191550850868,393.0
DOGE,20240222,europe,mid,0.008942196145653725,-0.021527061238884926,-0.012584863230586052,145.0
DOGE,20240222,us,calm,0.01603342965245247,-0.05147167295217514,-0.03543824329972267,258.0
DOGE,20240302,asia,mid,0.03477374091744423,-0.09887373447418213,-0.0640999898314476,895.0
DOGE,20240302,asia,stress,0.3844771087169647,-0.959153413772583,-0.5746763348579407,7280.0
DOGE,20240302,europe,mid,0.04491015523672104,-0.156317800283432,-0.11140764504671097,1061.0
DOGE,20240302,europe,stress,0.37235116958618164,-1.009713888168335,-0.6373625993728638,6473.0
DOGE,20240302,us,mid,0.08634309470653534,-0.2596091628074646,-0.17326605319976807,2020.0
DOGE,20240302,us,stress,0.03651117905974388,-0.09414021670818329,-0.057629041373729706,823.0
DOGE,20240311,asia,mid,0.06960742920637131,-0.24146293103694916,-0.17185550928115845,2048.0
DOGE,20240311,asia,stress,0.1669878214597702,-0.691318929195404,-0.5243310928344727,3509.0
DOGE,20240311,europe,calm,0.00011250808893237263,0.0020538351964205503,0.0021663433872163296,3.0
DOGE,20240311,europe,mid,0.08815735578536987,-0.27916425466537476,-0.1910068690776825,2655.0
DOGE,20240311,europe,stress,0.07059578597545624,-0.20888608694076538,-0.13829028606414795,1843.0
DOGE,20240311,us,calm,0.003907762002199888,-0.017415937036275864,-0.013508174568414688,126.0
DOGE,20240311,us,mid,0.09018882364034653,-0.2407306581735611,-0.15054181218147278,2427.0
DOGE,20240311,us,stress,0.05908475071191788,-0.233720600605011,-0.1746358573436737,1583.0
DOGE,20240317,asia,mid,0.06633947789669037,-0.20609062910079956,-0.1397511512041092,1730.0
DOGE,20240317,asia,stress,0.07209581136703491,-0.2562905251979828,-0.18419471383094788,1613.0
DOGE,20240317,europe,mid,0.0985451191663742,-0.3600376844406128,-0.2614925801753998,2619.0
DOGE,20240317,europe,stress,0.03763595223426819,-0.07885342836380005,-0.04121747985482216,940.0
DOGE,20240317,us,calm,0.0025784457102417946,-0.01749175414443016,-0.014913308434188366,73.0
DOGE,20240317,us,mid,0.053925491869449615,-0.22314506769180298,-0.16921955347061157,1458.0
DOGE,20240317,us,stress,0.061334725469350815,-0.0975901260972023,-0.03625542297959328,1450.0
DOGE,20240326,asia,calm,0.018452556803822517,-0.07607622444629669,-0.057623669505119324,613.0
DOGE,20240326,asia,mid,0.035954661667346954,-0.13882538676261902,-0.10287071764469147,1187.0
DOGE,20240326,europe,mid,0.07542268931865692,-0.1509571522474289,-0.07553447782993317,2180.0
DOGE,20240326,europe,stress,0.1366976499557495,-0.32654255628585815,-0.18984490633010864,3530.0
DOGE,20240326,us,calm,0.001860316377133131,-0.0013291917275637388,0.0005311243003234267,61.0
DOGE,20240326,us,mid,0.0884198397397995,-0.3360832929611206,-0.2476634681224823,2743.0
DOGE,20240326,us,stress,0.010644381865859032,-0.038198769092559814,-0.027554383501410484,326.0
DOGE,20240404,asia,mid,0.0912722796201706,-0.26162272691726685,-0.17035044729709625,2882.0
DOGE,20240404,asia,stress,0.0038536321371793747,-0.011438152752816677,-0.0075845238752663136,120.0
DOGE,20240404,europe,calm,0.01729718968272209,-0.057132624089717865,-0.03983543813228607,597.0
DOGE,20240404,europe,mid,0.10191778838634491,-0.3042987585067749,-0.2023809552192688,3373.0
DOGE,20240404,europe,stress,0.017442503944039345,-0.053916558623313904,-0.03647405654191971,601.0
DOGE,20240404,us,calm,0.016967035830020905,-0.09094537049531937,-0.07397833466529846,584.0
DOGE,20240404,us,mid,0.10067717730998993,-0.32652100920677185,-0.22584383189678192,3382.0
DOGE,20240404,us,stress,0.024263810366392136,-0.08788909763097763,-0.0636252909898758,752.0
DOGE,20240413,asia,calm,0.0015954237896949053,-0.004826702177524567,-0.003231278620660305,46.0
DOGE,20240413,asia,mid,0.0685635581612587,-0.25600138306617737,-0.18743781745433807,2070.0
DOGE,20240413,asia,stress,0.05979824811220169,-0.17404423654079437,-0.11424599587917328,1565.0
DOGE,20240413,europe,calm,0.0031104690860956907,-0.00773637555539608,-0.004625906236469746,104.0
DOGE,20240413,europe,mid,0.06844648718833923,-0.256037175655365,-0.18759068846702576,1961.0
DOGE,20240413,us,mid,0.005995580460876226,-0.017901206389069557,-0.011905625462532043,154.0
DOGE,20240413,us,stress,1.8713223934173584,-3.0240254402160645,-1.152703046798706,20241.0
DOGE,20240419,asia,calm,9.876760304905474e-05,-0.0005925189470872283,-0.0004937513149343431,3.0
DOGE,20240419,asia,mid,0.08342815935611725,-0.22124871611595154,-0.1378205567598343,2253.0
DOGE,20240419,asia,stress,0.15461117029190063,-0.5314205288887024,-0.37680935859680176,3906.0
DOGE,20240419,europe,calm,0.0007864539511501789,-0.0016979339998215437,-0.0009114798158407211,21.0
DOGE,20240419,europe,mid,0.10616607964038849,-0.3263971209526062,-0.2202310413122177,3009.0
DOGE,20240419,europe,stress,9.808088361751288e-05,-0.0007850147667340934,-0.0006869337521493435,3.0
DOGE,20240419,us,calm,0.020865675061941147,-0.06125958636403084,-0.04039391130208969,610.0
DOGE,20240419,us,mid,0.06606406718492508,-0.280161052942276,-0.21409699320793152,1848.0
DOGE,20240419,us,stress,0.008699335157871246,-0.04203535243868828,-0.03333602100610733,248.0
DOGE,20240428,asia,calm,0.016352880746126175,-0.06984002888202667,-0.053487151861190796,479.0
DOGE,20240428,europe,calm,0.01751996949315071,-0.06526273488998413,-0.04774276167154312,503.0
DOGE,20240428,us,calm,0.022606123238801956,-0.05888688564300537,-0.036280762404203415,650.0
DOGE,20240428,us,mid,0.007493707817047834,-0.02589905634522438,-0.018405353650450706,215.0
DOGE,20240507,asia,calm,0.02469715103507042,-0.09716536104679108,-0.07246821373701096,741.0
DOGE,20240507,asia,mid,0.023156316950917244,-0.03402258828282356,-0.01086626760661602,658.0
DOGE,20240507,europe,calm,0.02554667554795742,-0.07524597644805908,-0.049699295312166214,759.0
DOGE,20240507,europe,mid,0.03828667104244232,-0.1466314196586609,-0.10834475606679916,1146.0
DOGE,20240507,us,calm,0.02766238898038864,-0.08260498195886612,-0.05494258925318718,794.0
DOGE,20240507,us,mid,0.016862675547599792,-0.015961352735757828,0.0009013218805193901,486.0
DOGE,20240516,asia,calm,0.029617231339216232,-0.11269319802522659,-0.08307597041130066,906.0
DOGE,20240516,asia,mid,0.014056404121220112,-0.03840506449341774,-0.024348653852939606,395.0
DOGE,20240516,europe,calm,0.026786841452121735,-0.13078472018241882,-0.10399787127971649,770.0
DOGE,20240516,europe,mid,0.03720936179161072,-0.11265404522418976,-0.07544466853141785,1037.0
DOGE,20240516,us,calm,0.024356409907341003,-0.06991562247276306,-0.04555920884013176,687.0
DOGE,20240516,us,mid,0.0023016086779534817,-0.00795243214815855,-0.005650823004543781,67.0
DOGE,20240522,asia,calm,0.011577323079109192,-0.040752001106739044,-0.029174678027629852,360.0
DOGE,20240522,asia,mid,0.041334427893161774,-0.14261075854301453,-0.10127633064985275,1242.0
DOGE,20240522,asia,stress,0.008468137122690678,-0.03070135973393917,-0.02223322167992592,257.0
DOGE,20240522,europe,calm,0.01721600815653801,-0.06401478499174118,-0.04679877310991287,565.0
DOGE,20240522,europe,mid,0.056704211980104446,-0.13746468722820282,-0.08076046407222748,1680.0
DOGE,20240522,europe,stress,0.0035550640895962715,-0.031004436314105988,-0.02744937315583229,113.0
DOGE,20240522,us,calm,0.021708352491259575,-0.12436717748641968,-0.10265882313251495,668.0
DOGE,20240522,us,mid,0.02572924643754959,-0.10407096147537231,-0.07834172248840332,806.0
DOGE,20240522,us,stress,0.0024291195441037416,-0.006205464713275433,-0.0037763454020023346,79.0
DOGE,20240531,asia,calm,0.02007024735212326,-0.07633534073829651,-0.05626509711146355,621.0
DOGE,20240531,europe,calm,0.028469011187553406,-0.09417997300624847,-0.06571096181869507,861.0
DOGE,20240531,europe,mid,0.02176278829574585,-0.057793404906988144,-0.03603062033653259,644.0
DOGE,20240531,us,calm,0.02295003831386566,-0.0933583602309227,-0.07040832936763763,669.0
DOGE,20240531,us,mid,0.015224403701722622,-0.043036676943302155,-0.02781226485967636,453.0
DOGE,20240609,asia,calm,0.010033324360847473,-0.04276888072490692,-0.03273555636405945,284.0
DOGE,20240609,europe,calm,0.010826761834323406,-0.04804199934005737,-0.03721523657441139,309.0
DOGE,20240609,us,calm,0.009021461009979248,-0.03147909790277481,-0.022457635030150414,243.0
DOGE,20240618,asia,calm,0.01746993139386177,-0.057944025844335556,-0.040474094450473785,417.0
DOGE,20240618,asia,mid,0.031008783727884293,-0.235018789768219,-0.2040099799633026,698.0
DOGE,20240618,asia,stress,0.23613399267196655,-0.6702556610107422,-0.43412166833877563,2447.0
DOGE,20240618,europe,calm,0.012839127331972122,-0.05856844037771225,-0.04572930932044983,306.0
DOGE,20240618,europe,mid,0.06798747181892395,-0.2517409324645996,-0.18375346064567566,1542.0
DOGE,20240618,europe,stress,0.00297094089910388,-0.016760604456067085,-0.013789664953947067,70.0
DOGE,20240618,us,calm,0.008167410269379616,-0.03687947243452072,-0.028712060302495956,190.0
DOGE,20240618,us,mid,0.04338943585753441,-0.18911930918693542,-0.1457298845052719,1028.0
DOGE,20240624,asia,calm,0.02261832356452942,-0.10451725125312805,-0.08189892768859863,514.0
DOGE,20240624,asia,mid,0.0265018492937088,-0.1127026230096817,-0.0862007811665535,617.0
DOGE,20240624,europe,calm,0.03111545741558075,-0.12017327547073364,-0.0890578180551529,719.0
DOGE,20240624,europe,mid,0.02623193897306919,-0.17612403631210327,-0.14989206194877625,433.0
DOGE,20240624,europe,stress,0.03821475803852081,-0.05121959000825882,-0.013004833832383156,645.0
DOGE,20240624,us,calm,0.012822432443499565,-0.0375932976603508,-0.024770868942141533,293.0
DOGE,20240624,us,mid,0.0449492409825325,-0.10062689334154129,-0.05567764863371849,976.0
DOGE,20240703,asia,calm,0.016992855817079544,-0.05001398175954819,-0.03302112594246864,393.0
DOGE,20240703,asia,mid,0.002528163604438305,-0.007167392410337925,-0.00463922880589962,57.0
DOGE,20240703,europe,calm,0.02313917502760887,-0.06599203497171402,-0.04285285994410515,519.0
DOGE,20240703,europe,mid,0.015340469777584076,-0.04333749786019325,-0.027997026219964027,342.0
DOGE,20240703,us,calm,0.014483166858553886,-0.04925932362675667,-0.03477615863084793,336.0
DOGE,20240703,us,mid,0.003966044634580612,-0.015271826647222042,-0.011305782943964005,81.0
DOGE,20240712,asia,calm,0.02212606556713581,-0.06260412931442261,-0.040478065609931946,466.0
DOGE,20240712,asia,mid,0.007864899933338165,-0.025468213483691216,-0.0176033154129982,164.0
DOGE,20240712,europe,calm,0.025639047846198082,-0.09195240586996078,-0.06631335616111755,536.0
DOGE,20240712,europe,mid,0.0007087552221491933,-0.0008515807567164302,-0.00014282560732681304,15.0
DOGE,20240712,us,calm,0.016070177778601646,-0.054449982941150665,-0.03837980329990387,340.0
DOGE,20240721,asia,calm,0.023388134315609932,-0.09655854105949402,-0.07317040115594864,609.0
DOGE,20240721,europe,calm,0.020402023568749428,-0.07424786686897278,-0.0538458451628685,533.0
DOGE,20240721,europe,mid,0.00026521331164985895,-0.00303068314678967,-0.0027654701843857765,7.0
DOGE,20240721,us,calm,0.006335818208754063,-0.030976328998804092,-0.024640507996082306,162.0
DOGE,20240721,us,mid,0.039324674755334854,-0.21083010733127594,-0.17150543630123138,1000.0
DOGE,20240721,us,stress,0.08303404599428177,-0.5289469957351685,-0.4459129571914673,2059.0
DOGE,20240727,asia,calm,0.02273096889257431,-0.08094687759876251,-0.0582159087061882,601.0
DOGE,20240727,asia,mid,0.0010103322565555573,-0.0036320160143077374,-0.0026216835249215364,26.0
DOGE,20240727,europe,calm,0.024334929883480072,-0.08202061057090759,-0.05768568441271782,649.0
DOGE,20240727,europe,mid,0.02355021797120571,-0.09346839785575867,-0.06991817057132721,632.0
DOGE,20240727,us,calm,0.021586056798696518,-0.11271867156028748,-0.09113262593746185,567.0
DOGE,20240727,us,mid,0.021401528269052505,-0.10862823575735092,-0.08722669631242752,528.0
DOGE,20240727,us,stress,0.1844203770160675,-0.8447887301445007,-0.6603682637214661,3909.0
DOGE,20240805,asia,mid,0.008622836321592331,-0.030044086277484894,-0.021421244367957115,171.0
DOGE,20240805,asia,stress,0.8204734325408936,-2.0803515911102295,-1.2598780393600464,10195.0
DOGE,20240805,europe,stress,0.3885173797607422,-0.8761805891990662,-0.487663209438324,6119.0
DOGE,20240805,us,calm,0.00031720331753604114,0.0006883981986902654,0.0010056013707071543,6.0
DOGE,20240805,us,mid,0.02590092644095421,-0.09534284472465515,-0.06944192200899124,482.0
DOGE,20240805,us,stress,0.1268031895160675,-0.42247480154037476,-0.29567164182662964,2326.0
DOGE,20240814,asia,calm,0.02220667153596878,-0.06985462456941605,-0.047647953033447266,467.0
DOGE,20240814,europe,calm,0.022350365296006203,-0.06129403039813042,-0.038943663239479065,451.0
DOGE,20240814,europe,mid,0.06131473928689957,-0.2677615284919739,-0.2064468115568161,1258.0
DOGE,20240814,europe,stress,0.0013709899503737688,-0.009363565593957901,-0.007992574945092201,27.0
DOGE,20240814,us,calm,0.021940385922789574,-0.0675746276974678,-0.04563424363732338,447.0
DOGE,20240814,us,mid,0.005202434491366148,-0.02726338617503643,-0.022060951218008995,107.0
DOGE,20240820,asia,calm,0.03597266972064972,-0.10259716212749481,-0.06662449240684509,748.0
DOGE,20240820,asia,mid,0.011168144643306732,-0.07820743322372437,-0.06703928858041763,220.0
DOGE,20240820,asia,stress,0.02285679802298546,-0.13119009137153625,-0.1083332970738411,407.0
DOGE,20240820,europe,calm,0.02635963447391987,-0.07358589768409729,-0.047226257622241974,533.0
DOGE,20240820,europe,mid,0.03537047654390335,-0.0907730758190155,-0.05540259927511215,724.0
DOGE,20240820,us,calm,0.03296186402440071,-0.11823830753564835,-0.08527643978595734,680.0
DOGE,20240829,asia,calm,0.01469471026211977,-0.05334004759788513,-0.038645338267087936,295.0
DOGE,20240829,europe,calm,0.028222231194376945,-0.09334653615951538,-0.06512429565191269,569.0
DOGE,20240829,us,calm,0.025908049196004868,-0.08668465912342072,-0.06077660620212555,515.0
DOGE,20240829,us,mid,0.017871791496872902,-0.08404392749071121,-0.06617213785648346,344.0
DOGE,20240907,asia,calm,0.01519140787422657,-0.04962409287691116,-0.03443268686532974,281.0
DOGE,20240907,asia,mid,0.0005869549931958318,-0.0018159812316298485,-0.0012290262384340167,9.0
DOGE,20240907,europe,calm,0.016687748953700066,-0.041613392531871796,-0.02492564544081688,313.0
DOGE,20240907,europe,mid,0.00021261895017232746,-0.00031863461481407285,-0.00010601565008983016,4.0
DOGE,20240907,us,calm,0.014188668690621853,-0.05224672704935074,-0.03805805742740631,269.0
DOGE,20240916,asia,calm,0.016624227166175842,-0.060771021991968155,-0.04414679855108261,331.0
DOGE,20240916,asia,mid,0.004451720975339413,-0.011344573460519314,-0.006892853882163763,89.0
DOGE,20240916,europe,calm,0.01782156154513359,-0.0693630576133728,-0.051541488617658615,360.0
DOGE,20240916,europe,mid,0.00489731365814805,-0.01953756995499134,-0.014640259556472301,95.0
DOGE,20240916,us,calm,0.019754070788621902,-0.07054546475410461,-0.05079139769077301,390.0
DOGE,20240922,asia,calm,0.011427255347371101,-0.03946685045957565,-0.02803959883749485,248.0
DOGE,20240922,europe,calm,0.013243371620774269,-0.042184654623270035,-0.028941281139850616,274.0
DOGE,20240922,us,calm,0.012498465366661549,-0.03190234303474426,-0.019403880462050438,238.0
DOGE,20240922,us,mid,0.0060695502907037735,-0.01534166932106018,-0.009272120893001556,127.0
DOGE,20241001,asia,calm,0.021073557436466217,-0.08474572747945786,-0.06367217004299164,488.0
DOGE,20241001,asia,mid,0.014807222411036491,-0.06480568647384644,-0.049998462200164795,337.0
DOGE,20241001,europe,calm,0.017362702637910843,-0.06019936501979828,-0.042836666107177734,402.0
DOGE,20241001,europe,mid,0.03881068900227547,-0.08734745532274246,-0.048536770045757294,849.0
DOGE,20241001,europe,stress,0.025320375338196754,-0.09314148128032684,-0.06782110780477524,501.0
DOGE,20241001,us,calm,0.007110651582479477,-0.03562358766794205,-0.02851293981075287,149.0
DOGE,20241001,us,mid,0.044171594083309174,-0.21817652881145477,-0.1740049421787262,922.0
DOGE,20241001,us,stress,0.06628111004829407,-0.18370163440704346,-0.11742054671049118,1304.0
DOGE,20241010,asia,calm,0.024036362767219543,-0.0785205066204071,-0.05448414385318756,518.0
DOGE,20241010,asia,mid,0.0006021457957103848,9.21248720260337e-05,0.0006942708278074861,13.0
DOGE,20241010,europe,calm,0.03381595015525818,-0.08296222984790802,-0.04914627969264984,714.0
DOGE,20241010,europe,mid,0.02950478158891201,-0.10319746285676956,-0.0736926794052124,618.0
DOGE,20241010,us,calm,0.033157315105199814,-0.14203934371471405,-0.10888203233480453,693.0
DOGE,20241010,us,mid,0.01282341405749321,-0.05026031285524368,-0.03743690624833107,265.0
DOGE,20241019,asia,calm,0.03396553918719292,-0.1564370095729828,-0.12247148901224136,961.0
DOGE,20241019,asia,mid,0.04702237248420715,-0.18604445457458496,-0.139022096991539,1247.0
DOGE,20241019,asia,stress,0.037370722740888596,-0.20890897512435913,-0.17153826355934143,1018.0
DOGE,20241019,europe,calm,0.03622306138277054,-0.135213702917099,-0.09899063408374786,1025.0
DOGE,20241019,europe,mid,0.057274892926216125,-0.1619771420955658,-0.10470226407051086,1621.0
DOGE,20241019,us,calm,0.030271172523498535,-0.11015330255031586,-0.07988212257623672,842.0
DOGE,20241019,us,mid,0.04408353939652443,-0.21046893298625946,-0.16638538241386414,1201.0
DOGE,20241025,asia,calm,0.0431453138589859,-0.17621727287769318,-0.13307197391986847,1190.0
DOGE,20241025,asia,mid,0.009372791275382042,-0.051940396428108215,-0.042567603290081024,261.0
DOGE,20241025,europe,calm,0.038298770785331726,-0.12817950546741486,-0.08988073468208313,1048.0
DOGE,20241025,europe,mid,0.02837153896689415,-0.11362574994564056,-0.08525420725345612,778.0
DOGE,20241025,us,calm,0.017895232886075974,-0.056694742292165756,-0.03879950940608978,470.0
DOGE,20241025,us,mid,0.06472641229629517,-0.2795896530151367,-0.21486325562000275,1611.0
DOGE,20241025,us,stress,0.057886749505996704,-0.0007211416959762573,0.057165611535310745,1253.0
DOGE,20241103,asia,calm,0.025547191500663757,-0.12284833937883377,-0.09730114042758942,776.0
DOGE,20241103,asia,mid,0.05880718305706978,-0.1298028528690338,-0.07099568843841553,1758.0
DOGE,20241103,asia,stress,0.04814046993851662,-0.19243261218070984,-0.14429213106632233,1390.0
DOGE,20241103,europe,calm,0.017461752519011497,-0.07015936076641083,-0.05269760638475418,522.0
DOGE,20241103,europe,mid,0.0880998820066452,-0.27587890625,-0.1877790093421936,2532.0
DOGE,20241103,europe,stress,0.04515938460826874,-0.14572754502296448,-0.10056817531585693,1270.0
DOGE,20241103,us,calm,0.007749383337795734,-0.05574031174182892,-0.04799092933535576,206.0
DOGE,20241103,us,mid,0.10639742016792297,-0.40353813767433167,-0.2971407175064087,3077.0
DOGE,20241103,us,stress,0.024257725104689598,-0.12155300378799438,-0.09729528427124023,687.0
DOGE,20241112,asia,stress,1.4370700120925903,-3.5492515563964844,-2.1121816635131836,34342.0
DOGE,20241112,europe,stress,3.016510486602783,-4.232544898986816,-1.216034173965454,45568.0
DOGE,20241112,us,stress,0.8151710629463196,-1.566788911819458,-0.7516178488731384,24704.0
DOGE,20241121,asia,calm,0.0001839239412220195,-0.001188040478155017,-0.0010041164932772517,13.0
DOGE,20241121,asia,mid,0.11786529421806335,-0.6499142050743103,-0.5320489406585693,7592.0
DOGE,20241121,asia,stress,0.015069322660565376,-0.045309390872716904,-0.03024006262421608,952.0
DOGE,20241121,europe,calm,0.0025592143647372723,-0.023170586675405502,-0.020611371845006943,182.0
DOGE,20241121,europe,mid,0.12291961908340454,-0.5388757586479187,-0.41595613956451416,7786.0
DOGE,20241121,europe,stress,0.04258348047733307,-0.15471085906028748,-0.1121274009346962,2417.0
DOGE,20241121,us,calm,0.014808199368417263,-0.11124223470687866,-0.09643403440713882,1044.0
DOGE,20241121,us,mid,0.07754139602184296,-0.4260980784893036,-0.3485566973686218,5227.0
DOGE,20241121,us,stress,0.0011154699604958296,-0.007115365471690893,-0.005999896675348282,81.0
DOGE,20241127,asia,mid,0.08073876053094864,-0.5338816046714783,-0.45314282178878784,5645.0
DOGE,20241127,asia,stress,0.00935410801321268,-0.0840209349989891,-0.074666827917099,577.0
DOGE,20241127,europe,calm,0.0011186704505234957,-0.003293327521532774,-0.0021746563725173473,75.0
DOGE,20241127,europe,mid,0.112302266061306,-0.6125295162200928,-0.5002272725105286,7885.0
DOGE,20241127,us,calm,0.024867786094546318,-0.1940506100654602,-0.16918283700942993,1871.0
DOGE,20241127,us,mid,0.053398068994283676,-0.3223048448562622,-0.26890677213668823,3996.0
DOGE,20241206,asia,calm,0.028405603021383286,-0.24638143181800842,-0.21797585487365723,2359.0
DOGE,20241206,asia,mid,0.03451727330684662,-0.2217288613319397,-0.18721160292625427,2735.0
DOGE,20241206,asia,stress,0.013158857822418213,-0.09645538032054901,-0.0832965150475502,919.0
DOGE,20241206,europe,calm,0.006037768442183733,-0.06002848595380783,-0.05399071425199509,491.0
DOGE,20241206,europe,mid,0.09628738462924957,-0.5985987782478333,-0.5023113489151001,7253.0
DOGE,20241206,europe,stress,0.005022738594561815,-0.04650520160794258,-0.04148246347904205,363.0
DOGE,20241206,us,calm,0.038275860249996185,-0.26078835129737854,-0.22251248359680176,3123.0
DOGE,20241206,us,mid,0.02361866645514965,-0.18420928716659546,-0.16059061884880066,1873.0
DOGE,20241215,asia,calm,0.033775098621845245,-0.2515874207019806,-0.21781231462955475,2601.0
DOGE,20241215,asia,mid,0.0004888350958935916,-0.0027985996566712856,-0.0023097649682313204,37.0
DOGE,20241215,europe,calm,0.03732035309076309,-0.2120463103055954,-0.1747259646654129,2840.0
DOGE,20241215,us,calm,0.026085974648594856,-0.21252408623695374,-0.18643811345100403,2006.0
DOGE,20241215,us,mid,0.01632625423371792,-0.09245762228965759,-0.07613137364387512,1119.0
DOGE,20241224,asia,calm,0.03716348856687546,-0.2511725425720215,-0.21400904655456543,2293.0
DOGE,20241224,asia,mid,0.01978161558508873,-0.12295015156269073,-0.1031685397028923,1186.0
DOGE,20241224,europe,calm,0.039518408477306366,-0.2402346134185791,-0.20071619749069214,2401.0
DOGE,20241224,europe,mid,0.049739863723516464,-0.24515262246131897,-0.195412740111351,2952.0
DOGE,20241224,europe,stress,0.005427229683846235,-0.029226433485746384,-0.02379920333623886,329.0
DOGE,20241224,us,calm,0.02730589359998703,-0.20355793833732605,-0.1762520670890808,1724.0
DOGE,20241224,us,mid,0.04556470364332199,-0.2748541831970215,-0.2292894721031189,2816.0
DOGE,20241224,us,stress,1.4873206055199262e-05,0.00010411244147690013,0.0001189856484415941,1.0
DOGE,20241230,asia,calm,0.0363570936024189,-0.30490273237228394,-0.26854562759399414,2221.0
DOGE,20241230,asia,mid,0.013036172837018967,-0.12488286197185516,-0.1118466854095459,779.0
DOGE,20241230,europe,calm,0.03272614628076553,-0.22415705025196075,-0.191430926322937,2000.0
DOGE,20241230,europe,mid,0.03786955028772354,-0.23413226008415222,-0.19626270234584808,2174.0
DOGE,20241230,us,calm,0.02536344900727272,-0.17804282903671265,-0.15267938375473022,1503.0
DOGE,20241230,us,mid,0.04372867941856384,-0.3403736650943756,-0.29664498567581177,2520.0
DOGE,20241230,us,stress,0.004221520386636257,-0.02930162101984024,-0.025080101564526558,248.0
DOGE,20250108,asia,calm,0.020028188824653625,-0.1365102380514145,-0.11648205667734146,1304.0
DOGE,20250108,asia,mid,0.06377080082893372,-0.31264495849609375,-0.24887415766716003,4099.0
DOGE,20250108,asia,stress,0.008405876345932484,-0.04639849066734314,-0.03799261897802353,512.0
DOGE,20250108,europe,calm,0.02311038225889206,-0.15285661816596985,-0.1297462433576584,1505.0
DOGE,20250108,europe,mid,0.05694779008626938,-0.3769304156303406,-0.3199826180934906,3622.0
DOGE,20250108,europe,stress,0.008869245648384094,-0.08615709096193314,-0.07728783786296844,586.0
DOGE,20250108,us,calm,0.009913600981235504,-0.0646444782614708,-0.05473087355494499,399.0
DOGE,20250108,us,mid,0.0590377151966095,-0.46800369024276733,-0.40896597504615784,3683.0
DOGE,20250108,us,stress,0.07766704261302948,-0.539465069770813,-0.4617980122566223,4107.0
DOGE,20250117,asia,calm,0.03236936777830124,-0.24984827637672424,-0.2174789011478424,2330.0
DOGE,20250117,asia,mid,0.0222124382853508,-0.18310582637786865,-0.16089338064193726,1594.0
DOGE,20250117,europe,mid,0.07632505893707275,-0.48176872730255127,-0.4054436683654785,5715.0
DOGE,20250117,europe,stress,0.09415839612483978,-0.6999823451042175,-0.6058239936828613,6278.0
DOGE,20250117,us,calm,0.019071683287620544,-0.1765553057193756,-0.15748360753059387,1428.0
DOGE,20250117,us,mid,0.05159824341535568,-0.3567955195903778,-0.30519726872444153,3930.0
DOGE,20250117,us,stress,0.010076543316245079,-0.037549570202827454,-0.027473025023937225,703.0
DOGE,20250126,asia,calm,0.020145684480667114,-0.11734706163406372,-0.0972013846039772,1377.0
DOGE,20250126,europe,calm,0.023862553760409355,-0.16226264834403992,-0.1384001076221466,1571.0
DOGE,20250126,us,calm,0.031214267015457153,-0.09304680675268173,-0.06183253601193428,1800.0
DOGE,20250126,us,mid,0.03366374969482422,-0.09471303224563599,-0.061049290001392365,1850.0
DOGE,20250126,us,stress,0.012627772986888885,0.011046280153095722,0.023674052208662033,670.0
DOGE,20250201,asia,calm,0.02721003256738186,-0.19960299134254456,-0.17239296436309814,1736.0
DOGE,20250201,asia,mid,0.00013710433267988265,0.0010515016037970781,0.0011886060237884521,8.0
DOGE,20250201,europe,calm,0.03927657753229141,-0.2537665367126465,-0.21448996663093567,2451.0
DOGE,20250201,europe,mid,0.0002181549498345703,0.0018084354232996702,0.002026590518653393,12.0
DOGE,20250201,us,calm,0.024536341428756714,-0.2010626494884491,-0.17652630805969238,1494.0
DOGE,20250201,us,mid,0.04435709863901138,-0.24845343828201294,-0.20409633219242096,2453.0
DOGE,20250201,us,stress,0.0008140393765643239,-0.010595272295176983,-0.009781232103705406,48.0
DOGE,20250210,asia,calm,0.018382661044597626,-0.09255211055278778,-0.07416944205760956,894.0
DOGE,20250210,asia,mid,0.05774006247520447,-0.377214640378952,-0.31947457790374756,2749.0
DOGE,20250210,asia,stress,0.010330026969313622,-0.04393722116947174,-0.03360719233751297,492.0
DOGE,20250210,europe,calm,0.03858505189418793,-0.17880815267562866,-0.14022310078144073,1896.0
DOGE,20250210,europe,mid,0.02941005676984787,-0.1350407749414444,-0.10563070327043533,1444.0
DOGE,20250210,us,calm,0.03649058938026428,-0.22384551167488098,-0.1873549073934555,1826.0
DOGE,20250210,us,mid,0.0013300967402756214,-0.003229364287108183,-0.0018992674304172397,66.0
DOGE,20250219,asia,calm,0.03765830770134926,-0.20356634259223938,-0.16590803861618042,1864.0
DOGE,20250219,europe,calm,0.03256133571267128,-0.15633711218833923,-0.12377576529979706,1620.0
DOGE,20250219,europe,mid,0.011561444029211998,-0.07705169916152954,-0.06549026072025299,570.0
DOGE,20250219,us,calm,0.03823268413543701,-0.2678297758102417,-0.22959710657596588,1897.0
DOGE,20250228,asia,calm,0.007849430665373802,-0.021082954481244087,-0.013233521953225136,311.0
DOGE,20250228,asia,mid,0.04826813191175461,-0.1907438337802887,-0.1424756944179535,1690.0
DOGE,20250228,asia,stress,0.18096166849136353,-0.7617702484130859,-0.5808085799217224,6003.0
DOGE,20250228,europe,calm,0.0004053540760651231,-0.001812749425880611,-0.0014073953498154879,15.0
DOGE,20250228,europe,mid,0.09485053271055222,-0.5227905511856079,-0.4279400110244751,3448.0
DOGE,20250228,europe,stress,0.06340591609477997,-0.14822690188884735,-0.08482097089290619,2268.0
DOGE,20250228,us,calm,0.016117140650749207,-0.09929215908050537,-0.08317501842975616,638.0
DOGE,20250228,us,mid,0.0739741250872612,-0.3369017541408539,-0.2629276514053345,2888.0
DOGE,20250306,asia,calm,0.03303230553865433,-0.19452719390392303,-0.1614948809146881,1335.0
DOGE,20250306,asia,mid,0.07000082731246948,-0.4020075500011444,-0.3320067226886749,2852.0
DOGE,20250306,europe,calm,0.023062171414494514,-0.07658882439136505,-0.053526654839515686,949.0
DOGE,20250306,europe,mid,0.06452243030071259,-0.242141991853714,-0.1776195764541626,2536.0
DOGE,20250306,europe,stress,0.01060488075017929,-0.03509468957781792,-0.024489812552928925,415.0
DOGE,20250306,us,calm,0.024002529680728912,-0.12912026047706604,-0.10511773824691772,950.0
DOGE,20250306,us,mid,0.044190388172864914,-0.20896023511886597,-0.16476985812187195,1749.0
DOGE,20250315,asia,calm,0.044454462826251984,-0.2203291654586792,-0.1758747100830078,1530.0
DOGE,20250315,asia,mid,5.8314166381023824e-05,-0.0005828152061440051,-0.000524501025211066,2.0
DOGE,20250315,europe,calm,0.05108917877078056,-0.21233400702476501,-0.16124480962753296,1771.0
DOGE,20250315,us,calm,0.03610784932971001,-0.1637665331363678,-0.1276586949825287,1263.0
DOGE,20250324,asia,calm,0.04566356539726257,-0.20590585470199585,-0.16024228930473328,1573.0
DOGE,20250324,asia,mid,0.00017403412493877113,-0.0008121761493384838,-0.0006381419370882213,6.0
DOGE,20250324,europe,calm,0.03285716846585274,-0.11158357560634613,-0.07872641086578369,1153.0
DOGE,20250324,europe,mid,0.02358195371925831,-0.060777969658374786,-0.03719601780176163,829.0
DOGE,20250324,europe,stress,0.015239087864756584,-0.0532333105802536,-0.037994224578142166,520.0
DOGE,20250324,us,calm,0.042267076671123505,-0.18834464251995087,-0.14607754349708557,1546.0
DOGE,20250324,us,mid,0.026578381657600403,-0.13117516040802002,-0.10459677875041962,961.0
DOGE,20250324,us,stress,0.0027426457963883877,-0.006503587123006582,-0.0037609408609569073,101.0
DOGE,20250330,asia,calm,0.030599696561694145,-0.12488292157649994,-0.09428322315216064,1039.0
DOGE,20250330,asia,mid,0.0076387845911085606,-0.0399833619594574,-0.032344575971364975,254.0
DOGE,20250330,europe,calm,0.031181104481220245,-0.10092627257108688,-0.06974516808986664,1035.0
DOGE,20250330,europe,mid,0.009848764166235924,-0.03063012845814228,-0.020781364291906357,325.0
DOGE,20250330,us,calm,0.026791900396347046,-0.12695643305778503,-0.10016454011201859,887.0
DOGE,20250330,us,mid,0.023587390780448914,-0.09391039609909058,-0.07032299786806107,774.0
DOGE,20250408,asia,calm,0.021203523501753807,-0.08149811625480652,-0.06029459089040756,638.0
DOGE,20250408,asia,mid,0.051322031766176224,-0.2770666182041168,-0.2257445603609085,1529.0
DOGE,20250408,europe,calm,0.017513535916805267,-0.07043984532356262,-0.05292631685733795,525.0
DOGE,20250408,europe,mid,0.07144736498594284,-0.2589399218559265,-0.18749254941940308,2146.0
DOGE,20250408,europe,stress,0.026974661275744438,-0.04478627070784569,-0.0178116075694561,811.0
DOGE,20250408,us,calm,0.00661071389913559,-0.05391933023929596,-0.04730861634016037,183.0
DOGE,20250408,us,mid,0.07284124195575714,-0.2573045790195465,-0.18446330726146698,2053.0
DOGE,20250408,us,stress,0.048407599329948425,-0.16365891695022583,-0.11525130271911621,1345.0
DOGE,20250417,asia,calm,0.029712941497564316,-0.12358875572681427,-0.09387582540512085,921.0
DOGE,20250417,europe,calm,0.031219640746712685,-0.1439073383808136,-0.11268770694732666,967.0
DOGE,20250417,europe,mid,0.007304259575903416,-0.03422161564230919,-0.026917356997728348,223.0
DOGE,20250417,us,calm,0.030932508409023285,-0.12449505180120468,-0.0935625433921814,962.0
DOGE,20250417,us,mid,0.011907669715583324,-0.04122398793697357,-0.02931632101535797,371.0
DOGE,20250426,asia,calm,0.024406801909208298,-0.11824135482311249,-0.09383456408977509,893.0
DOGE,20250426,asia,mid,0.04047182947397232,-0.1513770967721939,-0.11090525984764099,1467.0
DOGE,20250426,asia,stress,0.007749051321297884,-0.027997195720672607,-0.02024814486503601,290.0
DOGE,20250426,europe,calm,0.03911326080560684,-0.17625951766967773,-0.1371462643146515,1401.0
DOGE,20250426,europe,mid,0.0201738141477108,-0.10626339167356491,-0.08608958125114441,726.0
DOGE,20250426,us,calm,0.022465912625193596,-0.102243572473526,-0.07977765798568726,809.0
DOGE,20250502,asia,calm,0.04137404263019562,-0.1543932855129242,-0.11301924288272858,1470.0
DOGE,20250502,asia,mid,0.00011068683670600876,-0.001107082818634808,-0.0009963959455490112,4.0
DOGE,20250502,europe,calm,0.029497917741537094,-0.09106706827878952,-0.061569150537252426,1029.0
DOGE,20250502,europe,mid,0.018023360520601273,-0.09050895273685455,-0.07248558849096298,641.0
DOGE,20250502,us,calm,0.02779623121023178,-0.12116774171590805,-0.09337151050567627,993.0
DOGE,20250502,us,mid,0.005993339233100414,-0.02538205310702324,-0.01938871294260025,214.0
DOGE,20250511,asia,mid,0.06340227276086807,-0.2988314628601074,-0.23542919754981995,2761.0
DOGE,20250511,asia,stress,0.14735844731330872,-0.9355812072753906,-0.7882227897644043,6140.0
DOGE,20250511,europe,calm,0.007320547476410866,-0.032364703714847565,-0.0250441562384367,331.0
DOGE,20250511,europe,mid,0.08327682316303253,-0.42679721117019653,-0.3435203433036804,3620.0
DOGE,20250511,europe,stress,0.019556986168026924,-0.09330079704523087,-0.0737438052892685,831.0
DOGE,20250511,us,calm,0.014187793247401714,-0.08849097043275833,-0.07430317252874374,631.0
DOGE,20250511,us,mid,0.048452865332365036,-0.19459374248981476,-0.14614087343215942,2127.0
DOGE,20250511,us,stress,0.02284901589155197,-0.1388893574476242,-0.11604035645723343,952.0
DOGE,20250520,asia,calm,0.023526940494775772,-0.10052253305912018,-0.07699558883905411,1015.0
DOGE,20250520,asia,mid,0.054658979177474976,-0.19596660137176514,-0.14130760729312897,2415.0
DOGE,20250520,europe,calm,0.029518865048885345,-0.12564021348953247,-0.09612134099006653,1270.0
DOGE,20250520,europe,mid,0.03622002527117729,-0.15661126375198364,-0.12039123475551605,1557.0
DOGE,20250520,us,calm,0.021059095859527588,-0.08678291738033295,-0.06572382152080536,923.0
DOGE,20250520,us,mid,0.05470331758260727,-0.2504398226737976,-0.19573648273944855,2356.0
DOGE,20250601,asia,calm,0.03487159311771393,-0.16414542496204376,-0.12927383184432983,1306.0
DOGE,20250601,asia,mid,0.00583672896027565,-0.020696625113487244,-0.014859898015856743,213.0
DOGE,20250601,europe,calm,0.04444721341133118,-0.18543386459350586,-0.1409866362810135,1654.0
DOGE,20250601,europe,mid,0.009016353636980057,-0.02604379504919052,-0.017027439549565315,328.0
DOGE,20250601,us,calm,0.034074150025844574,-0.18487289547920227,-0.1507987380027771,1244.0
DOGE,20250601,us,mid,0.0074012381955981255,-0.01425523217767477,-0.006853995844721794,265.0
DOGE,20250607,asia,calm,0.03504257649183273,-0.1419069766998291,-0.10686440765857697,1270.0
DOGE,20250607,europe,calm,0.030591169372200966,-0.12755918502807617,-0.09696802496910095,1131.0
DOGE,20250607,us,calm,0.030900999903678894,-0.1162184327840805,-0.08531743288040161,1118.0
DOGE,20250607,us,mid,0.00358859496191144,-0.013211704790592194,-0.009623108431696892,130.0
DOGE,20250616,asia,calm,0.03584708273410797,-0.15520112216472626,-0.11935403943061829,1251.0
DOGE,20250616,asia,mid,0.005476634483784437,-0.004947221837937832,0.0005294126458466053,180.0
DOGE,20250616,europe,calm,0.037177544087171555,-0.14442521333694458,-0.10724765062332153,1305.0
DOGE,20250616,europe,mid,0.005296602845191956,-0.025130949914455414,-0.019834347069263458,188.0
DOGE,20250616,us,calm,0.03399209678173065,-0.16067096590995789,-0.12667885422706604,1196.0
DOGE,20250616,us,mid,0.015036653727293015,-0.05950126796960831,-0.044464610517024994,482.0
DOGE,20250616,us,stress,0.006469526328146458,-0.003084863070398569,0.0033846653532236814,221.0
DOGE,20250625,asia,calm,0.031252555549144745,-0.15711505711078644,-0.1258625090122223,1032.0
DOGE,20250625,europe,calm,0.030357562005519867,-0.12596750259399414,-0.09560993313789368,999.0
DOGE,20250625,europe,mid,0.03320099413394928,-0.14700058102607727,-0.1137995719909668,1082.0
DOGE,20250625,us,calm,0.0371113084256649,-0.1876988410949707,-0.1505875289440155,1220.0
DOGE,20250625,us,mid,0.0013642983976751566,-0.00915360078215599,-0.007789301685988903,45.0
DOGE,20250704,asia,calm,0.02471727877855301,-0.09708831459283829,-0.07237103581428528,820.0
DOGE,20250704,europe,calm,0.03068576008081436,-0.08683674037456512,-0.05615098029375076,1001.0
DOGE,20250704,europe,mid,0.010729027912020683,-0.05288613215088844,-0.04215709865093231,350.0
DOGE,20250704,us,calm,0.02147393301129341,-0.06883659958839417,-0.04736267030239105,689.0
DOGE,20250704,us,mid,0.009163985028862953,-0.02350553125143051,-0.014341549016535282,293.0
DOGE,20250710,asia,calm,0.02885185368359089,-0.09611345827579498,-0.06726160645484924,985.0
DOGE,20250710,asia,mid,0.0003317962109576911,-0.004479729570448399,-0.004147933796048164,12.0
DOGE,20250710,europe,calm,0.030284283682703972,-0.12131083011627197,-0.09102654457092285,1078.0
DOGE,20250710,europe,mid,0.001308153267018497,-0.006200934294611216,-0.004892780911177397,45.0
DOGE,20250710,us,calm,0.02558695524930954,-0.10737517476081848,-0.08178821206092834,893.0
DOGE,20250710,us,mid,0.05918634682893753,-0.23009513318538666,-0.17090877890586853,2018.0
DOGE,20250710,us,stress,0.021705761551856995,-0.057635001838207245,-0.03592924401164055,658.0
DOGE,20250719,asia,calm,2.1201263734837994e-05,8.480505493935198e-05,0.00010600631503621116,1.0
DOGE,20250719,asia,mid,0.07486006617546082,-0.3201637864112854,-0.24530373513698578,3528.0
DOGE,20250719,asia,stress,0.13341528177261353,-0.6832289695739746,-0.5498136878013611,5898.0
DOGE,20250719,europe,mid,0.12431546300649643,-0.33754146099090576,-0.21322597563266754,5724.0
DOGE,20250719,europe,stress,0.04082139581441879,-0.09211709350347519,-0.051295701414346695,1635.0
DOGE,20250719,us,calm,0.027663391083478928,-0.10023878514766693,-0.0725753977894783,1312.0
DOGE,20250719,us,mid,0.03414074704051018,-0.10895409435033798,-0.0748133510351181,1564.0
DOGE,20250727,asia,calm,0.03259017691016197,-0.16683775186538696,-0.1342475861310959,1529.0
DOGE,20250727,asia,mid,0.004994320683181286,-0.009915299713611603,-0.00492097856476903,232.0
DOGE,20250727,europe,calm,0.0359325148165226,-0.10061462968587875,-0.06468211114406586,1650.0
DOGE,20250727,europe,mid,0.011812410317361355,-0.026274604722857475,-0.01446219626814127,544.0
DOGE,20250727,us,calm,0.01707920990884304,-0.07437551021575928,-0.05729629471898079,804.0
DOGE,20250727,us,mid,0.04405144974589348,-0.16372576355934143,-0.11967432498931885,2026.0
DOGE,20250730,asia,calm,0.026045698672533035,-0.11383979767560959,-0.08779409527778625,1141.0
DOGE,20250730,asia,mid,0.01214531622827053,-0.06271571666002274,-0.050570398569107056,533.0
DOGE,20250730,europe,calm,0.00901484303176403,-0.030481502413749695,-0.021466664969921112,390.0
DOGE,20250730,europe,mid,0.0764315277338028,-0.27539366483688354,-0.19896215200424194,3175.0
DOGE,20250730,europe,stress,0.00030052944202907383,-0.0057565635070204735,-0.005456034559756517,12.0
DOGE,20250730,us,calm,0.017024468630552292,-0.07621106505393982,-0.05918659269809723,709.0
DOGE,20250730,us,mid,0.030952196568250656,-0.09132400155067444,-0.060371801257133484,1302.0
DOGE,20250730,us,stress,0.04734216630458832,-0.1433120220899582,-0.09596985578536987,1756.0
DOGE,20250801,asia,calm,0.004288226366043091,-0.004698456730693579,-0.0004102308303117752,174.0
DOGE,20250801,asia,mid,0.04396134987473488,-0.09444241225719452,-0.050481051206588745,1756.0
DOGE,20250801,asia,stress,0.03705403953790665,-0.08352707326412201,-0.04647303372621536,1423.0
DOGE,20250801,europe,calm,0.009010076522827148,-0.03772341459989548,-0.02871333621442318,361.0
DOGE,20250801,europe,mid,0.05703909322619438,-0.17071382701396942,-0.11367473006248474,2234.0
DOGE,20250801,europe,stress,0.03832221403717995,-0.16349782049655914,-0.1251756250858307,1490.0
DOGE,20250801,us,calm,0.0021076828707009554,-0.019772406667470932,-0.017664724960923195,75.0
DOGE,20250801,us,mid,0.08073268830776215,-0.3063306510448456,-0.22559794783592224,3207.0
DOGE,20250801,us,stress,0.038195379078388214,-0.12621909379959106,-0.08802372217178345,1351.0
DOGE,20250804,asia,calm,0.026140078902244568,-0.09051574021577835,-0.06437566131353378,1021.0
DOGE,20250804,asia,mid,0.0056395744904875755,-0.01813463866710663,-0.012495063245296478,225.0
DOGE,20250804,europe,calm,0.02375842072069645,-0.0918886661529541,-0.0681302398443222,933.0
DOGE,20250804,europe,mid,0.022582681849598885,-0.03860348463058472,-0.016020800918340683,905.0
DOGE,20250804,us,calm,0.031039178371429443,-0.11049681901931763,-0.07945764064788818,1262.0
DOGE,20250804,us,mid,0.012378230690956116,-0.06573081016540527,-0.05335257947444916,502.0
DOGE,20250807,asia,calm,0.01645176112651825,-0.04074622690677643,-0.02429446205496788,673.0
DOGE,20250807,europe,calm,0.032537419348955154,-0.13690310716629028,-0.10436569154262543,1347.0
DOGE,20250807,europe,mid,0.02348734810948372,-0.003887637984007597,0.019599707797169685,971.0
DOGE,20250807,us,calm,0.026223447173833847,-0.10578355193138123,-0.07956008613109589,1102.0
DOGE,20250807,us,mid,0.021731331944465637,-0.09512947499752045,-0.07339813560247421,915.0
DOGE,20250810,asia,calm,0.026751352474093437,-0.11861833184957504,-0.09186698496341705,1242.0
DOGE,20250810,asia,mid,0.023743074387311935,-0.08562768995761871,-0.061884619295597076,1078.0
DOGE,20250810,europe,calm,0.03256005793809891,-0.06724602729082108,-0.034685973078012466,1466.0
DOGE,20250810,europe,mid,0.01759083941578865,-0.04072558507323265,-0.023134745657444,790.0
DOGE,20250810,europe,stress,0.00089028081856668,-0.00012914673425257206,0.0007611337350681424,40.0
DOGE,20250810,us,calm,0.020752938464283943,-0.08191945403814316,-0.061166513711214066,931.0
DOGE,20250810,us,mid,0.0030648927204310894,-0.00615730881690979,-0.0030924153979867697,140.0
DOGE,20250812,asia,calm,0.022453512996435165,-0.079497329890728,-0.05704381316900253,993.0
DOGE,20250812,asia,mid,0.003691819030791521,-0.010029657743871212,-0.006337838247418404,161.0
DOGE,20250812,asia,stress,0.00029183508013375103,0.0029630514327436686,0.003254886716604233,13.0
DOGE,20250812,europe,calm,0.01927371695637703,-0.1171802431344986,-0.09790651500225067,829.0
DOGE,20250812,europe,mid,0.04087050259113312,-0.1038355752825737,-0.06296508014202118,1762.0
DOGE,20250812,europe,stress,0.009644810110330582,-0.025061070919036865,-0.015416261740028858,421.0
DOGE,20250812,us,calm,0.01918908581137657,-0.06514956057071686,-0.04596047103404999,894.0
DOGE,20250812,us,mid,0.039141375571489334,-0.10955046862363815,-0.07040908932685852,1770.0
DOGE,20250815,asia,calm,0.029652506113052368,-0.12455855309963226,-0.0949060469865799,1323.0
DOGE,20250815,asia,mid,0.01941703073680401,-0.07802215218544006,-0.0586051270365715,876.0
DOGE,20250815,europe,calm,0.015228579752147198,-0.06868649274110794,-0.05345791578292847,690.0
DOGE,20250815,europe,mid,0.035082727670669556,-0.2787497043609619,-0.24366694688796997,1502.0
DOGE,20250815,europe,stress,0.028210531920194626,-0.12471063435077667,-0.09650009870529175,1233.0
DOGE,20250815,us,calm,0.004397176206111908,-0.020208094269037247,-0.01581091620028019,196.0
DOGE,20250815,us,mid,0.05233597010374069,-0.19300547242164612,-0.14066949486732483,2264.0
DOGE,20250815,us,stress,0.011457367800176144,-0.009630824439227581,0.0018265442922711372,503.0
DOGE,20250818,asia,calm,0.009734336286783218,-0.04078192263841629,-0.031047586351633072,435.0
DOGE,20250818,asia,mid,0.05109260231256485,-0.13799194991588593,-0.08689934015274048,2194.0
DOGE,20250818,asia,stress,0.0039041212294250727,-0.013254042714834213,-0.009349923580884933,175.0
DOGE,20250818,europe,calm,0.024859726428985596,-0.08725747466087341,-0.062397751957178116,1090.0
DOGE,20250818,europe,mid,0.025424180552363396,-0.07252839207649231,-0.047104209661483765,1101.0
DOGE,20250818,us,calm,0.023511674255132675,-0.07196331024169922,-0.048451635986566544,1032.0
DOGE,20250818,us,mid,0.014333002269268036,-0.052760250866413116,-0.03842724859714508,622.0
ETH,20230724,asia,calm,0.0006762614939361811,-0.024933887645602226,-0.02425762638449669,219.0
ETH,20230724,europe,calm,0.0026134143117815256,-0.10647629201412201,-0.10386288166046143,612.0
ETH,20230724,europe,mid,0.0015744772972539067,-0.04324754327535629,-0.04167306423187256,386.0
ETH,20230724,us,calm,0.0004794117994606495,-0.021202489733695984,-0.02072307839989662,168.0
ETH,20230802,asia,calm,0.0009660784271545708,-0.03529426455497742,-0.03432818502187729,293.0
ETH,20230802,asia,mid,1.334597163804574e-05,-0.001382474321871996,-0.0013691282365471125,5.0
ETH,20230802,asia,stress,1.0670993106032256e-05,-0.0006718634394928813,-0.000661192461848259,4.0
ETH,20230802,europe,calm,0.0016823111800476909,-0.04170762002468109,-0.04002530872821808,431.0
ETH,20230802,us,calm,0.004007676150649786,0.022393785417079926,0.026401463896036148,420.0
ETH,20230802,us,mid,0.0005879548843950033,-0.021555285900831223,-0.020967332646250725,184.0
ETH,20230808,asia,calm,0.0006111309630796313,-0.026000017300248146,-0.02538888528943062,156.0
ETH,20230808,europe,calm,0.0015517175197601318,-0.03846372663974762,-0.03691200166940689,396.0
ETH,20230808,us,calm,0.0024064246099442244,-0.061013855040073395,-0.058607425540685654,643.0
ETH,20230817,asia,calm,0.003651947481557727,-0.05176396667957306,-0.04811201989650726,289.0
ETH,20230817,asia,mid,0.0005235705175437033,-0.034733016043901443,-0.034209441393613815,144.0
ETH,20230817,europe,calm,0.0024422635324299335,-0.1698097139596939,-0.16736745834350586,518.0
ETH,20230817,europe,mid,0.0033724328968673944,-0.1823335886001587,-0.17896118760108948,390.0
ETH,20230817,europe,stress,0.0005518457619473338,-0.014451956376433372,-0.013900110498070717,183.0
ETH,20230817,us,calm,0.0018499945290386677,-0.04956100881099701,-0.04771101102232933,362.0
ETH,20230817,us,mid,0.007381882984191179,-0.5820710062980652,-0.5746890306472778,861.0
ETH,20230817,us,stress,0.04835188388824463,-1.4580129384994507,-1.4096611738204956,4385.0
ETH,20230826,asia,calm,0.00023297732695937157,-0.009380270726978779,-0.009147293865680695,77.0
ETH,20230826,europe,calm,0.0003092400438617915,-0.01872679777443409,-0.018417557701468468,85.0
ETH,20230826,us,calm,0.0002642598410602659,-0.008081454783678055,-0.007817193865776062,73.0
ETH,20230904,asia,calm,0.000482590141473338,-0.026281975209712982,-0.025799382477998734,155.0
ETH,20230904,europe,calm,0.0013774593826383352,-0.032782744616270065,-0.031405285000801086,330.0
ETH,20230904,us,calm,0.0009135830914601684,-0.03654161095619202,-0.035628028213977814,265.0
ETH,20230910,asia,calm,0.0008864731062203646,-0.052946336567401886,-0.05205985903739929,245.0
ETH,20230910,europe,calm,0.0010168550070375204,-0.02501429244875908,-0.023997437208890915,243.0
ETH,20230910,us,calm,0.002017540391534567,-0.042667195200920105,-0.0406496562063694,429.0
ETH,20230910,us,mid,0.0013307041954249144,-0.0011549792252480984,0.0001757284626364708,172.0
ETH,20230919,asia,calm,0.000744617311283946,-0.0355294793844223,-0.03478486090898514,208.0
ETH,20230919,europe,calm,0.0024119147565215826,-0.09729145467281342,-0.09487953782081604,737.0
ETH,20230919,us,calm,0.0011184578761458397,-0.03698742389678955,-0.035868965089321136,327.0
ETH,20230928,asia,calm,0.001109396805986762,-0.042239315807819366,-0.04112991690635681,337.0
ETH,20230928,europe,calm,0.004248463083058596,-0.08903103321790695,-0.08478257060050964,994.0
ETH,20230928,europe,mid,0.0007819829043000937,-0.013794073835015297,-0.013012089766561985,244.0
ETH,20230928,us,calm,0.00226213620044291,-0.08493920415639877,-0.08267707377672195,619.0
ETH,20230928,us,mid,0.001149808056652546,-0.013892477378249168,-0.012742668390274048,293.0
ETH,20231007,asia,calm,0.0003411157231312245,-0.009012257680296898,-0.008671141229569912,102.0
ETH,20231007,europe,calm,0.0004454673908185214,-0.01307908445596695,-0.012633617036044598,128.0
ETH,20231007,us,calm,0.00047436897875741124,-0.016878917813301086,-0.016404548659920692,134.0
ETH,20231013,asia,calm,0.001247137552127242,-0.050248973071575165,-0.04900183156132698,346.0
ETH,20231013,europe,calm,0.0015627366956323385,-0.06556922942399979,-0.0640064999461174,437.0
ETH,20231013,us,calm,0.0018949524965137243,-0.08155634999275208,-0.07966139167547226,533.0
ETH,20231013,us,mid,0.0023955663200467825,-0.07798174768686295,-0.07558617740869522,512.0
ETH,20231022,asia,calm,0.0031263218261301517,-0.12160612642765045,-0.11847981065511703,758.0
ETH,20231022,asia,mid,7.321972225327045e-05,-0.005448823794722557,-0.00537560461089015,21.0
ETH,20231022,europe,calm,0.001794252311810851,-0.09651835262775421,-0.09472410380840302,480.0
ETH,20231022,us,calm,0.0012929306831210852,-0.08539441227912903,-0.08410149067640305,395.0
ETH,20231022,us,mid,0.0027314452454447746,0.01976381614804268,0.02249525859951973,508.0
ETH,20231031,asia,calm,0.0015918142162263393,-0.0588650144636631,-0.05727319419384003,460.0
ETH,20231031,europe,calm,0.0027440101839601994,-0.09385274350643158,-0.09110872447490692,862.0
ETH,20231031,us,calm,0.001709342934191227,-0.05157493054866791,-0.049865588545799255,482.0
ETH,20231109,asia,calm,0.005894848145544529,-0.13659004867076874,-0.1306951940059662,1812.0
ETH,20231109,asia,mid,0.0021796775981783867,-0.09999901801347733,-0.09781934320926666,548.0
ETH,20231109,europe,calm,0.0038067291025072336,-0.11285969614982605,-0.10905296355485916,1215.0
ETH,20231109,europe,mid,0.009992873296141624,-0.19234788417816162,-0.18235503137111664,1037.0
ETH,20231109,europe,stress,0.05009545385837555,-0.20975609123706818,-0.15966063737869263,5651.0
ETH,20231109,us,calm,0.003571003209799528,-0.13531376421451569,-0.13174277544021606,1165.0
ETH,20231109,us,mid,0.01858837902545929,-0.322631299495697,-0.3040429353713989,3176.0
ETH,20231109,us,stress,0.04751605913043022,-0.22806032001972198,-0.18054430186748505,6548.0
ETH,20231115,asia,calm,0.001593882218003273,-0.04663897305727005,-0.045045092701911926,537.0
ETH,20231115,europe,calm,0.0038716369308531284,-0.12900742888450623,-0.12513580918312073,1283.0
ETH,20231115,us,calm,0.004134605638682842,-0.10240983963012695,-0.09827523678541183,1070.0
ETH,20231115,us,mid,0.007121967151761055,-0.11759975552558899,-0.11047780513763428,1505.0
ETH,20231115,us,stress,0.00036000407999381423,-0.010782300494611263,-0.010422296822071075,66.0
ETH,20231124,asia,calm,0.002210103441029787,-0.04815393313765526,-0.04594383388757706,546.0
ETH,20231124,europe,calm,0.006349966861307621,-0.17336684465408325,-0.1670168787240982,1693.0
ETH,20231124,europe,mid,0.004063253290951252,-0.04752817749977112,-0.04346492141485214,1084.0
ETH,20231124,us,calm,0.004139915108680725,-0.18939320743083954,-0.18525327742099762,1180.0
ETH,20231124,us,mid,0.015895916149020195,-0.06440295279026031,-0.048507027328014374,668.0
ETH,20231203,asia,calm,0.0012492830865085125,-0.04247142747044563,-0.04122214764356613,416.0
ETH,20231203,europe,calm,0.0013518526684492826,-0.05693911761045456,-0.05558726191520691,555.0
ETH,20231203,us,calm,0.003578662872314453,-0.09257614612579346,-0.08899747580289841,960.0
ETH,20231203,us,mid,0.00403904914855957,-0.012209590524435043,-0.008170539513230324,285.0
ETH,20231203,us,stress,0.00148421386256814,0.005264217033982277,0.00674842856824398,300.0
ETH,20231212,asia,calm,0.003071668092161417,-0.07851163297891617,-0.07543996721506119,950.0
ETH,20231212,europe,calm,0.0038612610660493374,-0.15756428241729736,-0.1537030190229416,1346.0
ETH,20231212,europe,mid,0.0009582609636709094,-0.024103185161948204,-0.023144925013184547,379.0
ETH,20231212,us,calm,0.004716645926237106,-0.1469314694404602,-0.142214834690094,1673.0
ETH,20231212,us,mid,0.0002714703732635826,-0.010247294791042805,-0.00997582171112299,111.0
ETH,20231218,asia,calm,0.002710757777094841,-0.10358960926532745,-0.10087884962558746,916.0
ETH,20231218,asia,mid,0.0002458581584505737,-0.001915043336339295,-0.001669186051003635,79.0
ETH,20231218,europe,calm,0.004427094012498856,-0.11145976930856705,-0.10703268647193909,1317.0
ETH,20231218,europe,mid,0.0024059126153588295,-0.08916911482810974,-0.08676320314407349,683.0
ETH,20231218,us,calm,0.003206689842045307,-0.11909905076026917,-0.11589235067367554,1066.0
ETH,20231227,asia,calm,0.0010515765752643347,-0.03939924016594887,-0.03834766522049904,424.0
ETH,20231227,europe,calm,0.005393841303884983,-0.14796718955039978,-0.14257334172725677,1990.0
ETH,20231227,europe,mid,0.003384760580956936,-0.11312009394168854,-0.10973533242940903,1325.0
ETH,20231227,us,calm,0.004812886938452721,-0.13209933042526245,-0.12728644907474518,1657.0
ETH,20231227,us,mid,0.0012865248136222363,-0.06732522696256638,-0.06603870540857315,522.0
ETH,20240105,asia,calm,0.0040896302089095116,-0.12172245979309082,-0.11763282865285873,782.0
ETH,20240105,asia,mid,0.0048484839498996735,-0.24246931076049805,-0.23762083053588867,902.0
ETH,20240105,europe,calm,0.004184749908745289,-0.14622044563293457,-0.14203570783138275,1481.0
ETH,20240105,europe,mid,0.0013261707499623299,-0.05492902174592018,-0.05360285937786102,270.0
ETH,20240105,us,calm,0.003579626325517893,-0.1053718626499176,-0.10179223865270615,986.0
ETH,20240105,us,mid,0.0015607512323185802,-0.04360367730259895,-0.04204292595386505,469.0
ETH,20240111,asia,calm,0.006695851217955351,-0.09177744388580322,-0.08508160710334778,2220.0
ETH,20240111,asia,mid,0.0018740304512903094,-0.06534231454133987,-0.06346828490495682,733.0
ETH,20240111,europe,calm,0.007464420050382614,-0.19050131738185883,-0.1830368936061859,2768.0
ETH,20240111,europe,mid,0.015596482902765274,-0.2983878254890442,-0.2827913165092468,3245.0
ETH,20240111,europe,stress,0.005494868382811546,-0.1129126250743866,-0.1074177622795105,1847.0
ETH,20240111,us,calm,0.0038604263681918383,-0.12301940470933914,-0.11915897578001022,1419.0
ETH,20240111,us,mid,0.006945495959371328,-0.04489269107580185,-0.037947192788124084,2068.0
ETH,20240111,us,stress,0.0026856500189751387,0.01528923213481903,0.017974885180592537,856.0
ETH,20240120,asia,calm,0.0008236831054091454,-0.028212931007146835,-0.027389246970415115,325.0
ETH,20240120,europe,calm,0.0009741824469529092,-0.03206619247794151,-0.03109201416373253,386.0
ETH,20240120,us,calm,0.0008524577715434134,-0.028359422460198402,-0.027506962418556213,277.0
ETH,20240129,asia,calm,0.0013615512289106846,-0.036091528832912445,-0.0347299799323082,415.0
ETH,20240129,asia,mid,4.43157296103891e-06,-5.3148483857512474e-05,-4.8716901801526546e-05,2.0
ETH,20240129,europe,calm,0.0034542474895715714,-0.08997447788715363,-0.0865202248096466,1113.0
ETH,20240129,us,calm,0.005387415178120136,-0.09467066824436188,-0.08928324282169342,1836.0
ETH,20240207,asia,calm,0.0014623177703469992,-0.04207751899957657,-0.040615200996398926,593.0
ETH,20240207,europe,calm,0.0036276704631745815,-0.11118903756141663,-0.1075613722205162,1259.0
ETH,20240207,us,calm,0.004969334229826927,-0.13755589723587036,-0.13258656859397888,1956.0
ETH,20240207,us,mid,0.0007654629880562425,-0.028685763478279114,-0.027920298278331757,365.0
ETH,20240213,asia,calm,0.0020607514306902885,-0.09606794267892838,-0.09400719404220581,977.0
ETH,20240213,asia,mid,0.0005254659918136895,-0.0688045471906662,-0.06827908754348755,228.0
ETH,20240213,europe,calm,0.004565836396068335,-0.16059735417366028,-0.1560315042734146,1839.0
ETH,20240213,europe,mid,0.015403032302856445,-0.16547387838363647,-0.15007083117961884,4162.0
ETH,20240213,us,calm,0.005569061730057001,-0.14418914914131165,-0.13862009346485138,2196.0
ETH,20240222,asia,calm,0.005680606700479984,-0.21291756629943848,-0.20723694562911987,2190.0
ETH,20240222,asia,mid,0.00030523983878083527,-0.011657919734716415,-0.011352681554853916,118.0
ETH,20240222,europe,calm,0.01126769743859768,-0.2920372486114502,-0.2807695269584656,4260.0
ETH,20240222,europe,mid,0.0016326529439538717,-0.03889798745512962,-0.037265338003635406,741.0
ETH,20240222,us,calm,0.008580966852605343,-0.21586138010025024,-0.20728041231632233,2103.0
ETH,20240222,us,mid,0.0019568889401853085,-0.05123180150985718,-0.04927491769194603,793.0
ETH,20240302,asia,calm,0.00229170685634017,-0.144851952791214,-0.14256025850772858,1012.0
ETH,20240302,asia,mid,0.0004210771876387298,-0.019129173830151558,-0.01870809681713581,229.0
ETH,20240302,europe,calm,0.0025566034018993378,-0.13829530775547028,-0.13573870062828064,1304.0
ETH,20240302,us,calm,0.0009153082501143217,-0.06600799411535263,-0.06509268283843994,531.0
ETH,20240311,asia,calm,0.003905856516212225,-0.23870082199573517,-0.2347949743270874,1943.0
ETH,20240311,asia,mid,0.00827468279749155,0.11772991716861725,0.12600460648536682,1562.0
ETH,20240311,asia,stress,0.010052203200757504,-0.503614068031311,-0.49356186389923096,3358.0
ETH,20240311,europe,calm,0.007046481594443321,-0.34516414999961853,-0.33811768889427185,3906.0
ETH,20240311,europe,mid,0.0013464725343510509,-0.05910973995923996,-0.057763271033763885,849.0
ETH,20240311,europe,stress,0.0011213505640625954,-0.06575228273868561,-0.06463092565536499,414.0
ETH,20240311,us,calm,0.008285995572805405,-0.15101702511310577,-0.14273102581501007,2230.0
ETH,20240311,us,mid,5.179243817110546e-05,-0.003529774025082588,-0.003477981314063072,42.0
ETH,20240317,asia,calm,0.0034143065568059683,-0.16984805464744568,-0.16643375158309937,1726.0
ETH,20240317,asia,mid,0.005283840000629425,-0.10376174747943878,-0.09847790002822876,2357.0
ETH,20240317,asia,stress,0.0018247072584927082,-0.10992210358381271,-0.10809740424156189,590.0
ETH,20240317,europe,calm,0.005622628144919872,-0.2759672999382019,-0.27034467458724976,2793.0
ETH,20240317,europe,mid,0.004424809478223324,-0.11655010282993317,-0.11212529242038727,1666.0
ETH,20240317,us,calm,0.0026923520490527153,-0.15576931834220886,-0.15307694673538208,1622.0
ETH,20240317,us,mid,0.00047061071381904185,-0.012990430928766727,-0.012519819661974907,240.0
ETH,20240326,asia,calm,0.004444117657840252,-0.14569509029388428,-0.14125096797943115,1908.0
ETH,20240326,europe,calm,0.0044039166532456875,-0.1601988673210144,-0.15579494833946228,1893.0
ETH,20240326,europe,mid,0.003993767313659191,-0.20791907608509064,-0.20392531156539917,1925.0
ETH,20240326,us,calm,0.004067667759954929,-0.2874143421649933,-0.28334665298461914,2329.0
ETH,20240404,asia,calm,0.005129099823534489,-0.22892487049102783,-0.2237957864999771,2316.0
ETH,20240404,asia,mid,9.602490899851546e-05,-0.003520634025335312,-0.003424608614295721,63.0
ETH,20240404,europe,calm,0.0036892222706228495,-0.1443382203578949,-0.1406489908695221,1957.0
ETH,20240404,us,calm,0.018843095749616623,-0.20716217160224915,-0.1883191019296646,2424.0
ETH,20240404,us,mid,0.0035912366583943367,-0.02889985591173172,-0.02530861645936966,1536.0
ETH,20240404,us,stress,0.00036942967562936246,0.0035240822471678257,0.003893511835485697,130.0
ETH,20240413,asia,calm,0.005232004448771477,-0.20733341574668884,-0.20210140943527222,2013.0
ETH,20240413,asia,mid,0.0032386346720159054,-0.14901289343833923,-0.145774245262146,1153.0
ETH,20240413,europe,calm,0.004027101211249828,-0.18563327193260193,-0.18160617351531982,1730.0
ETH,20240413,us,calm,0.002635631011798978,-0.1717069149017334,-0.1690712720155716,1100.0
ETH,20240413,us,mid,0.016820460557937622,-0.20199553668498993,-0.1851750910282135,5188.0
ETH,20240413,us,stress,0.1879323571920395,-0.1621064990758896,0.02582573890686035,14578.0
ETH,20240419,asia,calm,0.0059523978270590305,-0.2861885726451874,-0.2802361845970154,2397.0
ETH,20240419,asia,mid,0.018496813252568245,-0.4583391547203064,-0.4398423433303833,4738.0
ETH,20240419,asia,stress,0.020135417580604553,-0.3357713222503662,-0.31563594937324524,4735.0
ETH,20240419,europe,calm,0.006848753429949284,-0.23519781231880188,-0.22834905982017517,2963.0
ETH,20240419,europe,mid,0.005179821979254484,-0.2614234685897827,-0.25624364614486694,2003.0
ETH,20240419,us,calm,0.0064286356791853905,-0.2039007842540741,-0.19747215509414673,2669.0
ETH,20240419,us,mid,0.0031822589226067066,-0.07815372198820114,-0.07497145980596542,1185.0
ETH,20240428,asia,calm,0.0053465720266103745,-0.14413735270500183,-0.1387907713651657,1671.0
ETH,20240428,europe,calm,0.004607378505170345,-0.2204982042312622,-0.2158908247947693,1840.0
ETH,20240428,us,calm,0.006138335447758436,-0.02552272379398346,-0.019384384155273438,1763.0
ETH,20240428,us,mid,0.000793225597590208,-0.035048406571149826,-0.03425518050789833,249.0
ETH,20240507,asia,calm,0.003996339160948992,-0.19646361470222473,-0.19246727228164673,1486.0
ETH,20240507,asia,mid,0.00012958441220689565,-0.016919389367103577,-0.01678980141878128,79.0
ETH,20240507,europe,calm,0.005137929692864418,-0.13280406594276428,-0.12766613066196442,2208.0
ETH,20240507,europe,mid,0.00034277880331501365,-0.02179597318172455,-0.021453190594911575,164.0
ETH,20240507,us,calm,0.004862566944211721,-0.1815054714679718,-0.17664289474487305,1642.0
ETH,20240516,asia,calm,0.0015290367882698774,-0.05625741183757782,-0.05472837761044502,638.0
ETH,20240516,europe,calm,0.004344152752310038,-0.20851783454418182,-0.20417368412017822,1585.0
ETH,20240516,europe,mid,0.0004345620109234005,-0.02377958595752716,-0.02334502339363098,170.0
ETH,20240516,us,calm,0.0018246645340695977,-0.1443074345588684,-0.14248277246952057,974.0
ETH,20240522,asia,calm,0.0049599409103393555,-0.15527775883674622,-0.15031783282756805,1900.0
ETH,20240522,asia,mid,0.000698018935509026,-0.022714484483003616,-0.022016465663909912,356.0
ETH,20240522,europe,calm,0.007942249067127705,-0.24571169912815094,-0.2377694696187973,2806.0
ETH,20240522,europe,mid,0.010720294900238514,-0.3081539273262024,-0.29743364453315735,3524.0
ETH,20240522,us,calm,0.004812729544937611,-0.25715193152427673,-0.2523392140865326,1915.0
ETH,20240522,us,mid,0.0029237212147563696,-0.06496415287256241,-0.062040433287620544,1406.0
ETH,20240531,asia,calm,0.0013811159878969193,-0.06976661086082458,-0.06838549673557281,705.0
ETH,20240531,europe,calm,0.007335999049246311,-0.33408793807029724,-0.3267519474029541,2828.0
ETH,20240531,europe,mid,0.002287709852680564,-0.03172341734170914,-0.02943570911884308,1066.0
ETH,20240531,us,calm,0.0032598543912172318,-0.1707410216331482,-0.16748115420341492,1705.0
ETH,20240531,us,mid,0.00022286447347141802,-0.003728272393345833,-0.0035054078325629234,82.0
ETH,20240609,asia,calm,0.00037221447564661503,-0.019703835248947144,-0.019331621006131172,222.0
ETH,20240609,europe,calm,0.000903639302123338,-0.05546911805868149,-0.05456547439098358,455.0
ETH,20240609,us,calm,0.0006581880152225494,-0.031387366354465485,-0.030729182064533234,310.0
ETH,20240618,asia,calm,0.004036847036331892,-0.2139384001493454,-0.2099015712738037,1969.0
ETH,20240618,asia,mid,0.0045365337282419205,-0.19325554370880127,-0.1887190341949463,1762.0
ETH,20240618,asia,stress,0.008880903013050556,-0.15753453969955444,-0.14865365624427795,1737.0
ETH,20240618,europe,calm,0.005188146606087685,-0.35321563482284546,-0.34802746772766113,2661.0
ETH,20240618,europe,mid,0.004379870370030403,-0.1804656833410263,-0.17608581483364105,2211.0
ETH,20240618,us,calm,0.0051778508350253105,-0.32450103759765625,-0.31932318210601807,2769.0
ETH,20240618,us,mid,0.0010964246466755867,-0.04825359210371971,-0.0471571683883667,543.0
ETH,20240624,asia,calm,0.004548630211502314,-0.2323962152004242,-0.22784757614135742,2299.0
ETH,20240624,asia,mid,0.0005025494610890746,-0.03910507261753082,-0.038602523505687714,289.0
ETH,20240624,europe,calm,0.007780754938721657,-0.204045370221138,-0.1962645947933197,3191.0
ETH,20240624,europe,mid,0.005518036428838968,0.03590115159749985,0.04141918569803238,696.0
ETH,20240624,europe,stress,0.00896124355494976,-0.36701491475105286,-0.35805368423461914,2058.0
ETH,20240624,us,calm,0.0035491944290697575,-0.2812764048576355,-0.2777271866798401,1592.0
ETH,20240624,us,mid,0.00906227808445692,-0.465867817401886,-0.456805557012558,3612.0
ETH,20240703,asia,calm,0.0038934717886149883,-0.09526108205318451,-0.09136762470006943,1142.0
ETH,20240703,asia,mid,0.0005328143597580492,-0.03718676418066025,-0.036653947085142136,328.0
ETH,20240703,europe,calm,0.004077596124261618,-0.16128478944301605,-0.157207190990448,2041.0
ETH,20240703,europe,mid,0.002123117446899414,-0.10557255148887634,-0.10344943404197693,789.0
ETH,20240703,us,calm,0.002715920563787222,-0.0816410481929779,-0.07892513275146484,1134.0
ETH,20240703,us,mid,0.0017066153232008219,-0.03143683075904846,-0.029730215668678284,468.0
ETH,20240712,asia,calm,0.002677647862583399,-0.09156692773103714,-0.08888927847146988,1287.0
ETH,20240712,asia,mid,0.0006641115760430694,-0.015549279749393463,-0.014885170385241508,317.0
ETH,20240712,europe,calm,0.004362985026091337,-0.1630210429430008,-0.15865805745124817,1915.0
ETH,20240712,europe,mid,0.00036144652403891087,-0.005720383487641811,-0.005358937196433544,128.0
ETH,20240712,us,calm,0.00431448919698596,-0.2696940302848816,-0.26537954807281494,2109.0
ETH,20240721,asia,calm,0.0008883338887244463,-0.052221719175577164,-0.05133338272571564,564.0
ETH,20240721,europe,calm,0.0011417923960834742,-0.05827055871486664,-0.05712875723838806,655.0
ETH,20240721,us,calm,0.004249913617968559,-0.14940744638442993,-0.14515751600265503,1799.0
ETH,20240721,us,mid,0.0033348894212394953,-0.14738503098487854,-0.14405015110969543,1354.0
ETH,20240721,us,stress,0.0005550525384023786,-0.028842868283391,-0.028287814930081367,271.0
ETH,20240727,asia,calm,0.001380563247948885,-0.07691331952810287,-0.07553275674581528,745.0
ETH,20240727,asia,mid,2.4499498977093026e-05,0.0008983432780951262,0.0009228428243659437,13.0
ETH,20240727,europe,calm,0.0033061839640140533,-0.17287680506706238,-0.16957062482833862,1768.0
ETH,20240727,us,calm,0.0037239270750433207,-0.21197447180747986,-0.20825055241584778,1965.0
ETH,20240727,us,mid,0.0039030599873512983,-0.2769017219543457,-0.2729986906051636,1402.0
ETH,20240727,us,stress,0.002485305303707719,-0.1466444730758667,-0.14415916800498962,888.0
ETH,20240805,asia,calm,1.8605309151098481e-06,-0.00016372671234421432,-0.0001618661917746067,1.0
ETH,20240805,asia,mid,0.003147134091705084,-0.2740374803543091,-0.27089035511016846,1090.0
ETH,20240805,asia,stress,0.34694772958755493,-3.5746676921844482,-3.227719306945801,29710.0
ETH,20240805,europe,mid,0.0005305663798935711,-0.004531090147793293,-0.0040005226619541645,117.0
ETH,20240805,europe,stress,0.11330107599496841,-2.1944727897644043,-2.081171989440918,21342.0
ETH,20240805,us,calm,0.0006247059209272265,0.0053254091180861,0.005950115621089935,176.0
ETH,20240805,us,mid,0.011484771966934204,-0.29627031087875366,-0.28478550910949707,2985.0
ETH,20240805,us,stress,0.02490394189953804,-0.5761526823043823,-0.5512487888336182,6624.0
ETH,20240814,asia,calm,0.004746686667203903,-0.18391725420951843,-0.17917057871818542,2018.0
ETH,20240814,europe,calm,0.00705259945243597,-0.23999446630477905,-0.2329418808221817,2281.0
ETH,20240814,europe,mid,0.015780067071318626,-0.4032881259918213,-0.3875080347061157,4157.0
ETH,20240814,europe,stress,0.0027818914968520403,-0.045688241720199585,-0.04290635883808136,1221.0
ETH,20240814,us,calm,0.003114694729447365,-0.11362995952367783,-0.11051526665687561,1348.0
ETH,20240814,us,mid,0.0021945799235254526,-0.03665134310722351,-0.034456767141819,760.0
ETH,20240820,asia,calm,0.004371491726487875,-0.19446763396263123,-0.1900961548089981,1720.0
ETH,20240820,asia,mid,0.0006112674600444734,-0.03786563128232956,-0.03725436329841614,301.0
ETH,20240820,europe,calm,0.004681574646383524,-0.21506048738956451,-0.21037890017032623,1979.0
ETH,20240820,europe,mid,0.003125533927232027,-0.17421674728393555,-0.171091228723526,1424.0
ETH,20240820,us,calm,0.0029336432926356792,-0.11188998073339462,-0.10895633697509766,1238.0
ETH,20240829,asia,calm,0.0029295291751623154,-0.18073570728302002,-0.17780618369579315,1363.0
ETH,20240829,europe,calm,0.00552033819258213,-0.18121463060379028,-0.1756942868232727,2485.0
ETH,20240829,europe,mid,0.00017176862456835806,-0.007793238386511803,-0.00762146944180131,84.0
ETH,20240829,us,calm,0.004576368257403374,-0.17781931161880493,-0.1732429414987564,1763.0
ETH,20240829,us,mid,0.002307834569364786,-0.07940836250782013,-0.07710053026676178,1026.0
ETH,20240907,asia,calm,0.003674253821372986,-0.13263124227523804,-0.12895700335502625,1362.0
ETH,20240907,asia,mid,2.2452586563304067e-06,-0.0007723689777776599,-0.0007701236754655838,1.0
ETH,20240907,europe,calm,0.0030025471933186054,-0.09477934241294861,-0.09177679568529129,1185.0
ETH,20240907,us,calm,0.003079029731452465,-0.08276136219501495,-0.07968233525753021,957.0
ETH,20240907,us,mid,0.00028585433028638363,-0.007856626063585281,-0.007570771500468254,110.0
ETH,20240916,asia,calm,0.005048425868153572,-0.1493273377418518,-0.14427891373634338,1627.0
ETH,20240916,asia,mid,0.0012982222251594067,-0.018138321116566658,-0.016840098425745964,347.0
ETH,20240916,asia,stress,0.00013839553867001086,0.002188414102420211,0.002326810033991933,28.0
ETH,20240916,europe,calm,0.004975267685949802,-0.14985579252243042,-0.1448805332183838,1884.0
ETH,20240916,europe,mid,0.00010874863801291212,-0.005111492704600096,-0.0050027440302073956,47.0
ETH,20240916,us,calm,0.0028073727153241634,-0.09605952352285385,-0.09325215220451355,1038.0
ETH,20240916,us,mid,0.0008386303670704365,-0.009937331080436707,-0.009098701179027557,243.0
ETH,20240922,asia,calm,0.002349016722291708,-0.07423416525125504,-0.07188515365123749,939.0
ETH,20240922,europe,calm,0.00204604584723711,-0.06664545089006424,-0.0645994022488594,851.0
ETH,20240922,us,calm,0.003767104120925069,-0.106401726603508,-0.10263462364673615,1249.0
ETH,20240922,us,mid,0.001274824608117342,-0.060085173696279526,-0.05881034582853317,496.0
ETH,20241001,asia,calm,0.0042983428575098515,-0.1987820565700531,-0.1944836974143982,1961.0
ETH,20241001,europe,calm,0.0030818767845630646,-0.062344104051589966,-0.0592622235417366,1175.0
ETH,20241001,europe,mid,0.009155967272818089,-0.32217127084732056,-0.31301528215408325,3096.0
ETH,20241001,europe,stress,0.0023494060151278973,-0.12179315835237503,-0.11944375187158585,907.0
ETH,20241001,us,calm,0.004895017948001623,-0.23543930053710938,-0.2305442839860916,2163.0
ETH,20241001,us,mid,0.008362608030438423,-0.3838573098182678,-0.37549471855163574,3391.0
ETH,20241001,us,stress,0.0026195442769676447,-0.08305290341377258,-0.08043336868286133,1027.0
ETH,20241010,asia,calm,0.002253516810014844,-0.07855786383152008,-0.0763043463230133,994.0
ETH,20241010,europe,calm,0.005678173620253801,-0.22753125429153442,-0.2218530923128128,2270.0
ETH,20241010,europe,mid,0.0008216272690333426,-0.04130479693412781,-0.04048316925764084,362.0
ETH,20241010,us,calm,0.005660104565322399,-0.24672430753707886,-0.24106422066688538,2241.0
ETH,20241010,us,mid,0.002515628468245268,-0.1413881778717041,-0.13887254893779755,1093.0
ETH,20241019,asia,calm,0.0011738407192751765,-0.05367136746644974,-0.05249752476811409,573.0
ETH,20241019,europe,calm,0.001101562986150384,-0.03936127573251724,-0.03825971484184265,556.0
ETH,20241019,us,calm,0.0009869455825537443,-0.03942442685365677,-0.038437485694885254,492.0
ETH,20241025,asia,calm,0.0031958986073732376,-0.15631842613220215,-0.15312254428863525,1463.0
ETH,20241025,europe,calm,0.008144982159137726,-0.3441110849380493,-0.3359661102294922,3862.0
ETH,20241025,us,calm,0.006075164768844843,-0.37844085693359375,-0.37236571311950684,2675.0
ETH,20241025,us,mid,0.007445134688168764,-0.2704140543937683,-0.26296889781951904,2868.0
ETH,20241025,us,stress,0.0019457705784589052,-0.1435123085975647,-0.14156654477119446,801.0
ETH,20241103,asia,calm,0.002706803847104311,-0.11391481012105942,-0.1112080067396164,1212.0
ETH,20241103,asia,mid,0.0026660992298275232,-0.1275414526462555,-0.12487535923719406,1193.0
ETH,20241103,europe,calm,0.005584044847637415,-0.19031989574432373,-0.18473584949970245,2333.0
ETH,20241103,europe,mid,0.0003903539036400616,-0.02161608450114727,-0.021225731819868088,170.0
ETH,20241103,us,calm,0.0054562883451581,-0.19924485683441162,-0.1937885880470276,2459.0
ETH,20241112,asia,calm,0.0027361209504306316,-0.1749129742383957,-0.17217683792114258,1676.0
ETH,20241112,asia,mid,0.015156440436840057,-0.5879971981048584,-0.572840690612793,5094.0
ETH,20241112,asia,stress,0.0026061441749334335,-0.33253785967826843,-0.32993170619010925,1328.0
ETH,20241112,europe,calm,0.002052556723356247,-0.1149665117263794,-0.11291396617889404,1064.0
ETH,20241112,europe,mid,0.020808137953281403,-0.9369710683822632,-0.9161629676818848,9522.0
ETH,20241112,europe,stress,0.010144134052097797,-0.42620933055877686,-0.4160652160644531,3836.0
ETH,20241112,us,calm,0.004372166935354471,-0.15663164854049683,-0.1522594839334488,2092.0
ETH,20241112,us,mid,0.007577052805572748,-0.35194000601768494,-0.34436291456222534,4016.0
ETH,20241121,asia,calm,0.006411129143089056,-0.2839893102645874,-0.2775781750679016,3537.0
ETH,20241121,asia,mid,0.00041813819552771747,-0.032496485859155655,-0.032078348100185394,213.0
ETH,20241121,europe,calm,0.004238072782754898,-0.23018991947174072,-0.22595182061195374,2252.0
ETH,20241121,europe,mid,0.017911072820425034,-0.7647029757499695,-0.7467918992042542,8467.0
ETH,20241121,us,calm,0.0051354714669287205,-0.27379411458969116,-0.2686586380004883,3182.0
ETH,20241121,us,mid,0.0024648448452353477,-0.09297480434179306,-0.09050995111465454,1306.0
ETH,20241127,asia,calm,0.007442831061780453,-0.31051379442214966,-0.30307096242904663,3955.0
ETH,20241127,asia,mid,0.0006842741277068853,-0.05847512558102608,-0.057790856808423996,381.0
ETH,20241127,europe,calm,0.005572416819632053,-0.2065264880657196,-0.20095406472682953,3240.0
ETH,20241127,europe,mid,0.0077199749648571014,-0.2134086638689041,-0.2056886851787567,3970.0
ETH,20241127,us,calm,0.009106197394430637,-0.4136234223842621,-0.4045172333717346,5258.0
ETH,20241127,us,mid,0.0029661073349416256,-0.0934867411851883,-0.09052063524723053,1689.0
ETH,20241206,asia,calm,0.007178914733231068,-0.1462334245443344,-0.13905450701713562,4175.0
ETH,20241206,asia,mid,0.0024689510464668274,-0.08387778699398041,-0.08140883594751358,1216.0
ETH,20241206,europe,calm,0.007655583322048187,-0.32552671432495117,-0.3178711235523224,4818.0
ETH,20241206,europe,mid,0.010320412926375866,-0.24454191327095032,-0.23422150313854218,5597.0
ETH,20241206,us,calm,0.007561223115772009,-0.2969544231891632,-0.28939318656921387,4751.0
ETH,20241206,us,mid,0.0022266688756644726,-0.09153684973716736,-0.0893101766705513,1411.0
ETH,20241215,asia,calm,0.0023476476781070232,-0.11812512576580048,-0.11577747762203217,1625.0
ETH,20241215,asia,mid,2.585632955742767e-06,-6.722861144226044e-05,-6.464297621278092e-05,2.0
ETH,20241215,europe,calm,0.002270215190947056,-0.08800029754638672,-0.08573007583618164,1664.0
ETH,20241215,us,calm,0.004776114597916603,-0.20479963719844818,-0.20002353191375732,2505.0
ETH,20241215,us,mid,0.0016358948778361082,-0.09204161912202835,-0.09040573239326477,1059.0
ETH,20241224,asia,calm,0.006588557735085487,-0.29688557982444763,-0.2902970314025879,3578.0
ETH,20241224,europe,calm,0.010084248147904873,-0.2823241651058197,-0.27223992347717285,5660.0
ETH,20241224,europe,mid,0.0014230310916900635,-0.02649850770831108,-0.025075476616621017,849.0
ETH,20241224,us,calm,0.01152101345360279,-0.23446036875247955,-0.22293934226036072,6131.0
ETH,20241224,us,mid,0.0012556961737573147,-0.04765702039003372,-0.04640132188796997,759.0
ETH,20241230,asia,calm,0.005567670799791813,-0.19857272505760193,-0.1930050551891327,3211.0
ETH,20241230,asia,mid,0.0005585807375609875,-0.03411083668470383,-0.033552251756191254,366.0
ETH,20241230,europe,calm,0.005675540771335363,-0.23925510048866272,-0.23357954621315002,3133.0
ETH,20241230,europe,mid,0.005705718416720629,-0.14199356734752655,-0.1362878680229187,3310.0
ETH,20241230,us,calm,0.006736580282449722,-0.26405906677246094,-0.2573225200176239,3757.0
ETH,20241230,us,mid,0.004033298697322607,-0.1145748496055603,-0.11054156720638275,1999.0
ETH,20250108,asia,calm,0.009629624895751476,-0.3000267744064331,-0.29039716720581055,5255.0
ETH,20250108,asia,mid,0.001934031955897808,-0.02617393061518669,-0.024239901453256607,1007.0
ETH,20250108,europe,calm,0.005854225717484951,-0.17526531219482422,-0.1694110929965973,3419.0
ETH,20250108,europe,mid,0.002761509735137224,-0.09139108657836914,-0.0886295735836029,1537.0
ETH,20250108,us,calm,0.004090014845132828,-0.16917921602725983,-0.1650892049074173,2410.0
ETH,20250108,us,mid,0.00879061222076416,-0.22218522429466248,-0.21339461207389832,4311.0
ETH,20250108,us,stress,0.005280476063489914,-0.19176480174064636,-0.18648429214954376,2569.0
ETH,20250117,asia,calm,0.003870074637234211,-0.14413918554782867,-0.14026911556720734,2241.0
ETH,20250117,asia,mid,0.0005077471723780036,-0.02680901810526848,-0.026301270350813866,261.0
ETH,20250117,europe,calm,0.003499353304505348,-0.16148607432842255,-0.15798671543598175,2108.0
ETH,20250117,europe,mid,0.002440115436911583,-0.07670629024505615,-0.07426618039608002,1426.0
ETH,20250117,us,calm,0.004142504185438156,-0.27622145414352417,-0.2720789313316345,2584.0
ETH,20250117,us,mid,0.001728796400129795,-0.04091023653745651,-0.03918144106864929,925.0
ETH,20250126,asia,calm,0.0015873087104409933,-0.08350281417369843,-0.08191550523042679,759.0
ETH,20250126,europe,calm,0.0016203125705942512,-0.08299412578344345,-0.08137381821870804,1015.0
ETH,20250126,us,calm,0.0026014186441898346,-0.0745907574892044,-0.07198934257030487,1356.0
ETH,20250126,us,mid,0.0010374911362305284,-0.06795743107795715,-0.0669199526309967,538.0
ETH,20250201,asia,calm,0.0028550885617733,-0.1261391043663025,-0.12328401952981949,1516.0
ETH,20250201,asia,mid,3.0317683012981433e-06,4.8508292820770293e-05,5.154006430529989e-05,2.0
ETH,20250201,europe,calm,0.005123402923345566,-0.18204018473625183,-0.17691679298877716,2916.0
ETH,20250201,us,calm,0.005055079236626625,-0.2697563171386719,-0.264701247215271,2845.0
ETH,20250201,us,mid,0.002420291770249605,-0.12353290617465973,-0.12111261487007141,1371.0
ETH,20250210,asia,calm,0.004514153581112623,-0.25346705317497253,-0.24895291030406952,2136.0
ETH,20250210,asia,mid,0.005847349762916565,-0.19904395937919617,-0.1931966096162796,1921.0
ETH,20250210,asia,stress,0.0002816873602569103,-0.03559481352567673,-0.03531312569975853,130.0
ETH,20250210,europe,calm,0.005105854943394661,-0.26146912574768066,-0.25636327266693115,2376.0
ETH,20250210,europe,mid,0.001513918861746788,-0.029593048617243767,-0.02807912603020668,735.0
ETH,20250210,us,calm,0.004168553277850151,-0.12125111371278763,-0.11708255112171173,1993.0
ETH,20250219,asia,calm,0.003467127215117216,-0.1124754324555397,-0.1090083047747612,1719.0
ETH,20250219,europe,calm,0.004174060188233852,-0.1417592465877533,-0.13758519291877747,1920.0
ETH,20250219,europe,mid,0.001149647869169712,-0.056247368454933167,-0.05509772151708603,583.0
ETH,20250219,us,calm,0.0034714038483798504,-0.15793359279632568,-0.15446220338344574,1740.0
ETH,20250228,asia,calm,0.0014865114353597164,-0.08613140136003494,-0.08464488387107849,650.0
ETH,20250228,asia,mid,0.009998669847846031,-0.26967036724090576,-0.2596716582775116,3037.0
ETH,20250228,asia,stress,0.05063366889953613,-0.9196764230728149,-0.8690428137779236,12009.0
ETH,20250228,europe,calm,0.0006300029344856739,-0.02689378894865513,-0.02626379020512104,154.0
ETH,20250228,europe,mid,0.018014315515756607,-0.5800530314445496,-0.5620386600494385,6421.0
ETH,20250228,europe,stress,0.011921999976038933,-0.2707066535949707,-0.2587846517562866,4198.0
ETH,20250228,us,calm,0.0029319338500499725,-0.1439419984817505,-0.1410100758075714,1264.0
ETH,20250228,us,mid,0.0093854870647192,-0.2520464062690735,-0.24266093969345093,3754.0
ETH,20250306,asia,calm,0.00769426766782999,-0.2576785683631897,-0.24998429417610168,3119.0
ETH,20250306,asia,mid,0.0024182144552469254,-0.0889277309179306,-0.08650951832532883,1046.0
ETH,20250306,europe,calm,0.0069177839905023575,-0.2724793553352356,-0.2655615508556366,2694.0
ETH,20250306,europe,mid,0.005758215673267841,-0.07911542057991028,-0.07335719466209412,2149.0
ETH,20250306,europe,stress,0.0008981821010820568,-0.027809560298919678,-0.026911377906799316,254.0
ETH,20250306,us,calm,0.005623015575110912,-0.23399028182029724,-0.22836723923683167,2270.0
ETH,20250306,us,mid,0.006910376716405153,-0.19788336753845215,-0.19097299873828888,2800.0
ETH,20250315,asia,calm,0.002156822942197323,-0.06958383321762085,-0.06742700189352036,792.0
ETH,20250315,europe,calm,0.0020379747729748487,-0.06699637323617935,-0.06495840847492218,735.0
ETH,20250315,us,calm,0.0027859380934387445,-0.07847277075052261,-0.07568684220314026,982.0
ETH,20250324,asia,calm,0.0062742680311203,-0.21723070740699768,-0.21095645427703857,2029.0
ETH,20250324,asia,mid,0.0005494352080859244,-0.012985913082957268,-0.012436479330062866,221.0
ETH,20250324,europe,calm,0.006505872588604689,-0.22147855162620544,-0.21497267484664917,2309.0
ETH,20250324,us,calm,0.0031520058400928974,-0.10700850933790207,-0.10385650396347046,1185.0
ETH,20250330,asia,calm,0.002438790164887905,-0.08254154771566391,-0.08010276407003403,880.0
ETH,20250330,asia,mid,2.736989017648739e-06,-0.0002791728766169399,-0.00027643589419312775,1.0
ETH,20250330,europe,calm,0.003437912557274103,-0.11285519599914551,-0.10941728949546814,1136.0
ETH,20250330,europe,mid,0.0014417605707421899,-0.037034425884485245,-0.03559267520904541,207.0
ETH,20250330,europe,stress,0.001049818703904748,-0.02624129131436348,-0.025191474705934525,336.0
ETH,20250330,us,calm,0.004684809595346451,-0.19294562935829163,-0.18826082348823547,1518.0
ETH,20250330,us,mid,0.003393263090401888,-0.062096282839775085,-0.05870301276445389,1001.0
ETH,20250408,asia,calm,0.0073106857016682625,-0.2151966691017151,-0.2078859955072403,2146.0
ETH,20250408,asia,mid,0.005223922431468964,-0.16279339790344238,-0.15756948292255402,1465.0
ETH,20250408,europe,calm,0.0042952122166752815,-0.10380513966083527,-0.09950993210077286,1224.0
ETH,20250408,europe,mid,0.01224680244922638,-0.28147220611572266,-0.2692253887653351,3321.0
ETH,20250408,europe,stress,0.002233925275504589,-0.04246910288929939,-0.04023517295718193,652.0
ETH,20250408,us,calm,0.0015346243744716048,-0.06805089116096497,-0.06651626527309418,372.0
ETH,20250408,us,mid,0.017149271443486214,-0.3963890075683594,-0.3792397379875183,4285.0
ETH,20250408,us,stress,0.012171341106295586,-0.19879266619682312,-0.18662132322788239,2981.0
ETH,20250417,asia,calm,0.006815097760409117,-0.16501571238040924,-0.15820060670375824,1682.0
ETH,20250417,europe,calm,0.004322761669754982,-0.06816212832927704,-0.06383936107158661,1306.0
ETH,20250417,europe,mid,0.0023062769323587418,-0.03939899429678917,-0.037092722952365875,681.0
ETH,20250417,us,calm,0.005907543934881687,-0.08884367346763611,-0.0829361230134964,1694.0
ETH,20250417,us,mid,0.00439688004553318,-0.12846273183822632,-0.12406584620475769,1233.0
ETH,20250426,asia,calm,0.0038349786773324013,-0.14252924919128418,-0.13869427144527435,1301.0
ETH,20250426,europe,calm,0.0052343858405947685,-0.19172830879688263,-0.186493918299675,1736.0
ETH,20250426,europe,mid,0.0022045935038477182,-0.07903456687927246,-0.07682996988296509,593.0
ETH,20250426,europe,stress,0.00050112244207412,-0.005378531292080879,-0.0048774126917123795,163.0
ETH,20250426,us,calm,0.00303135858848691,-0.09564578533172607,-0.09261442720890045,967.0
ETH,20250502,asia,calm,0.004241408780217171,-0.090321384370327,-0.08607997000217438,1330.0
ETH,20250502,asia,mid,1.3614162526209839e-05,3.264992847107351e-05,4.6264089178293943e-05,5.0
ETH,20250502,europe,calm,0.005573829170316458,-0.12358257174491882,-0.11800873279571533,1646.0
ETH,20250502,europe,mid,0.0012896378757432103,-0.09164664149284363,-0.09035700559616089,404.0
ETH,20250502,us,calm,0.0031229390297085047,-0.10546569526195526,-0.10234275460243225,1067.0
ETH,20250502,us,mid,0.0015202055219560862,-0.031577903777360916,-0.030057698488235474,505.0
ETH,20250511,asia,calm,0.002110719680786133,-0.09890276193618774,-0.09679204225540161,987.0
ETH,20250511,asia,mid,0.009481287561357021,-0.31289559602737427,-0.30341431498527527,3171.0
ETH,20250511,asia,stress,0.009288661181926727,-0.40720224380493164,-0.39791354537010193,2957.0
ETH,20250511,europe,calm,0.00498013012111187,-0.1735326200723648,-0.1685524880886078,2234.0
ETH,20250511,europe,mid,0.0062482040375471115,-0.151831716299057,-0.14558351039886475,2290.0
ETH,20250511,europe,stress,0.0014432199532166123,-0.05020374804735184,-0.04876053333282471,399.0
ETH,20250511,us,calm,0.003160367486998439,-0.1256048083305359,-0.12244444340467453,1298.0
ETH,20250511,us,mid,0.0038503834512084723,-0.14031942188739777,-0.1364690363407135,1634.0
ETH,20250511,us,stress,0.0013910518027842045,-0.05449989065527916,-0.053108833730220795,544.0
ETH,20250520,asia,calm,0.007554903626441956,-0.2868229150772095,-0.2792680263519287,3175.0
ETH,20250520,asia,mid,0.005619492381811142,-0.17870892584323883,-0.17308944463729858,2245.0
ETH,20250520,europe,calm,0.006966446526348591,-0.2181047946214676,-0.21113833785057068,2877.0
ETH,20250520,europe,mid,0.002657288685441017,-0.08887099474668503,-0.08621370792388916,1196.0
ETH,20250520,us,calm,0.007458925247192383,-0.2968931198120117,-0.28943416476249695,3169.0
ETH,20250520,us,mid,0.0033068787306547165,-0.06940621882677078,-0.06609933078289032,1342.0
ETH,20250601,asia,calm,0.003104649018496275,-0.14986231923103333,-0.14675767719745636,1385.0
ETH,20250601,asia,mid,0.0010709394700825214,-0.0319792777299881,-0.030908338725566864,312.0
ETH,20250601,europe,calm,0.004946748726069927,-0.2208477109670639,-0.2159009724855423,2192.0
ETH,20250601,us,calm,0.004398412071168423,-0.15572816133499146,-0.15132975578308105,1883.0
ETH,20250601,us,mid,0.0003367237513884902,-0.00328768789768219,-0.002950964029878378,157.0
ETH,20250607,asia,calm,0.0023570454213768244,-0.1262453943490982,-0.12388835847377777,1109.0
ETH,20250607,europe,calm,0.0024102763272821903,-0.09469941258430481,-0.09228914976119995,952.0
ETH,20250607,us,calm,0.002068193629384041,-0.09251056611537933,-0.09044237434864044,855.0
ETH,20250607,us,mid,0.00032913146424107254,-0.009930040687322617,-0.009600909426808357,150.0
ETH,20250616,asia,calm,0.004008243791759014,-0.16524973511695862,-0.16124147176742554,1699.0
ETH,20250616,asia,mid,0.0027288799174129963,-0.06635363399982452,-0.06362476199865341,950.0
ETH,20250616,europe,calm,0.0039017130620777607,-0.11922620981931686,-0.11532449722290039,1810.0
ETH,20250616,europe,mid,0.001907165045849979,-0.061126574873924255,-0.05921941250562668,845.0
ETH,20250616,us,calm,0.004372626543045044,-0.16866981983184814,-0.1642971932888031,1704.0
ETH,20250616,us,mid,0.002833909122273326,-0.19775648415088654,-0.1949225664138794,1126.0
ETH,20250616,us,stress,0.004112225025892258,-0.20036593079566956,-0.1962536871433258,1386.0
ETH,20250625,asia,calm,0.0044729323126375675,-0.1968885362148285,-0.19241559505462646,1907.0
ETH,20250625,europe,calm,0.005974221974611282,-0.20267467200756073,-0.19670043885707855,2331.0
ETH,20250625,europe,mid,0.00627584382891655,-0.2118801474571228,-0.20560431480407715,2373.0
ETH,20250625,us,calm,0.006192618981003761,-0.2401236593723297,-0.2339310348033905,2593.0
ETH,20250704,asia,calm,0.003618264803662896,-0.1171584278345108,-0.1135401576757431,1649.0
ETH,20250704,europe,calm,0.004953394643962383,-0.17670857906341553,-0.17175519466400146,2313.0
ETH,20250704,europe,mid,0.0014950353652238846,-0.07756850868463516,-0.07607346773147583,584.0
ETH,20250704,us,calm,0.0032336849253624678,-0.09702381491661072,-0.09379013627767563,1513.0
ETH,20250704,us,mid,0.00045983013114891946,-0.01813468337059021,-0.017674852162599564,201.0
ETH,20250710,asia,calm,0.0031116888858377934,-0.1857755482196808,-0.18266388773918152,1432.0
ETH,20250710,asia,mid,0.0005530626513063908,-0.03226900473237038,-0.031715940684080124,297.0
ETH,20250710,europe,calm,0.003243358340114355,-0.1533990353345871,-0.1501556932926178,1606.0
ETH,20250710,europe,mid,0.0005209989030845463,-0.011559088714420795,-0.011038088239729404,185.0
ETH,20250710,us,calm,0.004756977781653404,-0.21537375450134277,-0.21061676740646362,1795.0
ETH,20250710,us,mid,0.006867802236229181,-0.20924651622772217,-0.20237869024276733,2190.0
ETH,20250710,us,stress,0.015315845608711243,-0.3535863161087036,-0.33827051520347595,4807.0
ETH,20250719,asia,calm,0.003704591654241085,-0.17157667875289917,-0.1678720861673355,2117.0
ETH,20250719,europe,calm,0.0033023494761437178,-0.18229961395263672,-0.17899727821350098,1875.0
ETH,20250719,us,calm,0.00332836015149951,-0.22894254326820374,-0.22561417520046234,2017.0
ETH,20250727,asia,calm,0.0017452748725190759,-0.09315043687820435,-0.09140516817569733,1160.0
ETH,20250727,asia,mid,0.00011473625636426732,-0.0035147457383573055,-0.0034000093583017588,61.0
ETH,20250727,europe,calm,0.0035667293705046177,-0.0972895473241806,-0.09372282028198242,1837.0
ETH,20250727,europe,mid,0.0004939714563079178,-0.0381770133972168,-0.03768303990364075,311.0
ETH,20250727,us,calm,0.004438741132616997,-0.1728140413761139,-0.16837528347969055,2506.0
ETH,20250730,asia,calm,0.0033520208671689034,-0.1757940948009491,-0.17244207859039307,2079.0
ETH,20250730,europe,calm,0.00590132363140583,-0.227535218000412,-0.2216339111328125,3300.0
ETH,20250730,europe,mid,0.0004492361331358552,-0.018021751195192337,-0.017572514712810516,313.0
ETH,20250730,us,calm,0.0028415732085704803,-0.10053882747888565,-0.09769725799560547,1674.0
ETH,20250730,us,mid,0.004138003569096327,-0.11187375336885452,-0.10773573815822601,2019.0
ETH,20250730,us,stress,0.002609497867524624,-0.06589707732200623,-0.06328758597373962,993.0
ETH,20250801,asia,calm,0.006170055828988552,-0.34828922152519226,-0.3421192169189453,3645.0
ETH,20250801,asia,mid,0.0035564443096518517,-0.11831313371658325,-0.11475668847560883,2059.0
ETH,20250801,europe,calm,0.0036609808448702097,-0.17690563201904297,-0.1732446700334549,2108.0
ETH,20250801,europe,mid,0.008144344203174114,-0.34245532751083374,-0.33431097865104675,4278.0
ETH,20250801,us,calm,0.0022428142838180065,-0.15924988687038422,-0.15700706839561462,1310.0
ETH,20250801,us,mid,0.009811408817768097,-0.3704873323440552,-0.3606759011745453,4966.0
ETH,20250801,us,stress,0.0012449576752260327,0.00042626913636922836,0.0016712266951799393,616.0
ETH,20250804,asia,calm,0.00354701466858387,-0.19587816298007965,-0.19233115017414093,2096.0
ETH,20250804,asia,mid,1.4305762761068763e-06,-0.0007839557947590947,-0.0007825252250768244,1.0
ETH,20250804,europe,calm,0.0044943420216441154,-0.20436856150627136,-0.19987422227859497,2681.0
ETH,20250804,europe,mid,0.004372604191303253,-0.18050166964530945,-0.1761290431022644,2592.0
ETH,20250804,us,calm,0.007286879699677229,-0.24437502026557922,-0.237088143825531,4452.0
ETH,20250804,us,mid,0.001165610272437334,-0.07534989714622498,-0.07418428361415863,683.0
ETH,20250807,asia,calm,0.0036747115664184093,-0.17401951551437378,-0.1703447848558426,2217.0
ETH,20250807,europe,calm,0.00892753154039383,-0.19360162317752838,-0.18467408418655396,4651.0
ETH,20250807,europe,mid,0.004528002813458443,-0.053144875913858414,-0.04861687123775482,2214.0
ETH,20250807,us,calm,0.006712333764880896,-0.3459557294845581,-0.3392433822154999,4149.0
ETH,20250807,us,mid,0.001639279187656939,-0.05936424806714058,-0.0577249713242054,878.0
ETH,20250810,asia,calm,0.00786975584924221,-0.2776763439178467,-0.2698065936565399,4138.0
ETH,20250810,asia,mid,0.003918785136193037,-0.18095196783542633,-0.1770331859588623,1781.0
ETH,20250810,europe,calm,0.005730035249143839,-0.16125352680683136,-0.15552347898483276,3561.0
ETH,20250810,europe,mid,0.0005964792799204588,-0.048642419278621674,-0.04804593697190285,237.0
ETH,20250810,us,calm,0.004259479232132435,-0.1720266342163086,-0.16776715219020844,2315.0
ETH,20250810,us,mid,6.761203258065507e-05,-0.005511580500751734,-0.005443969275802374,38.0
ETH,20250812,asia,calm,0.004533272236585617,-0.24041041731834412,-0.235877126455307,3068.0
ETH,20250812,asia,mid,0.0006175627931952477,-0.016905058175325394,-0.01628749445080757,352.0
ETH,20250812,europe,calm,0.006810261867940426,-0.17434871196746826,-0.16753844916820526,2826.0
ETH,20250812,europe,mid,0.013109726831316948,-0.24220971763134003,-0.22909998893737793,5221.0
ETH,20250812,europe,stress,0.004947607405483723,-0.042245201766490936,-0.037297576665878296,1961.0
ETH,20250812,us,calm,0.007932523265480995,-0.09845887869596481,-0.09052635729312897,3626.0
ETH,20250812,us,mid,0.007712072692811489,-0.22058747708797455,-0.21287541091442108,3255.0
ETH,20250812,us,stress,0.0011968936305493116,-0.02619956247508526,-0.025002669543027878,812.0
ETH,20250815,asia,calm,0.006154629401862621,-0.173843652009964,-0.1676890254020691,3700.0
ETH,20250815,asia,mid,0.00010428403038531542,-0.005160867236554623,-0.005056583322584629,88.0
ETH,20250815,europe,calm,0.003907764330506325,-0.2614733576774597,-0.25756561756134033,2292.0
ETH,20250815,europe,mid,0.01688200980424881,-0.045548729598522186,-0.028666749596595764,7607.0
ETH,20250815,europe,stress,0.0011953634675592184,-0.026377135887742043,-0.02518177404999733,472.0
ETH,20250815,us,calm,0.00475791422650218,-0.14096657931804657,-0.1362086534500122,2802.0
ETH,20250815,us,mid,0.007702355273067951,-0.2937568724155426,-0.2860545217990875,4568.0
ETH,20250815,us,stress,0.0009908280335366726,-0.0335908867418766,-0.03260005638003349,465.0
ETH,20250818,asia,calm,0.005161225330084562,-0.15505361557006836,-0.1498923897743225,2817.0
ETH,20250818,asia,mid,0.01441877894103527,-0.4777209460735321,-0.4633021950721741,6626.0
ETH,20250818,asia,stress,0.0010570455342531204,-0.004774290602654219,-0.00371724390424788,551.0
ETH,20250818,europe,calm,0.004349415190517902,-0.1765323281288147,-0.17218293249607086,2545.0
ETH,20250818,europe,mid,0.011781616136431694,-0.2080254852771759,-0.19624385237693787,4808.0
ETH,20250818,europe,stress,0.0009665528777986765,-0.007490492891520262,-0.006523939315229654,464.0
ETH,20250818,us,calm,0.0051848432049155235,-0.24166841804981232,-0.23648355901241302,3160.0
ETH,20250818,us,mid,0.003872796893119812,-0.16216476261615753,-0.15829196572303772,1990.0
LINK,20230724,asia,calm,0.008780037984251976,-0.02153535559773445,-0.0127553166821599,134.0
LINK,20230724,asia,mid,0.0025242639239877462,-0.007199047598987818,-0.004674783907830715,38.0
LINK,20230724,europe,calm,0.011731743812561035,0.0036988183856010437,0.015430564060807228,174.0
LINK,20230724,europe,mid,0.018164198845624924,-0.03425002098083496,-0.016085833311080933,236.0
LINK,20230724,europe,stress,0.020791206508874893,-0.06341846287250519,-0.042627256363630295,262.0
LINK,20230724,us,calm,0.0070807673037052155,-0.025975728407502174,-0.018894962966442108,105.0
LINK,20230802,asia,calm,0.007135611958801746,-0.021226942539215088,-0.014091331511735916,107.0
LINK,20230802,asia,mid,0.00026188313495367765,-0.0006541837938129902,-0.0003923006297554821,4.0
LINK,20230802,europe,calm,0.005764567758888006,-0.02777165360748768,-0.022007089108228683,87.0
LINK,20230802,europe,mid,0.0049065155908465385,0.00790641363710165,0.01281292736530304,74.0
LINK,20230802,europe,stress,0.005431635770946741,-0.030382415279746056,-0.02495078183710575,67.0
LINK,20230802,us,calm,0.0053932094015181065,-0.02213555946946144,-0.016742348670959473,76.0
LINK,20230802,us,mid,0.013076812028884888,-0.024224717170000076,-0.011147907935082912,168.0
LINK,20230802,us,stress,0.0037288672756403685,-0.006583177950233221,-0.0028543099761009216,54.0
LINK,20230808,asia,calm,0.004680929705500603,-0.01261808816343546,-0.007937160320580006,69.0
LINK,20230808,asia,mid,0.0023161545395851135,-0.011161155998706818,-0.008845002390444279,32.0
LINK,20230808,europe,calm,0.007710782345384359,-0.021569380536675453,-0.013858597725629807,113.0
LINK,20230808,europe,mid,0.0018952990649268031,0.00013006688095629215,0.002025365363806486,28.0
LINK,20230808,us,calm,0.010468592867255211,-0.036220572888851166,-0.025751978158950806,154.0
LINK,20230808,us,mid,0.00462956540286541,-0.016782747581601143,-0.012153182178735733,65.0
LINK,20230817,asia,calm,0.002346897032111883,-0.00937332771718502,-0.00702643021941185,32.0
LINK,20230817,asia,mid,0.00846389215439558,0.007949765771627426,0.01641365885734558,96.0
LINK,20230817,asia,stress,0.0017894571647047997,-0.003505134489387274,-0.0017156770918518305,23.0
LINK,20230817,europe,calm,0.0030174520798027515,-0.009268700145184994,-0.006251248996704817,41.0
LINK,20230817,europe,mid,0.017808031290769577,-0.03662068396806717,-0.018812648952007294,220.0
LINK,20230817,europe,stress,0.008165235631167889,-0.0035186191089451313,0.004646616987884045,102.0
LINK,20230817,us,calm,0.0027338906656950712,-0.009496202692389488,-0.006762312259525061,33.0
LINK,20230817,us,mid,0.00909229926764965,-0.020037010312080383,-0.010944709181785583,112.0
LINK,20230817,us,stress,0.19023600220680237,-0.25949761271476746,-0.06926161050796509,1551.0
LINK,20230826,asia,calm,0.0020796426106244326,-0.006155452225357294,-0.0040758103132247925,23.0
LINK,20230826,europe,calm,0.001915831700898707,-0.006994740106165409,-0.005078908987343311,23.0
LINK,20230826,us,calm,0.0016739328857511282,-0.005182540509849787,-0.003508607391268015,20.0
LINK,20230904,asia,calm,0.002635679207742214,-0.006410717964172363,-0.0037750385235995054,32.0
LINK,20230904,europe,calm,0.004874116275459528,-0.008912078104913235,-0.004037961363792419,59.0
LINK,20230904,europe,mid,0.0025781644508242607,-0.005539456382393837,-0.002961291465908289,30.0
LINK,20230904,us,calm,0.0035091324243694544,-0.012971526011824608,-0.009462393820285797,41.0
LINK,20230904,us,mid,0.00016644474817439914,-0.0008321821806021035,-0.0006657373742200434,2.0
LINK,20230910,asia,calm,0.0045908247120678425,-0.028655918315052986,-0.024065092206001282,55.0
LINK,20230910,asia,mid,0.011785711161792278,-0.07634399086236954,-0.06455828249454498,132.0
LINK,20230910,asia,stress,0.002076096134260297,-0.014109206385910511,-0.012033108621835709,25.0
LINK,20230910,europe,calm,0.0034705500584095716,-0.012235335074365139,-0.008764784783124924,42.0
LINK,20230910,europe,mid,0.0011676709400489926,-0.0004960863734595478,0.0006715849740430713,14.0
LINK,20230910,us,calm,0.006257215514779091,-0.03234797343611717,-0.02609075978398323,72.0
LINK,20230910,us,mid,0.0014154986711218953,-0.0038386546075344086,-0.0024231555871665478,17.0
LINK,20230919,asia,calm,0.004808974452316761,-0.018809307366609573,-0.014000331982970238,64.0
LINK,20230919,asia,mid,0.007435906678438187,-0.012276886962354183,-0.004840979818254709,100.0
LINK,20230919,europe,calm,0.004587021190673113,-0.010481338016688824,-0.005894316826015711,60.0
LINK,20230919,europe,mid,0.007768177427351475,-0.025929823517799377,-0.018161645159125328,104.0
LINK,20230919,us,calm,0.0049748593010008335,-0.010619557462632656,-0.005644699092954397,68.0
LINK,20230919,us,mid,0.0024732507299631834,-0.007130371406674385,-0.004657121375203133,34.0
LINK,20230928,asia,calm,0.0011148406192660332,-2.0276056602597237e-05,0.0010945643298327923,17.0
LINK,20230928,asia,mid,0.01106596365571022,-0.03508846089243889,-0.024022500962018967,166.0
LINK,20230928,europe,calm,0.0009022802114486694,-0.002707415958866477,-0.001805135398171842,14.0
LINK,20230928,europe,mid,0.024579918012022972,-0.05764715373516083,-0.033067233860492706,359.0
LINK,20230928,us,calm,0.002356574870646,-0.010573328472673893,-0.008216754533350468,37.0
LINK,20230928,us,mid,0.01157238520681858,-0.0435614250600338,-0.031989045441150665,171.0
LINK,20230928,us,stress,0.010372830554842949,-0.05833689495921135,-0.04796405881643295,114.0
LINK,20231007,asia,calm,0.00276006106287241,-0.008780447766184807,-0.006020387168973684,42.0
LINK,20231007,asia,mid,0.0015117578441277146,-0.008028942160308361,-0.0065171848982572556,21.0
LINK,20231007,europe,calm,0.0022397825960069895,-0.003881171578541398,-0.0016413888661190867,29.0
LINK,20231007,us,calm,0.0011984333395957947,-0.004126599058508873,-0.002928165951743722,18.0
LINK,20231007,us,mid,0.0008643242763355374,-0.0015942107420414686,-0.0007298863492906094,13.0
LINK,20231013,asia,calm,0.0029907666612416506,-0.013053828850388527,-0.010063061490654945,43.0
LINK,20231013,asia,mid,0.0014616686385124922,-0.0014506540028378367,1.1014853953383863e-05,20.0
LINK,20231013,europe,calm,0.005537291988730431,-0.013561589643359184,-0.008024297654628754,80.0
LINK,20231013,europe,mid,6.901787855895236e-05,-0.00041410725680179894,-0.0003450893855188042,1.0
LINK,20231013,us,calm,0.0022963981609791517,-0.006117409095168114,-0.0038210111670196056,33.0
LINK,20231013,us,mid,0.0063111744821071625,-0.03552582859992981,-0.029214661568403244,92.0
LINK,20231013,us,stress,0.004500578623265028,-0.01780456304550171,-0.013303983956575394,63.0
LINK,20231022,asia,calm,0.00028242598637007177,-0.002371925627812743,-0.002089499495923519,5.0
LINK,20231022,asia,mid,0.03778073564171791,-0.10807622969150543,-0.07029549032449722,646.0
LINK,20231022,asia,stress,0.08183257281780243,-0.17775309085845947,-0.09592050313949585,1377.0
LINK,20231022,europe,mid,0.03978187218308449,-0.21154263615608215,-0.17176076769828796,694.0
LINK,20231022,europe,stress,0.00243508187122643,-0.005816258955746889,-0.003381176618859172,44.0
LINK,20231022,us,calm,0.0004755968402605504,-0.001476443954743445,-0.0010008469689637423,9.0
LINK,20231022,us,mid,0.03750233352184296,-0.15316689014434814,-0.11566454917192459,637.0
LINK,20231022,us,stress,0.08696278184652328,-0.4596481919288635,-0.37268543243408203,1445.0
LINK,20231031,asia,calm,8.917823288356885e-05,0.0018723929533734918,0.0019615711644291878,2.0
LINK,20231031,asia,mid,0.038037002086639404,-0.11271163821220398,-0.07467464357614517,817.0
LINK,20231031,asia,stress,0.03349073603749275,-0.13858449459075928,-0.10509376227855682,709.0
LINK,20231031,europe,mid,0.0551280677318573,-0.290455162525177,-0.2353270798921585,1145.0
LINK,20231031,europe,stress,0.020519163459539413,-0.07251742482185364,-0.05199826508760452,425.0
LINK,20231031,us,calm,0.0060934401117265224,-0.02049645036458969,-0.014403009787201881,138.0
LINK,20231031,us,mid,0.01608290895819664,-0.0624874010682106,-0.04640448838472366,341.0
LINK,20231109,asia,calm,0.0001364796480629593,-0.0002732734428718686,-0.0001367938530165702,4.0
LINK,20231109,asia,mid,0.040717750787734985,-0.11227833479642868,-0.07156059145927429,1063.0
LINK,20231109,asia,stress,0.010229011997580528,-0.049387022852897644,-0.03915800899267197,279.0
LINK,20231109,europe,mid,0.02704913355410099,-0.1206919401884079,-0.09364280849695206,735.0
LINK,20231109,europe,stress,0.1464337408542633,-0.5876477956771851,-0.44121405482292175,3823.0
LINK,20231109,us,mid,0.022839799523353577,-0.08774321526288986,-0.06490340828895569,561.0
LINK,20231109,us,stress,0.3694803714752197,-1.25917387008667,-0.8896933794021606,5648.0
LINK,20231115,asia,calm,3.582303543225862e-05,-0.0012896292610093951,-0.0012538061710074544,1.0
LINK,20231115,asia,mid,0.0342271625995636,-0.1924213171005249,-0.15819412469863892,874.0
LINK,20231115,europe,calm,0.0029827607795596123,-0.0072861649096012115,-0.004303404130041599,84.0
LINK,20231115,europe,mid,0.053087204694747925,-0.15165048837661743,-0.0985632836818695,1394.0
LINK,20231115,us,calm,0.003196446457877755,-0.007857671007514,-0.004661224316805601,87.0
LINK,20231115,us,mid,0.04440075159072876,-0.15132102370262146,-0.1069202721118927,1206.0
LINK,20231115,us,stress,0.027969373390078545,-0.08551836013793945,-0.05754898488521576,672.0
LINK,20231124,asia,calm,0.005525398999452591,-0.017014503479003906,-0.011489102616906166,150.0
LINK,20231124,asia,mid,0.0004915461759082973,-0.005025243852287531,-0.004533697385340929,7.0
LINK,20231124,europe,calm,0.014631051570177078,-0.04800416901707649,-0.03337312117218971,382.0
LINK,20231124,europe,mid,0.006977596320211887,-0.022349216043949127,-0.01537161972373724,189.0
LINK,20231124,us,calm,0.007492848671972752,-0.03151567280292511,-0.024022826924920082,191.0
LINK,20231124,us,mid,0.012056803330779076,-0.03687835484743118,-0.024821549654006958,299.0
LINK,20231203,asia,calm,0.007083193864673376,-0.024687159806489944,-0.01760396547615528,213.0
LINK,20231203,asia,mid,0.0024080995935946703,-0.0138105358928442,-0.011402437463402748,65.0
LINK,20231203,europe,calm,0.011381536722183228,-0.051301710307598114,-0.039920173585414886,324.0
LINK,20231203,europe,mid,0.008591199293732643,-0.028892945498228073,-0.02030174806714058,208.0
LINK,20231203,us,calm,0.008489571511745453,-0.03647008538246155,-0.027980513870716095,228.0
LINK,20231203,us,mid,0.00950583815574646,-0.02476492151618004,-0.015259083360433578,194.0
LINK,20231212,asia,calm,0.007913663983345032,-0.027691911906003952,-0.01977824792265892,222.0
LINK,20231212,asia,mid,0.010702133178710938,-0.028845954686403275,-0.01814381778240204,261.0
LINK,20231212,europe,calm,0.007093406282365322,-0.024941127747297287,-0.01784772053360939,191.0
LINK,20231212,europe,mid,0.022481033578515053,-0.064771369099617,-0.042290329933166504,526.0
LINK,20231212,europe,stress,0.002208523452281952,-0.012141409330070019,-0.009932884946465492,57.0
LINK,20231212,us,calm,0.002697764430195093,-0.006110546179115772,-0.0034127815160900354,61.0
LINK,20231212,us,mid,0.02800329029560089,-0.10645882040262222,-0.07845552265644073,701.0
LINK,20231218,asia,calm,0.006375281140208244,-0.02446802705526352,-0.018092744052410126,156.0
LINK,20231218,asia,mid,0.011061526834964752,-0.011383919045329094,-0.0003223894163966179,243.0
LINK,20231218,asia,stress,7.133176404749975e-05,0.0012483058962970972,0.0013196376385167241,1.0
LINK,20231218,europe,calm,0.0003237284254282713,-0.0023758397437632084,-0.002052111318334937,9.0
LINK,20231218,europe,mid,0.04069233685731888,-0.16610252857208252,-0.12541019916534424,928.0
LINK,20231218,europe,stress,0.03317922353744507,-0.11263048648834229,-0.07945126295089722,703.0
LINK,20231218,us,calm,0.0037061129696667194,-0.014334245584905148,-0.01062813214957714,78.0
LINK,20231218,us,mid,0.01954932138323784,-0.06385313719511032,-0.04430381953716278,459.0
LINK,20231227,asia,calm,0.0052737463265657425,-0.026655469089746475,-0.021381720900535583,148.0
LINK,20231227,asia,mid,0.0026641269214451313,-0.009825452230870724,-0.007161325309425592,74.0
LINK,20231227,europe,calm,0.007227526977658272,-0.036349356174468994,-0.02912183105945587,215.0
LINK,20231227,europe,mid,0.015541655011475086,0.00882986094802618,0.024371517822146416,428.0
LINK,20231227,europe,stress,0.029059767723083496,-0.1333891898393631,-0.1043294221162796,740.0
LINK,20231227,us,calm,0.0019271469209343195,-0.009786171838641167,-0.007859024219214916,60.0
LINK,20231227,us,mid,0.015788409858942032,-0.06296756118535995,-0.047179143875837326,451.0
LINK,20231227,us,stress,0.02068088948726654,-0.008218429982662201,0.012462466955184937,541.0
LINK,20240105,asia,calm,0.002406994579359889,-0.01595151424407959,-0.013544521294534206,66.0
LINK,20240105,asia,mid,0.02065325900912285,-0.08993414044380188,-0.06928086280822754,295.0
LINK,20240105,asia,stress,0.04284985736012459,-0.12451688200235367,-0.08166703581809998,541.0
LINK,20240105,europe,calm,3.5162978747393936e-05,-0.0002813038299791515,-0.0002461408730596304,1.0
LINK,20240105,europe,mid,0.040047258138656616,-0.1658298671245575,-0.12578260898590088,749.0
LINK,20240105,europe,stress,0.01273363921791315,-0.02667802758514881,-0.013944392092525959,225.0
LINK,20240105,us,calm,0.004304415546357632,-0.02709539607167244,-0.022790977731347084,104.0
LINK,20240105,us,mid,0.021352257579565048,-0.042204227298498154,-0.020851975306868553,371.0
LINK,20240105,us,stress,0.00885426439344883,-0.01880740560591221,-0.009953142143785954,124.0
LINK,20240111,asia,calm,0.006617048755288124,-0.02809802070260048,-0.021480968222022057,185.0
LINK,20240111,asia,mid,0.010539403185248375,-0.03696613013744354,-0.02642672508955002,277.0
LINK,20240111,asia,stress,0.0007003986393101513,0.0004630966577678919,0.0011634953552857041,19.0
LINK,20240111,europe,calm,0.002952009905129671,-0.013947628438472748,-0.010995618999004364,86.0
LINK,20240111,europe,mid,0.04969214275479317,-0.12617908418178558,-0.07648693770170212,1046.0
LINK,20240111,europe,stress,0.02877194434404373,-0.03829316049814224,-0.009521217085421085,614.0
LINK,20240111,us,calm,0.006624876521527767,-0.03987659513950348,-0.033251721411943436,185.0
LINK,20240111,us,mid,0.007217907812446356,-0.031247064471244812,-0.02402915433049202,200.0
LINK,20240111,us,stress,0.014337925240397453,-0.06992274522781372,-0.05558482185006142,314.0
LINK,20240120,asia,mid,0.05989052355289459,-0.23640751838684082,-0.17651699483394623,1343.0
LINK,20240120,asia,stress,0.0020000434014946222,-0.013827201910316944,-0.011827158741652966,52.0
LINK,20240120,europe,calm,0.006442627869546413,-0.027777226641774178,-0.02133459597826004,171.0
LINK,20240120,europe,mid,0.040594957768917084,-0.10197635740041733,-0.06138141080737114,970.0
LINK,20240120,us,calm,0.014479422010481358,-0.07435247302055359,-0.05987304821610451,393.0
LINK,20240120,us,mid,0.006711367983371019,-0.018953928723931313,-0.012242560274899006,161.0
LINK,20240129,asia,calm,0.010690705850720406,-0.07231926918029785,-0.061628568917512894,293.0
LINK,20240129,asia,mid,0.0031716828234493732,-0.021773578599095345,-0.01860189437866211,87.0
LINK,20240129,asia,stress,0.00017261260654777288,-0.0029000588692724705,-0.002727446611970663,3.0
LINK,20240129,europe,calm,0.015232651494443417,-0.058855824172496796,-0.043623171746730804,405.0
LINK,20240129,europe,mid,0.0019115745089948177,0.0033174576237797737,0.005229032598435879,54.0
LINK,20240129,us,calm,0.009086055681109428,-0.01760868728160858,-0.008522631600499153,245.0
LINK,20240129,us,mid,0.014803404919803143,-0.028661921620368958,-0.01385851763188839,379.0
LINK,20240207,asia,calm,0.01812456175684929,-0.1134185865521431,-0.0952940285205841,585.0
LINK,20240207,asia,mid,0.007154293358325958,-0.04866170138120651,-0.041507408022880554,242.0
LINK,20240207,europe,calm,0.01728614792227745,-0.06132876127958298,-0.044042617082595825,580.0
LINK,20240207,europe,mid,0.01455158181488514,-0.06497403234243393,-0.05042245611548424,456.0
LINK,20240207,us,calm,0.015904828906059265,-0.06492386758327484,-0.049019038677215576,527.0
LINK,20240207,us,mid,0.022388117387890816,-0.05369255691766739,-0.03130444139242172,724.0
LINK,20240213,asia,calm,0.018709369003772736,-0.08458217978477478,-0.06587281078100204,699.0
LINK,20240213,asia,mid,0.0007075155153870583,-0.0026358156464993954,-0.0019282998982816935,24.0
LINK,20240213,europe,calm,0.016115788370370865,-0.05177534744143486,-0.035659559071063995,574.0
LINK,20240213,europe,mid,0.04251449182629585,-0.06234317272901535,-0.0198286771774292,1090.0
LINK,20240213,europe,stress,0.027103252708911896,-0.03484765812754631,-0.007744399830698967,861.0
LINK,20240213,us,calm,0.01236015185713768,-0.06480124592781067,-0.05244109779596329,468.0
LINK,20240213,us,mid,0.006715272553265095,-0.038918789476156235,-0.032203517854213715,245.0
LINK,20240222,asia,calm,0.012416904792189598,-0.04240954667329788,-0.029992641881108284,421.0
LINK,20240222,asia,mid,0.0008263053023256361,-0.0026065364945679903,-0.001780231366865337,30.0
LINK,20240222,europe,calm,0.017202511429786682,-0.06311780214309692,-0.045915283262729645,589.0
LINK,20240222,europe,mid,0.011934272013604641,-0.03715202212333679,-0.025217751041054726,387.0
LINK,20240222,us,calm,0.013749402016401291,-0.05093865096569061,-0.03718924522399902,448.0
LINK,20240222,us,mid,0.002772632520645857,-0.01811237633228302,-0.015339743345975876,79.0
LINK,20240302,asia,calm,0.00964000727981329,-0.026152685284614563,-0.0165126770734787,358.0
LINK,20240302,asia,mid,0.03461955115199089,-0.14508292078971863,-0.11046336591243744,1179.0
LINK,20240302,asia,stress,0.002725773025304079,-0.012999745085835457,-0.01027397345751524,92.0
LINK,20240302,europe,calm,0.009054159745573997,-0.053951963782310486,-0.04489780217409134,345.0
LINK,20240302,europe,mid,0.02950650081038475,-0.15986135601997375,-0.1303548663854599,1089.0
LINK,20240302,us,calm,0.00869939848780632,-0.06876888871192932,-0.0600694976747036,352.0
LINK,20240302,us,mid,0.010953307151794434,-0.07651752978563309,-0.06556422263383865,348.0
LINK,20240302,us,stress,0.005230193957686424,-0.018344581127166748,-0.013114390894770622,181.0
LINK,20240311,asia,calm,0.0018311496824026108,-0.010518376715481281,-0.00868722703307867,63.0
LINK,20240311,asia,mid,0.03135203570127487,-0.13430878520011902,-0.10295675694942474,886.0
LINK,20240311,asia,stress,0.18604931235313416,-0.3362452983856201,-0.15019598603248596,3123.0
LINK,20240311,europe,calm,0.008835384622216225,-0.04171353951096535,-0.03287815675139427,271.0
LINK,20240311,europe,mid,0.0381745770573616,-0.09014664590358734,-0.051972076296806335,1022.0
LINK,20240311,europe,stress,0.005419781431555748,-0.011819196864962578,-0.006399413570761681,143.0
LINK,20240311,us,calm,0.009972766973078251,-0.04198038950562477,-0.032007619738578796,316.0
LINK,20240311,us,mid,0.01792854443192482,-0.046499721705913544,-0.028571179136633873,485.0
LINK,20240317,asia,calm,0.00971684418618679,-0.026496522128582,-0.01677967794239521,254.0
LINK,20240317,asia,mid,0.029359988868236542,-0.08765648305416107,-0.058296505361795425,613.0
LINK,20240317,asia,stress,0.01735392026603222,0.012547442689538002,0.02990136109292507,252.0
LINK,20240317,europe,calm,0.010440957732498646,-0.026871208101511,-0.016430247575044632,243.0
LINK,20240317,europe,mid,0.03193121403455734,-0.12811513245105743,-0.0961839109659195,723.0
LINK,20240317,us,calm,0.012615486979484558,-0.06264840066432953,-0.05003291368484497,370.0
LINK,20240317,us,mid,0.0039036055095493793,-0.02166065201163292,-0.017757045105099678,106.0
LINK,20240326,asia,calm,0.014428514987230301,-0.04766758531332016,-0.03323906660079956,465.0
LINK,20240326,europe,calm,0.012403419241309166,-0.034569043666124344,-0.022165624424815178,358.0
LINK,20240326,europe,mid,0.04577609896659851,-0.23887348175048828,-0.19309738278388977,1167.0
LINK,20240326,europe,stress,0.00034667254658415914,-0.0013628577580675483,-0.00101618526969105,10.0
LINK,20240326,us,calm,0.009740399196743965,-0.04705999791622162,-0.0373196005821228,337.0
LINK,20240326,us,mid,0.013158947229385376,-0.041855715215206146,-0.028696773573756218,419.0
LINK,20240404,asia,calm,0.009588412940502167,-0.054460521787405014,-0.04487210884690285,273.0
LINK,20240404,asia,mid,0.00411333329975605,-0.019877487793564796,-0.015764152631163597,118.0
LINK,20240404,europe,calm,0.00722181610763073,-0.020206663757562637,-0.012984847649931908,225.0
LINK,20240404,europe,mid,0.002473296597599983,-0.007860218174755573,-0.005386922042816877,57.0
LINK,20240404,us,calm,0.012554185464978218,-0.05563592538237572,-0.04308173805475235,351.0
LINK,20240404,us,mid,0.007323156110942364,-0.01601816900074482,-0.00869501568377018,185.0
LINK,20240413,asia,calm,0.0061462558805942535,-0.01467990130186081,-0.008533645421266556,151.0
LINK,20240413,asia,mid,0.019063225015997887,-0.03644731640815735,-0.01738409325480461,412.0
LINK,20240413,asia,stress,0.002764334436506033,0.0032830671407282352,0.006047402508556843,66.0
LINK,20240413,europe,calm,0.007689923979341984,-0.03606312349438667,-0.028373196721076965,177.0
LINK,20240413,europe,mid,0.00874679908156395,-0.02367144078016281,-0.014924640767276287,178.0
LINK,20240413,us,mid,0.015004362910985947,-0.006148523651063442,0.008855845779180527,291.0
LINK,20240413,us,stress,0.8579675555229187,-1.7064924240112305,-0.848524808883667,6249.0
LINK,20240419,asia,calm,0.004735835827887058,-0.006475123111158609,-0.0017392865847796202,92.0
LINK,20240419,asia,mid,0.05584656819701195,-0.09869258105754852,-0.042846016585826874,870.0
LINK,20240419,asia,stress,0.03343134745955467,-0.09193103015422821,-0.05849967524409294,506.0
LINK,20240419,europe,calm,0.006119021214544773,-0.013930459506809711,-0.007811439223587513,126.0
LINK,20240419,europe,mid,0.02876429073512554,-0.050337325781583786,-0.021573035046458244,508.0
LINK,20240419,us,calm,0.007872527465224266,0.0080634206533432,0.015935946255922318,156.0
LINK,20240419,us,mid,0.01382354088127613,-0.07018517702817917,-0.05636163428425789,273.0
LINK,20240428,asia,calm,0.006007922813296318,-0.018820147961378098,-0.012812222354114056,139.0
LINK,20240428,europe,calm,0.008107161149382591,-0.033999837934970856,-0.025892674922943115,188.0
LINK,20240428,us,calm,0.006532682571560144,-0.029612569138407707,-0.023079888895154,151.0
LINK,20240428,us,mid,0.004200753755867481,-0.010352461598813534,-0.006151706445962191,93.0
LINK,20240507,asia,calm,0.008721081539988518,-0.043365053832530975,-0.03464397042989731,211.0
LINK,20240507,asia,mid,0.0031183480750769377,-0.013029715046286583,-0.009911366738379002,57.0
LINK,20240507,europe,calm,0.009293693117797375,-0.027329064905643463,-0.018035374581813812,223.0
LINK,20240507,europe,mid,0.0026098559610545635,-0.012982489541172981,-0.010372634045779705,64.0
LINK,20240507,us,calm,0.008623615838587284,-0.0280423816293478,-0.019418764859437943,187.0
LINK,20240507,us,mid,0.0016064353985711932,-0.010711811482906342,-0.009105375967919827,34.0
LINK,20240516,asia,calm,0.006787486374378204,-0.02292182669043541,-0.016134340316057205,158.0
LINK,20240516,asia,mid,3.609456689446233e-05,0.0007218913524411619,0.000757985922973603,1.0
LINK,20240516,europe,calm,0.015289997681975365,-0.07036706805229187,-0.05507707595825195,310.0
LINK,20240516,europe,mid,0.005889541935175657,-0.008814767934381962,-0.0029252248350530863,125.0
LINK,20240516,us,calm,0.0073188552632927895,-0.03250148892402649,-0.025182632729411125,156.0
LINK,20240516,us,mid,0.03369859606027603,-0.09063002467155457,-0.056931424885988235,644.0
LINK,20240516,us,stress,0.15422356128692627,-0.4424457252025604,-0.28822213411331177,2322.0
LINK,20240522,asia,calm,0.011215788312256336,-0.05256151780486107,-0.04134572297334671,310.0
LINK,20240522,asia,mid,0.0023227916099131107,-0.008111716248095036,-0.005788924638181925,59.0
LINK,20240522,europe,calm,0.010279432870447636,-0.06703948974609375,-0.05676005780696869,295.0
LINK,20240522,europe,mid,0.02797318808734417,-0.09905602037906647,-0.07108283787965775,742.0
LINK,20240522,us,calm,0.012650691904127598,-0.08830073475837708,-0.07565004378557205,367.0
LINK,20240522,us,mid,0.011377926915884018,-0.05489198490977287,-0.04351406171917915,316.0
LINK,20240531,asia,calm,0.00978024210780859,-0.049576278775930405,-0.03979603201150894,308.0
LINK,20240531,asia,mid,0.0004757783026434481,0.002909331116825342,0.0033851091284304857,15.0
LINK,20240531,europe,calm,0.015521537512540817,-0.02055928483605385,-0.005037745460867882,454.0
LINK,20240531,europe,mid,0.008724227547645569,-0.015198970213532448,-0.006474744528532028,271.0
LINK,20240531,us,calm,0.013339151628315449,-0.0492081418633461,-0.035868994891643524,412.0
LINK,20240531,us,mid,0.010926942341029644,-0.050016507506370544,-0.03908956050872803,340.0
LINK,20240609,asia,calm,0.004433718975633383,-0.02125360071659088,-0.01681988313794136,136.0
LINK,20240609,europe,calm,0.003773701610043645,-0.016935497522354126,-0.0131617970764637,116.0
LINK,20240609,us,calm,0.004534976556897163,-0.012692511081695557,-0.008157533593475819,129.0
LINK,20240618,asia,calm,0.005236310884356499,-0.020457008853554726,-0.015220699831843376,141.0
LINK,20240618,asia,mid,0.029433926567435265,-0.0006666495464742184,0.028767282143235207,651.0
LINK,20240618,asia,stress,0.22867876291275024,-0.3444758355617523,-0.11579704284667969,2285.0
LINK,20240618,europe,calm,0.0051575228571891785,-0.013648083433508873,-0.008490558713674545,138.0
LINK,20240618,europe,mid,0.04231170564889908,-0.1230119913816452,-0.08070028573274612,1039.0
LINK,20240618,europe,stress,0.007146977819502354,-0.024510160088539124,-0.017363179475069046,172.0
LINK,20240618,us,calm,0.004377547185868025,-0.012983514927327633,-0.008605968207120895,105.0
LINK,20240618,us,mid,0.030400097370147705,-0.1232987493276596,-0.0928986668586731,770.0
LINK,20240624,asia,calm,0.009376375004649162,-0.025690728798508644,-0.01631435565650463,220.0
LINK,20240624,asia,mid,0.010837947949767113,-0.043139517307281494,-0.03230156749486923,271.0
LINK,20240624,europe,calm,0.004656451754271984,-0.025166219100356102,-0.020509766414761543,113.0
LINK,20240624,europe,mid,0.04378288984298706,-0.06541309505701065,-0.0216301828622818,781.0
LINK,20240624,europe,stress,0.032107770442962646,-0.09899719059467316,-0.0668894350528717,471.0
LINK,20240624,us,calm,0.004286389797925949,-0.017223550006747246,-0.012937161140143871,110.0
LINK,20240624,us,mid,0.03127165138721466,-0.11872737109661102,-0.08745573461055756,717.0
LINK,20240703,asia,calm,0.00998174399137497,-0.039493709802627563,-0.029511965811252594,231.0
LINK,20240703,asia,mid,0.012569520622491837,-0.05336832255125046,-0.04079879820346832,315.0
LINK,20240703,europe,calm,0.00799599476158619,-0.03257229924201965,-0.024576306343078613,208.0
LINK,20240703,europe,mid,0.0340186282992363,-0.11049176007509232,-0.07647312432527542,839.0
LINK,20240703,us,calm,0.00463644927367568,-0.005566572770476341,-0.0009301236714236438,114.0
LINK,20240703,us,mid,0.02787063643336296,-0.06527136266231537,-0.03740071877837181,667.0
LINK,20240712,asia,calm,0.008834894746541977,-0.02777944505214691,-0.018944550305604935,210.0
LINK,20240712,asia,mid,0.007578629069030285,-0.03170146048069,-0.02412283420562744,167.0
LINK,20240712,europe,calm,0.010469544678926468,-0.03808353468775749,-0.027613990008831024,236.0
LINK,20240712,europe,mid,0.015048720873892307,-0.05047311633825302,-0.03542439639568329,324.0
LINK,20240712,us,calm,0.009695462882518768,-0.026237836107611656,-0.01654237136244774,217.0
LINK,20240712,us,mid,0.0033151127863675356,-0.0048240008763968945,-0.0015088864602148533,71.0
LINK,20240721,asia,calm,0.005913557484745979,-0.02444714680314064,-0.01853359118103981,164.0
LINK,20240721,europe,calm,0.0054467106238007545,-0.03827105462551117,-0.03282434493303299,152.0
LINK,20240721,europe,mid,0.010464435443282127,-0.03691921383142471,-0.026454780250787735,288.0
LINK,20240721,us,calm,0.004856512416154146,-0.01827123574912548,-0.013414720073342323,111.0
LINK,20240721,us,mid,0.030591953545808792,-0.07460282742977142,-0.04401087015867233,828.0
LINK,20240721,us,stress,0.012214651331305504,-0.06306877732276917,-0.05085412412881851,285.0
LINK,20240727,asia,calm,0.003611678257584572,-0.013939902186393738,-0.010328223928809166,96.0
LINK,20240727,asia,mid,0.000742310774512589,-0.0006295966450124979,0.00011271385301370174,19.0
LINK,20240727,europe,calm,0.007017968222498894,-0.021955106407403946,-0.014937137253582478,189.0
LINK,20240727,us,calm,0.007279538549482822,-0.0225247573107481,-0.015245220623910427,192.0
LINK,20240727,us,mid,0.011310173198580742,-0.023579822853207588,-0.012269649654626846,280.0
LINK,20240805,asia,calm,4.595376958604902e-05,-9.190753917209804e-05,-4.595376958604902e-05,1.0
LINK,20240805,asia,mid,0.006525781005620956,-0.04944639280438423,-0.04292060807347298,141.0
LINK,20240805,asia,stress,0.948822557926178,-2.3346667289733887,-1.385844349861145,10155.0
LINK,20240805,europe,stress,0.3737680912017822,-0.644985556602478,-0.2712174952030182,5391.0
LINK,20240805,us,calm,0.0004744764883071184,-0.005586806684732437,-0.005112329963594675,9.0
LINK,20240805,us,mid,0.021059725433588028,-0.0225641131401062,-0.0015043902676552534,384.0
LINK,20240805,us,stress,0.08790704607963562,-0.2148992419242859,-0.12699221074581146,1548.0
LINK,20240814,asia,calm,0.011185011826455593,-0.03283983841538429,-0.021654825657606125,236.0
LINK,20240814,europe,calm,0.016474327072501183,-0.07026451826095581,-0.05379018560051918,330.0
LINK,20240814,europe,mid,0.044960036873817444,-0.12676233053207397,-0.08180229365825653,925.0
LINK,20240814,us,calm,0.0144693274050951,-0.050401851534843445,-0.035932525992393494,298.0
LINK,20240814,us,mid,0.0059234751388430595,-0.01692122407257557,-0.010997749865055084,122.0
LINK,20240820,asia,calm,0.026297062635421753,-0.08231255412101746,-0.0560154989361763,545.0
LINK,20240820,asia,mid,0.0063782064244151115,-0.014271409250795841,-0.007893203757703304,127.0
LINK,20240820,europe,calm,0.01730123534798622,-0.05196893960237503,-0.03466770425438881,354.0
LINK,20240820,europe,mid,0.018188128247857094,-0.040824078023433685,-0.02263594977557659,356.0
LINK,20240820,us,calm,0.02293805405497551,-0.08054231107234955,-0.05760425701737404,462.0
LINK,20240820,us,mid,0.0005432903999462724,-0.0009384667500853539,-0.0003951763501390815,8.0
LINK,20240829,asia,calm,0.013798372820019722,-0.050364430993795395,-0.036566056311130524,307.0
LINK,20240829,europe,calm,0.021568968892097473,-0.06974712014198303,-0.04817815124988556,483.0
LINK,20240829,us,calm,0.016765568405389786,-0.05805013328790665,-0.04128456860780716,363.0
LINK,20240829,us,mid,0.01679551601409912,-0.03748699277639389,-0.02069147489964962,362.0
LINK,20240907,asia,calm,0.012370111420750618,-0.05044986307621002,-0.03807975351810455,234.0
LINK,20240907,asia,mid,0.004474989138543606,-0.03838600590825081,-0.03391101583838463,83.0
LINK,20240907,europe,calm,0.009805948473513126,-0.02555505558848381,-0.01574910432100296,194.0
LINK,20240907,us,calm,0.006884121336042881,-0.019770216196775436,-0.01288609392940998,132.0
LINK,20240916,asia,calm,0.014508800581097603,-0.04970458149909973,-0.03519578278064728,303.0
LINK,20240916,asia,mid,0.0011203634785488248,-0.0026992601342499256,-0.0015788966557011008,23.0
LINK,20240916,europe,calm,0.01320528332144022,-0.04958518594503403,-0.03637990355491638,278.0
LINK,20240916,europe,mid,0.0034677437506616116,-0.011003115214407444,-0.007535370998084545,69.0
LINK,20240916,us,calm,0.009962850250303745,-0.03257280960679054,-0.022609956562519073,207.0
LINK,20240916,us,mid,0.0014773125294595957,-0.002429188461974263,-0.0009518759325146675,28.0
LINK,20240922,asia,calm,0.008695706725120544,-0.022016312927007675,-0.013320604339241982,189.0
LINK,20240922,europe,calm,0.00827883742749691,-0.016522018238902092,-0.008243181742727757,183.0
LINK,20240922,us,calm,0.012454693205654621,-0.03317943215370178,-0.020724736154079437,232.0
LINK,20240922,us,mid,0.005611943546682596,-0.010818933136761189,-0.005206988658756018,121.0
LINK,20241001,asia,calm,0.010239459574222565,-0.025487784296274185,-0.01524832472205162,244.0
LINK,20241001,asia,mid,0.003365612355992198,-0.016175510361790657,-0.01280989684164524,78.0
LINK,20241001,europe,calm,0.008563945069909096,-0.023020608350634575,-0.014456663280725479,203.0
LINK,20241001,europe,mid,0.025978021323680878,-0.12712185084819794,-0.10114382952451706,563.0
LINK,20241001,europe,stress,0.019684452563524246,-0.088405080139637,-0.06872063130140305,376.0
LINK,20241001,us,calm,0.004172066226601601,-0.016380146145820618,-0.012208082713186741,90.0
LINK,20241001,us,mid,0.030802786350250244,-0.14151865243911743,-0.11071586608886719,662.0
LINK,20241001,us,stress,0.029597410932183266,-0.06577159464359283,-0.03617417812347412,563.0
LINK,20241010,asia,calm,0.006873641163110733,-0.01905428245663643,-0.012180639430880547,145.0
LINK,20241010,asia,mid,0.002015678444877267,0.0007513343589380383,0.0027670138515532017,43.0
LINK,20241010,europe,calm,0.013141728937625885,-0.018846511840820312,-0.005704781040549278,274.0
LINK,20241010,europe,mid,0.013936890289187431,-0.04095388576388359,-0.02701699733734131,292.0
LINK,20241010,us,calm,0.013828696683049202,-0.039681095629930496,-0.025852400809526443,286.0
LINK,20241010,us,mid,0.011869789101183414,-0.026687506586313248,-0.014817718416452408,236.0
LINK,20241019,asia,calm,0.005089181009680033,-0.020082000643014908,-0.014992821030318737,117.0
LINK,20241019,europe,calm,0.00616065226495266,-0.019942842423915863,-0.013782190158963203,138.0
LINK,20241019,us,calm,0.004615833051502705,-0.006414481438696384,-0.0017986480379477143,105.0
LINK,20241025,asia,calm,0.015874937176704407,-0.052010174840688705,-0.0361352413892746,373.0
LINK,20241025,asia,mid,0.014784345403313637,-0.05375213176012039,-0.038967788219451904,337.0
LINK,20241025,europe,calm,0.013277541846036911,-0.04368906468153,-0.030411522835493088,303.0
LINK,20241025,europe,mid,0.015854962170124054,-0.04826139658689499,-0.032406434416770935,375.0
LINK,20241025,us,calm,0.0036698258481919765,-0.0170341394841671,-0.01336431410163641,83.0
LINK,20241025,us,mid,0.04553552716970444,-0.14036741852760315,-0.0948319137096405,1004.0
LINK,20241025,us,stress,0.03996104747056961,-0.11971290409564972,-0.0797518715262413,759.0
LINK,20241103,asia,calm,0.008580169640481472,-0.034472785890102386,-0.02589261718094349,186.0
LINK,20241103,asia,mid,0.016154546290636063,-0.016890831291675568,-0.0007362831383943558,338.0
LINK,20241103,europe,calm,0.012314127758145332,-0.04079684987664223,-0.028482723981142044,263.0
LINK,20241103,europe,mid,0.0179960485547781,-0.05772405117750168,-0.03972800076007843,378.0
LINK,20241103,us,calm,0.011718016117811203,-0.033047255128622055,-0.021329239010810852,246.0
LINK,20241103,us,mid,0.006126217544078827,-0.02559017203748226,-0.019463956356048584,130.0
LINK,20241112,asia,mid,0.052376143634319305,-0.1647384911775589,-0.112362340092659,1376.0
LINK,20241112,asia,stress,0.0328555665910244,-0.16324648261070251,-0.130390927195549,778.0
LINK,20241112,europe,mid,0.03230251371860504,-0.08725523948669434,-0.0549527145922184,784.0
LINK,20241112,europe,stress,0.2132318615913391,-0.5376802682876587,-0.32444846630096436,4191.0
LINK,20241112,us,calm,0.00263819913379848,-0.008169993758201599,-0.005531793925911188,55.0
LINK,20241112,us,mid,0.038699738681316376,-0.1064014732837677,-0.06770173460245132,952.0
LINK,20241112,us,stress,0.014154314994812012,-0.054202064871788025,-0.04004774987697601,347.0
LINK,20241121,asia,calm,0.00222414662130177,-0.009243542328476906,-0.007019396405667067,60.0
LINK,20241121,asia,mid,0.06934131681919098,-0.14020973443984985,-0.07086840271949768,1703.0
LINK,20241121,europe,calm,0.00466451421380043,-0.014873849228024483,-0.010209334082901478,122.0
LINK,20241121,europe,mid,0.08690043538808823,-0.22854337096214294,-0.14164292812347412,2042.0
LINK,20241121,europe,stress,0.01776009239256382,-0.03301267698407173,-0.015252586454153061,402.0
LINK,20241121,us,calm,0.010793603025376797,-0.03851047158241272,-0.027716873213648796,286.0
LINK,20241121,us,mid,0.04560457170009613,-0.1302090883255005,-0.08460451662540436,1198.0
LINK,20241121,us,stress,0.0014121721033006907,-0.008367547765374184,-0.006955375894904137,40.0
LINK,20241127,asia,mid,0.07103928923606873,-0.2634996473789215,-0.1924603283405304,2079.0
LINK,20241127,asia,stress,0.004179894924163818,-0.02456454373896122,-0.0203846488147974,107.0
LINK,20241127,europe,mid,0.08725892007350922,-0.28682568669319153,-0.1995667666196823,2574.0
LINK,20241127,europe,stress,0.002107887528836727,-0.0010048728436231613,0.0011030151508748531,64.0
LINK,20241127,us,calm,0.004957563243806362,-0.016277682036161423,-0.01132012065500021,96.0
LINK,20241127,us,mid,0.06644672155380249,-0.1986062228679657,-0.1321595013141632,1869.0
LINK,20241127,us,stress,0.009973477572202682,-0.020063363015651703,-0.01008988730609417,279.0
LINK,20241206,asia,calm,0.0060297101736068726,-0.01681477762758732,-0.010785067453980446,197.0
LINK,20241206,asia,mid,0.050731442868709564,-0.17898812890052795,-0.128256693482399,1610.0
LINK,20241206,asia,stress,0.01706823706626892,-0.019070619717240334,-0.002002377063035965,494.0
LINK,20241206,europe,calm,0.001110570039600134,-0.008702049031853676,-0.007591478060930967,38.0
LINK,20241206,europe,mid,0.07881607115268707,-0.24564407765865326,-0.1668280065059662,2278.0
LINK,20241206,europe,stress,0.037935320287942886,-0.09317836910486221,-0.055243052542209625,1044.0
LINK,20241206,us,calm,1.9831431927741505e-05,0.00047595438081771135,0.0004957858473062515,1.0
LINK,20241206,us,mid,0.11948127299547195,-0.22502446174621582,-0.10554320365190506,3398.0
LINK,20241206,us,stress,0.031387656927108765,-0.09608587622642517,-0.06469821184873581,901.0
LINK,20241215,asia,calm,3.432651283219457e-05,-0.0014932033373042941,-0.0014588768826797605,1.0
LINK,20241215,asia,mid,0.08392032980918884,-0.28752434253692627,-0.20360401272773743,3349.0
LINK,20241215,asia,stress,0.007532873656600714,-0.03477583825588226,-0.027242960408329964,282.0
LINK,20241215,europe,calm,0.00022473852732218802,0.0003125492949038744,0.0005372882587835193,10.0
LINK,20241215,europe,mid,0.07051831483840942,-0.24110151827335358,-0.17058320343494415,2862.0
LINK,20241215,us,calm,0.021154304966330528,-0.11252067238092422,-0.09136637300252914,836.0
LINK,20241215,us,mid,0.0449446402490139,-0.20436826348304749,-0.1594236195087433,1721.0
LINK,20241215,us,stress,0.019968794658780098,-0.03860433027148247,-0.01863553561270237,675.0
LINK,20241224,asia,calm,0.002199042122811079,-0.004163447767496109,-0.00196440564468503,75.0
LINK,20241224,asia,mid,0.04313548654317856,-0.15641793608665466,-0.1132824569940567,1391.0
LINK,20241224,asia,stress,0.004610198549926281,-0.021718628704547882,-0.017108431085944176,132.0
LINK,20241224,europe,calm,0.0017109947511926293,-0.0006590991979464889,0.0010518950875848532,38.0
LINK,20241224,europe,mid,0.06586980074644089,-0.17909927666187286,-0.11322948336601257,2000.0
LINK,20241224,europe,stress,0.01161741092801094,-0.018702853471040726,-0.007085440680384636,321.0
LINK,20241224,us,calm,0.002848815405741334,-0.008569924160838127,-0.005721109453588724,86.0
LINK,20241224,us,mid,0.0689154863357544,-0.3250839412212372,-0.2561684548854828,2291.0
LINK,20241224,us,stress,0.01821201480925083,-0.10908382385969162,-0.09087181091308594,641.0
LINK,20241230,asia,calm,0.007570971734821796,-0.025328919291496277,-0.017757946625351906,236.0
LINK,20241230,asia,mid,0.037403419613838196,-0.13285739719867706,-0.09545396268367767,1033.0
LINK,20241230,europe,calm,0.0006130365654826164,-0.0027520363219082355,-0.00213900045491755,20.0
LINK,20241230,europe,mid,0.05011914670467377,-0.14062169194221497,-0.0905025452375412,1426.0
LINK,20241230,europe,stress,0.02135574072599411,-0.08882422745227814,-0.06746847927570343,598.0
LINK,20241230,us,calm,0.006251412909477949,-0.00979429017752409,-0.0035428772680461407,185.0
LINK,20241230,us,mid,0.0437677837908268,-0.12932005524635315,-0.08555227518081665,1183.0
LINK,20241230,us,stress,0.013936341740190983,-0.03584478050470352,-0.021908437833189964,379.0
LINK,20250108,asia,calm,0.006711797323077917,-0.03498304262757301,-0.02827124297618866,193.0
LINK,20250108,asia,mid,0.045929405838251114,-0.1154370903968811,-0.06950768083333969,1185.0
LINK,20250108,asia,stress,0.005986075848340988,-0.027526002377271652,-0.021539924666285515,181.0
LINK,20250108,europe,calm,0.011525729671120644,-0.016878962516784668,-0.005353233776986599,314.0
LINK,20250108,europe,mid,0.03749067336320877,-0.09741276502609253,-0.05992209166288376,1063.0
LINK,20250108,us,calm,0.0030069430358707905,-0.007997531443834305,-0.004990588873624802,76.0
LINK,20250108,us,mid,0.05149805545806885,-0.1888204962015152,-0.13732244074344635,1390.0
LINK,20250108,us,stress,0.03550656512379646,-0.005138910375535488,0.030367646366357803,905.0
LINK,20250117,asia,calm,0.010711967945098877,-0.0423092246055603,-0.031597256660461426,362.0
LINK,20250117,asia,mid,0.032630808651447296,-0.11259299516677856,-0.07996219396591187,1162.0
LINK,20250117,europe,calm,0.007868600077927113,-0.017826639115810394,-0.009958038106560707,276.0
LINK,20250117,europe,mid,0.053328920155763626,-0.18251124024391174,-0.12918230891227722,1774.0
LINK,20250117,europe,stress,0.00302594481036067,-0.00022483858629129827,0.0028011053800582886,94.0
LINK,20250117,us,calm,0.007609216496348381,-0.026425616815686226,-0.018816404044628143,263.0
LINK,20250117,us,mid,0.04707843065261841,-0.1726900041103363,-0.1256115734577179,1589.0
LINK,20250126,asia,calm,0.011473688296973705,-0.049470581114292145,-0.03799689561128616,467.0
LINK,20250126,asia,mid,0.00874442607164383,-0.025809261947870255,-0.017064835876226425,318.0
LINK,20250126,europe,calm,0.0169035866856575,-0.04825310409069061,-0.03134952113032341,608.0
LINK,20250126,europe,mid,0.005711113568395376,-0.017268359661102295,-0.011557244695723057,206.0
LINK,20250126,us,calm,0.013221698813140392,-0.05734553933143616,-0.04412383586168289,474.0
LINK,20250126,us,mid,0.032505929470062256,-0.09422345459461212,-0.06171751022338867,1036.0
LINK,20250126,us,stress,0.010393248870968819,-0.009920206852257252,0.0004730431828647852,298.0
LINK,20250201,asia,calm,0.00913360994309187,-0.03362499177455902,-0.024491384625434875,320.0
LINK,20250201,asia,mid,0.02161339856684208,-0.10697993636131287,-0.08536653965711594,752.0
LINK,20250201,asia,stress,0.0032223237212747335,-0.015927232801914215,-0.012704908847808838,99.0
LINK,20250201,europe,calm,0.007901106029748917,-0.02555692568421364,-0.017655817791819572,291.0
LINK,20250201,europe,mid,0.030507592484354973,-0.09092993289232254,-0.060422345995903015,1071.0
LINK,20250201,us,calm,0.004166907165199518,-0.0025125835090875626,0.0016543233068659902,111.0
LINK,20250201,us,mid,0.058047279715538025,-0.15467964112758636,-0.09663234651088715,1894.0
LINK,20250210,asia,calm,0.0006167024257592857,-0.004048164468258619,-0.0034314619842916727,22.0
LINK,20250210,asia,mid,0.04407649487257004,-0.11033765971660614,-0.0662611573934555,1304.0
LINK,20250210,asia,stress,0.019527709111571312,-0.09322625398635864,-0.07369854301214218,536.0
LINK,20250210,europe,calm,0.0022714354563504457,-0.010613318532705307,-0.008341881446540356,71.0
LINK,20250210,europe,mid,0.051162250339984894,-0.08212535828351974,-0.030963096767663956,1460.0
LINK,20250210,europe,stress,0.004211248364299536,-0.019864747300744057,-0.015653498470783234,113.0
LINK,20250210,us,calm,0.011740723624825478,-0.035503193736076355,-0.023762470111250877,367.0
LINK,20250210,us,mid,0.01984553597867489,-0.07179417461156845,-0.05194864049553871,630.0
LINK,20250219,asia,calm,0.013247864320874214,-0.04857344180345535,-0.03532557189464569,422.0
LINK,20250219,asia,mid,0.01674450933933258,-0.06803490221500397,-0.05129039287567139,528.0
LINK,20250219,europe,calm,0.014228018932044506,-0.045464664697647095,-0.031236646696925163,452.0
LINK,20250219,europe,mid,0.02603776380419731,-0.04578017815947533,-0.019742418080568314,791.0
LINK,20250219,us,calm,0.006623891182243824,-0.02489258348941803,-0.01826869323849678,210.0
LINK,20250219,us,mid,0.021795708686113358,-0.08024528622627258,-0.058449581265449524,676.0
LINK,20250228,asia,calm,0.0007992753526195884,-0.001231215544976294,-0.00043194027966819704,23.0
LINK,20250228,asia,mid,0.02756848931312561,-0.002081397920846939,0.02548709139227867,671.0
LINK,20250228,asia,stress,0.13154460489749908,-0.22562161087989807,-0.09407700598239899,2974.0
LINK,20250228,europe,mid,0.03831075504422188,-0.12493740022182465,-0.08662663400173187,954.0
LINK,20250228,europe,stress,0.05050196126103401,-0.04980091750621796,0.0007010423578321934,1226.0
LINK,20250228,us,calm,0.006732938811182976,-0.01945001259446144,-0.012717070057988167,190.0
LINK,20250228,us,mid,0.027221253141760826,-0.07777941226959229,-0.05055815726518631,725.0
LINK,20250306,asia,calm,0.0006380814011208713,-0.004845703486353159,-0.00420762225985527,21.0
LINK,20250306,asia,mid,0.058574460446834564,-0.18637287616729736,-0.1277984082698822,1860.0
LINK,20250306,asia,stress,0.019095715135335922,-0.0854838639497757,-0.06638814508914948,611.0
LINK,20250306,europe,mid,0.07017959654331207,-0.20092764496803284,-0.13074806332588196,2225.0
LINK,20250306,europe,stress,0.044459328055381775,-0.13653966784477234,-0.09208034723997116,1366.0
LINK,20250306,us,calm,0.00017607532208785415,-0.0011148256016895175,-0.0009387503960169852,6.0
LINK,20250306,us,mid,0.07020880281925201,-0.22966966032981873,-0.1594608575105667,2257.0
LINK,20250306,us,stress,0.006836886517703533,-0.013148574158549309,-0.0063116890378296375,192.0
LINK,20250315,asia,calm,0.022791558876633644,-0.055146828293800354,-0.032355278730392456,608.0
LINK,20250315,asia,mid,0.02145405299961567,-0.09386523067951202,-0.07241117209196091,546.0
LINK,20250315,europe,calm,0.024367453530430794,-0.07943263649940491,-0.05506518483161926,672.0
LINK,20250315,europe,mid,0.01194332167506218,-0.036429863423109055,-0.024486541748046875,323.0
LINK,20250315,us,calm,0.027984756976366043,-0.10702493786811829,-0.07904018461704254,756.0
LINK,20250315,us,mid,0.0013175320345908403,-0.007054535206407309,-0.005737003404647112,37.0
LINK,20250324,asia,calm,0.03072604537010193,-0.0590471550822258,-0.028321105986833572,852.0
LINK,20250324,asia,mid,0.012614632025361061,-0.02741105481982231,-0.014796420000493526,356.0
LINK,20250324,europe,calm,0.025676880031824112,-0.07502387464046478,-0.04934699460864067,752.0
LINK,20250324,europe,mid,0.012949792668223381,0.0077749621123075485,0.020724764093756676,350.0
LINK,20250324,us,calm,0.015174992382526398,-0.04655521735548973,-0.031380221247673035,437.0
LINK,20250324,us,mid,0.002289521973580122,-0.005661523900926113,-0.0033720023930072784,65.0
LINK,20250324,us,stress,0.003469134448096156,-0.009363490156829357,-0.0058943540789186954,95.0
LINK,20250330,asia,calm,0.010387270711362362,-0.031131181865930557,-0.02074391022324562,276.0
LINK,20250330,asia,mid,0.003765102941542864,-0.004202832002192736,-0.0004377302248030901,99.0
LINK,20250330,europe,calm,0.011394831351935863,-0.03486025333404541,-0.02346542291343212,301.0
LINK,20250330,europe,mid,0.008139548823237419,-0.005984882824122906,0.0021546627394855022,189.0
LINK,20250330,us,calm,0.00913503859192133,-0.006801099982112646,0.002333936747163534,214.0
LINK,20250330,us,mid,0.016438506543636322,-0.04838830232620239,-0.03194979950785637,412.0
LINK,20250408,asia,calm,0.0010279427515342832,-0.003683764021843672,-0.0026558206882327795,24.0
LINK,20250408,asia,mid,0.03365500271320343,-0.11080802977085114,-0.0771530345082283,761.0
LINK,20250408,europe,mid,0.04000096023082733,-0.10589644312858582,-0.06589547544717789,895.0
LINK,20250408,europe,stress,0.019481850787997246,-0.020886119455099106,-0.0014042742550373077,434.0
LINK,20250408,us,calm,0.001191555755212903,-0.0016061358619481325,-0.00041457987390458584,23.0
LINK,20250408,us,mid,0.03493821620941162,-0.15333184599876404,-0.11839361488819122,719.0
LINK,20250408,us,stress,0.03570117801427841,-0.004725322127342224,0.030975855886936188,747.0
LINK,20250417,asia,calm,0.01456771045923233,-0.04519626498222351,-0.03062855452299118,360.0
LINK,20250417,asia,mid,0.00048462097765877843,0.0014519637916237116,0.001936584711074829,12.0
LINK,20250417,europe,calm,0.012423387728631496,-0.02645789086818695,-0.014034505933523178,302.0
LINK,20250417,europe,mid,0.014423990622162819,-0.035641394555568695,-0.021217402070760727,336.0
LINK,20250417,us,calm,0.007434327155351639,-0.02358117885887623,-0.01614685170352459,180.0
LINK,20250417,us,mid,0.01585782691836357,-0.01768881268799305,-0.001830986700952053,372.0
LINK,20250426,asia,calm,0.013691091910004616,-0.039984144270420074,-0.026293057948350906,394.0
LINK,20250426,asia,mid,0.0025104067754000425,-0.011015583761036396,-0.008505177684128284,74.0
LINK,20250426,europe,calm,0.014059352688491344,-0.03948735073208809,-0.02542799897491932,412.0
LINK,20250426,europe,mid,0.009905271232128143,-0.02389775589108467,-0.013992483727633953,292.0
LINK,20250426,us,calm,0.009215317666530609,-0.01983228698372841,-0.010616972111165524,265.0
LINK,20250502,asia,calm,0.014800584875047207,-0.044836774468421936,-0.030036188662052155,421.0
LINK,20250502,asia,mid,0.000608661153819412,0.0011206481140106916,0.0017293092096224427,16.0
LINK,20250502,europe,calm,0.010966036468744278,-0.03103521279990673,-0.020069176331162453,310.0
LINK,20250502,europe,mid,0.013227812014520168,-0.04489527642726898,-0.03166746348142624,383.0
LINK,20250502,us,calm,0.016194485127925873,-0.05149734020233154,-0.03530285507440567,466.0
LINK,20250502,us,mid,0.0040134163573384285,-0.01402839832007885,-0.010014982894062996,117.0
LINK,20250511,asia,calm,0.0053603556007146835,-0.010467199608683586,-0.005106842145323753,168.0
LINK,20250511,asia,mid,0.02653942070901394,-0.1450079083442688,-0.11846849322319031,840.0
LINK,20250511,asia,stress,0.019318537786602974,-0.08682531118392944,-0.06750677525997162,608.0
LINK,20250511,europe,calm,0.010669315233826637,-0.036978840827941895,-0.026309523731470108,346.0
LINK,20250511,europe,mid,0.020649822428822517,-0.04867153242230415,-0.028021711856126785,638.0
LINK,20250511,us,calm,0.005863704718649387,-0.02347898855805397,-0.01761528290808201,189.0
LINK,20250511,us,mid,0.02178705297410488,-0.074312224984169,-0.052525170147418976,712.0
LINK,20250511,us,stress,0.00171303516253829,-0.013877691701054573,-0.012164655141532421,55.0
LINK,20250520,asia,calm,0.009559189900755882,-0.044196803122758865,-0.03463761508464813,293.0
LINK,20250520,asia,mid,0.026425648480653763,-0.10133634507656097,-0.07491068542003632,818.0
LINK,20250520,europe,calm,0.009982723742723465,-0.028754372149705887,-0.018771648406982422,302.0
LINK,20250520,europe,mid,0.0182589553296566,-0.07153661549091339,-0.05327766388654709,564.0
LINK,20250520,us,calm,0.011446746066212654,-0.02523070015013218,-0.0137839550152421,349.0
LINK,20250520,us,mid,0.019213903695344925,-0.08084182441234589,-0.06162792071700096,578.0
LINK,20250601,asia,calm,0.0149964839220047,-0.04868658259510994,-0.03369009867310524,412.0
LINK,20250601,asia,mid,0.002395557938143611,-0.010886972770094872,-0.008491414599120617,65.0
LINK,20250601,europe,calm,0.017768464982509613,-0.041206762194633484,-0.02343829721212387,488.0
LINK,20250601,europe,mid,0.004538696259260178,-0.020748209208250046,-0.016209512948989868,120.0
LINK,20250601,us,calm,0.01978534460067749,-0.052346959710121155,-0.032561611384153366,508.0
LINK,20250601,us,mid,0.0031304985750466585,-0.005768903996795416,-0.0026384051889181137,81.0
LINK,20250607,asia,calm,0.01329459436237812,-0.04406517744064331,-0.03077058494091034,360.0
LINK,20250607,europe,calm,0.01173017080873251,-0.045373547822237015,-0.03364337608218193,325.0
LINK,20250607,us,calm,0.008750318549573421,-0.028713151812553406,-0.01996283233165741,242.0
LINK,20250616,asia,calm,0.019406674429774284,-0.080495186150074,-0.06108851358294487,517.0
LINK,20250616,asia,mid,0.0025304551236331463,-0.005320434458553791,-0.002789979800581932,67.0
LINK,20250616,europe,calm,0.018233049660921097,-0.045367494225502014,-0.027134444564580917,498.0
LINK,20250616,europe,mid,0.005918601527810097,-0.01597929559648037,-0.010060693137347698,160.0
LINK,20250616,us,calm,0.02072794735431671,-0.07280731946229935,-0.052079375833272934,552.0
LINK,20250616,us,mid,0.013715560548007488,-0.02523951232433319,-0.011523954570293427,339.0
LINK,20250616,us,stress,0.004607777111232281,-0.003524948377162218,0.0010828288504853845,118.0
LINK,20250625,asia,calm,0.01742458902299404,-0.043714795261621475,-0.026290204375982285,459.0
LINK,20250625,asia,mid,0.001009534695185721,-0.0031447529327124357,-0.002135218121111393,27.0
LINK,20250625,europe,calm,0.015970628708600998,-0.03057035058736801,-0.01459971908479929,415.0
LINK,20250625,europe,mid,0.022386884316802025,-0.05764278024435043,-0.035255901515483856,568.0
LINK,20250625,us,calm,0.01648351363837719,-0.04518117010593414,-0.028697656467556953,426.0
LINK,20250625,us,mid,0.0012983090709894896,-0.004773782566189766,-0.00347547372803092,32.0
LINK,20250704,asia,calm,0.012509876862168312,-0.03821270912885666,-0.025702832266688347,334.0
LINK,20250704,europe,calm,0.015423291362822056,-0.03996402025222778,-0.024540729820728302,404.0
LINK,20250704,europe,mid,0.007787903305143118,-0.020688002929091454,-0.012900100089609623,197.0
LINK,20250704,europe,stress,0.006010476499795914,-0.018013300374150276,-0.012002823874354362,116.0
LINK,20250704,us,calm,0.013470062986016273,-0.03278565779328346,-0.01931559294462204,350.0
LINK,20250704,us,mid,0.005502537824213505,-0.01236794888973236,-0.006865410134196281,142.0
LINK,20250710,asia,calm,0.01603740267455578,-0.07358022034168243,-0.057542815804481506,450.0
LINK,20250710,asia,mid,0.0004910411662422121,-0.0009828447364270687,-0.0004918034537695348,14.0
LINK,20250710,asia,stress,0.007389160804450512,-0.041977886110544205,-0.03458872437477112,188.0
LINK,20250710,europe,calm,0.015205747447907925,-0.030893288552761078,-0.015687543898820877,431.0
LINK,20250710,europe,mid,0.0033268844708800316,-0.001120848348364234,0.0022060361225157976,94.0
LINK,20250710,us,calm,0.02387259341776371,-0.10029144585132599,-0.07641885429620743,660.0
LINK,20250710,us,mid,0.024048354476690292,0.013614049181342125,0.03766240179538727,612.0
LINK,20250710,us,stress,0.019939355552196503,-0.04425056278705597,-0.024311209097504616,399.0
LINK,20250719,asia,calm,0.009844610467553139,-0.044237639755010605,-0.03439302742481232,344.0
LINK,20250719,asia,mid,0.014601193368434906,-0.03814047574996948,-0.023539282381534576,469.0
LINK,20250719,europe,calm,0.016503991559147835,-0.06379251182079315,-0.047288522124290466,559.0
LINK,20250719,europe,mid,0.008240265771746635,-0.036368533968925476,-0.02812826633453369,281.0
LINK,20250719,us,calm,0.009400526061654091,-0.04463263601064682,-0.03523210808634758,329.0
LINK,20250719,us,mid,0.024092894047498703,-0.0787627100944519,-0.0546698123216629,827.0
LINK,20250727,asia,calm,0.021716337651014328,-0.0738954097032547,-0.05217907577753067,756.0
LINK,20250727,asia,mid,0.004263716749846935,-0.008464917540550232,-0.004201201722025871,151.0
LINK,20250727,europe,calm,0.02774440310895443,-0.08500149846076965,-0.05725710093975067,1010.0
LINK,20250727,europe,mid,0.0014907129807397723,-0.001034192624501884,0.0004565207054838538,51.0
LINK,20250727,us,calm,0.017766466364264488,-0.06238165497779846,-0.044615186750888824,644.0
LINK,20250727,us,mid,0.014360889792442322,-0.07036414742469788,-0.05600326508283615,527.0
LINK,20250730,asia,calm,0.018145307898521423,-0.06780737638473511,-0.049662068486213684,622.0
LINK,20250730,asia,mid,0.0010395513381808996,-0.0001517412019893527,0.0008878102526068687,36.0
LINK,20250730,europe,calm,0.009343329817056656,-0.026478171348571777,-0.01713484153151512,317.0
LINK,20250730,europe,mid,0.032128915190696716,-0.07579430937767029,-0.04366539418697357,989.0
LINK,20250730,us,calm,0.012862296774983406,-0.034271061420440674,-0.02140876092016697,408.0
LINK,20250730,us,mid,0.01845894381403923,-0.030608810484409332,-0.012149863876402378,576.0
LINK,20250730,us,stress,0.026008525863289833,-0.03314082324504852,-0.0071322983130812645,715.0
LINK,20250801,asia,calm,0.007842650637030602,-0.021610651165246964,-0.013768002390861511,256.0
LINK,20250801,asia,mid,0.03464892879128456,-0.11402799189090729,-0.07937906682491302,1094.0
LINK,20250801,asia,stress,0.018209902569651604,-0.09422150254249573,-0.07601160556077957,567.0
LINK,20250801,europe,calm,0.0060671414248645306,-0.012185401283204556,-0.006118261720985174,195.0
LINK,20250801,europe,mid,0.04073188081383705,-0.13080120086669922,-0.09006932377815247,1230.0
LINK,20250801,europe,stress,0.01801690086722374,-0.03144504502415657,-0.013428145088255405,547.0
LINK,20250801,us,calm,0.001855545211583376,-0.007358425296843052,-0.005502880550920963,50.0
LINK,20250801,us,mid,0.04328793287277222,-0.18029522895812988,-0.13700729608535767,1335.0
LINK,20250801,us,stress,0.013526605442166328,-0.052644260227680206,-0.039117664098739624,394.0
LINK,20250804,asia,calm,0.01655128225684166,-0.052256956696510315,-0.03570567071437836,540.0
LINK,20250804,asia,mid,3.068520163651556e-05,0.00018411120981909335,0.00021479639690369368,1.0
LINK,20250804,europe,calm,0.013802662491798401,-0.06139012426137924,-0.04758746176958084,448.0
LINK,20250804,europe,mid,0.021837405860424042,-0.054551370441913605,-0.032713960856199265,700.0
LINK,20250804,us,calm,0.016313625499606133,-0.05680017173290253,-0.040486544370651245,536.0
LINK,20250804,us,mid,0.005408941768109798,-0.01672041043639183,-0.011311467736959457,178.0
LINK,20250807,asia,calm,0.008383583277463913,-0.031490277498960495,-0.023106694221496582,270.0
LINK,20250807,europe,calm,0.018511954694986343,-0.08289080858230591,-0.06437885016202927,618.0
LINK,20250807,europe,mid,0.022958939895033836,-0.13356803357601166,-0.11060908436775208,779.0
LINK,20250807,europe,stress,0.0042385016568005085,-0.02927941083908081,-0.02504090964794159,135.0
LINK,20250807,us,calm,0.021654609590768814,-0.06947048753499985,-0.04781588166952133,758.0
LINK,20250807,us,mid,0.015049424953758717,-0.06382078677415848,-0.04877137020230293,497.0
LINK,20250810,asia,calm,0.0029207663610577583,-0.01001564972102642,-0.007094883359968662,119.0
LINK,20250810,asia,mid,0.055276185274124146,-0.19939304888248444,-0.1441168636083603,2256.0
LINK,20250810,asia,stress,0.02928106114268303,-0.054306510835886,-0.02502545155584812,1091.0
LINK,20250810,europe,calm,0.002216566586866975,-8.689239621162415e-05,0.0021296741906553507,93.0
LINK,20250810,europe,mid,0.04460715502500534,-0.2282596230506897,-0.18365246057510376,1753.0
LINK,20250810,europe,stress,0.02514544501900673,-0.06872501969337463,-0.04357956722378731,1029.0
LINK,20250810,us,calm,0.014824634417891502,-0.06059104949235916,-0.04576641321182251,585.0
LINK,20250810,us,mid,0.023328587412834167,-0.11125057935714722,-0.08792198449373245,865.0
LINK,20250810,us,stress,0.004571742378175259,-0.017215078696608543,-0.01264333538711071,173.0
LINK,20250812,asia,calm,0.016481174156069756,-0.08199696987867355,-0.06551580131053925,671.0
LINK,20250812,asia,mid,0.013155518099665642,-0.06332965195178986,-0.050174131989479065,534.0
LINK,20250812,europe,calm,0.013837824575603008,-0.04848823323845863,-0.03465040773153305,562.0
LINK,20250812,europe,mid,0.01778392866253853,0.002152007073163986,0.019935933873057365,510.0
LINK,20250812,europe,stress,0.15601453185081482,-0.431558758020401,-0.27554425597190857,5875.0
LINK,20250812,us,calm,0.006698510609567165,-0.016280602663755417,-0.009582090191543102,281.0
LINK,20250812,us,mid,0.060522377490997314,-0.2748337984085083,-0.2143114060163498,2489.0
LINK,20250812,us,stress,0.0176006481051445,-0.052358150482177734,-0.034757498651742935,737.0
LINK,20250815,asia,calm,0.022148817777633667,-0.08118946850299835,-0.059040654450654984,932.0
LINK,20250815,asia,mid,0.0074446965008974075,-0.012071456760168076,-0.004626760259270668,312.0
LINK,20250815,europe,calm,0.01954822614789009,-0.04890667647123337,-0.029358450323343277,827.0
LINK,20250815,europe,mid,0.04302716255187988,-0.15125760436058044,-0.10823044925928116,1559.0
LINK,20250815,europe,stress,0.019657235592603683,-0.03676218166947365,-0.017104942351579666,786.0
LINK,20250815,us,calm,0.014221400953829288,-0.06061813607811928,-0.046396732330322266,578.0
LINK,20250815,us,mid,0.023729104548692703,-0.07286210358142853,-0.049132995307445526,956.0
LINK,20250815,us,stress,0.004037173464894295,-0.017408832907676697,-0.013371657580137253,158.0
LINK,20250818,asia,calm,1.952552884176839e-05,-0.0005857658688910306,-0.0005662403418682516,1.0
LINK,20250818,asia,mid,0.06238730251789093,-0.22094044089317322,-0.15855315327644348,2775.0
LINK,20250818,asia,stress,0.08488593995571136,-0.28568947315216064,-0.2008034884929657,3376.0
LINK,20250818,europe,mid,0.05263741314411163,-0.19389526546001434,-0.1412578523159027,2351.0
LINK,20250818,europe,stress,0.07950703799724579,-0.20325332880020142,-0.12374630570411682,3395.0
LINK,20250818,us,mid,0.06521084904670715,-0.3033936023712158,-0.23818275332450867,2835.0
LINK,20250818,us,stress,0.04934154450893402,-0.09951750189065933,-0.05017595365643501,2128.0
LTC,20230724,asia,calm,0.003414178267121315,-0.01030283235013485,-0.0068886540830135345,63.0
LTC,20230724,europe,calm,0.010753098875284195,-0.05955604463815689,-0.048802945762872696,179.0
LTC,20230724,europe,mid,0.00916558038443327,-0.020334355533123016,-0.011168775148689747,121.0
LTC,20230724,europe,stress,0.0332568995654583,-0.11819586157798767,-0.08493895828723907,414.0
LTC,20230724,us,calm,0.002080966252833605,-0.007429009303450584,-0.005348042584955692,37.0
LTC,20230802,asia,calm,0.005039546638727188,-0.017943808808922768,-0.012904259376227856,91.0
LTC,20230802,asia,mid,0.004092718008905649,-0.007956060580909252,-0.003863343968987465,64.0
LTC,20230802,europe,calm,0.004785268101841211,-0.018699828535318375,-0.013914561830461025,87.0
LTC,20230802,europe,mid,0.01178373210132122,-0.007275690324604511,0.004508043639361858,176.0
LTC,20230802,europe,stress,0.013859584927558899,0.00011439016088843346,0.013973980210721493,203.0
LTC,20230802,us,calm,0.004733208101242781,-0.03197242692112923,-0.027239220216870308,73.0
LTC,20230802,us,mid,0.010041274130344391,-0.03526194766163826,-0.025220677256584167,136.0
LTC,20230802,us,stress,0.03567139431834221,-0.07207930088043213,-0.036407895386219025,342.0
LTC,20230808,asia,calm,0.002669920912012458,-0.010459200479090214,-0.00778927793726325,44.0
LTC,20230808,asia,mid,0.0009048852953128517,-0.001022052369080484,-0.00011716716107912362,14.0
LTC,20230808,europe,calm,0.005766449496150017,-0.01723463460803032,-0.011468186043202877,95.0
LTC,20230808,europe,mid,0.0006525931530632079,-0.0023667511995881796,-0.0017141579883173108,11.0
LTC,20230808,us,calm,0.01478990726172924,-0.022545436397194862,-0.007755526807159185,156.0
LTC,20230808,us,mid,0.0014732831623405218,-0.009294569492340088,-0.007821286097168922,25.0
LTC,20230817,asia,calm,0.002262130845338106,-0.004117708187550306,-0.0018555773422122002,34.0
LTC,20230817,asia,mid,0.004348267801105976,-0.016927659511566162,-0.01257939264178276,57.0
LTC,20230817,asia,stress,0.006752543151378632,-0.01963024027645588,-0.012877695262432098,78.0
LTC,20230817,europe,calm,0.0035344320349395275,-0.014231746084988117,-0.010697314515709877,46.0
LTC,20230817,europe,mid,0.013085593469440937,-0.07047215104103088,-0.05738655477762222,178.0
LTC,20230817,europe,stress,0.009619640186429024,-0.03839642554521561,-0.028776781633496284,126.0
LTC,20230817,us,calm,0.0008753578877076507,0.0016423098277300596,0.0025176675990223885,13.0
LTC,20230817,us,mid,0.009323564358055592,-0.01930907741189003,-0.009985511191189289,110.0
LTC,20230817,us,stress,0.3164570927619934,-1.9649903774261475,-1.6485331058502197,2718.0
LTC,20230826,asia,calm,0.0015348769957199693,-0.0035308569204062223,-0.001995980041101575,20.0
LTC,20230826,europe,calm,0.000688806758262217,-0.0016844307538121939,-0.000995623879134655,9.0
LTC,20230826,us,calm,0.0013839552411809564,-0.003228871151804924,-0.001844915677793324,16.0
LTC,20230904,asia,calm,0.0013205461436882615,-0.005130722187459469,-0.003810176160186529,17.0
LTC,20230904,europe,calm,0.002360507845878601,-0.007725126575678587,-0.005364618729799986,30.0
LTC,20230904,europe,mid,0.0007894213777035475,-0.0003086388751398772,0.0004807826189789921,10.0
LTC,20230904,us,calm,0.0022839035373181105,-0.004885174799710512,-0.002601271029561758,29.0
LTC,20230910,asia,calm,0.00273771770298481,-0.005021296441555023,-0.0022835794370621443,34.0
LTC,20230910,asia,mid,0.007155230734497309,-0.11209262907505035,-0.10493739694356918,76.0
LTC,20230910,asia,stress,0.016140572726726532,-0.025459349155426025,-0.009318767115473747,164.0
LTC,20230910,europe,calm,0.0018831684719771147,-0.0038258631248027086,-0.0019426948856562376,21.0
LTC,20230910,europe,mid,0.0032249619252979755,0.0024005139712244272,0.005625476129353046,35.0
LTC,20230910,us,calm,0.00502770347520709,-0.0050522321835160255,-2.4528446374461055e-05,60.0
LTC,20230910,us,mid,0.0005789033020846546,-0.004473053850233555,-0.003894150722771883,7.0
LTC,20230919,asia,calm,0.002402536803856492,-0.01395870465785265,-0.011556167155504227,32.0
LTC,20230919,asia,mid,0.0010463723447173834,-0.0025452107656747103,-0.0014988384209573269,14.0
LTC,20230919,europe,calm,0.005481879226863384,-0.008482830598950386,-0.0030009509064257145,74.0
LTC,20230919,europe,mid,0.0028681980911642313,-0.00987282581627369,-0.00700462656095624,39.0
LTC,20230919,us,calm,0.0027418516110628843,-0.00555057218298316,-0.0028087205719202757,36.0
LTC,20230919,us,mid,0.0007339029107242823,-0.0007339012227021158,1.6370904631912708e-09,10.0
LTC,20230928,asia,calm,0.0017317873425781727,-0.005665407050400972,-0.0039336197078228,22.0
LTC,20230928,europe,calm,0.0035013011656701565,-0.007582247257232666,-0.004080945625901222,45.0
LTC,20230928,europe,mid,0.001080213813111186,-0.001235918141901493,-0.00015570418327115476,12.0
LTC,20230928,us,calm,0.002076900564134121,-0.0032358025200664997,-0.001158901839517057,27.0
LTC,20230928,us,mid,0.0012268844293430448,-0.0036101711448282003,-0.0023832865990698338,15.0
LTC,20231007,asia,calm,0.0006831325008533895,-0.0013695862144231796,-0.0006864538881927729,9.0
LTC,20231007,europe,calm,0.00022841166355647147,-0.0004567541182041168,-0.00022834245464764535,3.0
LTC,20231007,us,calm,0.0005372063023969531,-0.0012277280911803246,-0.0006905217887833714,7.0
LTC,20231013,asia,calm,0.001141347805969417,-0.006023853551596403,-0.004882505163550377,14.0
LTC,20231013,asia,mid,0.00032654404640197754,-0.0006533812847919762,-0.0003268372383899987,4.0
LTC,20231013,europe,calm,0.0013808694202452898,-0.0034118567127734423,-0.002030987525358796,17.0
LTC,20231013,us,calm,0.0017870734445750713,-0.0055150724947452545,-0.003727998584508896,22.0
LTC,20231013,us,mid,0.0008069237228482962,0.0033705499954521656,0.004177473485469818,10.0
LTC,20231022,asia,calm,0.0024663861840963364,-0.00940293725579977,-0.006936551537364721,32.0
LTC,20231022,asia,mid,0.0059119826182723045,-0.024583762511610985,-0.018671777099370956,69.0
LTC,20231022,asia,stress,0.00031290421611629426,-0.0018797980155795813,-0.0015668940031901002,4.0
LTC,20231022,europe,calm,0.0014067707816138864,-0.005311376415193081,-0.00390460598282516,18.0
LTC,20231022,europe,mid,0.0020148688927292824,0.0004990403540432453,0.0025139085482805967,26.0
LTC,20231022,us,calm,0.002468324499204755,-0.001666216179728508,0.0008021086687222123,32.0
LTC,20231022,us,mid,0.0042815483175218105,-0.03181815147399902,-0.027536604553461075,53.0
LTC,20231022,us,stress,0.0008388629648834467,-0.0006181534845381975,0.0002207095385529101,11.0
LTC,20231031,asia,calm,0.003481789492070675,-0.016922689974308014,-0.013440899550914764,47.0
LTC,20231031,asia,mid,7.26163707440719e-05,0.0007261636783368886,0.0007987800636328757,1.0
LTC,20231031,europe,calm,0.0025812822859734297,-0.006438968237489462,-0.0038576857186853886,36.0
LTC,20231031,europe,mid,0.014067625626921654,-0.0265317652374506,-0.012464138679206371,188.0
LTC,20231031,europe,stress,0.005439577624201775,-0.012038649059832096,-0.006599072366952896,63.0
LTC,20231031,us,calm,0.004656999837607145,-0.020943213254213333,-0.01628621481359005,60.0
LTC,20231031,us,mid,0.0016016471199691296,-0.007716014515608549,-0.0061143673956394196,22.0
LTC,20231109,asia,calm,0.005593644455075264,-0.020882029086351395,-0.01528838463127613,83.0
LTC,20231109,asia,mid,0.0015462995506823063,-0.004296645522117615,-0.0027503459714353085,23.0
LTC,20231109,europe,calm,0.0034745768643915653,-0.005009068176150322,-0.001534491777420044,51.0
LTC,20231109,europe,mid,0.01623203232884407,-0.02838987484574318,-0.012157841585576534,223.0
LTC,20231109,europe,stress,0.008564310148358345,-0.040227439254522324,-0.03166313096880913,128.0
LTC,20231109,us,mid,0.021408231928944588,-0.0425596684217453,-0.021151438355445862,298.0
LTC,20231109,us,stress,0.10264844447374344,-0.4111534059047699,-0.30850496888160706,1062.0
LTC,20231115,asia,calm,0.003720097476616502,-0.011087285354733467,-0.00736718624830246,53.0
LTC,20231115,asia,mid,0.0017516608349978924,-0.004412519279867411,-0.002660858677700162,18.0
LTC,20231115,europe,calm,0.005482065491378307,-0.023293474689126015,-0.01781141199171543,79.0
LTC,20231115,us,calm,0.007127499207854271,-0.010231460444629192,-0.0031039598397910595,96.0
LTC,20231115,us,mid,0.0083155557513237,-0.022442983463406563,-0.014127420261502266,118.0
LTC,20231124,asia,calm,0.000933161354623735,-0.0032310765236616135,-0.0022979152854532003,12.0
LTC,20231124,europe,calm,0.006121773272752762,-0.015957560390233994,-0.009835787117481232,84.0
LTC,20231124,europe,mid,0.0007811164832673967,-0.0008509221952408552,-6.980577745707706e-05,11.0
LTC,20231124,us,calm,0.005377673078328371,-0.020607931539416313,-0.015230259858071804,66.0
LTC,20231124,us,mid,0.002261317567899823,-0.013557497411966324,-0.01129617914557457,29.0
LTC,20231203,asia,calm,0.0024236158933490515,-0.0069312467239797115,-0.004507630597800016,35.0
LTC,20231203,europe,calm,0.0037515589501708746,-0.017045501619577408,-0.01329394057393074,53.0
LTC,20231203,europe,mid,0.00125487195327878,0.0030990231316536665,0.004353894852101803,18.0
LTC,20231203,us,calm,0.004226822406053543,-0.013157110661268234,-0.008930288255214691,59.0
LTC,20231212,asia,calm,0.005477105733007193,-0.021709933876991272,-0.016232827678322792,75.0
LTC,20231212,europe,calm,0.00405382364988327,-0.012437327764928341,-0.008383503183722496,56.0
LTC,20231212,europe,mid,0.003322852775454521,-0.010022987611591816,-0.0067001343704760075,46.0
LTC,20231212,us,calm,0.006736684590578079,-0.018731700256466866,-0.011995015665888786,89.0
LTC,20231212,us,mid,0.0025084191001951694,-0.012513773515820503,-0.010005353949964046,33.0
LTC,20231218,asia,calm,0.0037467454094439745,-0.017600271850824356,-0.0138535276055336,51.0
LTC,20231218,asia,mid,0.0029059830121695995,-0.0054446253925561905,-0.0025386421475559473,36.0
LTC,20231218,europe,calm,0.005332005675882101,-0.017646118998527527,-0.012314111925661564,73.0
LTC,20231218,europe,mid,0.01496972143650055,-0.07163213193416595,-0.05666240304708481,156.0
LTC,20231218,europe,stress,0.0026077975053340197,-0.00012340705143287778,0.0024843900464475155,35.0
LTC,20231218,us,calm,0.0024176309816539288,-0.008404816500842571,-0.005987186450511217,34.0
LTC,20231227,asia,calm,0.004917411133646965,-0.016574248671531677,-0.011656840331852436,72.0
LTC,20231227,asia,mid,0.0023844582028687,-0.011025873012840748,-0.00864141620695591,29.0
LTC,20231227,europe,calm,0.0022662163246423006,-0.00580976577475667,-0.003543549682945013,31.0
LTC,20231227,europe,mid,0.022805746644735336,-0.06458210945129395,-0.04177636653184891,304.0
LTC,20231227,europe,stress,0.00649879639968276,-0.0010692556388676167,0.005429538898169994,82.0
LTC,20231227,us,calm,0.003908950369805098,-0.013665387406945229,-0.009756438434123993,55.0
LTC,20231227,us,mid,0.0031182486563920975,-0.011417821049690247,-0.008299572393298149,33.0
LTC,20231227,us,stress,0.0013991591986268759,-0.0040679629892110825,-0.0026688033249229193,18.0
LTC,20240105,asia,calm,0.002280386397615075,-0.0020124204456806183,0.0002679656899999827,28.0
LTC,20240105,asia,mid,0.013453527353703976,0.2897174656391144,0.30317097902297974,103.0
LTC,20240105,asia,stress,0.053189102560281754,-0.2823125123977661,-0.22912338376045227,293.0
LTC,20240105,europe,calm,0.0017495929496362805,-0.0034211173187941313,-0.0016715243691578507,22.0
LTC,20240105,europe,mid,0.022734295576810837,-0.052189357578754425,-0.029455073177814484,220.0
LTC,20240105,us,calm,0.0031903355848044157,-0.021210191771388054,-0.01801985874772072,39.0
LTC,20240105,us,mid,0.011801086366176605,-0.09623667597770691,-0.08443558216094971,127.0
LTC,20240105,us,stress,0.003395517822355032,-0.013754814863204956,-0.010359296575188637,31.0
LTC,20240111,asia,calm,0.005575562361627817,-0.017630526795983315,-0.01205496583133936,75.0
LTC,20240111,asia,mid,0.008802535943686962,-0.02849792316555977,-0.019695386290550232,118.0
LTC,20240111,asia,stress,0.00028633870533667505,-0.0014342025388032198,-0.0011478639207780361,4.0
LTC,20240111,europe,calm,0.003645847085863352,-0.012095596641302109,-0.00844974908977747,51.0
LTC,20240111,europe,mid,0.05751835182309151,-0.16362932324409485,-0.10611097514629364,565.0
LTC,20240111,europe,stress,0.018032917752861977,-0.029775112867355347,-0.011742200702428818,228.0
LTC,20240111,us,calm,0.0069039445370435715,-0.028062058612704277,-0.021158115938305855,89.0
LTC,20240111,us,mid,0.005601192824542522,-0.008011934347450733,-0.0024107417557388544,73.0
LTC,20240111,us,stress,0.020774945616722107,-0.08857056498527527,-0.06779560446739197,179.0
LTC,20240120,asia,calm,0.0078012580052018166,-0.01675625890493393,-0.008955001831054688,98.0
LTC,20240120,asia,mid,0.00786331482231617,-0.026858698576688766,-0.018995383754372597,100.0
LTC,20240120,europe,calm,0.0050478787161409855,-0.00899410992860794,-0.003946231212466955,64.0
LTC,20240120,europe,mid,0.0007680074195377529,-0.002372858813032508,-0.0016048512188717723,11.0
LTC,20240120,us,calm,0.004578732885420322,-0.008795216679573059,-0.004216483328491449,59.0
LTC,20240120,us,mid,0.0005641854950226843,-0.0020482195541262627,-0.0014840341173112392,5.0
LTC,20240129,asia,calm,0.003387516364455223,-0.010701454244554043,-0.007313937414437532,45.0
LTC,20240129,europe,calm,0.009060602635145187,-0.02554411068558693,-0.01648350991308689,118.0
LTC,20240129,europe,mid,0.0005190185620449483,0.00029702141182497144,0.0008160399156622589,7.0
LTC,20240129,us,calm,0.013923576101660728,-0.03901189565658569,-0.025088317692279816,186.0
LTC,20240129,us,mid,0.0016069946577772498,-0.008105511777102947,-0.006498516537249088,21.0
LTC,20240207,asia,calm,0.002870254684239626,-0.004926868714392185,-0.002056614262983203,36.0
LTC,20240207,europe,calm,0.0025742454454302788,-0.005591754801571369,-0.0030175093561410904,33.0
LTC,20240207,us,calm,0.004822896793484688,-0.012003676034510136,-0.007180779241025448,61.0
LTC,20240213,asia,calm,0.004754210356622934,-0.01693485677242279,-0.012180647812783718,69.0
LTC,20240213,europe,calm,0.007026368286460638,-0.011299612931907177,-0.004273244645446539,81.0
LTC,20240213,europe,mid,0.0314183346927166,-0.09186286479234695,-0.06044451892375946,357.0
LTC,20240213,europe,stress,0.016275901347398758,0.018086552619934082,0.03436245769262314,192.0
LTC,20240213,us,calm,0.007564361672848463,-0.013241199776530266,-0.005676838103681803,104.0
LTC,20240213,us,mid,0.006847914308309555,-0.0045519801788032055,0.002295935293659568,94.0
LTC,20240222,asia,calm,0.005108806304633617,-0.017483055591583252,-0.012374251149594784,69.0
LTC,20240222,europe,calm,0.009828093461692333,-0.035436563193798065,-0.025608468800783157,130.0
LTC,20240222,europe,mid,0.0028738786932080984,-0.0035221262369304895,-0.0006482474855147302,21.0
LTC,20240222,europe,stress,0.0012213216396048665,-0.007039894815534353,-0.005818572826683521,17.0
LTC,20240222,us,calm,0.005486519541591406,-0.01214129664003849,-0.006654778495430946,76.0
LTC,20240222,us,mid,0.0007964355172589421,7.100003131199628e-05,0.0008674354758113623,11.0
LTC,20240222,us,stress,0.00094534398522228,-0.004218109417706728,-0.0032727650832384825,5.0
LTC,20240302,asia,calm,0.001414847793057561,0.0013498282060027122,0.0027646757662296295,21.0
LTC,20240302,asia,mid,0.029450740665197372,-0.09908966720104218,-0.0696389228105545,491.0
LTC,20240302,asia,stress,0.019778525456786156,-0.06108587980270386,-0.04130735248327255,325.0
LTC,20240302,europe,calm,0.00022385205375030637,0.002680121688172221,0.0029039736837148666,4.0
LTC,20240302,europe,mid,0.04425623640418053,-0.2054183930158615,-0.1611621379852295,766.0
LTC,20240302,europe,stress,0.009913496673107147,-0.008789047598838806,0.0011244509369134903,172.0
LTC,20240302,us,calm,0.00380747951567173,-0.013210196979343891,-0.009402715601027012,68.0
LTC,20240302,us,mid,0.019340112805366516,-0.02514786832034588,-0.005807762965559959,343.0
LTC,20240302,us,stress,0.002455774461850524,-0.006873035803437233,-0.004417262505739927,45.0
LTC,20240311,asia,calm,0.00667467201128602,-0.020303472876548767,-0.013628803193569183,115.0
LTC,20240311,asia,mid,0.03853874281048775,-0.007346866652369499,0.031191878020763397,522.0
LTC,20240311,asia,stress,0.037293851375579834,-0.028486791998147964,0.00880706962198019,458.0
LTC,20240311,europe,mid,0.05177650228142738,-0.1366618573665619,-0.08488535135984421,921.0
LTC,20240311,europe,stress,0.09631142020225525,-0.17750459909439087,-0.08119317889213562,1302.0
LTC,20240311,us,calm,0.007314621936529875,-0.02685937099158764,-0.019544748589396477,130.0
LTC,20240311,us,mid,0.030465804040431976,-0.09038755297660828,-0.0599217563867569,592.0
LTC,20240311,us,stress,0.06833913922309875,-0.17832207679748535,-0.109982930123806,1129.0
LTC,20240317,asia,calm,0.002217194065451622,-0.0029356786981225014,-0.0007184847490862012,37.0
LTC,20240317,asia,mid,0.019547000527381897,-0.03092004358768463,-0.01137304212898016,320.0
LTC,20240317,asia,stress,0.014742063358426094,-0.04124525189399719,-0.026503190398216248,219.0
LTC,20240317,europe,calm,0.0020875015761703253,-0.004224638920277357,-0.002137137344107032,36.0
LTC,20240317,europe,mid,0.024262359365820885,-0.0666232705116272,-0.04236091300845146,405.0
LTC,20240317,us,calm,0.006443105172365904,-0.01920301467180252,-0.012759909965097904,107.0
LTC,20240317,us,mid,0.004984240047633648,-0.013637547381222248,-0.008653305470943451,84.0
LTC,20240326,asia,calm,0.00800018385052681,-0.03457718342542648,-0.026577001437544823,145.0
LTC,20240326,asia,mid,0.00011031439498765394,-0.000992835615761578,-0.0008825212717056274,2.0
LTC,20240326,europe,calm,0.010389512404799461,-0.03039143979549408,-0.020001929253339767,179.0
LTC,20240326,europe,mid,0.022283460944890976,-0.04410524293780327,-0.021821781992912292,342.0
LTC,20240326,europe,stress,0.0005039977841079235,-0.002408442785963416,-0.0019044450018554926,8.0
LTC,20240326,us,calm,0.00208815629594028,-0.008078565821051598,-0.005990409757941961,35.0
LTC,20240326,us,mid,0.028130821883678436,-0.10633845627307892,-0.07820763438940048,459.0
LTC,20240326,us,stress,0.09240343421697617,-0.1117718294262886,-0.01936838962137699,1499.0
LTC,20240404,asia,mid,0.021299947053194046,-0.07574634253978729,-0.054446395486593246,389.0
LTC,20240404,asia,stress,0.01834377646446228,-0.06973916292190552,-0.051395393908023834,288.0
LTC,20240404,europe,calm,0.0011009793961420655,0.0026613313239067793,0.0037623103708028793,21.0
LTC,20240404,europe,mid,0.032220080494880676,-0.07050447911024094,-0.03828439861536026,563.0
LTC,20240404,europe,stress,0.01208610087633133,-0.01897190324962139,-0.006885802373290062,190.0
LTC,20240404,us,calm,0.006641377229243517,-0.02607223205268383,-0.019430851563811302,122.0
LTC,20240404,us,mid,0.017705990001559258,-0.026813555508852005,-0.009107564575970173,325.0
LTC,20240404,us,stress,0.0033795598428696394,0.0020823772065341473,0.005461936350911856,63.0
LTC,20240413,asia,calm,0.001690177945420146,-0.009560057893395424,-0.007869879715144634,29.0
LTC,20240413,asia,mid,0.018437113612890244,-0.06053724139928818,-0.042100127786397934,294.0
LTC,20240413,asia,stress,0.004880750086158514,-0.017187021672725677,-0.012306271120905876,77.0
LTC,20240413,europe,calm,0.006955512799322605,-0.017093475908041,-0.01013796404004097,107.0
LTC,20240413,europe,mid,0.005948780570179224,-0.01283830963075161,-0.006889527663588524,87.0
LTC,20240413,us,mid,0.011200392618775368,-0.016580957919359207,-0.005380567163228989,168.0
LTC,20240413,us,stress,0.7333964109420776,-2.270275592803955,-1.536879062652588,6124.0
LTC,20240419,asia,calm,0.008048076182603836,-0.01822064071893692,-0.010172564536333084,125.0
LTC,20240419,asia,mid,0.03346177935600281,-0.06865664571523666,-0.03519486263394356,470.0
LTC,20240419,asia,stress,0.026233399286866188,-0.06917783617973328,-0.04294443875551224,385.0
LTC,20240419,europe,calm,0.014627702534198761,-0.03559478744864464,-0.020967086777091026,214.0
LTC,20240419,europe,mid,0.004453293047845364,-0.010330861434340477,-0.005877567920833826,68.0
LTC,20240419,us,calm,0.01180253829807043,-0.018927598372101784,-0.007125058211386204,172.0
LTC,20240419,us,mid,0.0046656159684062,-0.01857798919081688,-0.01391237135976553,71.0
LTC,20240428,asia,calm,0.008330060169100761,-0.031047649681568146,-0.022717591375112534,133.0
LTC,20240428,europe,calm,0.006206912454217672,-0.02359466440975666,-0.017387747764587402,100.0
LTC,20240428,us,calm,0.009376402013003826,-0.02346525900065899,-0.014088856056332588,155.0
LTC,20240428,us,mid,0.0027911588549613953,-0.013041503727436066,-0.01025034487247467,44.0
LTC,20240507,asia,calm,0.00837823748588562,-0.008633515797555447,-0.00025527895195409656,122.0
LTC,20240507,asia,mid,0.0006850219215266407,-0.0034904517233371735,-0.0028054295107722282,11.0
LTC,20240507,europe,calm,0.01415029726922512,-0.03156474605202675,-0.017414448782801628,221.0
LTC,20240507,us,calm,0.008199854753911495,-0.029810484498739243,-0.021610630676150322,127.0
LTC,20240507,us,mid,0.0005586196784861386,-0.0017981999553740025,-0.0012395801022648811,9.0
LTC,20240516,asia,calm,0.004431629087775946,-0.015373115427792072,-0.010941487736999989,66.0
LTC,20240516,europe,calm,0.00841933861374855,-0.0027804786805063486,0.005638856440782547,125.0
LTC,20240516,europe,mid,0.0008561452850699425,5.8102988987229764e-05,0.0009142483468167484,13.0
LTC,20240516,us,calm,0.00563976401463151,-0.012735613621771336,-0.007095848675817251,89.0
LTC,20240522,asia,calm,0.006476826034486294,-0.011829273775219917,-0.0053524477407336235,90.0
LTC,20240522,asia,mid,0.0017373582813888788,-0.011000951752066612,-0.009263592772185802,30.0
LTC,20240522,europe,calm,0.008668183349072933,-0.020692046731710434,-0.012023862451314926,142.0
LTC,20240522,europe,mid,0.006922828033566475,0.004572998732328415,0.011495830491185188,80.0
LTC,20240522,europe,stress,0.0002911276533268392,0.0005816454067826271,0.0008727731183171272,5.0
LTC,20240522,us,calm,0.009157098829746246,-0.004573236219584942,0.00458386167883873,142.0
LTC,20240522,us,mid,0.004404725506901741,-0.015180684626102448,-0.010775958187878132,50.0
LTC,20240531,asia,calm,0.004097646567970514,-0.01206738781183958,-0.007969740778207779,66.0
LTC,20240531,europe,calm,0.008406228385865688,-0.008023926056921482,0.00038230145582929254,130.0
LTC,20240531,us,calm,0.005540080834180117,-0.021997569128870964,-0.016457488760352135,87.0
LTC,20240531,us,mid,0.0007285769679583609,-0.001698279520496726,-0.0009697024361230433,12.0
LTC,20240609,asia,calm,0.0023184947203844786,-0.007769995369017124,-0.005451500415802002,37.0
LTC,20240609,europe,calm,0.0022459891624748707,-0.004244305659085512,-0.001998316729441285,36.0
LTC,20240609,us,calm,0.0011177898850291967,-0.0029821882490068674,-0.001864398131147027,18.0
LTC,20240618,asia,calm,0.006870900746434927,-0.015721190720796585,-0.008850288577377796,99.0
LTC,20240618,asia,mid,0.015385553240776062,0.00016034673899412155,0.015545905567705631,180.0
LTC,20240618,asia,stress,0.1290636956691742,-0.2241995930671692,-0.09513591229915619,1134.0
LTC,20240618,europe,calm,0.005584774538874626,-0.017783137038350105,-0.012198363430798054,77.0
LTC,20240618,europe,mid,0.01317999605089426,-0.04057690128684044,-0.027396902441978455,188.0
LTC,20240618,us,calm,0.006829689722508192,-0.016894837841391563,-0.010065147653222084,94.0
LTC,20240618,us,mid,0.005908304825425148,-0.016219140961766243,-0.010310832411050797,68.0
LTC,20240624,asia,calm,0.010246207006275654,-0.04263355955481529,-0.032387349754571915,143.0
LTC,20240624,asia,mid,0.00423672329634428,-0.013927266001701355,-0.009690542705357075,59.0
LTC,20240624,europe,calm,0.01137363351881504,-0.03446514904499054,-0.02309151366353035,153.0
LTC,20240624,europe,mid,0.015847234055399895,-0.03535555303096771,-0.019508322700858116,127.0
LTC,20240624,europe,stress,0.015339560806751251,-0.026972820982336998,-0.011633254587650299,163.0
LTC,20240624,us,calm,0.006889638490974903,-0.02287083864212036,-0.015981202945113182,94.0
LTC,20240624,us,mid,0.011984523385763168,-0.056700605899095535,-0.04471608251333237,154.0
LTC,20240703,asia,calm,0.010424844920635223,-0.020723538473248482,-0.010298692621290684,147.0
LTC,20240703,asia,mid,0.0009320868412032723,0.000529944896697998,0.0014620318543165922,12.0
LTC,20240703,europe,calm,0.017814159393310547,-0.029942719265818596,-0.012128560803830624,235.0
LTC,20240703,europe,mid,0.004252113401889801,-0.01850011572241783,-0.01424800232052803,58.0
LTC,20240703,us,calm,0.014492322690784931,-0.03958702087402344,-0.02509469725191593,190.0
LTC,20240703,us,mid,0.004066453315317631,0.005248473957180977,0.009314927272498608,51.0
LTC,20240712,asia,calm,0.006027850788086653,-0.01166929118335247,-0.005641440860927105,80.0
LTC,20240712,asia,mid,0.0008944091969169676,-0.004324539564549923,-0.0034301304258406162,12.0
LTC,20240712,europe,calm,0.009693306870758533,-0.01224556751549244,-0.002552259247750044,112.0
LTC,20240712,europe,mid,0.008126307278871536,-0.006015421357005835,0.0021108854562044144,99.0
LTC,20240712,us,calm,0.00746407313272357,-0.014718811959028244,-0.007254738826304674,100.0
LTC,20240721,asia,calm,0.0011668038787320256,-0.003982998430728912,-0.002816194435581565,17.0
LTC,20240721,europe,calm,0.002390639390796423,-0.002675890689715743,-0.0002852516481652856,33.0
LTC,20240721,us,calm,0.0051895128563046455,-0.001601550029590726,0.003587962593883276,75.0
LTC,20240721,us,mid,0.0071207149885594845,-0.027796627953648567,-0.020675908774137497,91.0
LTC,20240721,us,stress,0.0010379970772191882,-0.0022172280587255955,-0.0011792306322604418,15.0
LTC,20240727,asia,calm,0.0014726780354976654,-0.0025252557825297117,-0.0010525778634473681,21.0
LTC,20240727,asia,mid,7.013114372966811e-05,-0.00028052457491867244,-0.00021039343846496195,1.0
LTC,20240727,europe,calm,0.0038389284163713455,-0.008234355598688126,-0.0043954262509942055,55.0
LTC,20240727,us,calm,0.002649140078574419,-3.398628905415535e-05,0.0026151533238589764,38.0
LTC,20240727,us,mid,0.006402741651982069,-0.020406872034072876,-0.014004130847752094,89.0
LTC,20240727,us,stress,0.004345928318798542,-0.008268523029983044,-0.003922595176845789,54.0
LTC,20240805,asia,mid,0.00192974042147398,-0.009642582386732101,-0.0077128419652581215,24.0
LTC,20240805,asia,stress,0.5483729839324951,-0.771912693977356,-0.22353968024253845,3806.0
LTC,20240805,europe,stress,0.1522654891014099,-0.34898436069488525,-0.19671884179115295,1421.0
LTC,20240805,us,calm,0.00017820547509472817,2.5401823222637177e-07,0.00017845956608653069,2.0
LTC,20240805,us,mid,0.011641738004982471,-0.03516964614391327,-0.023527907207608223,128.0
LTC,20240805,us,stress,0.026872478425502777,-0.02714708261191845,-0.0002746041864156723,289.0
LTC,20240814,asia,calm,0.008103392086923122,-0.01603724993765354,-0.00793385785073042,103.0
LTC,20240814,europe,calm,0.014209982007741928,-0.01981915906071663,-0.005609177052974701,164.0
LTC,20240814,europe,mid,0.020578494295477867,-0.05900007113814354,-0.03842157870531082,257.0
LTC,20240814,us,calm,0.009040044620633125,-0.03187735378742218,-0.022837309166789055,115.0
LTC,20240814,us,mid,0.0041521769016981125,-0.015048849396407604,-0.010896674357354641,52.0
LTC,20240820,asia,calm,0.00694704707711935,-0.02576388418674469,-0.018816838040947914,93.0
LTC,20240820,asia,mid,0.000673412112519145,-0.003367749275639653,-0.002694337163120508,8.0
LTC,20240820,europe,calm,0.010134128853678703,-0.023921499028801918,-0.013787368312478065,131.0
LTC,20240820,europe,mid,0.012256687507033348,-0.017658021301031113,-0.005401331465691328,135.0
LTC,20240820,us,calm,0.007221454754471779,-0.01903144083917141,-0.01180998608469963,92.0
LTC,20240820,us,mid,0.004636284429579973,-0.005063640419393778,-0.00042735578608699143,57.0
LTC,20240829,asia,calm,0.005810486618429422,-0.01615046337246895,-0.010339975357055664,72.0
LTC,20240829,europe,calm,0.009904546663165092,-0.021646618843078613,-0.011742071248590946,122.0
LTC,20240829,us,calm,0.0109300147742033,-0.020462755113840103,-0.009532740339636803,133.0
LTC,20240829,us,mid,0.03908548131585121,-0.09028144925832748,-0.05119597166776657,461.0
LTC,20240907,asia,calm,0.009071952663362026,-0.012846014462411404,-0.00377406133338809,114.0
LTC,20240907,asia,mid,0.002300228690728545,-0.009053661487996578,-0.006753432564437389,27.0
LTC,20240907,europe,calm,0.0045769731514155865,-0.010404430329799652,-0.005827456712722778,58.0
LTC,20240907,europe,mid,0.0005560163990594447,0.00031584498356096447,0.0008718612953089178,7.0
LTC,20240907,us,calm,0.0060241445899009705,-0.014534655958414078,-0.008510511368513107,74.0
LTC,20240916,asia,calm,0.004773373249918222,-0.011939394287765026,-0.007166020572185516,60.0
LTC,20240916,asia,mid,7.912018190836534e-05,0.00047472110600210726,0.0005538412951864302,1.0
LTC,20240916,europe,calm,0.005953474901616573,-0.011915216222405434,-0.005961741786450148,75.0
LTC,20240916,us,calm,0.004730356391519308,-0.011058387346565723,-0.006328031420707703,59.0
LTC,20240922,asia,calm,0.0034331781789660454,-0.007921970449388027,-0.004488791339099407,44.0
LTC,20240922,europe,calm,0.004546266980469227,-0.008051838725805283,-0.0035055719781666994,60.0
LTC,20240922,us,calm,0.007558515761047602,-0.017280681058764458,-0.009722166694700718,96.0
LTC,20240922,us,mid,0.0037644742988049984,-0.008845631033182144,-0.005081156734377146,51.0
LTC,20241001,asia,calm,0.006129186134785414,-0.01111368928104639,-0.004984504077583551,83.0
LTC,20241001,europe,calm,0.0056932843290269375,-0.016428343951702118,-0.010735057294368744,75.0
LTC,20241001,europe,mid,0.020554261282086372,-0.074966661632061,-0.05441239848732948,253.0
LTC,20241001,europe,stress,0.0057197269052267075,-0.025733353570103645,-0.02001362293958664,71.0
LTC,20241001,us,calm,0.0026844730600714684,-0.012157497927546501,-0.009473024867475033,34.0
LTC,20241001,us,mid,0.028478732332587242,-0.0936640202999115,-0.0651852935552597,345.0
LTC,20241001,us,stress,0.009937494061887264,-0.04325145110487938,-0.03331395238637924,122.0
LTC,20241010,asia,calm,0.002007485833019018,-0.004948998801410198,-0.00294151296839118,24.0
LTC,20241010,europe,calm,0.005980760790407658,-0.013198631815612316,-0.007217871956527233,77.0
LTC,20241010,europe,mid,0.0011700823670253158,-0.001403017551638186,-0.00023293509730137885,15.0
LTC,20241010,us,calm,0.005618065129965544,-0.008726738393306732,-0.003108674194663763,70.0
LTC,20241010,us,mid,0.0023597925901412964,-0.0059555997140705585,-0.003595807123929262,30.0
LTC,20241019,asia,calm,0.00595270236954093,-0.013411656953394413,-0.0074589550495147705,84.0
LTC,20241019,asia,mid,6.766357546439394e-05,0.0002706543018575758,0.00033831788459792733,1.0
LTC,20241019,europe,calm,0.00965018942952156,-0.027775008231401443,-0.018124816939234734,142.0
LTC,20241019,europe,mid,0.0018496655393391848,-0.00336444191634655,-0.0015147763770073652,27.0
LTC,20241019,us,calm,0.006062611471861601,-0.015794336795806885,-0.009731725789606571,91.0
LTC,20241025,asia,calm,0.007447634357959032,-0.01764625869691372,-0.010198620148003101,103.0
LTC,20241025,europe,calm,0.009680237621068954,-0.0228281207382679,-0.013147883117198944,137.0
LTC,20241025,us,calm,0.010692603886127472,-0.015231866389513016,-0.004539262969046831,148.0
LTC,20241025,us,mid,0.022825978696346283,-0.06571492552757263,-0.042888954281806946,306.0
LTC,20241025,us,stress,0.017955869436264038,0.03599415719509125,0.053950026631355286,201.0
LTC,20241103,asia,calm,0.004167930223047733,-0.008769136853516102,-0.0046012066304683685,55.0
LTC,20241103,asia,mid,0.005180540028959513,-0.008019935339689255,-0.0028393941465765238,70.0
LTC,20241103,europe,calm,0.0034850516822189093,-0.009127845987677574,-0.005642793606966734,46.0
LTC,20241103,europe,mid,0.012666242197155952,-0.018242904916405678,-0.005576662719249725,161.0
LTC,20241103,us,calm,0.007435964420437813,-0.01665755920112133,-0.009221594780683517,98.0
LTC,20241103,us,mid,0.003330516628921032,-0.012410872615873814,-0.009080358780920506,44.0
LTC,20241112,asia,mid,0.054894350469112396,-0.14774084091186523,-0.09284649789333344,707.0
LTC,20241112,asia,stress,0.016878046095371246,-0.08622501790523529,-0.06934697180986404,236.0
LTC,20241112,europe,mid,0.01941974088549614,-0.024894874542951584,-0.005475134588778019,279.0
LTC,20241112,europe,stress,0.15724003314971924,-0.23730529844760895,-0.08006526529788971,2090.0
LTC,20241112,us,calm,0.0007682653376832604,-0.001914363238029182,-0.0011460981331765652,10.0
LTC,20241112,us,mid,0.0311149749904871,-0.07814756035804749,-0.047032587230205536,452.0
LTC,20241112,us,stress,0.012254267930984497,-0.006873337086290121,0.005380930379033089,163.0
LTC,20241121,asia,calm,0.0031987163238227367,-0.0055562653578817844,-0.0023575490340590477,50.0
LTC,20241121,asia,mid,0.06901123374700546,-0.16288337111473083,-0.09387212246656418,1066.0
LTC,20241121,asia,stress,0.05203647539019585,-0.20352068543434143,-0.15148422122001648,770.0
LTC,20241121,europe,mid,0.09842053055763245,-0.2595592141151428,-0.16113869845867157,1598.0
LTC,20241121,europe,stress,0.031101219356060028,-0.0595090314745903,-0.028407812118530273,464.0
LTC,20241121,us,calm,0.015023513697087765,-0.031165849417448044,-0.016142334789037704,225.0
LTC,20241121,us,mid,0.03292438015341759,-0.06499595940113068,-0.032071568071842194,511.0
LTC,20241121,us,stress,0.00016933531151153147,-0.00203236797824502,-0.001863032695837319,3.0
LTC,20241127,asia,calm,0.00450320728123188,-0.00602947361767292,-0.0015262662200257182,67.0
LTC,20241127,asia,mid,0.05339572951197624,-0.12861812114715576,-0.07522239536046982,829.0
LTC,20241127,europe,calm,0.008309178054332733,-0.011838563717901707,-0.00352938543073833,125.0
LTC,20241127,europe,mid,0.0607326440513134,-0.13086897134780884,-0.07013632357120514,915.0
LTC,20241127,us,calm,0.027724070474505424,-0.08883986622095108,-0.061115797609090805,437.0
LTC,20241127,us,mid,0.03614554554224014,-0.07433508336544037,-0.038189537823200226,563.0
LTC,20241206,asia,calm,0.0034175466280430555,-0.009235593490302563,-0.0058180466294288635,66.0
LTC,20241206,asia,mid,0.04953659325838089,-0.1521529257297516,-0.1026163324713707,1023.0
LTC,20241206,asia,stress,0.028440367430448532,-0.07611417770385742,-0.04767381027340889,564.0
LTC,20241206,europe,mid,0.10447923839092255,-0.10292521119117737,0.0015540402382612228,1970.0
LTC,20241206,europe,stress,0.008508600294589996,-0.032858606427907944,-0.024350006133317947,149.0
LTC,20241206,us,calm,0.017665542662143707,-0.06271080672740936,-0.04504526033997536,415.0
LTC,20241206,us,mid,0.07287350296974182,-0.21870240569114685,-0.14582890272140503,1579.0
LTC,20241215,asia,calm,0.01735011115670204,-0.05755063146352768,-0.04020053148269653,336.0
LTC,20241215,asia,mid,0.019655056297779083,-0.05052316188812256,-0.030868109315633774,393.0
LTC,20241215,europe,calm,0.012391166761517525,-0.03079630807042122,-0.018405139446258545,244.0
LTC,20241215,europe,mid,0.014213398098945618,-0.0355902723968029,-0.021376874297857285,275.0
LTC,20241215,us,calm,0.016246557235717773,-0.0454733669757843,-0.02922680974006653,319.0
LTC,20241215,us,mid,0.027972837910056114,-0.03605136275291443,-0.008078522980213165,514.0
LTC,20241215,us,stress,0.0023135938681662083,-0.007187237497419119,-0.004873643629252911,44.0
LTC,20241224,asia,calm,0.010425515472888947,-0.035314206033945084,-0.024888688698410988,173.0
LTC,20241224,asia,mid,0.009651700966060162,-0.03193178400397301,-0.02228008210659027,176.0
LTC,20241224,europe,calm,0.00845387950539589,-0.014935821294784546,-0.006481940858066082,138.0
LTC,20241224,europe,mid,0.02872675284743309,-0.052926525473594666,-0.024199772626161575,465.0
LTC,20241224,us,calm,0.016603488475084305,-0.01975557580590248,-0.0031520891934633255,263.0
LTC,20241224,us,mid,0.014563733711838722,-0.020755551755428314,-0.00619181664660573,242.0
LTC,20241230,asia,calm,0.009863018058240414,-0.01620597019791603,-0.006342951208353043,164.0
LTC,20241230,asia,mid,0.011589748784899712,-0.04525873064994812,-0.03366897627711296,189.0
LTC,20241230,europe,calm,0.010439896024763584,-0.015506306663155556,-0.005066409707069397,164.0
LTC,20241230,europe,mid,0.02709994651377201,-0.04033108428120613,-0.013231140561401844,436.0
LTC,20241230,us,calm,0.009889247827231884,-0.026460733264684677,-0.016571486368775368,174.0
LTC,20241230,us,mid,0.03510644659399986,-0.05400524660944939,-0.018898801878094673,511.0
LTC,20241230,us,stress,0.003397301770746708,-0.012568638660013676,-0.009171337820589542,47.0
LTC,20250108,asia,calm,0.006116368342190981,-0.004916801583021879,0.0011995668755844235,105.0
LTC,20250108,asia,mid,0.021830450743436813,-0.047472596168518066,-0.025642145425081253,328.0
LTC,20250108,asia,stress,0.00019842328038066626,0.0023824230302125216,0.002580846194177866,2.0
LTC,20250108,europe,calm,0.005680588074028492,-0.005191362462937832,0.0004892265424132347,86.0
LTC,20250108,europe,mid,0.017636872828006744,-0.04143713414669037,-0.023800261318683624,286.0
LTC,20250108,us,calm,0.0011335540330037475,-0.0020195823162794113,-0.0008860283996909857,18.0
LTC,20250108,us,mid,0.02866588905453682,-0.09343628585338593,-0.06477039307355881,468.0
LTC,20250108,us,stress,0.029985468834638596,-0.07867048680782318,-0.04868502914905548,478.0
LTC,20250117,asia,mid,0.04447581246495247,-0.14919432997703552,-0.10471850633621216,933.0
LTC,20250117,asia,stress,0.098719023168087,-0.21104708313941956,-0.11232804507017136,1936.0
LTC,20250117,europe,calm,0.0005080207483842969,-0.004907780326902866,-0.004399759694933891,14.0
LTC,20250117,europe,mid,0.09363223612308502,-0.126722514629364,-0.03309027850627899,1855.0
LTC,20250117,europe,stress,0.03587076812982559,-0.12293563038110733,-0.08706486225128174,714.0
LTC,20250117,us,calm,0.016060393303632736,-0.03144521266222,-0.015384823083877563,323.0
LTC,20250117,us,mid,0.0612155944108963,-0.2222413569688797,-0.1610257774591446,1231.0
LTC,20250117,us,stress,0.0043488419614732265,-0.014897527173161507,-0.010548685677349567,91.0
LTC,20250126,asia,calm,0.016425052657723427,-0.04680243507027626,-0.030377386137843132,379.0
LTC,20250126,europe,calm,0.015629537403583527,-0.04025467485189438,-0.024625137448310852,344.0
LTC,20250126,europe,mid,0.0056061288341879845,-0.011457487940788269,-0.00585135817527771,113.0
LTC,20250126,us,calm,0.01962655782699585,-0.03321094810962677,-0.013584389351308346,387.0
LTC,20250126,us,mid,0.010871287435293198,-0.04053174704313278,-0.029660459607839584,185.0
LTC,20250201,asia,calm,0.009486474096775055,-0.027427956461906433,-0.017941482365131378,219.0
LTC,20250201,asia,mid,0.020310336723923683,-0.07088902592658997,-0.05057868734002113,449.0
LTC,20250201,asia,stress,0.008916130289435387,-0.012596871703863144,-0.003680739551782608,105.0
LTC,20250201,europe,calm,0.010914127342402935,-0.015651755034923553,-0.0047376276925206184,226.0
LTC,20250201,europe,mid,0.029264621436595917,-0.06280111521482468,-0.03353648632764816,574.0
LTC,20250201,europe,stress,0.017748866230249405,-0.0652114748954773,-0.04746261239051819,355.0
LTC,20250201,us,calm,0.005114042200148106,-0.006379995495080948,-0.0012659537605941296,112.0
LTC,20250201,us,mid,0.05633113905787468,-0.1859050989151001,-0.1295739710330963,1083.0
LTC,20250210,asia,mid,0.03781898319721222,-0.10218256711959839,-0.06436358392238617,671.0
LTC,20250210,asia,stress,0.09134157001972198,-0.21818384528160095,-0.12684226036071777,1508.0
LTC,20250210,europe,mid,0.0629330575466156,-0.19008475542068481,-0.1271516978740692,1115.0
LTC,20250210,europe,stress,0.0696164220571518,-0.08456023037433624,-0.014943800866603851,1073.0
LTC,20250210,us,calm,0.001256217248737812,-0.003555641509592533,-0.0022994237951934338,28.0
LTC,20250210,us,mid,0.053960926830768585,-0.18109002709388733,-0.12712910771369934,956.0
LTC,20250210,us,stress,0.03598922863602638,-0.07511155307292938,-0.039122324436903,624.0
LTC,20250219,asia,mid,0.08406221121549606,-0.12736257910728455,-0.04330037906765938,1779.0
LTC,20250219,asia,stress,0.03307776898145676,-0.09056808054447174,-0.057490311563014984,691.0
LTC,20250219,europe,mid,0.0937376394867897,-0.1742212474346161,-0.08048361539840698,2017.0
LTC,20250219,europe,stress,0.04604630172252655,-0.07848800718784332,-0.03244170546531677,953.0
LTC,20250219,us,calm,0.0006315011414699256,-6.63139799144119e-05,0.000565187307074666,12.0
LTC,20250219,us,mid,0.08146954327821732,-0.14770793914794922,-0.0662384182214737,1871.0
LTC,20250219,us,stress,0.0034685516729950905,-0.012669343501329422,-0.009200789034366608,74.0
LTC,20250228,asia,mid,0.02041848935186863,-0.0628369152545929,-0.04241842404007912,421.0
LTC,20250228,asia,stress,0.2549203038215637,-0.5503668189048767,-0.295446515083313,5123.0
LTC,20250228,europe,mid,0.03559610992670059,-0.13473311066627502,-0.09913700073957443,784.0
LTC,20250228,europe,stress,0.19656053185462952,-0.5412075519561768,-0.34464704990386963,3903.0
LTC,20250228,us,calm,0.0029983120039105415,-0.013783635571599007,-0.010785323567688465,74.0
LTC,20250228,us,mid,0.07646675407886505,-0.18133026361465454,-0.10486352443695068,1743.0
LTC,20250228,us,stress,0.00443134643137455,-0.014126526191830635,-0.009695179760456085,96.0
LTC,20250306,asia,calm,0.002674538642168045,0.002272352110594511,0.004946891218423843,55.0
LTC,20250306,asia,mid,0.06512540578842163,-0.17983534932136536,-0.11470995098352432,1316.0
LTC,20250306,asia,stress,0.013541195541620255,-0.04267009347677231,-0.029128897935152054,274.0
LTC,20250306,europe,mid,0.09437073767185211,-0.31312310695648193,-0.2187523990869522,1862.0
LTC,20250306,europe,stress,0.008913785219192505,-0.020360436290502548,-0.011446649208664894,180.0
LTC,20250306,us,calm,0.018756231293082237,-0.08074121177196503,-0.06198498234152794,376.0
LTC,20250306,us,mid,0.06727948784828186,-0.1469050943851471,-0.07962562143802643,1335.0
LTC,20250306,us,stress,0.0031591206789016724,-0.008611628785729408,-0.005452508572489023,62.0
LTC,20250315,asia,calm,0.012875538319349289,-0.037577420473098755,-0.024701885879039764,231.0
LTC,20250315,europe,calm,0.022437740117311478,-0.06040641665458679,-0.037968676537275314,396.0
LTC,20250315,europe,mid,0.0031635272316634655,-0.012595722451806068,-0.00943219568580389,56.0
LTC,20250315,us,calm,0.012204838916659355,-0.03365463763475418,-0.021449800580739975,211.0
LTC,20250324,asia,calm,0.018732111901044846,-0.03518534451723099,-0.016453230753540993,338.0
LTC,20250324,europe,calm,0.01679369993507862,-0.03135237470269203,-0.014558672904968262,310.0
LTC,20250324,europe,mid,0.004614681005477905,-0.0052323914133012295,-0.0006177114555612206,83.0
LTC,20250324,us,calm,0.013997446745634079,-0.0295475572347641,-0.01555011235177517,254.0
LTC,20250330,asia,calm,0.006504083517938852,-0.012118479236960411,-0.005614397116005421,108.0
LTC,20250330,europe,calm,0.009898994117975235,-0.020841319113969803,-0.010942324064671993,160.0
LTC,20250330,europe,mid,0.0012883346062153578,0.0010595631320029497,0.0023478977382183075,21.0
LTC,20250330,us,calm,0.011804144829511642,-0.02873814105987549,-0.016933996230363846,196.0
LTC,20250330,us,mid,0.0009931664681062102,0.00039680779445916414,0.0013899743789806962,17.0
LTC,20250408,asia,calm,0.01021936908364296,-0.0292324498295784,-0.01901308260858059,146.0
LTC,20250408,asia,mid,0.011097329668700695,-0.03785598278045654,-0.026758652180433273,156.0
LTC,20250408,europe,calm,0.007666236255317926,-0.012213539332151413,-0.0045473030768334866,107.0
LTC,20250408,europe,mid,0.03212576359510422,-0.04307345673441887,-0.010947693139314651,452.0
LTC,20250408,europe,stress,0.004319270607084036,-0.019538916647434235,-0.015219645574688911,60.0
LTC,20250408,us,calm,0.004828763660043478,-0.02149294503033161,-0.016664180904626846,65.0
LTC,20250408,us,mid,0.04715583845973015,-0.07904019206762314,-0.03188435733318329,643.0
LTC,20250408,us,stress,0.008621896617114544,-0.028533877804875374,-0.019911982119083405,114.0
LTC,20250417,asia,calm,0.009366671554744244,-0.021184783428907394,-0.011818110942840576,139.0
LTC,20250417,europe,calm,0.007727982476353645,-0.019707394763827324,-0.011979412287473679,115.0
LTC,20250417,europe,mid,0.009267168119549751,-0.017595535144209862,-0.00832836702466011,131.0
LTC,20250417,us,calm,0.004968184046447277,-0.01040638331323862,-0.005438199732452631,74.0
LTC,20250417,us,mid,0.01198500208556652,0.0009329644963145256,0.012917965650558472,161.0
LTC,20250417,us,stress,0.0033600986935198307,0.005272342823445797,0.00863244105130434,37.0
LTC,20250426,asia,calm,0.007096149027347565,-0.01737530529499054,-0.010279156267642975,120.0
LTC,20250426,europe,calm,0.010495251975953579,-0.01779964193701744,-0.0073043894954025745,170.0
LTC,20250426,europe,mid,0.0013248666655272245,-1.6427220543846488e-06,0.0013232239289209247,23.0
LTC,20250426,us,calm,0.005737489089369774,-0.01718791201710701,-0.011450421996414661,100.0
LTC,20250502,asia,calm,0.009690921753644943,-0.02189439721405506,-0.012203477323055267,164.0
LTC,20250502,asia,mid,0.0024501641746610403,-0.009777853265404701,-0.007327688857913017,43.0
LTC,20250502,europe,calm,0.008948610164225101,-0.011724332347512245,-0.0027757224161177874,117.0
LTC,20250502,europe,mid,0.007900210097432137,-0.008581254631280899,-0.0006810463964939117,137.0
LTC,20250502,us,calm,0.009454055689275265,-0.02052011713385582,-0.011066061444580555,164.0
LTC,20250502,us,mid,0.001462338725104928,-0.002809649333357811,-0.0013473103754222393,26.0
LTC,20250511,asia,calm,0.002550094621255994,-0.004564633127301931,-0.002014538738876581,50.0
LTC,20250511,asia,mid,0.03333967924118042,-0.10603994876146317,-0.07270026206970215,651.0
LTC,20250511,asia,stress,0.02970084175467491,-0.1335608959197998,-0.1038600504398346,543.0
LTC,20250511,europe,calm,0.009201840497553349,-0.007883831858634949,0.0013180081732571125,182.0
LTC,20250511,europe,mid,0.022680282592773438,-0.010823589749634266,0.011856693774461746,426.0
LTC,20250511,europe,stress,0.010993704199790955,-0.0036007254384458065,0.0073929731734097,195.0
LTC,20250511,us,calm,0.006108017638325691,-0.013964748941361904,-0.007856731303036213,121.0
LTC,20250511,us,mid,0.009515037760138512,-0.028016412630677223,-0.01850137673318386,187.0
LTC,20250511,us,stress,0.010237401351332664,-0.011520085856318474,-0.001282684737816453,178.0
LTC,20250520,asia,calm,0.014990336261689663,-0.024088693782687187,-0.009098353795707226,287.0
LTC,20250520,asia,mid,0.007827900350093842,-4.2596831917762756e-05,0.007785303518176079,147.0
LTC,20250520,asia,stress,0.02139100432395935,-0.07171669602394104,-0.05032569169998169,365.0
LTC,20250520,europe,calm,0.01987435668706894,-0.03952151536941528,-0.019647160544991493,357.0
LTC,20250520,europe,mid,0.017057444900274277,-0.023740068078041077,-0.0066826241090893745,308.0
LTC,20250520,europe,stress,0.003953747451305389,-0.007520446088165045,-0.003566697472706437,72.0
LTC,20250520,us,calm,0.018153153359889984,-0.01858876273036003,-0.00043560867197811604,336.0
LTC,20250520,us,mid,0.01678418181836605,-0.029962752014398575,-0.013178568333387375,300.0
LTC,20250601,asia,calm,0.005643914453685284,-0.017036927863955498,-0.011393013410270214,97.0
LTC,20250601,europe,calm,0.011235276237130165,-0.019400544464588165,-0.008165268227458,194.0
LTC,20250601,us,calm,0.008932853117585182,-0.012246813625097275,-0.0033139612060040236,155.0
LTC,20250601,us,mid,0.0003976466250605881,-0.0012499942677095532,-0.0008523475844413042,7.0
LTC,20250607,asia,calm,0.005142267793416977,-0.01257298979908228,-0.007430721540004015,90.0
LTC,20250607,europe,calm,0.00413139071315527,-0.00690707191824913,-0.0027756812050938606,73.0
LTC,20250607,us,calm,0.005874858237802982,-0.01474912092089653,-0.008874263614416122,104.0
LTC,20250616,asia,calm,0.008859856054186821,-0.02820151299238205,-0.019341658800840378,154.0
LTC,20250616,europe,calm,0.009801903739571571,-0.020172998309135437,-0.01037109550088644,166.0
LTC,20250616,us,calm,0.01090269535779953,-0.02013907954096794,-0.009236384183168411,182.0
LTC,20250616,us,mid,0.007459348067641258,-0.013310392387211323,-0.005851042456924915,114.0
LTC,20250625,asia,calm,0.007122489623725414,-0.014191833324730396,-0.007069344166666269,121.0
LTC,20250625,europe,calm,0.012051912024617195,-0.0350046306848526,-0.022952716797590256,203.0
LTC,20250625,europe,mid,0.004375794902443886,-0.004030331969261169,0.0003454633115325123,71.0
LTC,20250625,us,calm,0.008763421326875687,-0.012489024549722672,-0.0037256022915244102,146.0
LTC,20250704,asia,calm,0.010544514283537865,-0.030365321785211563,-0.019820809364318848,177.0
LTC,20250704,asia,mid,0.0026807195972651243,-0.005923017393797636,-0.003242298262193799,47.0
LTC,20250704,europe,calm,0.012560316361486912,-0.0282583124935627,-0.015697993338108063,220.0
LTC,20250704,europe,mid,0.00437326030805707,-0.01202715840190649,-0.007653897628188133,75.0
LTC,20250704,us,calm,0.009980738162994385,-0.018616998568177223,-0.008636262267827988,169.0
LTC,20250704,us,mid,0.004707611631602049,-0.016527460888028145,-0.011819845996797085,81.0
LTC,20250710,asia,calm,0.006498638540506363,-0.01374469418078661,-0.007246055640280247,118.0
LTC,20250710,europe,calm,0.0077661434188485146,-0.0174150038510561,-0.00964885950088501,140.0
LTC,20250710,us,calm,0.020255953073501587,-0.04825802147388458,-0.028002070263028145,363.0
LTC,20250710,us,mid,0.01640898920595646,-0.04212483763694763,-0.025715848430991173,271.0
LTC,20250710,us,stress,0.0035941111855208874,-0.01295101922005415,-0.009356909431517124,42.0
LTC,20250719,asia,calm,0.012648273259401321,-0.04006890207529068,-0.027420632541179657,253.0
LTC,20250719,asia,mid,0.020042579621076584,-0.04820144176483154,-0.02815885655581951,383.0
LTC,20250719,europe,calm,0.014145215973258018,-0.026348847895860672,-0.012203632853925228,280.0
LTC,20250719,europe,mid,0.01210565771907568,-0.022907637059688568,-0.010801978409290314,234.0
LTC,20250719,us,calm,0.007098890841007233,-0.01058066077530384,-0.003481770632788539,143.0
LTC,20250719,us,mid,0.03347046673297882,-0.034899547696113586,-0.0014290697872638702,636.0
LTC,20250719,us,stress,0.19124437868595123,-0.22818735241889954,-0.03694295883178711,3606.0
LTC,20250727,asia,calm,0.009666676633059978,-0.02305411919951439,-0.013387441635131836,205.0
LTC,20250727,europe,calm,0.016906529664993286,-0.036590151488780975,-0.01968361809849739,367.0
LTC,20250727,us,calm,0.015296191908419132,-0.03740246593952179,-0.02210627682507038,338.0
LTC,20250727,us,mid,0.0030351823661476374,0.0008464851416647434,0.0038816682063043118,67.0
LTC,20250730,asia,calm,0.009444700554013252,-0.024581914767622948,-0.01513721328228712,200.0
LTC,20250730,europe,calm,0.004129323642700911,-0.008681951090693474,-0.004552626982331276,84.0
LTC,20250730,europe,mid,0.025816798210144043,-0.053798235952854156,-0.027981430292129517,506.0
LTC,20250730,us,calm,0.018673498183488846,-0.04201775789260864,-0.023344263434410095,377.0
LTC,20250730,us,mid,0.01991688832640648,-0.04278456047177315,-0.02286767214536667,393.0
LTC,20250730,us,stress,0.034567464143037796,-0.09059549123048782,-0.05602802708745003,621.0
LTC,20250801,asia,calm,0.005795309320092201,-0.018662072718143463,-0.012866761535406113,117.0
LTC,20250801,asia,mid,0.023346010595560074,-0.07097698003053665,-0.04763096570968628,457.0
LTC,20250801,asia,stress,0.010193362832069397,-0.0016237066593021154,0.008569655939936638,191.0
LTC,20250801,europe,calm,0.007849725894629955,-0.011384758166968822,-0.0035350348334759474,153.0
LTC,20250801,europe,mid,0.04163595288991928,-0.15710020065307617,-0.11546425521373749,810.0
LTC,20250801,europe,stress,0.0028860592283308506,0.006173877511173487,0.009059936739504337,57.0
LTC,20250801,us,calm,0.00421923166140914,0.0019570020958781242,0.0061762332916259766,90.0
LTC,20250801,us,mid,0.03598876670002937,-0.07666555792093277,-0.0406767912209034,727.0
LTC,20250801,us,stress,0.013392243534326553,-0.017543714493513107,-0.004151469562202692,270.0
LTC,20250804,asia,calm,0.012863106094300747,-0.03076198697090149,-0.017898879945278168,283.0
LTC,20250804,asia,mid,0.0054373531602323055,-0.010514515452086926,-0.005077161360532045,121.0
LTC,20250804,europe,calm,0.0071909017860889435,-0.004614580422639847,0.0025763234589248896,143.0
LTC,20250804,europe,mid,0.061177611351013184,-0.09717763215303421,-0.036000028252601624,1348.0
LTC,20250804,europe,stress,0.0184842050075531,0.001951748039573431,0.02043595351278782,388.0
LTC,20250804,us,calm,0.018216099590063095,-0.03882484883069992,-0.020608751103281975,420.0
LTC,20250804,us,mid,0.01706395484507084,-0.044958341866731644,-0.027894383296370506,386.0
LTC,20250807,asia,calm,0.017502812668681145,-0.06974488496780396,-0.05224207788705826,403.0
LTC,20250807,asia,mid,0.014108769595623016,-0.04326973482966423,-0.029160965234041214,328.0
LTC,20250807,europe,calm,0.03196052461862564,-0.055006109178066254,-0.023045586422085762,719.0
LTC,20250807,europe,mid,0.00883319228887558,-0.010883020237088203,-0.0020498279482126236,211.0
LTC,20250807,us,calm,0.01979198306798935,-0.0366094708442688,-0.016817491501569748,449.0
LTC,20250807,us,mid,0.00866907648742199,-0.03183114528656006,-0.023162074387073517,205.0
LTC,20250810,asia,calm,0.02023252844810486,-0.05286986753344536,-0.0326373428106308,463.0
LTC,20250810,asia,mid,0.01104683056473732,-0.03598135709762573,-0.024934526532888412,242.0
LTC,20250810,europe,calm,0.014675719663500786,-0.04461691156029701,-0.029941190034151077,341.0
LTC,20250810,europe,mid,0.018174726516008377,-0.05763065069913864,-0.03945592790842056,413.0
LTC,20250810,europe,stress,0.0063119009137153625,-0.02026037499308586,-0.013948475942015648,151.0
LTC,20250810,us,calm,0.015987519174814224,-0.04129248857498169,-0.025304969400167465,379.0
LTC,20250810,us,mid,0.005225301720201969,-6.332772318273783e-05,0.005161973647773266,122.0
LTC,20250812,asia,calm,0.017176344990730286,-0.013816090300679207,0.003360253991559148,381.0
LTC,20250812,asia,mid,0.00465393764898181,-0.007788614835590124,-0.003134677419438958,97.0
LTC,20250812,asia,stress,8.333681034855545e-05,-0.002000083215534687,-0.0019167466089129448,2.0
LTC,20250812,europe,calm,0.018818777054548264,-0.00917946919798851,0.009639307856559753,427.0
LTC,20250812,europe,mid,0.03227744251489639,-0.06150089576840401,-0.029223449528217316,768.0
LTC,20250812,us,calm,0.008274911902844906,-0.008602618239820004,-0.00032770633697509766,203.0
LTC,20250812,us,mid,0.08134692907333374,-0.20523197948932648,-0.12388505041599274,1932.0
LTC,20250815,asia,calm,0.01459716260433197,-0.04320170730352402,-0.028604544699192047,343.0
LTC,20250815,europe,calm,0.015950774773955345,-0.009690271690487862,0.006260506808757782,370.0
LTC,20250815,europe,mid,0.05348697304725647,-0.3656710684299469,-0.31218409538269043,1205.0
LTC,20250815,us,calm,0.017034463584423065,-0.03534260392189026,-0.018308138474822044,383.0
LTC,20250815,us,mid,0.007996113039553165,-0.014538666233420372,-0.006542554125189781,186.0
LTC,20250818,asia,calm,0.018951958045363426,-0.007805817760527134,0.011146141216158867,407.0
LTC,20250818,asia,mid,0.020667733624577522,-0.03305816277861595,-0.012390432879328728,434.0
LTC,20250818,europe,calm,0.01713375374674797,-0.03574743866920471,-0.01861368678510189,394.0
LTC,20250818,europe,mid,0.002887753304094076,-0.012493434362113476,-0.009605680592358112,67.0
LTC,20250818,us,calm,0.012048059143126011,-0.027822080999612808,-0.015774020925164223,277.0
OP,20230724,asia,calm,0.00495984498411417,-0.03987298160791397,-0.034913137555122375,145.0
OP,20230724,asia,mid,0.009099426679313183,-0.004213618114590645,0.004885805770754814,270.0
OP,20230724,asia,stress,0.002261656802147627,-0.010818506591022015,-0.008556850254535675,64.0
OP,20230724,europe,calm,0.0009684881661087275,-0.0011249411618337035,-0.00015645299572497606,29.0
OP,20230724,europe,mid,0.023535046726465225,-0.16468554735183716,-0.14115050435066223,590.0
OP,20230724,europe,stress,0.03412289917469025,-0.20558114349842072,-0.17145825922489166,636.0
OP,20230724,us,calm,0.004411125555634499,-0.031086284667253494,-0.026675159111618996,130.0
OP,20230724,us,mid,0.006491250358521938,-0.04163162037730217,-0.035140372812747955,191.0
OP,20230802,asia,calm,0.003623939584940672,-0.0188756100833416,-0.015251667238771915,117.0
OP,20230802,asia,mid,0.007381843868643045,-0.0320187583565712,-0.02463690936565399,231.0
OP,20230802,asia,stress,0.005766422487795353,-0.03080626204609871,-0.02503984235227108,169.0
OP,20230802,europe,calm,0.0032506000716239214,-0.0107594458386302,-0.0075088441371917725,106.0
OP,20230802,europe,mid,0.017766114324331284,-0.10030299425125122,-0.08253687620162964,517.0
OP,20230802,europe,stress,0.001210442977026105,-0.008507328107953072,-0.00729688536375761,37.0
OP,20230802,us,calm,0.0054227858781814575,-0.04075229912996292,-0.03532952070236206,175.0
OP,20230802,us,mid,0.013142862357199192,-0.0246332548558712,-0.01149038877338171,308.0
OP,20230802,us,stress,0.007773357443511486,-0.052814193069934845,-0.04504083842039108,227.0
OP,20230808,asia,calm,0.0069953822530806065,-0.046870894730091095,-0.039875514805316925,237.0
OP,20230808,asia,mid,0.0026282593607902527,-0.026538005098700523,-0.02390974760055542,91.0
OP,20230808,asia,stress,0.0015218546614050865,-0.00033751895534805954,0.0011843357933685184,53.0
OP,20230808,europe,calm,0.006023705936968327,-0.037007108330726624,-0.030983399599790573,200.0
OP,20230808,europe,mid,0.01827671378850937,-0.10130943357944489,-0.08303271234035492,586.0
OP,20230808,us,calm,0.002105110324919224,-0.018679987639188766,-0.01657487452030182,71.0
OP,20230808,us,mid,0.01716454327106476,-0.1000402495265007,-0.08287571370601654,519.0
OP,20230808,us,stress,0.002712735440582037,-0.028302185237407684,-0.02558944746851921,80.0
OP,20230817,asia,calm,0.002225790172815323,-0.012700950726866722,-0.010475159622728825,63.0
OP,20230817,asia,mid,0.006122145801782608,-0.028294749557971954,-0.022172601893544197,163.0
OP,20230817,asia,stress,0.0037736808881163597,-0.028609808534383774,-0.024836130440235138,97.0
OP,20230817,europe,calm,0.0037698564119637012,-0.025966666638851166,-0.0221968125551939,109.0
OP,20230817,europe,mid,0.013159312307834625,-0.08631139993667603,-0.0731520876288414,345.0
OP,20230817,europe,stress,0.008943690918385983,-0.06709372997283936,-0.0581500381231308,198.0
OP,20230817,us,calm,0.0023047607392072678,-0.0057617658749222755,-0.003457004902884364,62.0
OP,20230817,us,mid,0.00472876476123929,-0.017040297389030457,-0.012311529368162155,119.0
OP,20230817,us,stress,0.1353904753923416,-0.4254534840583801,-0.2900630831718445,2365.0
OP,20230826,asia,calm,0.0036422493867576122,-0.01979917660355568,-0.01615692488849163,100.0
OP,20230826,asia,mid,0.001435619778931141,-0.01964690536260605,-0.018211286514997482,40.0
OP,20230826,europe,calm,0.0031231201719492674,-0.016068993136286736,-0.012945874594151974,93.0
OP,20230826,us,calm,0.0031824910547584295,-0.015224478207528591,-0.012041988782584667,86.0
OP,20230904,asia,calm,0.002493355656042695,-0.015444040298461914,-0.012950686737895012,62.0
OP,20230904,asia,mid,0.0016921075293794274,-0.008896621875464916,-0.007204513996839523,46.0
OP,20230904,europe,calm,0.003632296109572053,-0.007093043066561222,-0.003460746491327882,95.0
OP,20230904,europe,mid,0.002645050408318639,-0.007588798645883799,-0.0049437484703958035,69.0
OP,20230904,us,calm,0.003347458317875862,-0.03033999726176262,-0.026992540806531906,80.0
OP,20230904,us,mid,0.0005277461605146527,-0.004480211064219475,-0.003952465020120144,13.0
OP,20230910,asia,calm,0.003706403775140643,-0.08197314292192459,-0.07826673239469528,90.0
OP,20230910,asia,mid,0.007717858534306288,-0.1238948255777359,-0.11617699265480042,108.0
OP,20230910,asia,stress,0.01211802288889885,-0.12503717839717865,-0.1129191666841507,235.0
OP,20230910,europe,calm,0.0025645243003964424,-0.012289711274206638,-0.00972518790513277,64.0
OP,20230910,europe,mid,0.001592608168721199,-0.018901757895946503,-0.017309149727225304,37.0
OP,20230910,us,calm,0.0026185750029981136,-0.006924525834619999,-0.004305951297283173,66.0
OP,20230910,us,mid,0.003100187750533223,-0.026707593351602554,-0.0236074049025774,75.0
OP,20230919,asia,calm,0.0020620827563107014,-0.01860271766781807,-0.016540633514523506,57.0
OP,20230919,asia,mid,3.652434315881692e-05,0.0,3.652434315881692e-05,1.0
OP,20230919,europe,calm,0.0035168214235454798,-0.011925986036658287,-0.008409164845943451,92.0
OP,20230919,europe,mid,0.003368588862940669,-0.015176498331129551,-0.011807908304035664,92.0
OP,20230919,us,calm,0.002428205218166113,-0.016812093555927277,-0.014383889734745026,67.0
OP,20230919,us,mid,0.0008674392011016607,-0.007172782905399799,-0.006305343471467495,22.0
OP,20230928,asia,calm,0.004128058906644583,-0.01929294876754284,-0.015164893120527267,101.0
OP,20230928,asia,mid,0.0006565028452314436,-0.00505768833681941,-0.004401185549795628,16.0
OP,20230928,europe,calm,0.0032718670554459095,-0.014987749978899956,-0.011715879663825035,84.0
OP,20230928,europe,mid,0.0037295157089829445,-0.008591976016759872,-0.00486246170476079,91.0
OP,20230928,us,calm,0.002507924335077405,-0.010139488615095615,-0.007631564047187567,65.0
OP,20230928,us,mid,0.0047215623781085014,-0.028228074312210083,-0.023506514728069305,114.0
OP,20231007,asia,calm,0.0013796052662655711,-0.00911916233599186,-0.007739557418972254,34.0
OP,20231007,asia,mid,0.0003833979135379195,-0.0003824798623099923,9.17934812605381e-07,8.0
OP,20231007,europe,calm,0.0017388014821335673,-0.00822296179831028,-0.006484160665422678,42.0
OP,20231007,us,calm,0.0010930539574474096,-0.003756866790354252,-0.0026638132985681295,27.0
OP,20231007,us,mid,0.00015616179734934121,-0.0037512124981731176,-0.003595050424337387,4.0
OP,20231013,asia,calm,0.003053637221455574,-0.019144464284181595,-0.01609082892537117,71.0
OP,20231013,europe,calm,0.0038449179846793413,-0.021015716716647148,-0.017170798033475876,87.0
OP,20231013,us,calm,0.0036467621102929115,-0.026101266965270042,-0.022454503923654556,86.0
OP,20231013,us,mid,0.0018498776480555534,-0.007372558116912842,-0.005522680934518576,37.0
OP,20231013,us,stress,0.0019945574458688498,-0.0013816073769703507,0.0006129516987130046,46.0
OP,20231022,asia,calm,0.003963765222579241,-0.02965528517961502,-0.025691520422697067,99.0
OP,20231022,asia,mid,0.007770055904984474,-0.12014281749725342,-0.1123727560043335,139.0
OP,20231022,asia,stress,0.0031972164288163185,-0.005805088207125664,-0.002607873175293207,60.0
OP,20231022,europe,calm,0.002420998876914382,-0.014618678949773312,-0.012197677977383137,61.0
OP,20231022,europe,mid,0.0013542472152039409,-0.010675198398530483,-0.009320951998233795,34.0
OP,20231022,europe,stress,0.0003585491795092821,-0.0012739934027194977,-0.0009154442232102156,9.0
OP,20231022,us,calm,0.00408454705029726,-0.019496476277709007,-0.015411930158734322,104.0
OP,20231022,us,mid,0.0023081665858626366,-0.01900406740605831,-0.01669590175151825,57.0
OP,20231031,asia,calm,0.0027327807620167732,-0.010446222499012947,-0.007713443599641323,74.0
OP,20231031,asia,mid,0.002621198073029518,-0.009479628875851631,-0.006858430337160826,74.0
OP,20231031,europe,calm,0.002471350133419037,-0.012383941560983658,-0.009912591427564621,61.0
OP,20231031,europe,mid,0.013173684477806091,0.016440093517303467,0.029613766819238663,271.0
OP,20231031,europe,stress,0.007890088483691216,-0.10020080208778381,-0.09231070429086685,146.0
OP,20231031,us,calm,0.002369622467085719,-0.008059065788984299,-0.005689443089067936,62.0
OP,20231031,us,mid,0.003945594187825918,-0.027511270716786385,-0.02356567606329918,102.0
OP,20231109,asia,calm,0.0009831527713686228,-0.0041139498353004456,-0.0031307965982705355,29.0
OP,20231109,asia,mid,0.011023234575986862,-0.05619290471076965,-0.04516967386007309,324.0
OP,20231109,europe,mid,0.020624205470085144,-0.0831340104341507,-0.06250981241464615,536.0
OP,20231109,europe,stress,0.05901969224214554,-0.2711518406867981,-0.21213217079639435,1413.0
OP,20231109,us,stress,0.32545357942581177,-0.7005578279495239,-0.37510424852371216,5097.0
OP,20231115,asia,mid,0.0222927276045084,-0.1487520933151245,-0.12645936012268066,717.0
OP,20231115,asia,stress,0.0021886376198381186,-0.01558401808142662,-0.013395380228757858,72.0
OP,20231115,europe,mid,0.023282788693904877,-0.12304972112178802,-0.09976693987846375,820.0
OP,20231115,us,mid,0.020898230373859406,-0.09973229467868805,-0.07883407175540924,650.0
OP,20231115,us,stress,0.010482385754585266,-0.06432496011257172,-0.05384258180856705,325.0
OP,20231124,asia,calm,0.00576690724119544,-0.0303599014878273,-0.024592993780970573,197.0
OP,20231124,asia,mid,0.0027544754557311535,-0.018478091806173325,-0.015723615884780884,92.0
OP,20231124,europe,calm,0.002283636946231127,-0.018290797248482704,-0.016007158905267715,64.0
OP,20231124,europe,mid,0.01933872327208519,-0.0895727202296257,-0.07023400068283081,640.0
OP,20231124,us,calm,0.002743002027273178,-0.023263264447450638,-0.02052026055753231,90.0
OP,20231124,us,mid,0.01158419530838728,-0.04282228648662567,-0.031238093972206116,311.0
OP,20231203,asia,calm,0.0048699458129704,-0.02577616646885872,-0.020906221121549606,161.0
OP,20231203,asia,mid,0.002391044283285737,-0.016048111021518707,-0.01365706603974104,76.0
OP,20231203,europe,calm,0.004398814402520657,-0.007449332624673843,-0.0030505156610161066,127.0
OP,20231203,europe,mid,0.00663862656801939,-0.023676445707678795,-0.01703782007098198,183.0
OP,20231203,us,calm,0.0036112931556999683,-0.018216794356703758,-0.014605498872697353,110.0
OP,20231203,us,mid,0.004521099850535393,-0.027262911200523376,-0.022741809487342834,143.0
OP,20231212,asia,mid,0.011305904015898705,-0.03733083978295326,-0.02602493390440941,412.0
OP,20231212,asia,stress,0.04244944453239441,-0.2108062505722046,-0.16835682094097137,1410.0
OP,20231212,europe,mid,0.01813286915421486,-0.1323966681957245,-0.11426380276679993,645.0
OP,20231212,europe,stress,0.024447893723845482,-0.10130002349615097,-0.07685213536024094,788.0
OP,20231212,us,mid,0.01817920431494713,-0.06643228232860565,-0.048253074288368225,589.0
OP,20231212,us,stress,0.009879753924906254,-0.06544863432645798,-0.055568877607584,347.0
OP,20231218,asia,mid,0.022432569414377213,-0.1280866265296936,-0.10565405339002609,680.0
OP,20231218,asia,stress,0.0097962636500597,-0.06606848537921906,-0.056272223591804504,294.0
OP,20231218,europe,mid,0.02892233617603779,-0.14138786494731903,-0.11246553063392639,911.0
OP,20231218,europe,stress,0.03522695600986481,-0.21783098578453064,-0.18260401487350464,717.0
OP,20231218,us,calm,0.00029916458879597485,-0.002323913387954235,-0.0020247488282620907,10.0
OP,20231218,us,mid,0.0251244455575943,-0.209601491689682,-0.1844770610332489,875.0
OP,20231227,asia,mid,0.011104985140264034,-0.11690813302993774,-0.10580314695835114,562.0
OP,20231227,asia,stress,0.03277302905917168,-0.3556973338127136,-0.32292428612709045,1345.0
OP,20231227,europe,mid,0.009183496236801147,-0.08161579072475433,-0.07243230193853378,411.0
OP,20231227,europe,stress,0.29745107889175415,-1.442933201789856,-1.1454821825027466,7608.0
OP,20231227,us,stress,0.14705869555473328,-1.002257227897644,-0.8551984429359436,6613.0
OP,20240105,asia,mid,0.02741069346666336,-0.17955979704856873,-0.15214911103248596,1237.0
OP,20240105,asia,stress,0.048003844916820526,-0.15692748129367828,-0.10892362892627716,782.0
OP,20240105,europe,mid,0.030855761840939522,-0.19386222958564758,-0.1630064845085144,1191.0
OP,20240105,europe,stress,0.04443623870611191,-0.3401138186454773,-0.2956776022911072,1286.0
OP,20240105,us,calm,0.0004305898619350046,-0.002677686745300889,-0.002247096737846732,12.0
OP,20240105,us,mid,0.02485777996480465,-0.12752404808998108,-0.10266625136137009,857.0
OP,20240105,us,stress,0.033842504024505615,-0.0673382431268692,-0.033495720475912094,855.0
OP,20240111,asia,mid,0.024994593113660812,-0.18044279515743256,-0.15544819831848145,668.0
OP,20240111,asia,stress,0.05840987712144852,-0.2048390805721283,-0.14642921090126038,1201.0
OP,20240111,europe,mid,0.017863452434539795,-0.07004804164171219,-0.052184589207172394,534.0
OP,20240111,europe,stress,0.10667283833026886,-0.20422737300395966,-0.0975545272231102,2474.0
OP,20240111,us,mid,0.014563129283487797,0.06032470241189003,0.07488781213760376,550.0
OP,20240111,us,stress,0.06712888181209564,-0.3786590099334717,-0.31153014302253723,2085.0
OP,20240120,asia,calm,0.002777453977614641,-0.007898839190602303,-0.0051213838160037994,104.0
OP,20240120,asia,mid,0.009891964495182037,-0.04278738051652908,-0.032895416021347046,342.0
OP,20240120,asia,stress,0.0016336316475644708,-0.00034341218997724354,0.001290219253860414,49.0
OP,20240120,europe,calm,0.008319100365042686,-0.04009780287742615,-0.03177870437502861,242.0
OP,20240120,europe,mid,0.0071181547828018665,-0.028279632329940796,-0.021161476150155067,240.0
OP,20240120,us,calm,0.004300632514059544,-0.02663937211036682,-0.022338738664984703,176.0
OP,20240120,us,mid,0.005911590065807104,-0.03004949353635311,-0.02413790300488472,212.0
OP,20240129,asia,calm,0.006201263517141342,-0.04253242164850235,-0.03633115440607071,242.0
OP,20240129,asia,mid,0.0015032605733722448,-0.006515453569591045,-0.005012193229049444,42.0
OP,20240129,europe,calm,0.009152687154710293,-0.025115758180618286,-0.015963073819875717,254.0
OP,20240129,europe,mid,0.019779682159423828,-0.040817584842443466,-0.021037902683019638,534.0
OP,20240129,us,calm,0.0023259674198925495,-0.01365878339856863,-0.011332813650369644,82.0
OP,20240129,us,mid,0.031372345983982086,-0.17242583632469177,-0.1410534828901291,911.0
OP,20240207,asia,calm,0.006893536541610956,-0.033281341195106506,-0.026387803256511688,309.0
OP,20240207,asia,mid,0.02132134512066841,-0.11529995501041412,-0.09397861361503601,808.0
OP,20240207,europe,calm,0.002166505204513669,-0.018353739753365517,-0.016187231987714767,98.0
OP,20240207,europe,mid,0.039926234632730484,-0.24828049540519714,-0.20835424959659576,1598.0
OP,20240207,europe,stress,0.0006119149038568139,0.002140136668458581,0.0027520516887307167,9.0
OP,20240207,us,calm,0.002549453405663371,0.0015973502304404974,0.004146803170442581,41.0
OP,20240207,us,mid,0.026851236820220947,-0.1306809037923813,-0.10382968187332153,1105.0
OP,20240207,us,stress,0.022944746538996696,-0.1255759596824646,-0.10263120383024216,732.0
OP,20240213,asia,calm,0.009116703644394875,-0.055897168815135956,-0.04678046703338623,488.0
OP,20240213,asia,mid,0.007255191914737225,-0.04088781028985977,-0.03363261744379997,388.0
OP,20240213,europe,calm,0.008442428894340992,-0.04078909382224083,-0.03234666958451271,430.0
OP,20240213,europe,mid,0.03403216600418091,-0.25334271788597107,-0.21931058168411255,1145.0
OP,20240213,europe,stress,0.013407041318714619,-0.07170016318559647,-0.058293115347623825,508.0
OP,20240213,us,calm,0.0063277967274188995,-0.03339308500289917,-0.02706529013812542,355.0
OP,20240213,us,mid,0.0069842771627008915,-0.033010564744472504,-0.02602628618478775,383.0
OP,20240222,asia,calm,6.764967110939324e-05,0.00035163696156814694,0.0004192866035737097,5.0
OP,20240222,asia,mid,0.026663191616535187,-0.17252498865127563,-0.14586178958415985,1207.0
OP,20240222,asia,stress,0.0016379095613956451,-0.011184532195329666,-0.009546621702611446,89.0
OP,20240222,europe,calm,0.0014944481663405895,-0.010557416826486588,-0.00906296819448471,97.0
OP,20240222,europe,mid,0.032522477209568024,-0.19812972843647003,-0.1656072586774826,1640.0
OP,20240222,us,calm,0.004187570419162512,-0.03269223868846893,-0.028504669666290283,226.0
OP,20240222,us,mid,0.017435982823371887,-0.12998074293136597,-0.11254476755857468,826.0
OP,20240302,asia,calm,0.0003035857225768268,-0.0023803887888789177,-0.0020768027752637863,21.0
OP,20240302,asia,mid,0.02295161411166191,-0.11210282891988754,-0.08915121108293533,905.0
OP,20240302,europe,calm,0.0023017991334199905,-0.013059871271252632,-0.010758072137832642,114.0
OP,20240302,europe,mid,0.021602382883429527,-0.08821851015090942,-0.06661612540483475,897.0
OP,20240302,us,calm,0.00465734489262104,-0.03244055435061455,-0.027783207595348358,237.0
OP,20240302,us,mid,0.009582562372088432,-0.053986262530088425,-0.04440370202064514,441.0
OP,20240302,us,stress,0.0017802298534661531,-0.020505696535110474,-0.01872546598315239,82.0
OP,20240311,asia,calm,0.0024353694170713425,-0.006206195801496506,-0.0037708263844251633,41.0
OP,20240311,asia,mid,0.03349556773900986,-0.07835696637630463,-0.04486139118671417,729.0
OP,20240311,asia,stress,0.04211634397506714,-0.24755924940109253,-0.205442875623703,790.0
OP,20240311,europe,calm,0.001661746995523572,-0.0024442870635539293,-0.0007825393113307655,71.0
OP,20240311,europe,mid,0.032285455614328384,-0.04958489537239075,-0.017299436032772064,682.0
OP,20240311,europe,stress,0.011508926749229431,-0.027484111487865448,-0.015975186601281166,199.0
OP,20240311,us,calm,0.002384788589552045,-0.004726556595414877,-0.002341768005862832,118.0
OP,20240311,us,mid,0.020557429641485214,-0.13822713494300842,-0.11766970157623291,642.0
OP,20240311,us,stress,0.021107828244566917,0.03754904493689537,0.05865688621997833,334.0
OP,20240317,asia,calm,0.0006841538706794381,-0.001297499518841505,-0.0006133455317467451,20.0
OP,20240317,asia,mid,0.02186276763677597,-0.05533189699053764,-0.03346912935376167,716.0
OP,20240317,asia,stress,0.014826229773461819,-0.020610317587852478,-0.005784092005342245,289.0
OP,20240317,europe,mid,0.028508242219686508,-0.0905967727303505,-0.06208852678537369,949.0
OP,20240317,us,calm,0.0032803784124553204,-0.008306275121867657,-0.005025895778089762,107.0
OP,20240317,us,mid,0.013888627290725708,-0.04876503348350525,-0.03487640619277954,541.0
OP,20240317,us,stress,0.0006801154813729227,-0.0008378282655030489,-0.00015771275502629578,19.0
OP,20240326,asia,calm,0.0025559961795806885,-0.013386568054556847,-0.010830571874976158,133.0
OP,20240326,asia,mid,0.010868249461054802,-0.058532122522592545,-0.04766387492418289,485.0
OP,20240326,europe,calm,5.055906513007358e-05,-0.002198128728196025,-0.0021475697867572308,4.0
OP,20240326,europe,mid,0.017694734036922455,-0.0858243927359581,-0.06812965124845505,726.0
OP,20240326,europe,stress,0.017253492027521133,-0.077353335916996,-0.06009984761476517,555.0
OP,20240326,us,calm,0.00015442792209796607,-0.0016733412630856037,-0.0015189130790531635,11.0
OP,20240326,us,mid,0.017097244039177895,-0.1278347671031952,-0.11073751747608185,585.0
OP,20240326,us,stress,0.027831915766000748,-0.0904441848397255,-0.06261227279901505,791.0
OP,20240404,asia,calm,0.0011949039762839675,0.007226172834634781,0.008421077392995358,37.0
OP,20240404,asia,mid,0.01909717172384262,-0.03745941072702408,-0.018362239003181458,531.0
OP,20240404,europe,calm,0.0024285963736474514,-0.00259290705434978,-0.00016431097174063325,100.0
OP,20240404,europe,mid,0.012143885716795921,-0.06031723693013191,-0.04817334935069084,355.0
OP,20240404,us,calm,0.0035949433222413063,-0.029489880427718163,-0.02589493617415428,163.0
OP,20240404,us,mid,0.013033729046583176,-0.07639991492033005,-0.06336618214845657,439.0
OP,20240404,us,stress,0.004201528616249561,-0.0067029851488769054,-0.002501454669982195,117.0
OP,20240413,asia,calm,0.0005943343276157975,-0.004837745800614357,-0.004243410658091307,22.0
OP,20240413,asia,mid,0.026745224371552467,-0.11219555139541626,-0.08545031398534775,766.0
OP,20240413,asia,stress,0.014127724803984165,-0.011911746114492416,0.0022159828804433346,288.0
OP,20240413,europe,mid,0.022810429334640503,-0.05263049900531769,-0.029820073395967484,576.0
OP,20240413,us,mid,0.003114021848887205,0.006680044811218977,0.009794065728783607,54.0
OP,20240413,us,stress,1.029659390449524,-1.705984354019165,-0.6763250231742859,8166.0
OP,20240419,asia,calm,0.0024823255371302366,-0.021275870501995087,-0.01879354752600193,70.0
OP,20240419,asia,mid,0.02343236282467842,-0.07326479256153107,-0.049832433462142944,546.0
OP,20240419,asia,stress,0.04273448884487152,-0.09451334178447723,-0.05177886039018631,866.0
OP,20240419,europe,mid,0.030232492834329605,-0.16613729298114777,-0.13590480387210846,764.0
OP,20240419,europe,stress,0.0026703288313001394,-0.01774086058139801,-0.015070531517267227,67.0
OP,20240419,us,calm,0.003267803229391575,-0.007237363141030073,-0.003969559911638498,106.0
OP,20240419,us,mid,0.01851304993033409,-0.06397296488285065,-0.04545991122722626,405.0
OP,20240419,us,stress,0.0024813334457576275,-0.013504826463758945,-0.01102349441498518,68.0
OP,20240428,asia,calm,3.8082180253695697e-05,0.00032369853579439223,0.00036178072332404554,1.0
OP,20240428,asia,mid,0.0325116403400898,-0.0802382081747055,-0.04772656038403511,842.0
OP,20240428,asia,stress,0.002300437306985259,-0.008966166526079178,-0.0066657294519245625,49.0
OP,20240428,europe,mid,0.04144769534468651,-0.1288888305425644,-0.08744113147258759,1035.0
OP,20240428,europe,stress,0.008947663940489292,-0.011796213686466217,-0.002848550211638212,199.0
OP,20240428,us,calm,0.002633200492709875,-0.0187322236597538,-0.016099024564027786,73.0
OP,20240428,us,mid,0.027338042855262756,-0.12350315600633621,-0.09616512060165405,780.0
OP,20240428,us,stress,0.009441367350518703,-0.02553442493081093,-0.01609305664896965,261.0
OP,20240507,asia,calm,0.007914358749985695,-0.021046385169029236,-0.013132024556398392,270.0
OP,20240507,asia,mid,0.008512960746884346,-0.029306288808584213,-0.020793329924345016,271.0
OP,20240507,asia,stress,0.01668667048215866,-0.012924488633871078,0.0037621709052473307,417.0
OP,20240507,europe,calm,0.01214465219527483,-0.04583218693733215,-0.0336875319480896,435.0
OP,20240507,europe,mid,0.008074919693171978,-0.023369476199150085,-0.015294557437300682,274.0
OP,20240507,us,calm,0.013969328254461288,-0.041784029453992844,-0.027814701199531555,353.0
OP,20240507,us,mid,0.01038767397403717,-0.0017557665705680847,0.008631909266114235,346.0
OP,20240516,asia,calm,0.008599897846579552,-0.020391620695590973,-0.01179172471165657,303.0
OP,20240516,asia,mid,0.003881086129695177,-0.02103578858077526,-0.01715470291674137,128.0
OP,20240516,europe,calm,0.0043658046051859856,-0.017361804842948914,-0.012995999306440353,163.0
OP,20240516,europe,mid,0.027396775782108307,-0.08290056884288788,-0.05550379678606987,858.0
OP,20240516,us,calm,0.007593050133436918,-0.028612781316041946,-0.021019726991653442,261.0
OP,20240516,us,mid,0.003554173279553652,-0.017253346741199493,-0.013699173927307129,112.0
OP,20240522,asia,calm,0.009873242117464542,-0.04272344708442688,-0.032850198447704315,349.0
OP,20240522,asia,mid,0.023994600400328636,-0.09093055874109268,-0.06693597137928009,811.0
OP,20240522,asia,stress,0.00024725808179937303,0.0,0.0002472580526955426,2.0
OP,20240522,europe,calm,0.0049370052292943,-0.010937603190541267,-0.006000597961246967,202.0
OP,20240522,europe,mid,0.050708331167697906,-0.1470349133014679,-0.09632658958435059,1686.0
OP,20240522,europe,stress,0.005219586193561554,-0.029520172625780106,-0.02430058643221855,148.0
OP,20240522,us,calm,0.0028035901486873627,-0.009581390768289566,-0.006777802482247353,95.0
OP,20240522,us,mid,0.03831160068511963,-0.1438182294368744,-0.10550662875175476,1249.0
OP,20240522,us,stress,0.0010643942514434457,-0.004246233496814966,-0.0031818393617868423,38.0
OP,20240531,asia,calm,0.0047067576088011265,-0.02095070295035839,-0.01624394580721855,207.0
OP,20240531,europe,calm,0.006400425918400288,-0.025430623441934586,-0.019030198454856873,230.0
OP,20240531,europe,mid,0.009454244747757912,-0.03390074893832207,-0.024446504190564156,318.0
OP,20240531,us,calm,0.0051854457706213,-0.015401499345898628,-0.010216053575277328,206.0
OP,20240531,us,mid,0.004740843549370766,-0.02607913315296173,-0.021338291466236115,156.0
OP,20240609,asia,calm,0.006271481513977051,-0.04004012048244476,-0.03376863896846771,218.0
OP,20240609,asia,mid,0.000388469488825649,-0.0036533132661134005,-0.003264843951910734,16.0
OP,20240609,europe,calm,0.006679468788206577,-0.031033199280500412,-0.02435372956097126,249.0
OP,20240609,europe,mid,0.003951954655349255,-0.005521909333765507,-0.0015699550276622176,139.0
OP,20240609,us,calm,0.0032524405978620052,-0.013848144561052322,-0.010595704428851604,116.0
OP,20240618,asia,mid,0.025680992752313614,-0.10529007017612457,-0.07960908114910126,801.0
OP,20240618,asia,stress,0.19498710334300995,-0.22987207770347595,-0.034884948283433914,1921.0
OP,20240618,europe,calm,0.00041526518180035055,0.000716651207767427,0.001131916418671608,12.0
OP,20240618,europe,mid,0.01899191178381443,-0.09293543547391891,-0.07394351065158844,505.0
OP,20240618,europe,stress,0.03722555190324783,-0.09198731184005737,-0.05476175621151924,962.0
OP,20240618,us,calm,0.00126332335639745,-0.005846718791872263,-0.0045833950862288475,45.0
OP,20240618,us,mid,0.025760460644960403,-0.08186652511358261,-0.05610606074333191,733.0
OP,20240618,us,stress,0.003847623011097312,-0.022242464125156403,-0.01839483715593815,102.0
OP,20240624,asia,calm,0.0033027410972863436,-0.01829129084944725,-0.014988549053668976,99.0
OP,20240624,asia,mid,0.02532339096069336,-0.09261462092399597,-0.06729122996330261,704.0
OP,20240624,asia,stress,0.004262417554855347,-0.01728278025984764,-0.01302036177366972,106.0
OP,20240624,europe,calm,0.0014308728277683258,-0.00923546776175499,-0.007804594933986664,40.0
OP,20240624,europe,mid,0.0365467444062233,-0.020023677498102188,0.016523055732250214,816.0
OP,20240624,europe,stress,0.042566824704408646,-0.14562030136585236,-0.10305348038673401,555.0
OP,20240624,us,calm,0.0028076989110559225,-0.005235590506345034,-0.002427891595289111,79.0
OP,20240624,us,mid,0.03987647593021393,-0.042915500700473785,-0.003039018716663122,927.0
OP,20240624,us,stress,0.009710295125842094,0.016005031764507294,0.025715328752994537,213.0
OP,20240703,asia,calm,0.008104488253593445,-0.0325433686375618,-0.024438878521323204,241.0
OP,20240703,asia,mid,0.008189133368432522,-0.022595573216676712,-0.014406440779566765,189.0
OP,20240703,europe,calm,0.011819535866379738,-0.05404772236943245,-0.04222818836569786,308.0
OP,20240703,europe,mid,0.02073616161942482,-0.051532577723264694,-0.030796414241194725,526.0
OP,20240703,europe,stress,0.003004268975928426,-0.006224398035556078,-0.0032201295252889395,75.0
OP,20240703,us,calm,0.010617642663419247,-0.03717523440718651,-0.026557588949799538,303.0
OP,20240703,us,mid,0.011654284782707691,-0.030557159334421158,-0.018902871757745743,273.0
OP,20240712,asia,calm,0.0014575596433132887,-0.011766460724174976,-0.01030889991670847,46.0
OP,20240712,asia,mid,0.019747182726860046,-0.08830411732196808,-0.06855693459510803,525.0
OP,20240712,europe,mid,0.03152918443083763,-0.12108646333217621,-0.08955728262662888,806.0
OP,20240712,europe,stress,0.0030420299153774977,-0.025167614221572876,-0.02212558314204216,81.0
OP,20240712,us,calm,0.0016792797250673175,-0.010397343896329403,-0.008718063123524189,45.0
OP,20240712,us,mid,0.01690092496573925,-0.04268816113471985,-0.025787239894270897,461.0
OP,20240721,asia,calm,0.007130301091820002,-0.03373337537050247,-0.02660307288169861,239.0
OP,20240721,asia,mid,0.0025821493472903967,-0.0004696997348219156,0.002112449612468481,85.0
OP,20240721,europe,calm,0.006393704563379288,-0.025542503222823143,-0.019148796796798706,208.0
OP,20240721,europe,mid,0.007961872033774853,-0.03708402439951897,-0.02912215143442154,217.0
OP,20240721,us,calm,0.002721094759181142,-0.01238038670271635,-0.009659292176365852,73.0
OP,20240721,us,mid,0.02964888885617256,-0.059879008680582047,-0.030230119824409485,795.0
OP,20240721,us,stress,0.022373374551534653,-0.031633056700229645,-0.009259684011340141,467.0
OP,20240727,asia,calm,0.006711835041642189,-0.02318834885954857,-0.01647651381790638,215.0
OP,20240727,europe,calm,0.009542358107864857,-0.02868792414665222,-0.01914556697010994,312.0
OP,20240727,europe,mid,0.003358040936291218,-0.004258790519088507,-0.0009007493499666452,114.0
OP,20240727,us,calm,0.005030033178627491,-0.028400003910064697,-0.02336997166275978,162.0
OP,20240727,us,mid,0.017605483531951904,-0.059345994144678116,-0.04174051806330681,509.0
OP,20240727,us,stress,0.013107996433973312,-0.026632660999894142,-0.013524661771953106,356.0
OP,20240805,asia,mid,0.0013551744632422924,-0.014161075465381145,-0.012805902399122715,33.0
OP,20240805,asia,stress,0.6731346845626831,-0.9312700033187866,-0.25813525915145874,6863.0
OP,20240805,europe,stress,0.27563798427581787,-0.5952082872390747,-0.31957024335861206,4568.0
OP,20240805,us,mid,0.014691161923110485,-0.06799955666065216,-0.0533083975315094,308.0
OP,20240805,us,stress,0.08542561531066895,-0.1935080885887146,-0.10808248817920685,1694.0
OP,20240814,asia,calm,0.011073075234889984,-0.04737548530101776,-0.03630241006612778,286.0
OP,20240814,asia,mid,0.0037755263037979603,-0.009972900152206421,-0.006197372917085886,99.0
OP,20240814,europe,calm,0.00753705482929945,-0.02156214788556099,-0.014025092124938965,198.0
OP,20240814,europe,mid,0.03187599033117294,-0.11395926028490067,-0.08208326995372772,738.0
OP,20240814,europe,stress,0.0208611860871315,-0.04002344235777855,-0.019162259995937347,490.0
OP,20240814,us,calm,0.011651130393147469,-0.040552012622356415,-0.028900880366563797,300.0
OP,20240814,us,mid,0.008550535887479782,-0.037925347685813904,-0.02937481179833412,211.0
OP,20240820,asia,calm,0.008286882191896439,-0.0037921611219644547,0.004494720138609409,215.0
OP,20240820,asia,mid,0.01394782867282629,-0.04907263070344925,-0.03512480854988098,362.0
OP,20240820,asia,stress,0.0007973153842613101,0.0008264911593869328,0.0016238064272329211,20.0
OP,20240820,europe,calm,0.010141059756278992,-0.03001941740512848,-0.019878357648849487,270.0
OP,20240820,europe,mid,0.015733860433101654,-0.019690314307808876,-0.00395645247772336,401.0
OP,20240820,us,calm,0.011567734181880951,-0.04621926695108414,-0.034651536494493484,286.0
OP,20240820,us,mid,0.0065280902199447155,-0.010064991191029549,-0.003536901203915477,166.0
OP,20240829,asia,calm,0.008267936296761036,-0.007370068226009607,0.0008978699333965778,227.0
OP,20240829,asia,mid,0.008868160657584667,-0.015411549247801304,-0.006543387658894062,224.0
OP,20240829,europe,calm,0.009477340616285801,-0.03317659720778465,-0.023699257522821426,264.0
OP,20240829,europe,mid,0.025192780420184135,-0.058608271181583405,-0.03341548889875412,615.0
OP,20240829,europe,stress,0.007018714211881161,-0.02585485391318798,-0.018836140632629395,173.0
OP,20240829,us,calm,0.006035428494215012,-0.014542189426720142,-0.008506757207214832,149.0
OP,20240829,us,mid,0.01616043597459793,-0.027346178889274597,-0.011185744777321815,411.0
OP,20240907,asia,calm,0.010135693475604057,-0.023747554048895836,-0.013611862435936928,259.0
OP,20240907,asia,mid,0.0052671232260763645,-0.009395550936460495,-0.0041284263134002686,134.0
OP,20240907,europe,calm,0.011929966509342194,-0.01975523866713047,-0.007825271226465702,311.0
OP,20240907,europe,mid,0.007499111816287041,-0.021506130695343018,-0.014007017947733402,202.0
OP,20240907,us,calm,0.011033443734049797,-0.00904281996190548,0.001990625634789467,285.0
OP,20240907,us,mid,0.002198240254074335,-0.0015199282206594944,0.000678311800584197,54.0
OP,20240916,asia,calm,0.010944131761789322,-0.04735782742500305,-0.03641369938850403,302.0
OP,20240916,asia,mid,0.004360886290669441,-0.0028041594196110964,0.0015567278023809195,120.0
OP,20240916,asia,stress,0.0002383118262514472,-0.0004088814603164792,-0.0001705695758573711,7.0
OP,20240916,europe,calm,0.009750394150614738,-0.043576937168836594,-0.033826541155576706,269.0
OP,20240916,europe,mid,0.00481677521020174,-0.014483795501291752,-0.009667019359767437,130.0
OP,20240916,us,calm,0.010762704536318779,-0.022386334836483,-0.011623630300164223,268.0
OP,20240916,us,mid,0.003167526563629508,-0.01963985338807106,-0.01647232472896576,83.0
OP,20240922,asia,calm,0.006227194331586361,-0.026024077087640762,-0.019796885550022125,190.0
OP,20240922,asia,mid,0.008162454701960087,-0.03755337744951248,-0.02939092181622982,246.0
OP,20240922,asia,stress,0.005873648915439844,-0.031863532960414886,-0.02598988264799118,173.0
OP,20240922,europe,calm,0.00834426749497652,-0.00917915441095829,-0.0008348866831511259,253.0
OP,20240922,europe,mid,0.004001003690063953,-0.00816517323255539,-0.004164169076830149,124.0
OP,20240922,us,calm,0.007194378413259983,-0.018254917114973068,-0.01106053777039051,202.0
OP,20240922,us,mid,0.007879745215177536,-0.027062399312853813,-0.019182655960321426,221.0
OP,20241001,asia,calm,0.004115126095712185,-0.01312884222716093,-0.009013716131448746,138.0
OP,20241001,asia,mid,0.00872107781469822,-0.030554890632629395,-0.021833812817931175,273.0
OP,20241001,europe,calm,0.004700216464698315,-0.014352732338011265,-0.009652516804635525,148.0
OP,20241001,europe,mid,0.016855020076036453,-0.027490023523569107,-0.01063500251621008,473.0
OP,20241001,europe,stress,0.018809260800480843,0.02115604281425476,0.039965298026800156,437.0
OP,20241001,us,calm,0.0003616602043621242,-0.0008435812196694314,-0.00048192101530730724,3.0
OP,20241001,us,mid,0.020688191056251526,-0.05246436223387718,-0.03177616745233536,542.0
OP,20241001,us,stress,0.030125759541988373,-0.05301564931869507,-0.022889887914061546,690.0
OP,20241010,asia,calm,0.005917132832109928,-0.012888905592262745,-0.006971772760152817,165.0
OP,20241010,asia,mid,0.003983404487371445,-0.0026720669120550156,0.0013113366439938545,111.0
OP,20241010,europe,calm,0.005615613888949156,-0.003989879973232746,0.0016257353127002716,160.0
OP,20241010,europe,mid,0.014141708612442017,-0.04677100107073784,-0.03262929618358612,373.0
OP,20241010,europe,stress,0.0021179853938519955,-0.005209921859204769,-0.003091935534030199,51.0
OP,20241010,us,calm,0.007028145715594292,-0.02780933864414692,-0.020781196653842926,175.0
OP,20241010,us,mid,0.013068202883005142,-0.020877663046121597,-0.007809458300471306,348.0
OP,20241019,asia,calm,0.005220366641879082,-0.011685699224472046,-0.006465332582592964,169.0
OP,20241019,europe,calm,0.005303249694406986,-0.013320812955498695,-0.008017564192414284,168.0
OP,20241019,europe,mid,0.0005578087875619531,-0.0012049234937876463,-0.000647114822641015,19.0
OP,20241019,us,calm,0.004590611904859543,-0.021700892597436905,-0.017110278829932213,142.0
OP,20241025,asia,calm,0.0037283978890627623,-0.01288677379488945,-0.009158376604318619,116.0
OP,20241025,asia,mid,0.007026847917586565,-0.03519829362630844,-0.02817145548760891,220.0
OP,20241025,europe,calm,0.004897404927760363,-0.020501937717199326,-0.015604529529809952,159.0
OP,20241025,europe,mid,0.011840572580695152,-0.040589459240436554,-0.028748884797096252,376.0
OP,20241025,us,calm,0.0021896373946219683,-0.003739197039976716,-0.0015495587140321732,55.0
OP,20241025,us,mid,0.018412411212921143,-0.05231340974569321,-0.033900998532772064,550.0
OP,20241025,us,stress,0.053398992866277695,-0.20633357763290405,-0.15293458104133606,863.0
OP,20241103,asia,calm,0.00794127769768238,-0.02205023542046547,-0.014108957722783089,224.0
OP,20241103,asia,mid,0.015429840423166752,-0.06961103528738022,-0.05418119579553604,404.0
OP,20241103,asia,stress,0.006854836829006672,0.009969535283744335,0.016824377700686455,166.0
OP,20241103,europe,calm,0.006542080081999302,-0.02281573973596096,-0.016273660585284233,178.0
OP,20241103,europe,mid,0.022027425467967987,-0.04494607448577881,-0.02291865274310112,572.0
OP,20241103,europe,stress,0.011702267453074455,-0.043789707124233246,-0.03208744153380394,279.0
OP,20241103,us,calm,0.0037235580384731293,-0.008787430822849274,-0.005063873250037432,100.0
OP,20241103,us,mid,0.023019859567284584,-0.05867869406938553,-0.035658836364746094,611.0
OP,20241112,asia,mid,0.01750105805695057,0.001836547628045082,0.01933760941028595,455.0
OP,20241112,asia,stress,0.11375758051872253,-0.5445960760116577,-0.43083855509757996,2377.0
OP,20241112,europe,mid,0.006804368458688259,-0.01762484386563301,-0.010820475406944752,167.0
OP,20241112,europe,stress,0.24068370461463928,-0.43292945623397827,-0.19224576652050018,3939.0
OP,20241112,us,mid,0.04510664567351341,-0.11518221348524094,-0.07007557153701782,987.0
OP,20241112,us,stress,0.030143961310386658,0.00870125275105238,0.038845211267471313,619.0
OP,20241121,asia,mid,0.026294205337762833,-0.1393168419599533,-0.11302262544631958,717.0
OP,20241121,asia,stress,0.018397383391857147,-0.0101176081225276,0.008279775269329548,450.0
OP,20241121,europe,mid,0.023021500557661057,-0.06684040278196335,-0.04381890222430229,584.0
OP,20241121,europe,stress,0.5270775556564331,-1.246372103691101,-0.719294548034668,6846.0
OP,20241121,us,mid,0.04116510972380638,-0.0748584195971489,-0.033693309873342514,914.0
OP,20241121,us,stress,0.1313849687576294,-0.28025177121162415,-0.14886681735515594,2492.0
OP,20241127,asia,calm,2.2679336325381882e-05,0.001428798190318048,0.0014514775248244405,1.0
OP,20241127,asia,mid,0.03940729796886444,-0.12143543362617493,-0.08202814310789108,787.0
OP,20241127,asia,stress,0.029854997992515564,-0.034393999725580215,-0.004538998007774353,690.0
OP,20241127,europe,mid,0.04020969569683075,-0.09790928661823273,-0.05769959092140198,756.0
OP,20241127,europe,stress,0.07308578491210938,-0.1472787857055664,-0.07419298589229584,1340.0
OP,20241127,us,mid,0.06488573551177979,-0.15903812646865845,-0.09415239095687866,1296.0
OP,20241127,us,stress,0.05746818333864212,-0.10460304468870163,-0.047134846448898315,907.0
OP,20241206,asia,calm,0.0009790131589397788,-0.0035784244537353516,-0.002599412575364113,30.0
OP,20241206,asia,mid,0.03066779300570488,-0.05208131670951843,-0.021413525566458702,900.0
OP,20241206,asia,stress,0.009426986798644066,-0.03570783510804176,-0.026280850172042847,259.0
OP,20241206,europe,calm,0.001193330972455442,0.0029556388035416603,0.004148969892412424,35.0
OP,20241206,europe,mid,0.035671524703502655,-0.08204943686723709,-0.046377915889024734,957.0
OP,20241206,europe,stress,0.038952313363552094,-0.0872989147901535,-0.04834660515189171,909.0
OP,20241206,us,calm,0.004937371704727411,-0.01720384508371353,-0.012266475707292557,158.0
OP,20241206,us,mid,0.04375498741865158,-0.08848708868026733,-0.04473210126161575,1257.0
OP,20241206,us,stress,0.0008596058469265699,-0.004106892738491297,-0.003247286658734083,27.0
OP,20241215,asia,calm,0.01305190846323967,-0.030224516987800598,-0.017172610387206078,452.0
OP,20241215,asia,mid,0.005732647608965635,0.006741023156791925,0.012473671697080135,218.0
OP,20241215,europe,calm,0.010235090740025043,-0.04322664067149162,-0.032991550862789154,379.0
OP,20241215,europe,mid,0.009814397431910038,-0.044301971793174744,-0.03448757529258728,379.0
OP,20241215,us,calm,0.01093533355742693,-0.03795800358057022,-0.027022669091820717,389.0
OP,20241215,us,mid,0.013967800885438919,-0.04851044341921806,-0.034542642533779144,480.0
OP,20241224,asia,calm,0.001147369621321559,-0.008931297808885574,-0.007783927954733372,37.0
OP,20241224,asia,mid,0.029416874051094055,-0.07296907901763916,-0.0435522086918354,713.0
OP,20241224,europe,calm,0.0013942400692030787,0.005321216769516468,0.006715456023812294,33.0
OP,20241224,europe,mid,0.04190325736999512,-0.09023776650428772,-0.0483345091342926,998.0
OP,20241224,us,calm,0.006493790075182915,-0.01672755554318428,-0.010233764536678791,163.0
OP,20241224,us,mid,0.026408137753605843,-0.06662203371524811,-0.04021389037370682,740.0
OP,20241230,asia,calm,0.0006895990227349102,-0.0008845623815432191,-0.00019496330060064793,19.0
OP,20241230,asia,mid,0.025573547929525375,-0.06821335852146149,-0.04263981059193611,704.0
OP,20241230,asia,stress,0.0033309857826679945,-0.002787971869111061,0.0005430127494037151,94.0
OP,20241230,europe,calm,0.0051437728106975555,-0.015870260074734688,-0.010726487264037132,144.0
OP,20241230,europe,mid,0.03264262527227402,-0.05266257002949715,-0.020019948482513428,806.0
OP,20241230,europe,stress,0.011676880531013012,-0.02766202948987484,-0.015985149890184402,290.0
OP,20241230,us,calm,0.004051472991704941,-0.015784386545419693,-0.011732914485037327,113.0
OP,20241230,us,mid,0.03254210203886032,-0.1067541167140007,-0.07421201467514038,847.0
OP,20241230,us,stress,0.010914377868175507,-0.01563730463385582,-0.004722928162664175,301.0
OP,20250108,asia,calm,0.006127906963229179,-0.004316272679716349,0.0018116349820047617,162.0
OP,20250108,asia,mid,0.03584609925746918,-0.12381911277770996,-0.08797302097082138,946.0
OP,20250108,asia,stress,0.0010055908933281898,-0.00287043210119009,-0.0018648410914465785,26.0
OP,20250108,europe,calm,0.009997802786529064,-0.003787342458963394,0.006210458930581808,229.0
OP,20250108,europe,mid,0.024420419707894325,-0.07371263206005096,-0.04929221421480179,623.0
OP,20250108,us,calm,0.00574230682104826,-0.0039087445475161076,0.0018335618078708649,60.0
OP,20250108,us,mid,0.03136134520173073,-0.05214843899011612,-0.020787091925740242,797.0
OP,20250108,us,stress,0.031439073383808136,-0.12937799096107483,-0.0979389175772667,693.0
OP,20250117,asia,calm,0.011056367307901382,-0.03061274252831936,-0.019556378945708275,321.0
OP,20250117,asia,mid,0.005166954826563597,-0.01197122409939766,-0.00680426973849535,150.0
OP,20250117,europe,calm,0.012112257070839405,-0.016302261501550674,-0.004190003499388695,363.0
OP,20250117,europe,mid,0.017016656696796417,-0.026361754164099693,-0.009345093742012978,516.0
OP,20250117,europe,stress,0.0007261891732923687,-0.0009901038138195872,-0.000263915047980845,22.0
OP,20250117,us,calm,0.00931585393846035,-0.017453202977776527,-0.008137347176671028,284.0
OP,20250117,us,mid,0.017078090459108353,-0.013584315776824951,0.003493775613605976,517.0
OP,20250126,asia,calm,0.008027701638638973,-0.019429149106144905,-0.011401446536183357,236.0
OP,20250126,asia,mid,0.0003375977394171059,-0.0018725767731666565,-0.0015349790919572115,11.0
OP,20250126,europe,calm,0.00911850854754448,-0.02867693081498146,-0.01955842413008213,267.0
OP,20250126,us,calm,0.010890222154557705,-0.034571968019008636,-0.023681744933128357,267.0
OP,20250126,us,mid,0.015518315136432648,-0.046693362295627594,-0.031175047159194946,338.0
OP,20250126,us,stress,0.0018185965018346906,0.0010776232229545712,0.0028962199576199055,42.0
OP,20250201,asia,calm,0.004255175124853849,-0.019591625779867172,-0.015336450189352036,115.0
OP,20250201,asia,mid,0.009557532146573067,-0.03348185867071152,-0.02392432652413845,234.0
OP,20250201,europe,calm,0.0035344038624316454,-0.010502221062779427,-0.006967817433178425,93.0
OP,20250201,europe,mid,0.018838156014680862,-0.04759757220745087,-0.028759416192770004,450.0
OP,20250201,us,calm,0.0009705494740046561,-0.008151683956384659,-0.007181134074926376,21.0
OP,20250201,us,mid,0.03530661761760712,-0.10091954469680786,-0.06561292707920074,803.0
OP,20250201,us,stress,0.0016823254991322756,-0.0009174773003906012,0.0007648483151569963,36.0
OP,20250210,asia,mid,0.027020810171961784,-0.025319818407297134,0.0017009919974952936,513.0
OP,20250210,asia,stress,0.014949161559343338,-0.020063869655132294,-0.005114708095788956,268.0
OP,20250210,europe,mid,0.026121418923139572,-0.071581169962883,-0.04545975476503372,506.0
OP,20250210,europe,stress,0.004559033550322056,0.0024496689438819885,0.007008700631558895,80.0
OP,20250210,us,calm,0.008999242447316647,-0.014326602220535278,-0.005327360238879919,157.0
OP,20250210,us,mid,0.013858075253665447,-0.029929928481578827,-0.016071852296590805,272.0
OP,20250219,asia,calm,0.00251590833067894,-0.014279235154390335,-0.011763326823711395,52.0
OP,20250219,asia,mid,0.01902870647609234,-0.054777100682258606,-0.03574839234352112,381.0
OP,20250219,europe,calm,0.00039558717980980873,-0.00027018506079912186,0.00012540206080302596,9.0
OP,20250219,europe,mid,0.03252954035997391,-0.061119623482227325,-0.028590083122253418,656.0
OP,20250219,us,calm,0.001772912684828043,-0.007301401346921921,-0.0055284881964325905,34.0
OP,20250219,us,mid,0.024113070219755173,-0.07614824920892715,-0.05203517526388168,475.0
OP,20250228,asia,calm,4.516099943430163e-05,-0.0014451519818976521,-0.0013999909861013293,1.0
OP,20250228,asia,mid,0.027455849573016167,-0.06546963006258011,-0.03801378607749939,498.0
OP,20250228,asia,stress,0.08254687488079071,-0.25185686349868774,-0.16931000351905823,1394.0
OP,20250228,europe,mid,0.04035031795501709,-0.11124951392412186,-0.07089919596910477,735.0
OP,20250228,europe,stress,0.036286719143390656,-0.08823270350694656,-0.051945991814136505,652.0
OP,20250228,us,calm,0.008624909445643425,-0.02475285343825817,-0.016127943992614746,175.0
OP,20250228,us,mid,0.023539843037724495,-0.05265979468822479,-0.02911994978785515,453.0
OP,20250306,asia,mid,0.03342477232217789,-0.051106344908475876,-0.01768156886100769,592.0
OP,20250306,asia,stress,0.0008002138347364962,0.0034003248438239098,0.004200539086014032,13.0
OP,20250306,europe,calm,0.0019885406363755465,-0.00328534422442317,-0.0012968035880476236,35.0
OP,20250306,europe,mid,0.031020211055874825,-0.029402287676930428,0.0016179177910089493,511.0
OP,20250306,europe,stress,0.0052078901790082455,-0.007937720976769924,-0.0027298307977616787,85.0
OP,20250306,us,calm,0.0034868293441832066,-0.00402869051322341,-0.0005418607033789158,62.0
OP,20250306,us,mid,0.02867007628083229,-0.04014679044485092,-0.01147671602666378,465.0
OP,20250315,asia,calm,0.007693828549236059,-0.018620403483510017,-0.010926575399935246,124.0
OP,20250315,asia,mid,0.0017096238443627954,-0.0030940514989197254,-0.001384427770972252,27.0
OP,20250315,europe,calm,0.007373651023954153,-0.010930215939879417,-0.0035565653815865517,117.0
OP,20250315,europe,mid,0.0017231088131666183,-3.3236792660318315e-06,0.0017197851557284594,28.0
OP,20250315,us,calm,0.008479846641421318,-0.009299139492213726,-0.0008192919194698334,129.0
OP,20250315,us,mid,0.005626247730106115,-0.0031507620587944984,0.002475486136972904,86.0
OP,20250324,asia,calm,0.003713274607434869,-0.00796742644160986,-0.00425415113568306,62.0
OP,20250324,asia,mid,0.016830548644065857,-0.0308326855301857,-0.014002140611410141,268.0
OP,20250324,europe,calm,0.008910691365599632,-0.022284187376499176,-0.013373496942222118,141.0
OP,20250324,europe,mid,0.010282873176038265,-0.033005647361278534,-0.022722773253917694,168.0
OP,20250324,us,calm,0.010002534836530685,-0.024599691852927208,-0.014597157016396523,167.0
OP,20250324,us,mid,0.0034989628475159407,-0.013364041224122047,-0.009865078143775463,52.0
OP,20250330,asia,calm,0.004111177287995815,-0.005545858293771744,-0.0014346815878525376,58.0
OP,20250330,asia,mid,0.006423685699701309,-0.015615001320838928,-0.009191315621137619,90.0
OP,20250330,europe,calm,0.0033309811260551214,-0.006910123862326145,-0.0035791434347629547,46.0
OP,20250330,europe,mid,0.017243240028619766,-0.017429735511541367,-0.00018649455159902573,202.0
OP,20250330,europe,stress,0.0006669307476840913,-0.005673578009009361,-0.005006647203117609,9.0
OP,20250330,us,calm,0.00245211785659194,-0.002935761120170355,-0.00048364349640905857,33.0
OP,20250330,us,mid,0.02186843566596508,-0.02278168499469757,-0.0009132488630712032,265.0
OP,20250408,asia,mid,0.01886001229286194,-0.025727903470396996,-0.006867891643196344,207.0
OP,20250408,asia,stress,8.133387746056542e-05,-0.00016266775492113084,-8.133387746056542e-05,1.0
OP,20250408,europe,mid,0.016295835375785828,-0.023565741255879402,-0.007269907742738724,175.0
OP,20250408,europe,stress,0.015101992525160313,-0.043544381856918335,-0.0284423865377903,163.0
OP,20250408,us,calm,8.50267824716866e-05,-0.0006802142597734928,-0.0005951874773018062,1.0
OP,20250408,us,mid,0.019264619797468185,-0.02611367776989937,-0.00684905331581831,204.0
OP,20250408,us,stress,0.021874284371733665,-0.04869433119893074,-0.026820043101906776,229.0
OP,20250417,asia,calm,0.003260259749367833,-0.004667163826525211,-0.0014069045428186655,38.0
OP,20250417,asia,mid,0.003200054867193103,-0.002460133284330368,0.0007399215246550739,39.0
OP,20250417,europe,calm,0.006608625873923302,-0.005133980885148048,0.001474645221605897,80.0
OP,20250417,europe,mid,0.013009750284254551,-0.024965044111013412,-0.01195529568940401,155.0
OP,20250417,us,calm,0.002234116895124316,-0.003853520378470421,-0.0016194033669307828,27.0
OP,20250417,us,mid,0.015048895962536335,-0.02748672477900982,-0.012437829747796059,181.0
OP,20250426,asia,calm,0.00048342187074013054,-0.002718809526413679,-0.0022353874519467354,8.0
OP,20250426,asia,mid,0.014764321967959404,-0.04243052378296852,-0.027666199952363968,229.0
OP,20250426,europe,mid,0.026372030377388,-0.0471993125975132,-0.0208272822201252,401.0
OP,20250426,europe,stress,0.0009573029819875956,-0.0011386391706764698,-0.00018133613048121333,15.0
OP,20250426,us,calm,0.004948088899254799,-0.014351530000567436,-0.009403441101312637,80.0
OP,20250426,us,mid,0.0029294327832758427,-0.0056967162527143955,-0.002767283236607909,48.0
OP,20250502,asia,calm,0.0004109514702577144,-0.000756756286136806,-0.00034580478677526116,5.0
OP,20250502,asia,mid,0.014345871284604073,-0.020421219989657402,-0.0060753473080694675,198.0
OP,20250502,asia,stress,0.00013706140452995896,0.00013707079051528126,0.000274132180493325,2.0
OP,20250502,europe,calm,0.00034252461045980453,-0.0012338792439550161,-0.0008913546334952116,5.0
OP,20250502,europe,mid,0.04382561519742012,-0.04641420766711235,-0.0025885868817567825,586.0
OP,20250502,europe,stress,0.0018973040860146284,-0.006202914286404848,-0.004305610433220863,27.0
OP,20250502,us,calm,0.009870471432805061,-0.013468385674059391,-0.003597915405407548,136.0
OP,20250502,us,mid,0.010772926732897758,-0.004155993461608887,0.006616933271288872,143.0
OP,20250511,asia,stress,0.19651558995246887,-0.6058105230331421,-0.409294992685318,3145.0
OP,20250511,europe,mid,0.02618115395307541,-0.03953792154788971,-0.0133567675948143,411.0
OP,20250511,europe,stress,0.05156810209155083,-0.12524843215942383,-0.0736803412437439,814.0
OP,20250511,us,calm,0.0019528771517798305,-0.006213254760950804,-0.0042603774927556515,30.0
OP,20250511,us,mid,0.01943819597363472,-0.045928895473480225,-0.026490701362490654,315.0
OP,20250511,us,stress,0.02852267399430275,-0.013551522046327591,0.014971157535910606,426.0
OP,20250520,asia,mid,0.032545171678066254,-0.06984234601259232,-0.03729717433452606,431.0
OP,20250520,asia,stress,0.0053026932291686535,-0.005195235833525658,0.0001074568135663867,73.0
OP,20250520,europe,mid,0.03206075355410576,-0.03989516943693161,-0.007834414020180702,418.0
OP,20250520,europe,stress,0.006230838596820831,-0.00771329877898097,-0.0014824593672528863,75.0
OP,20250520,us,mid,0.042830731719732285,-0.08892400562763214,-0.046093277633190155,566.0
OP,20250601,asia,calm,0.001833353191614151,-0.0026071975007653236,-0.0007738441927358508,24.0
OP,20250601,asia,mid,0.014717981219291687,-0.03215162456035614,-0.01743364706635475,189.0
OP,20250601,europe,calm,0.0017232958925887942,-0.0008609758224338293,0.0008623198955319822,21.0
OP,20250601,europe,mid,0.026640642434358597,-0.029204368591308594,-0.0025637270882725716,339.0
OP,20250601,us,calm,0.006453334353864193,-0.01388611737638712,-0.007432782556861639,78.0
OP,20250601,us,mid,0.019364193081855774,-0.0406736359000206,-0.021309446543455124,242.0
OP,20250607,asia,calm,0.0071076564490795135,-0.019930263981223106,-0.012822611257433891,85.0
OP,20250607,asia,mid,0.012680664658546448,-0.017668213695287704,-0.004987548571079969,154.0
OP,20250607,europe,calm,0.01360395085066557,-0.03233383968472481,-0.018729887902736664,169.0
OP,20250607,europe,mid,0.007085811346769333,-0.0038562004920095205,0.0032296108547598124,90.0
OP,20250607,us,calm,0.010130887851119041,-0.01805673912167549,-0.0079258494079113,123.0
OP,20250607,us,mid,0.001910391845740378,-0.0027850952465087175,-0.0008747032843530178,23.0
OP,20250616,asia,calm,0.0006743568228557706,0.0001761757885105908,0.0008505326113663614,8.0
OP,20250616,asia,mid,0.029201341792941093,-0.05593647062778473,-0.026735128834843636,342.0
OP,20250616,asia,stress,0.003607918042689562,-0.0032600390259176493,0.00034787890035659075,41.0
OP,20250616,europe,calm,0.004677891731262207,-0.0040647718124091625,0.0006131200352683663,56.0
OP,20250616,europe,mid,0.030808262526988983,-0.06502652168273926,-0.03421825170516968,369.0
OP,20250616,us,calm,0.0038270321674644947,-0.00536895077675581,-0.0015419182600453496,47.0
OP,20250616,us,mid,0.030512740835547447,-0.052726902067661285,-0.02221415750682354,357.0
OP,20250616,us,stress,0.01413085125386715,-0.04137759283185005,-0.027246739715337753,163.0
OP,20250625,asia,calm,0.007673986256122589,-0.012615120969712734,-0.004941134247928858,85.0
OP,20250625,asia,mid,0.009280398488044739,-0.021954165771603584,-0.012673769146203995,103.0
OP,20250625,europe,calm,0.002537776716053486,-0.00579793332144618,-0.003260157536715269,28.0
OP,20250625,europe,mid,0.023043565452098846,-0.04688234254717827,-0.02383878082036972,250.0
OP,20250625,europe,stress,0.006470118649303913,-0.004764320328831673,0.0017057976219803095,69.0
OP,20250625,us,calm,0.0038835620507597923,-0.00852159969508648,-0.0046380371786653996,38.0
OP,20250625,us,mid,0.0153680220246315,-0.033978890627622604,-0.018610868602991104,167.0
OP,20250704,asia,calm,0.009523442946374416,-0.02141663059592247,-0.011893185786902905,108.0
OP,20250704,asia,mid,0.006530382204800844,-0.0025191456079483032,0.004011235665529966,70.0
OP,20250704,europe,calm,0.005369785241782665,-0.013904967345297337,-0.008535181172192097,59.0
OP,20250704,europe,mid,0.01727294735610485,-0.036112572997808456,-0.018839627504348755,186.0
OP,20250704,europe,stress,0.0021196743473410606,-0.0012937006540596485,0.0008259734022431076,23.0
OP,20250704,us,calm,0.008207358419895172,-0.018108373507857323,-0.009901016019284725,87.0
OP,20250704,us,mid,0.012459096498787403,-0.013930011540651321,-0.0014709162060171366,132.0
OP,20250710,asia,calm,0.008666313253343105,-0.02226470783352852,-0.013598395511507988,100.0
OP,20250710,asia,mid,0.017120016738772392,-0.037471622228622437,-0.020351607352495193,195.0
OP,20250710,asia,stress,0.0004246862081345171,-0.0005089771002531052,-8.429092122241855e-05,5.0
OP,20250710,europe,calm,0.006593230180442333,-0.01647268794476986,-0.009879456833004951,78.0
OP,20250710,europe,mid,0.02415064349770546,-0.03787542134523392,-0.013724779710173607,283.0
OP,20250710,europe,stress,0.0009215346071869135,-0.0005917897215113044,0.00032974506029859185,11.0
OP,20250710,us,mid,0.058428116142749786,-0.1193791925907135,-0.060951072722673416,680.0
OP,20250710,us,stress,0.03550029173493385,-0.07991114258766174,-0.04441085457801819,405.0
OP,20250719,asia,mid,0.03899942338466644,-0.08380813151597977,-0.044808704406023026,582.0
OP,20250719,asia,stress,0.030883530154824257,-0.0633828341960907,-0.03249930590391159,454.0
OP,20250719,europe,mid,0.04401031509041786,-0.07746168971061707,-0.0334513783454895,638.0
OP,20250719,us,mid,0.04576496407389641,-0.12892743945121765,-0.08316247165203094,674.0
OP,20250727,asia,calm,0.008840534836053848,-0.020459961146116257,-0.011619427241384983,126.0
OP,20250727,asia,mid,0.0155071085318923,-0.0324869304895401,-0.016979822888970375,213.0
OP,20250727,europe,calm,0.008023073896765709,-0.014324209652841091,-0.006301136687397957,115.0
OP,20250727,europe,mid,0.03691623732447624,-0.05767714977264404,-0.0207609161734581,531.0
OP,20250727,us,calm,0.0006101481849327683,0.0006778452079743147,0.0012879935093224049,9.0
OP,20250727,us,mid,0.04582490772008896,-0.1122450903058052,-0.06642018258571625,659.0
OP,20250730,asia,calm,6.889424548717216e-05,0.0015156734734773636,0.0015845677116885781,1.0
OP,20250730,asia,mid,0.058853693306446075,-0.1274082213640213,-0.06855452060699463,829.0
OP,20250730,asia,stress,0.0003452133387327194,0.0002749664126895368,0.0006201798096299171,5.0
OP,20250730,europe,mid,0.04639916867017746,-0.08911724388599396,-0.042718078941106796,626.0
OP,20250730,europe,stress,0.07175785303115845,-0.15883800387382507,-0.08708015084266663,966.0
OP,20250730,us,mid,0.03328803926706314,-0.041511259973049164,-0.00822322815656662,446.0
OP,20250730,us,stress,0.09098853170871735,-0.20010235905647278,-0.10911382734775543,1166.0
OP,20250801,asia,mid,0.029878653585910797,-0.07180239260196686,-0.04192373901605606,389.0
OP,20250801,asia,stress,0.04429797828197479,-0.04598814249038696,-0.0016901623457670212,558.0
OP,20250801,europe,mid,0.0176638625562191,-0.04229964315891266,-0.02463577874004841,229.0
OP,20250801,europe,stress,0.06165849417448044,-0.06849539279937744,-0.006836897227913141,765.0
OP,20250801,us,mid,0.008241132833063602,-0.020355062559247017,-0.01211392879486084,106.0
OP,20250801,us,stress,0.07981781661510468,-0.10563485324382782,-0.025817034766077995,953.0
OP,20250804,asia,calm,0.010047676041722298,-0.021754903718829155,-0.011707229539752007,133.0
OP,20250804,asia,mid,0.009105095639824867,-0.016573023051023483,-0.0074679250828921795,115.0
OP,20250804,europe,calm,0.008032958023250103,-0.009686273522675037,-0.0016533160815015435,101.0
OP,20250804,europe,mid,0.018366249278187752,-0.029945656657218933,-0.01157940924167633,240.0
OP,20250804,europe,stress,0.007500496692955494,-0.01953699067234993,-0.01203649677336216,96.0
OP,20250804,us,calm,0.004170848987996578,-0.005147204268723726,-0.0009763551643118262,54.0
OP,20250804,us,mid,0.03409379720687866,-0.061931803822517395,-0.02783801220357418,469.0
OP,20250807,asia,calm,0.011501826345920563,-0.03021337278187275,-0.018711550161242485,153.0
OP,20250807,asia,mid,0.004313579760491848,-0.015091538429260254,-0.010777956806123257,56.0
OP,20250807,europe,calm,0.009698528796434402,-0.005233888980001211,0.004464639350771904,126.0
OP,20250807,europe,mid,0.031527068465948105,-0.053928788751363754,-0.02240171656012535,412.0
OP,20250807,us,calm,0.01772143691778183,-0.039602939039468765,-0.021881500259041786,225.0
OP,20250807,us,mid,0.018557406961917877,-0.02119065448641777,-0.002633245661854744,253.0
OP,20250810,asia,calm,0.003518760437145829,0.0025888620875775814,0.00610762182623148,53.0
OP,20250810,asia,mid,0.04287045821547508,-0.10505115985870361,-0.06218070909380913,634.0
OP,20250810,asia,stress,0.002579235006123781,-0.007871150970458984,-0.005291915964335203,34.0
OP,20250810,europe,calm,0.006708038505166769,-0.016211211681365967,-0.00950317271053791,103.0
OP,20250810,europe,mid,0.025508254766464233,-0.054129742085933685,-0.0286214891821146,358.0
OP,20250810,us,calm,0.008845273405313492,-0.03069986030459404,-0.021854588761925697,130.0
OP,20250810,us,mid,0.01307730283588171,-0.03406752645969391,-0.020990222692489624,189.0
OP,20250812,asia,calm,0.006542164832353592,-0.017484454438090324,-0.010942291468381882,98.0
OP,20250812,asia,mid,0.015958357602357864,-0.035801395773887634,-0.01984304189682007,225.0
OP,20250812,asia,stress,0.0004671343485824764,-0.002268440555781126,-0.0018013061489909887,7.0
OP,20250812,europe,calm,0.00026340922340750694,6.555512663908303e-05,0.0003289643209427595,3.0
OP,20250812,europe,mid,0.04299122095108032,-0.03403371945023537,0.008957507088780403,606.0
OP,20250812,europe,stress,0.041972629725933075,-0.13717462122440338,-0.0952019914984703,588.0
OP,20250812,us,calm,0.0014603891177102923,0.0003755016368813813,0.0018358905799686909,23.0
OP,20250812,us,mid,0.04666059464216232,-0.0610794797539711,-0.014418886043131351,710.0
OP,20250815,asia,calm,0.007127442397177219,-0.011197393760085106,-0.004069952759891748,107.0
OP,20250815,asia,mid,0.02960357442498207,-0.026157384738326073,0.0034461887553334236,436.0
OP,20250815,europe,calm,0.004243349656462669,-0.004910354036837816,-0.0006670044967904687,64.0
OP,20250815,europe,mid,0.027727913111448288,-0.029115527868270874,-0.0013876116136088967,379.0
OP,20250815,europe,stress,0.04852806776762009,-0.09892848134040833,-0.05040041357278824,686.0
OP,20250815,us,calm,0.003304129233583808,-0.0026804720982909203,0.0006236567860469222,46.0
OP,20250815,us,mid,0.03059541992843151,-0.053410403430461884,-0.022814981639385223,410.0
OP,20250815,us,stress,0.011665208265185356,-0.008202300406992435,0.003462908323854208,160.0
OP,20250818,asia,calm,0.0026521114632487297,-0.0026432254817336798,8.885981515049934e-06,39.0
OP,20250818,asia,mid,0.04716835170984268,-0.11076542735099792,-0.06359709054231644,658.0
OP,20250818,asia,stress,0.011623026803135872,-0.01470374595373869,-0.0030807186849415302,167.0
OP,20250818,europe,calm,0.0011754253646358848,-0.0011062349658459425,6.919016595929861e-05,17.0
OP,20250818,europe,mid,0.040860846638679504,-0.0763063132762909,-0.03544547036290169,574.0
OP,20250818,europe,stress,0.0035821390338242054,-0.0006798556423746049,0.002902284497395158,47.0
OP,20250818,us,calm,0.004610620439052582,-0.008836246095597744,-0.004225625190883875,63.0
OP,20250818,us,mid,0.026322025805711746,-0.055327240377664566,-0.02900521643459797,377.0
SOL,20230724,asia,calm,0.013333993032574654,-0.0995732992887497,-0.0862393006682396,610.0
SOL,20230724,asia,mid,0.007809830363839865,-0.028810959309339523,-0.021001122891902924,349.0
SOL,20230724,europe,calm,0.009612729772925377,-0.12275280058383942,-0.11314007639884949,410.0
SOL,20230724,europe,mid,0.023811429738998413,0.036319561302661896,0.0601310059428215,947.0
SOL,20230724,europe,stress,0.060717787593603134,-0.3586464524269104,-0.29792866110801697,1204.0
SOL,20230724,us,calm,0.008314819075167179,-0.049494668841362,-0.041179850697517395,354.0
SOL,20230724,us,mid,0.006975953467190266,-0.05969696491956711,-0.05272100865840912,285.0
SOL,20230802,asia,calm,0.011242203414440155,-0.06862781196832657,-0.057385608553886414,483.0
SOL,20230802,asia,mid,0.0051681362092494965,-0.03692822903394699,-0.03176009654998779,236.0
SOL,20230802,europe,calm,0.01194489374756813,-0.0811905711889267,-0.06924567371606827,525.0
SOL,20230802,europe,mid,0.008049806579947472,-0.07089260965585709,-0.06284280121326447,346.0
SOL,20230802,us,calm,0.007147497963160276,-0.04477643221616745,-0.037628933787345886,261.0
SOL,20230802,us,mid,0.003933237865567207,-0.0225514005869627,-0.01861816830933094,101.0
SOL,20230802,us,stress,0.010095777921378613,-0.03759637102484703,-0.027500588446855545,328.0
SOL,20230808,asia,calm,0.003858654759824276,-0.03054521046578884,-0.02668655477464199,168.0
SOL,20230808,europe,calm,0.00787803903222084,-0.0591195747256279,-0.05124153196811676,335.0
SOL,20230808,europe,mid,0.004942907951772213,-0.007179823238402605,-0.002236913423985243,209.0
SOL,20230808,us,calm,0.006277458742260933,-0.055488601326942444,-0.04921114444732666,292.0
SOL,20230808,us,mid,0.018524151295423508,-0.11863566935062408,-0.10011152178049088,807.0
SOL,20230808,us,stress,0.002538086846470833,-0.023844296112656593,-0.02130620740354061,124.0
SOL,20230817,asia,calm,0.003929157741367817,-0.028565946966409683,-0.02463679201900959,177.0
SOL,20230817,asia,mid,0.0045579541474580765,-0.014763879589736462,-0.01020592451095581,168.0
SOL,20230817,asia,stress,0.006424826569855213,-0.07916847616434097,-0.07274364680051804,217.0
SOL,20230817,europe,calm,0.005994376726448536,-0.0368785634636879,-0.030884185805916786,266.0
SOL,20230817,europe,mid,0.01222227793186903,-0.08339135348796844,-0.07116906344890594,477.0
SOL,20230817,europe,stress,0.008673460222780704,-0.059930190443992615,-0.051256727427244186,308.0
SOL,20230817,us,calm,0.003832165151834488,-0.035475678741931915,-0.03164351359009743,167.0
SOL,20230817,us,mid,0.007856136187911034,-0.05626295506954193,-0.04840681701898575,289.0
SOL,20230817,us,stress,0.13205531239509583,-0.5933074355125427,-0.46125221252441406,3471.0
SOL,20230826,asia,calm,0.00216373591683805,-0.011387834325432777,-0.009224098175764084,84.0
SOL,20230826,europe,calm,0.0026879850775003433,-0.0123224388808012,-0.009634453803300858,101.0
SOL,20230826,us,calm,0.001553632551804185,-0.011593621224164963,-0.010039989836513996,63.0
SOL,20230904,asia,calm,0.0054156421683728695,-0.03435724228620529,-0.028941601514816284,170.0
SOL,20230904,asia,mid,0.0009595167357474566,-0.006145554129034281,-0.005186037626117468,33.0
SOL,20230904,europe,calm,0.005606720224022865,-0.026332059875130653,-0.020725339651107788,204.0
SOL,20230904,europe,mid,0.002738397568464279,-0.024720756337046623,-0.021982362493872643,101.0
SOL,20230904,us,calm,0.005885634571313858,-0.04055706784129143,-0.03467142954468727,214.0
SOL,20230904,us,mid,0.0001038234040606767,-0.0016094731399789453,-0.0015056496486067772,4.0
SOL,20230910,asia,calm,0.005729579366743565,-0.05300475284457207,-0.04727517068386078,154.0
SOL,20230910,asia,mid,0.00814078189432621,-0.03329339995980263,-0.025152619928121567,242.0
SOL,20230910,asia,stress,0.029017997905611992,-0.1223241314291954,-0.09330612421035767,732.0
SOL,20230910,europe,calm,0.007635715417563915,-0.049885474145412445,-0.04224975407123566,239.0
SOL,20230910,europe,mid,0.01050264947116375,-0.047347478568553925,-0.03684483468532562,293.0
SOL,20230910,europe,stress,0.0034264358691871166,-0.019681764766573906,-0.016255326569080353,115.0
SOL,20230910,us,calm,0.0049448031932115555,-0.006248397286981344,-0.001303593860939145,166.0
SOL,20230910,us,mid,0.0166870579123497,-0.051459625363349915,-0.03477257117629051,538.0
SOL,20230910,us,stress,0.002884163288399577,-0.009845037013292313,-0.0069608730264008045,100.0
SOL,20230919,asia,calm,0.008254706859588623,-0.04724453389644623,-0.03898981958627701,318.0
SOL,20230919,asia,mid,0.00012705002154689282,-0.0013968246057629585,-0.0012697745114564896,4.0
SOL,20230919,europe,calm,0.014179514721035957,-0.06225261837244034,-0.04807310178875923,532.0
SOL,20230919,europe,mid,0.013754801824688911,-0.10523498058319092,-0.09148017317056656,498.0
SOL,20230919,us,calm,0.008920889347791672,-0.07245662063360214,-0.06353573501110077,340.0
SOL,20230919,us,mid,0.0016768771456554532,-0.006923770997673273,-0.005246893037110567,63.0
SOL,20230928,asia,calm,0.006543746218085289,-0.034100472927093506,-0.02755672112107277,245.0
SOL,20230928,europe,calm,0.009187906049191952,-0.04703132063150406,-0.03784341737627983,348.0
SOL,20230928,europe,mid,0.0009229741990566254,-0.0016021404881030321,-0.0006791662890464067,35.0
SOL,20230928,us,calm,0.011115039698779583,-0.06481564044952393,-0.05370060354471207,418.0
SOL,20230928,us,mid,0.0012253673048689961,-0.011688771657645702,-0.010463403537869453,43.0
SOL,20231007,asia,calm,0.008111901581287384,-0.07419034093618393,-0.06607843935489655,367.0
SOL,20231007,asia,mid,0.003316065762192011,-0.02382609434425831,-0.020510030910372734,134.0
SOL,20231007,asia,stress,0.002091568661853671,-0.011453608050942421,-0.00936204008758068,93.0
SOL,20231007,europe,calm,0.011002255603671074,-0.08474014699459076,-0.07373788952827454,481.0
SOL,20231007,europe,mid,0.0017788127297535539,-0.008580856956541538,-0.006802043411880732,78.0
SOL,20231007,us,calm,0.00464862585067749,-0.03555277734994888,-0.030904151499271393,208.0
SOL,20231007,us,mid,0.0008828348363749683,-0.001935955137014389,-0.001053120126016438,33.0
SOL,20231013,asia,calm,0.006991402246057987,-0.031242668628692627,-0.024251267313957214,290.0
SOL,20231013,europe,calm,0.009228188544511795,-0.05636957287788391,-0.047141384333372116,378.0
SOL,20231013,us,calm,0.008356384932994843,-0.057810187339782715,-0.04945380613207817,347.0
SOL,20231013,us,mid,0.0066922502592206,-0.0007243435829877853,0.0059679048135876656,243.0
SOL,20231013,us,stress,0.008431649766862392,-0.05439849942922592,-0.04596685618162155,310.0
SOL,20231022,asia,calm,0.0029466208070516586,-0.03347049653530121,-0.0305238738656044,161.0
SOL,20231022,asia,mid,0.026371128857135773,-0.2169785052537918,-0.19060738384723663,1356.0
SOL,20231022,asia,stress,0.011413270607590675,-0.01243286207318306,-0.001019597053527832,366.0
SOL,20231022,europe,calm,0.006675483658909798,-0.04888293147087097,-0.042207445949316025,355.0
SOL,20231022,europe,mid,0.019781991839408875,-0.15833260118961334,-0.13855060935020447,1025.0
SOL,20231022,europe,stress,0.001314990920946002,-0.018628757447004318,-0.017313765361905098,74.0
SOL,20231022,us,calm,0.01213766634464264,-0.11839627474546432,-0.10625861585140228,643.0
SOL,20231022,us,mid,0.010816913098096848,-0.0909615159034729,-0.08014460653066635,413.0
SOL,20231031,asia,calm,4.20403121097479e-05,-0.0008501238189637661,-0.0008080835686996579,3.0
SOL,20231031,asia,mid,0.03241421654820442,-0.23516012728214264,-0.2027459293603897,1820.0
SOL,20231031,asia,stress,0.011940836906433105,-0.10496705770492554,-0.09302622079849243,593.0
SOL,20231031,europe,calm,0.0013165134005248547,-0.018941186368465424,-0.01762467622756958,86.0
SOL,20231031,europe,mid,0.04037689417600632,-0.33487680554389954,-0.2944999039173126,2397.0
SOL,20231031,europe,stress,0.005513275973498821,-0.054627422243356705,-0.049114152789115906,350.0
SOL,20231031,us,calm,0.00521857850253582,-0.0510612353682518,-0.04584265500307083,341.0
SOL,20231031,us,mid,0.02556241676211357,-0.21724140644073486,-0.191678985953331,1454.0
SOL,20231031,us,stress,0.013214008882641792,-0.09617216885089874,-0.0829581618309021,664.0
SOL,20231109,asia,calm,0.0015445174649357796,-0.004432691261172295,-0.002888173796236515,76.0
SOL,20231109,asia,mid,0.0334225669503212,-0.18193095922470093,-0.14850839972496033,2308.0
SOL,20231109,asia,stress,0.001096966559998691,-0.0018354898784309626,-0.0007385244825854897,78.0
SOL,20231109,europe,mid,0.02899044193327427,-0.0447232760488987,-0.01573283225297928,1812.0
SOL,20231109,europe,stress,0.12427864223718643,-0.7182526588439941,-0.5939739942550659,7222.0
SOL,20231109,us,mid,0.028752276673913002,-0.3308623433113098,-0.30211007595062256,2023.0
SOL,20231109,us,stress,0.28952476382255554,-1.3850702047348022,-1.0955454111099243,9437.0
SOL,20231115,asia,calm,8.79144045029534e-06,-3.516576180118136e-05,-2.6374322260380723e-05,1.0
SOL,20231115,asia,mid,0.0410071425139904,-0.26414114236831665,-0.22313398122787476,3009.0
SOL,20231115,asia,stress,0.033110201358795166,-0.3398371636867523,-0.30672696232795715,2289.0
SOL,20231115,europe,mid,0.04737710580229759,-0.1996753066778183,-0.1522981971502304,3846.0
SOL,20231115,europe,stress,0.13537222146987915,-0.6017099618911743,-0.4663376808166504,7529.0
SOL,20231115,us,mid,0.04191657155752182,-0.34494632482528687,-0.30302977561950684,2919.0
SOL,20231115,us,stress,0.15205314755439758,-0.6674144268035889,-0.5153613090515137,9152.0
SOL,20231124,asia,calm,0.008745189756155014,-0.08874856680631638,-0.08000337332487106,838.0
SOL,20231124,asia,mid,0.004464286379516125,-0.05679486691951752,-0.052330583333969116,424.0
SOL,20231124,europe,calm,0.012656379491090775,-0.08292338997125626,-0.07026701420545578,975.0
SOL,20231124,europe,mid,0.0317329503595829,-0.23393239080905914,-0.20219944417476654,2758.0
SOL,20231124,us,calm,0.012569708749651909,-0.06040998920798302,-0.04784027859568596,1004.0
SOL,20231124,us,mid,0.01029438991099596,-0.03355509787797928,-0.023260705173015594,896.0
SOL,20231203,asia,calm,0.006160014308989048,-0.05590411275625229,-0.049744099378585815,628.0
SOL,20231203,asia,mid,0.014110236428678036,-0.11992663890123367,-0.10581640899181366,1282.0
SOL,20231203,asia,stress,0.000602936779614538,0.017019690945744514,0.017622625455260277,54.0
SOL,20231203,europe,calm,0.01178242638707161,-0.11347144842147827,-0.10168901830911636,1105.0
SOL,20231203,europe,mid,0.004053286276757717,-0.03729155659675598,-0.03323826938867569,425.0
SOL,20231203,us,calm,0.01087044645100832,-0.08556728065013885,-0.07469683885574341,882.0
SOL,20231203,us,mid,0.01057922001928091,-0.11939948052167892,-0.10882025212049484,899.0
SOL,20231212,asia,calm,0.0020340662449598312,-0.013921317644417286,-0.01188725233078003,167.0
SOL,20231212,asia,mid,0.02527788281440735,-0.19969063997268677,-0.1744127720594406,2195.0
SOL,20231212,asia,stress,0.0038032946176826954,-0.04542664811015129,-0.04162335395812988,312.0
SOL,20231212,europe,calm,0.0028110367711633444,-0.028405791148543358,-0.02559475414454937,302.0
SOL,20231212,europe,mid,0.036130141466856,-0.22211377322673798,-0.18598364293575287,2649.0
SOL,20231212,europe,stress,0.019668910652399063,-0.07102634012699127,-0.05135743319988251,1155.0
SOL,20231212,us,calm,0.002977348631247878,-0.013978744857013226,-0.011001396924257278,91.0
SOL,20231212,us,mid,0.0454847551882267,-0.25279515981674194,-0.20731040835380554,3181.0
SOL,20231212,us,stress,0.0049883159808814526,-0.012509163469076157,-0.00752084469422698,338.0
SOL,20231218,asia,calm,0.0016365896444767714,-0.022582925856113434,-0.020946335047483444,199.0
SOL,20231218,asia,mid,0.02233032137155533,-0.17619922757148743,-0.1538689285516739,1659.0
SOL,20231218,asia,stress,0.006767444312572479,-0.04664855822920799,-0.03988111391663551,398.0
SOL,20231218,europe,mid,0.044903531670570374,-0.2565978765487671,-0.2116943597793579,3103.0
SOL,20231218,europe,stress,0.024748552590608597,-0.12140225619077682,-0.09665369987487793,845.0
SOL,20231218,us,calm,0.0033183193299919367,-0.009380879811942577,-0.006062560249119997,109.0
SOL,20231218,us,mid,0.02988896332681179,-0.16606862843036652,-0.13617965579032898,2041.0
SOL,20231218,us,stress,0.009491704404354095,0.02593471296131611,0.03542641922831535,604.0
SOL,20231227,asia,mid,0.022363722324371338,-0.20703086256980896,-0.18466714024543762,1914.0
SOL,20231227,asia,stress,0.01922798901796341,-0.07077227532863617,-0.05154429376125336,1524.0
SOL,20231227,europe,mid,0.0347730927169323,-0.12352380901575089,-0.08875072002410889,2904.0
SOL,20231227,europe,stress,0.06879954040050507,-0.47696471214294434,-0.4081651568412781,4107.0
SOL,20231227,us,mid,0.014937049709260464,-0.07015213370323181,-0.05521509051322937,1204.0
SOL,20231227,us,stress,0.05213989317417145,-0.1296570599079132,-0.07751713693141937,3681.0
SOL,20240105,asia,calm,4.762607659358764e-06,-0.0006953407428227365,-0.0006905781337991357,1.0
SOL,20240105,asia,mid,0.017278272658586502,-0.1897578239440918,-0.1724795401096344,2249.0
SOL,20240105,asia,stress,0.06281901150941849,-0.18190579116344452,-0.11908677965402603,1682.0
SOL,20240105,europe,mid,0.02744375541806221,-0.1978025734424591,-0.170358806848526,3062.0
SOL,20240105,europe,stress,0.025441773235797882,-0.324179470539093,-0.29873770475387573,2055.0
SOL,20240105,us,mid,0.025113288313150406,-0.2754558324813843,-0.25034254789352417,2841.0
SOL,20240105,us,stress,0.015648171305656433,-0.0906025618314743,-0.07495439052581787,1314.0
SOL,20240111,asia,calm,7.988614379428327e-05,-0.0021962083410471678,-0.0021163220517337322,16.0
SOL,20240111,asia,mid,0.01962463930249214,-0.2684451639652252,-0.24882052838802338,2734.0
SOL,20240111,asia,stress,0.013892740942537785,-0.05604814365506172,-0.04215540736913681,1241.0
SOL,20240111,europe,calm,0.0021156063303351402,-0.04596880078315735,-0.043853193521499634,377.0
SOL,20240111,europe,mid,0.030443100258708,-0.2984768748283386,-0.2680337429046631,3648.0
SOL,20240111,europe,stress,0.11143049597740173,-0.4576622247695923,-0.34623169898986816,7976.0
SOL,20240111,us,mid,0.022030238062143326,-0.2953084707260132,-0.27327823638916016,3212.0
SOL,20240111,us,stress,0.029406100511550903,-0.2719789743423462,-0.24257288873195648,2278.0
SOL,20240120,asia,calm,0.0032248031347990036,-0.06285103410482407,-0.05962623283267021,486.0
SOL,20240120,asia,mid,0.010934142395853996,-0.1501375287771225,-0.13920338451862335,1104.0
SOL,20240120,asia,stress,6.413037044694647e-05,-0.0021485460456460714,-0.002084415638819337,4.0
SOL,20240120,europe,calm,0.004158987198024988,-0.024086710065603256,-0.019927721470594406,545.0
SOL,20240120,europe,mid,0.017623160034418106,-0.09518533200025558,-0.07756216078996658,1508.0
SOL,20240120,us,calm,0.007378299720585346,-0.09029547870159149,-0.08291716873645782,994.0
SOL,20240120,us,mid,0.006073007360100746,-0.09670774638652802,-0.09063474088907242,609.0
SOL,20240129,asia,calm,0.010868947952985764,-0.1025129035115242,-0.09164395928382874,1223.0
SOL,20240129,asia,mid,0.015098626725375652,-0.1173291727900505,-0.10223056375980377,1424.0
SOL,20240129,europe,calm,0.010920682922005653,-0.10927458107471466,-0.09835389256477356,1653.0
SOL,20240129,europe,mid,0.018572615459561348,-0.06307201087474823,-0.044499389827251434,1870.0
SOL,20240129,europe,stress,0.001748525770381093,0.00690241064876318,0.008650938048958778,158.0
SOL,20240129,us,calm,0.007384037598967552,-0.042617712169885635,-0.03523367643356323,1045.0
SOL,20240129,us,mid,0.012499066069722176,-0.05978100746870041,-0.047281935811042786,1830.0
SOL,20240129,us,stress,0.01926616206765175,-0.168974369764328,-0.14970821142196655,1976.0
SOL,20240207,asia,calm,0.009255352430045605,-0.11736786365509033,-0.10811249911785126,1352.0
SOL,20240207,europe,calm,0.011462941765785217,-0.1514820009469986,-0.14001905918121338,1798.0
SOL,20240207,europe,mid,0.000356053322320804,-0.007771735079586506,-0.007415682077407837,62.0
SOL,20240207,us,calm,0.0223989337682724,-0.24012506008148193,-0.21772611141204834,3434.0
SOL,20240207,us,mid,0.005085836164653301,-0.025965727865695953,-0.020879892632365227,868.0
SOL,20240213,asia,calm,0.010907391086220741,-0.22932343184947968,-0.2184160351753235,2051.0
SOL,20240213,asia,mid,0.00880923680961132,-0.0464947409927845,-0.03768550232052803,1238.0
SOL,20240213,europe,calm,0.012190917506814003,-0.11891642212867737,-0.10672551393508911,2170.0
SOL,20240213,europe,mid,0.023784328252077103,-0.2655365467071533,-0.24175220727920532,2643.0
SOL,20240213,europe,stress,0.014535329304635525,-0.21212810277938843,-0.19759277999401093,1708.0
SOL,20240213,us,calm,0.01571805030107498,-0.2168961465358734,-0.20117808878421783,2251.0
SOL,20240213,us,mid,0.009042998775839806,-0.06689580529928207,-0.05785280466079712,1384.0
SOL,20240222,asia,calm,0.010355144739151001,-0.12261544167995453,-0.11226029694080353,1585.0
SOL,20240222,asia,mid,0.005319761577993631,-0.06731340289115906,-0.06199364364147186,569.0
SOL,20240222,europe,calm,0.009347878396511078,-0.06885512918233871,-0.05950724333524704,1319.0
SOL,20240222,europe,mid,0.012577353045344353,-0.1432918906211853,-0.1307145357131958,1947.0
SOL,20240222,us,calm,0.01179368793964386,-0.1873827576637268,-0.17558905482292175,1672.0
SOL,20240222,us,mid,0.004774825647473335,-0.05336187779903412,-0.04858705401420593,702.0
SOL,20240302,asia,calm,0.00449476158246398,-0.08960194140672684,-0.08510717749595642,790.0
SOL,20240302,asia,mid,0.015458271838724613,-0.3308657705783844,-0.31540751457214355,2179.0
SOL,20240302,asia,stress,0.014046531170606613,-0.11339043080806732,-0.0993439108133316,1113.0
SOL,20240302,europe,calm,0.0027798418886959553,-0.09659095108509064,-0.09381110966205597,555.0
SOL,20240302,europe,mid,0.023243864998221397,-0.2831878960132599,-0.25994402170181274,3584.0
SOL,20240302,europe,stress,0.00028000245220027864,-0.008869067765772343,-0.008589065633714199,47.0
SOL,20240302,us,calm,0.0074803996831178665,-0.166015163064003,-0.15853476524353027,1534.0
SOL,20240302,us,mid,0.0072764866054058075,-0.08985842764377594,-0.08258195221424103,1003.0
SOL,20240311,asia,calm,0.0002838442742358893,-0.003935971297323704,-0.003652126295492053,41.0
SOL,20240311,asia,mid,0.02589108608663082,-0.24061664938926697,-0.2147255688905716,2917.0
SOL,20240311,asia,stress,0.08424987643957138,-0.4126042127609253,-0.3283543586730957,4557.0
SOL,20240311,europe,calm,0.0021369322203099728,-0.03418998420238495,-0.03205304965376854,483.0
SOL,20240311,europe,mid,0.034032054245471954,-0.4873977303504944,-0.453365683555603,4853.0
SOL,20240311,europe,stress,0.009563706815242767,-0.06383006274700165,-0.05426635593175888,1124.0
SOL,20240311,us,calm,0.007277717813849449,-0.1525951623916626,-0.1453174501657486,1437.0
SOL,20240311,us,mid,0.007871339097619057,-0.059994444251060486,-0.05212311074137688,1159.0
SOL,20240311,us,stress,0.002751423278823495,0.011250265873968601,0.014001690782606602,366.0
SOL,20240317,asia,mid,0.01601603627204895,-0.1958903968334198,-0.17987439036369324,2303.0
SOL,20240317,asia,stress,0.06330178678035736,-0.4138209819793701,-0.3505191206932068,6581.0
SOL,20240317,europe,mid,0.026935961097478867,-0.1724657416343689,-0.14552979171276093,3116.0
SOL,20240317,europe,stress,0.03937537968158722,-0.2564026713371277,-0.21702727675437927,4928.0
SOL,20240317,us,calm,0.00045448553282767534,-0.013826419599354267,-0.013371935114264488,126.0
SOL,20240317,us,mid,0.02912132441997528,-0.2073453664779663,-0.17822404205799103,4161.0
SOL,20240317,us,stress,0.01980019547045231,-0.1854642927646637,-0.16566409170627594,1943.0
SOL,20240326,asia,calm,0.007848530076444149,-0.12605533003807068,-0.11820680648088455,1993.0
SOL,20240326,asia,mid,0.0025493730790913105,-0.05476143956184387,-0.05221206694841385,594.0
SOL,20240326,europe,calm,0.005172870121896267,-0.14325019717216492,-0.13807733356952667,1356.0
SOL,20240326,europe,mid,0.016953567042946815,-0.19666680693626404,-0.17971324920654297,2864.0
SOL,20240326,europe,stress,0.0017579779960215092,-0.012914931401610374,-0.011156954802572727,307.0
SOL,20240326,us,calm,0.00581009779125452,-0.08923639357089996,-0.08342629671096802,1386.0
SOL,20240326,us,mid,0.009640146046876907,-0.13850192725658417,-0.12886178493499756,1908.0
SOL,20240404,asia,calm,0.03692281246185303,-0.12119404971599579,-0.08427123725414276,1252.0
SOL,20240404,asia,mid,0.02619227208197117,-0.06104753166437149,-0.03485526144504547,630.0
SOL,20240404,europe,calm,0.047526128590106964,-0.14524909853935242,-0.09772297739982605,1704.0
SOL,20240404,europe,mid,0.007789894938468933,-0.021599682047963142,-0.013809786178171635,264.0
SOL,20240404,us,calm,0.04211904853582382,-0.16601866483688354,-0.12389962375164032,1416.0
SOL,20240404,us,mid,0.037112314254045486,-0.11687919497489929,-0.0797668844461441,1167.0
SOL,20240413,asia,calm,0.0034091316629201174,-0.013242501765489578,-0.00983337126672268,98.0
SOL,20240413,asia,mid,0.09558204561471939,-0.2728111445903778,-0.17722909152507782,2424.0
SOL,20240413,asia,stress,0.021552037447690964,-0.04872777312994003,-0.027175741270184517,550.0
SOL,20240413,europe,calm,0.01509361807256937,-0.0283979419618845,-0.013304323889315128,384.0
SOL,20240413,europe,mid,0.0659773051738739,-0.18358376622200012,-0.11760644614696503,1595.0
SOL,20240413,us,mid,0.018834425136446953,-0.031810663640499115,-0.012976237572729588,375.0
SOL,20240413,us,stress,3.066652297973633,-4.522189140319824,-1.4555366039276123,24081.0
SOL,20240419,asia,mid,0.11070451140403748,-0.32377034425735474,-0.21306583285331726,2765.0
SOL,20240419,asia,stress,0.33803611993789673,-0.536285400390625,-0.19824934005737305,8261.0
SOL,20240419,europe,mid,0.15200531482696533,-0.33162540197372437,-0.17962005734443665,4037.0
SOL,20240419,europe,stress,0.06365887075662613,-0.2037126123905182,-0.14005374908447266,1617.0
SOL,20240419,us,calm,0.011953439563512802,-0.02847186289727688,-0.016518423333764076,297.0
SOL,20240419,us,mid,0.10263226181268692,-0.3530415892601013,-0.250409334897995,2815.0
SOL,20240419,us,stress,0.006393075920641422,-0.033427879214286804,-0.02703479677438736,175.0
SOL,20240428,asia,calm,0.025639021769165993,-0.09519703686237335,-0.06955801695585251,724.0
SOL,20240428,europe,calm,0.025514166802167892,-0.06843486428260803,-0.04292069375514984,704.0
SOL,20240428,us,calm,0.021274151280522346,-0.08742229640483856,-0.06614814698696136,599.0
SOL,20240428,us,mid,0.02213353104889393,-0.0634559690952301,-0.04132243990898132,586.0
SOL,20240507,asia,calm,0.0415441133081913,-0.17014142870903015,-0.12859731912612915,1218.0
SOL,20240507,asia,mid,0.03132423013448715,-0.08593587577342987,-0.05461164563894272,935.0
SOL,20240507,europe,calm,0.033930253237485886,-0.12307821214199066,-0.08914795517921448,1038.0
SOL,20240507,europe,mid,0.05703595280647278,-0.2704872488975525,-0.2134513109922409,1703.0
SOL,20240507,us,calm,0.045165300369262695,-0.15922024846076965,-0.11405496299266815,1308.0
SOL,20240507,us,mid,0.0143221290782094,-0.06287963688373566,-0.04855750873684883,424.0
SOL,20240516,asia,calm,0.03307567164301872,-0.10194247215986252,-0.0688668042421341,1002.0
SOL,20240516,asia,mid,0.02599911019206047,-0.1731759011745453,-0.14717678725719452,780.0
SOL,20240516,asia,stress,0.0016114935278892517,-0.013138338923454285,-0.011526843532919884,52.0
SOL,20240516,europe,calm,0.030009087175130844,-0.07690294086933136,-0.04689384624361992,920.0
SOL,20240516,europe,mid,0.05093022808432579,-0.13286730647087097,-0.08193705976009369,1534.0
SOL,20240516,us,calm,0.022041432559490204,-0.08982627093791962,-0.06778484582901001,687.0
SOL,20240516,us,mid,0.024127941578626633,-0.12401584535837173,-0.0998879075050354,748.0
SOL,20240522,asia,calm,0.030299462378025055,-0.12456392496824265,-0.094264455139637,1060.0
SOL,20240522,asia,mid,0.02040036953985691,-0.07023169845342636,-0.0498313382267952,714.0
SOL,20240522,europe,calm,0.03035745397210121,-0.1259283423423767,-0.0955708920955658,1061.0
SOL,20240522,europe,mid,0.04836615175008774,-0.13325297832489014,-0.0848868191242218,1647.0
SOL,20240522,us,calm,0.023453351110219955,-0.13351982831954956,-0.1100664958357811,800.0
SOL,20240522,us,mid,0.04114106297492981,-0.18615058064460754,-0.14500951766967773,1378.0
SOL,20240531,asia,calm,0.025084014981985092,-0.09886474162340164,-0.07378073036670685,829.0
SOL,20240531,europe,calm,0.04782244563102722,-0.14295238256454468,-0.09512993693351746,1534.0
SOL,20240531,europe,mid,0.020980022847652435,-0.06614603847265244,-0.0451660193502903,691.0
SOL,20240531,us,calm,0.025922896340489388,-0.07978220283985138,-0.05385930836200714,849.0
SOL,20240609,asia,calm,0.012232093140482903,-0.05294537916779518,-0.04071328788995743,386.0
SOL,20240609,europe,calm,0.018741484731435776,-0.08413949608802795,-0.06539801508188248,597.0
SOL,20240609,us,calm,0.012848597019910812,-0.05581603944301605,-0.04296744242310524,407.0
SOL,20240618,asia,calm,0.02678283303976059,-0.08490463346242905,-0.05812180042266846,713.0
SOL,20240618,asia,mid,0.07062002271413803,-0.20881812274456024,-0.1381980925798416,1703.0
SOL,20240618,asia,stress,0.2282542586326599,-1.0608230829238892,-0.8325687646865845,3449.0
SOL,20240618,europe,calm,0.025033650919795036,-0.09632175415754318,-0.0712881088256836,664.0
SOL,20240618,europe,mid,0.08248895406723022,-0.22645863890647888,-0.14396966993808746,2143.0
SOL,20240618,europe,stress,0.0367928110063076,-0.16539303958415985,-0.12860020995140076,947.0
SOL,20240618,us,calm,0.008824707940220833,-0.03305860608816147,-0.024233898147940636,239.0
SOL,20240618,us,mid,0.09239669889211655,-0.42157766222953796,-0.3291809558868408,2368.0
SOL,20240618,us,stress,0.007994006387889385,-0.02919674664735794,-0.02120273746550083,203.0
SOL,20240624,asia,calm,0.03804566711187363,-0.13714858889579773,-0.0991029292345047,941.0
SOL,20240624,asia,mid,0.06117373704910278,-0.24514411389827728,-0.1839703917503357,1494.0
SOL,20240624,asia,stress,3.8933230825932696e-05,-0.00046719875535927713,-0.000428265513619408,1.0
SOL,20240624,europe,calm,0.025836285203695297,-0.07633133232593536,-0.050495050847530365,640.0
SOL,20240624,europe,mid,0.11211704462766647,-0.3085867762565613,-0.1964697241783142,2522.0
SOL,20240624,europe,stress,0.039980024099349976,-0.09872917830944061,-0.05874915421009064,922.0
SOL,20240624,us,calm,0.013030482456088066,-0.04238814860582352,-0.0293576680123806,337.0
SOL,20240624,us,mid,0.10021897405385971,-0.35760295391082764,-0.25738397240638733,2389.0
SOL,20240624,us,stress,0.05798198655247688,-0.15611769258975983,-0.09813569486141205,1354.0
SOL,20240703,asia,calm,0.049840040504932404,-0.1670398712158203,-0.11719983071088791,1324.0
SOL,20240703,asia,mid,0.013016503304243088,-0.044882554560899734,-0.03186605125665665,386.0
SOL,20240703,europe,calm,0.04400596022605896,-0.1375787854194641,-0.09357281774282455,1244.0
SOL,20240703,europe,mid,0.07000936567783356,-0.20885485410690308,-0.13884548842906952,1941.0
SOL,20240703,us,calm,0.03881780803203583,-0.13194435834884644,-0.0931265652179718,1072.0
SOL,20240703,us,mid,0.029797520488500595,-0.0943513885140419,-0.06455386430025101,781.0
SOL,20240712,asia,calm,0.040465567260980606,-0.14609891176223755,-0.10563334822654724,1079.0
SOL,20240712,asia,mid,0.018479377031326294,-0.05222912132740021,-0.033749744296073914,492.0
SOL,20240712,europe,calm,0.04747791960835457,-0.11170568317174911,-0.06422775983810425,1279.0
SOL,20240712,europe,mid,0.024872558191418648,-0.04534677788615227,-0.02047421783208847,653.0
SOL,20240712,us,calm,0.038981784135103226,-0.12216763943433762,-0.08318585157394409,1066.0
SOL,20240712,us,mid,0.00046476974966935813,-0.00042887390009127557,3.589579137042165e-05,13.0
SOL,20240721,asia,calm,0.019943933933973312,-0.08193393051624298,-0.06198999658226967,675.0
SOL,20240721,europe,calm,0.024548903107643127,-0.10294169187545776,-0.07839278876781464,835.0
SOL,20240721,europe,mid,0.007113810162991285,-0.039492473006248474,-0.0323786623775959,243.0
SOL,20240721,us,calm,0.027140405029058456,-0.14321087300777435,-0.1160704642534256,947.0
SOL,20240721,us,mid,0.05944190174341202,-0.20581084489822388,-0.14636895060539246,1980.0
SOL,20240721,us,stress,0.049997709691524506,-0.2471238374710083,-0.1971261203289032,1690.0
SOL,20240727,asia,calm,0.03039298579096794,-0.13490736484527588,-0.10451439023017883,1100.0
SOL,20240727,europe,calm,0.05045166239142418,-0.2545257806777954,-0.20407414436340332,1855.0
SOL,20240727,europe,mid,0.01434437558054924,-0.051876649260520935,-0.037532273679971695,521.0
SOL,20240727,us,calm,0.04267154633998871,-0.18035882711410522,-0.13768726587295532,1514.0
SOL,20240727,us,mid,0.03786405175924301,-0.18365278840065002,-0.14578872919082642,1336.0
SOL,20240727,us,stress,0.03576485067605972,-0.21060995757579803,-0.17484509944915771,1260.0
SOL,20240805,asia,mid,0.009904526174068451,-0.0353567898273468,-0.02545226365327835,268.0
SOL,20240805,asia,stress,1.5979540348052979,-5.5405097007751465,-3.9425554275512695,30170.0
SOL,20240805,europe,stress,1.0894982814788818,-2.75335693359375,-1.6638587713241577,23639.0
SOL,20240805,us,mid,0.028728168457746506,-0.23711711168289185,-0.20838892459869385,745.0
SOL,20240805,us,stress,0.38263028860092163,-1.1962599754333496,-0.8136297464370728,9610.0
SOL,20240814,asia,calm,0.03780844062566757,-0.14401504397392273,-0.10620659589767456,1089.0
SOL,20240814,europe,calm,0.03428846597671509,-0.11672195792198181,-0.08243349194526672,979.0
SOL,20240814,europe,mid,0.08890599757432938,-0.4766906499862671,-0.3877846300601959,2565.0
SOL,20240814,europe,stress,0.04185096174478531,-0.2358248233795166,-0.1939738392829895,1212.0
SOL,20240814,us,calm,0.03786257281899452,-0.18288134038448334,-0.1450187712907791,1079.0
SOL,20240814,us,mid,0.025866542011499405,-0.11642269790172577,-0.09055615216493607,732.0
SOL,20240820,asia,calm,0.043343983590602875,-0.13198333978652954,-0.08863935619592667,1241.0
SOL,20240820,asia,mid,0.017360705882310867,-0.06325681507587433,-0.04589610546827316,496.0
SOL,20240820,europe,calm,0.03959121182560921,-0.13384193181991577,-0.09425072371959686,1145.0
SOL,20240820,europe,mid,0.030515998601913452,-0.10650081932544708,-0.07598482072353363,848.0
SOL,20240820,us,calm,0.03478503227233887,-0.13890540599822998,-0.10412037372589111,988.0
SOL,20240829,asia,calm,0.02857842482626438,-0.12410043179988861,-0.09552201628684998,819.0
SOL,20240829,europe,calm,0.05090367794036865,-0.16601069271564484,-0.11510701477527618,1470.0
SOL,20240829,us,calm,0.038832154124975204,-0.1556774526834488,-0.11684529483318329,1093.0
SOL,20240829,us,mid,0.041540514677762985,-0.1795031577348709,-0.13796263933181763,1139.0
SOL,20240907,asia,calm,0.030678581446409225,-0.11557148396968842,-0.08489289879798889,767.0
SOL,20240907,asia,mid,0.00016014417633414268,-0.00024145146016962826,-8.130725473165512e-05,4.0
SOL,20240907,asia,stress,4.001120396424085e-05,-0.000800224079284817,-0.0007602128316648304,1.0
SOL,20240907,europe,calm,0.022996388375759125,-0.06608815491199493,-0.04309176653623581,585.0
SOL,20240907,us,calm,0.02710040844976902,-0.10980178415775299,-0.08270137757062912,686.0
SOL,20240916,asia,calm,0.032105740159749985,-0.127473384141922,-0.09536764770746231,828.0
SOL,20240916,asia,mid,0.00022833669208921492,-0.0010649454779922962,-0.0008366086985915899,6.0
SOL,20240916,asia,stress,7.60803377488628e-05,-0.002586748916655779,-0.002510668709874153,2.0
SOL,20240916,europe,calm,0.03772393986582756,-0.11850644648075104,-0.08078250288963318,986.0
SOL,20240916,europe,mid,0.0011392644373700023,0.0007201871485449374,0.0018594517605379224,25.0
SOL,20240916,us,calm,0.020470784977078438,-0.08363156020641327,-0.06316077709197998,532.0
SOL,20240916,us,mid,0.015161198563873768,-0.03889200836420059,-0.0237308107316494,384.0
SOL,20240922,asia,calm,0.01606132835149765,-0.06381726264953613,-0.04775593429803848,473.0
SOL,20240922,europe,calm,0.021906618028879166,-0.06653322279453278,-0.04462660849094391,628.0
SOL,20240922,europe,mid,0.000379333010641858,-0.0010345946066081524,-0.000655261508654803,11.0
SOL,20240922,us,calm,0.02047663740813732,-0.059955209493637085,-0.039478570222854614,582.0
SOL,20240922,us,mid,0.018391575664281845,-0.05342742055654526,-0.03503584861755371,509.0
SOL,20241001,asia,calm,0.02693626843392849,-0.10733947157859802,-0.08040319383144379,812.0
SOL,20241001,asia,mid,0.0003602059732656926,-0.002423870377242565,-0.002063664374873042,11.0
SOL,20241001,europe,calm,0.021852754056453705,-0.1127178892493248,-0.09086514264345169,678.0
SOL,20241001,europe,mid,0.057071637362241745,-0.27429232001304626,-0.21722067892551422,1646.0
SOL,20241001,europe,stress,0.0240732803940773,-0.1799120455980301,-0.1558387726545334,702.0
SOL,20241001,us,calm,0.016049697995185852,-0.0670938640832901,-0.05104416608810425,461.0
SOL,20241001,us,mid,0.09615691751241684,-0.5365390777587891,-0.44038212299346924,2762.0
SOL,20241001,us,stress,0.04374910891056061,-0.31774091720581055,-0.2739918529987335,1256.0
SOL,20241010,asia,calm,0.018975790590047836,-0.04759393632411957,-0.02861814945936203,527.0
SOL,20241010,europe,calm,0.02888401225209236,-0.07683519273996353,-0.04795118793845177,798.0
SOL,20241010,europe,mid,0.022823955863714218,-0.09157771617174149,-0.06875375658273697,627.0
SOL,20241010,us,calm,0.02733968198299408,-0.09285169839859009,-0.06551201641559601,727.0
SOL,20241010,us,mid,0.010207314044237137,-0.018464520573616028,-0.008257205598056316,265.0
SOL,20241019,asia,calm,0.007464135065674782,-0.029214179143309593,-0.02175004407763481,231.0
SOL,20241019,europe,calm,0.011881187558174133,-0.04304973781108856,-0.03116855025291443,369.0
SOL,20241019,us,calm,0.017229799181222916,-0.06645402312278748,-0.04922422766685486,525.0
SOL,20241025,asia,calm,0.03518518805503845,-0.1381850242614746,-0.10299982875585556,1206.0
SOL,20241025,europe,calm,0.040131550282239914,-0.1512840986251831,-0.1111525446176529,1366.0
SOL,20241025,europe,mid,0.01973726972937584,-0.1112842857837677,-0.09154701977968216,684.0
SOL,20241025,us,calm,0.024202026426792145,-0.07982458919286728,-0.055622562766075134,747.0
SOL,20241025,us,mid,0.07848860323429108,-0.42201918363571167,-0.3435305953025818,2464.0
SOL,20241025,us,stress,0.07258513569831848,-0.31243667006492615,-0.23985153436660767,2229.0
SOL,20241103,asia,calm,0.02700703963637352,-0.08272072672843933,-0.05571369081735611,879.0
SOL,20241103,asia,mid,0.017717337235808372,-0.08047996461391449,-0.06276262551546097,569.0
SOL,20241103,europe,calm,0.028509115800261497,-0.10429561138153076,-0.07578648626804352,923.0
SOL,20241103,europe,mid,0.040980853140354156,-0.13782525062561035,-0.0968443974852562,1299.0
SOL,20241103,us,calm,0.039355408400297165,-0.1994091123342514,-0.16005370020866394,1258.0
SOL,20241103,us,mid,0.015656379982829094,-0.0863523930311203,-0.07069601863622665,494.0
SOL,20241112,asia,calm,0.006052554119378328,-0.023606186732649803,-0.017553631216287613,263.0
SOL,20241112,asia,mid,0.15534445643424988,-0.5740296840667725,-0.41868525743484497,6667.0
SOL,20241112,asia,stress,0.017609339207410812,-0.14598822593688965,-0.12837888300418854,725.0
SOL,20241112,europe,mid,0.16664493083953857,-0.786145806312561,-0.6195008754730225,6944.0
SOL,20241112,europe,stress,0.22251206636428833,-0.42354634404182434,-0.20103426277637482,8735.0
SOL,20241112,us,calm,0.01058986596763134,-0.050234828144311905,-0.039644960314035416,410.0
SOL,20241112,us,mid,0.1368405967950821,-0.5604701042175293,-0.4236295223236084,5682.0
SOL,20241112,us,stress,0.007401095237582922,-0.03386949747800827,-0.02646840177476406,304.0
SOL,20241121,asia,calm,0.0382658988237381,-0.14608368277549744,-0.10781777650117874,1775.0
SOL,20241121,asia,mid,0.08934864401817322,-0.35788244009017944,-0.26853376626968384,4103.0
SOL,20241121,europe,calm,0.04544767364859581,-0.237147718667984,-0.1917000263929367,2150.0
SOL,20241121,europe,mid,0.08993614464998245,-0.6080859899520874,-0.5181498527526855,4085.0
SOL,20241121,europe,stress,0.11251359432935715,-0.42905765771865845,-0.3165440559387207,3895.0
SOL,20241121,us,calm,0.02469058521091938,-0.16307953000068665,-0.1383889615535736,1221.0
SOL,20241121,us,mid,0.1415421962738037,-0.32852333784103394,-0.18698115646839142,6783.0
SOL,20241121,us,stress,0.015476014465093613,-0.06749813258647919,-0.052022118121385574,738.0
SOL,20241127,asia,calm,0.056276194751262665,-0.26457685232162476,-0.2083006501197815,2544.0
SOL,20241127,asia,mid,0.018685417249798775,-0.07384954392910004,-0.05516413599252701,846.0
SOL,20241127,europe,calm,0.04093014448881149,-0.13881933689117432,-0.09788921475410461,1863.0
SOL,20241127,europe,mid,0.05757709965109825,-0.28268003463745117,-0.22510294616222382,2674.0
SOL,20241127,us,calm,0.06088012456893921,-0.30134692788124084,-0.24046678841114044,2873.0
SOL,20241127,us,mid,0.024713732302188873,-0.09049686789512634,-0.06578312814235687,1155.0
SOL,20241206,asia,calm,0.050344068557024,-0.1679130345582962,-0.1175689697265625,2378.0
SOL,20241206,asia,mid,0.09369570761919022,-0.5452155470848083,-0.45151984691619873,4279.0
SOL,20241206,asia,stress,0.008517075330018997,-0.024513067677617073,-0.015995986759662628,325.0
SOL,20241206,europe,calm,0.043233174830675125,-0.13668696582317352,-0.0934537947177887,1980.0
SOL,20241206,europe,mid,0.09469504654407501,-0.3599505126476288,-0.26525548100471497,4287.0
SOL,20241206,us,calm,0.04752514511346817,-0.2325887680053711,-0.18506360054016113,2202.0
SOL,20241206,us,mid,0.017445668578147888,-0.11658710986375809,-0.0991414412856102,827.0
SOL,20241215,asia,calm,0.03441021963953972,-0.15883713960647583,-0.124426931142807,1477.0
SOL,20241215,europe,calm,0.03673429414629936,-0.15925386548042297,-0.1225195825099945,1592.0
SOL,20241215,us,calm,0.03563665598630905,-0.1531665176153183,-0.11752985417842865,1488.0
SOL,20241215,us,mid,0.026654111221432686,-0.07468083500862122,-0.04802672192454338,1089.0
SOL,20241224,asia,calm,0.051128946244716644,-0.17612871527671814,-0.12499977648258209,1912.0
SOL,20241224,asia,mid,0.009883798658847809,-0.024428866803646088,-0.014545070007443428,368.0
SOL,20241224,europe,calm,0.06246926635503769,-0.2366262674331665,-0.1741570234298706,2368.0
SOL,20241224,europe,mid,0.04564685374498367,-0.2367570549249649,-0.19111020863056183,1763.0
SOL,20241224,us,calm,0.045762404799461365,-0.23603413999080658,-0.19027173519134521,1757.0
SOL,20241224,us,mid,0.0327867716550827,-0.1424170732498169,-0.109630286693573,1267.0
SOL,20241230,asia,calm,0.04182467609643936,-0.22873862087726593,-0.18691393733024597,1589.0
SOL,20241230,asia,mid,0.02028742805123329,-0.0854378193616867,-0.06515039503574371,768.0
SOL,20241230,europe,calm,0.03563376143574715,-0.2095428705215454,-0.17390912771224976,1367.0
SOL,20241230,europe,mid,0.056464213877916336,-0.20590612292289734,-0.1494418978691101,2086.0
SOL,20241230,us,calm,0.03903196007013321,-0.17558591067790985,-0.13655394315719604,1472.0
SOL,20241230,us,mid,0.06134325638413429,-0.23599910736083984,-0.17465585470199585,2305.0
SOL,20250108,asia,calm,0.05378671735525131,-0.1974984109401703,-0.14371168613433838,2060.0
SOL,20250108,asia,mid,0.05564039945602417,-0.25603702664375305,-0.20039662718772888,2136.0
SOL,20250108,europe,calm,0.05808630585670471,-0.2130367010831833,-0.15495041012763977,2256.0
SOL,20250108,europe,mid,0.045118361711502075,-0.1799185872077942,-0.13480021059513092,1752.0
SOL,20250108,us,calm,0.03525545448064804,-0.17033618688583374,-0.1350807249546051,1334.0
SOL,20250108,us,mid,0.0680769607424736,-0.20550978183746338,-0.13743279874324799,2600.0
SOL,20250108,us,stress,0.028400804847478867,-0.08886029571294785,-0.06045949459075928,1067.0
SOL,20250117,asia,calm,0.042394816875457764,-0.13502492010593414,-0.09263010323047638,1784.0
SOL,20250117,asia,mid,0.010571878403425217,-0.04763349890708923,-0.03706162050366402,443.0
SOL,20250117,europe,calm,0.04696035012602806,-0.14006485044956207,-0.09310449659824371,2006.0
SOL,20250117,europe,mid,0.07941556721925735,-0.39981281757354736,-0.3203972578048706,3425.0
SOL,20250117,us,calm,0.05440085381269455,-0.20743834972381592,-0.15303748846054077,2310.0
SOL,20250117,us,mid,0.03639024868607521,-0.1676858365535736,-0.1312955915927887,1486.0
SOL,20250126,asia,calm,0.03758534789085388,-0.16168150305747986,-0.12409614771604538,1895.0
SOL,20250126,asia,mid,0.006100831553339958,-0.041161686182022095,-0.035060856491327286,311.0
SOL,20250126,europe,calm,0.05442560464143753,-0.22990518808364868,-0.17547959089279175,2702.0
SOL,20250126,us,calm,0.04446268081665039,-0.2088843733072281,-0.1644216924905777,2117.0
SOL,20250126,us,mid,0.03290850669145584,-0.1729002743959427,-0.13999176025390625,1534.0
SOL,20250126,us,stress,0.0013800434535369277,0.003074812004342675,0.004454854875802994,63.0
SOL,20250201,asia,calm,0.0371590331196785,-0.15061715245246887,-0.11345812678337097,1702.0
SOL,20250201,europe,calm,0.06594368070363998,-0.1948288530111313,-0.1288851797580719,2944.0
SOL,20250201,us,calm,0.05332295224070549,-0.22689032554626465,-0.17356735467910767,2319.0
SOL,20250201,us,mid,0.06302685290575027,-0.26582053303718567,-0.2027936577796936,2637.0
SOL,20250210,asia,calm,0.03908297047019005,-0.13918137550354004,-0.10009841620922089,1551.0
SOL,20250210,asia,mid,0.0806279182434082,-0.4157755970954895,-0.3351477086544037,3171.0
SOL,20250210,asia,stress,0.004569726064801216,-0.028495753183960915,-0.0239260271191597,184.0
SOL,20250210,europe,calm,0.05220770090818405,-0.20705311000347137,-0.15484541654586792,2088.0
SOL,20250210,europe,mid,0.06712000072002411,-0.22538983821868896,-0.15826983749866486,2702.0
SOL,20250210,us,calm,0.04239276424050331,-0.1232316792011261,-0.08083891868591309,1689.0
SOL,20250210,us,mid,0.01113070361316204,-0.017221108078956604,-0.006090404465794563,446.0
SOL,20250219,asia,calm,0.049727436155080795,-0.1608079969882965,-0.11108056455850601,1650.0
SOL,20250219,asia,mid,0.0381583608686924,-0.11427542567253113,-0.07611705362796783,1265.0
SOL,20250219,europe,calm,0.07866956293582916,-0.342751681804657,-0.264082133769989,2674.0
SOL,20250219,europe,mid,0.06733483821153641,-0.22056397795677185,-0.15322914719581604,2277.0
SOL,20250219,us,calm,0.05756831914186478,-0.25691503286361694,-0.19934672117233276,1907.0
SOL,20250219,us,mid,0.04883113503456116,-0.15490354597568512,-0.10607239603996277,1633.0
SOL,20250228,asia,calm,0.01132403127849102,-0.038848020136356354,-0.027523988857865334,309.0
SOL,20250228,asia,mid,0.07923920452594757,-0.17928379774093628,-0.10004457831382751,2008.0
SOL,20250228,asia,stress,0.2712109386920929,-0.8437544107437134,-0.5725435018539429,6622.0
SOL,20250228,europe,calm,0.0070426929742097855,-0.018702242523431778,-0.011659550480544567,183.0
SOL,20250228,europe,mid,0.09963490813970566,-0.40971702337265015,-0.3100821077823639,2580.0
SOL,20250228,europe,stress,0.2578396201133728,-1.0590319633483887,-0.8011923432350159,6851.0
SOL,20250228,us,calm,0.03319384530186653,-0.0819287896156311,-0.04873495176434517,946.0
SOL,20250228,us,mid,0.10802334547042847,-0.2986885607242584,-0.19066521525382996,3111.0
SOL,20250228,us,stress,0.0017190867802128196,-0.0013417506124824286,0.00037733593489974737,50.0
SOL,20250306,asia,calm,0.022889602929353714,-0.08623821288347244,-0.06334861367940903,672.0
SOL,20250306,asia,mid,0.10397335141897202,-0.33492031693458557,-0.23094695806503296,3048.0
SOL,20250306,asia,stress,0.009707806631922722,-0.03733927756547928,-0.027631469070911407,284.0
SOL,20250306,europe,calm,0.021487364545464516,-0.05304641276597977,-0.0315590463578701,639.0
SOL,20250306,europe,mid,0.13255608081817627,-0.362923800945282,-0.23036767542362213,3893.0
SOL,20250306,europe,stress,0.028656519949436188,-0.08963388204574585,-0.06097737327218056,790.0
SOL,20250306,us,calm,0.029179461300373077,-0.065185546875,-0.036006081849336624,819.0
SOL,20250306,us,mid,0.1091277152299881,-0.16820023953914642,-0.05907253175973892,3098.0
SOL,20250315,asia,calm,0.046664945781230927,-0.11322929710149765,-0.06656435132026672,1205.0
SOL,20250315,asia,mid,0.0016483678482472897,0.0018749093869701028,0.0035232773516327143,44.0
SOL,20250315,asia,stress,0.000561009394004941,0.0037390263751149178,0.004300036001950502,15.0
SOL,20250315,europe,calm,0.05631913244724274,-0.13211393356323242,-0.07579480111598969,1506.0
SOL,20250315,us,calm,0.045560941100120544,-0.15845051407814026,-0.11288957297801971,1221.0
SOL,20250324,asia,calm,0.05479961261153221,-0.1298372447490692,-0.0750376284122467,1479.0
SOL,20250324,asia,mid,0.05716569349169731,-0.13145780563354492,-0.07429210096597672,1542.0
SOL,20250324,europe,calm,0.07792054116725922,-0.1912427544593811,-0.11332222819328308,2190.0
SOL,20250324,europe,mid,0.04519158974289894,-0.09044981002807617,-0.04525822401046753,1291.0
SOL,20250324,us,calm,0.055691540241241455,-0.16964712738990784,-0.11395560204982758,1565.0
SOL,20250330,asia,calm,0.03428182750940323,-0.11256325989961624,-0.07828143239021301,853.0
SOL,20250330,asia,mid,0.00016058457549661398,-0.0029703888576477766,-0.0028098043985664845,4.0
SOL,20250330,europe,calm,0.03547421842813492,-0.08566939830780029,-0.05019517242908478,876.0
SOL,20250330,europe,mid,0.0072346217930316925,-0.02200808748602867,-0.014773465692996979,178.0
SOL,20250330,us,calm,0.04281921684741974,-0.17310243844985962,-0.1302832067012787,1062.0
SOL,20250330,us,mid,0.016738202422857285,-0.05452368035912514,-0.03778547793626785,416.0
SOL,20250408,asia,calm,0.02983231283724308,-0.07595500349998474,-0.04612268880009651,655.0
SOL,20250408,asia,mid,0.08740241080522537,-0.20464876294136047,-0.1172463595867157,1912.0
SOL,20250408,europe,calm,0.029717523604631424,-0.07932466268539429,-0.049607135355472565,644.0
SOL,20250408,europe,mid,0.08133313059806824,-0.19916187226772308,-0.11782874166965485,1771.0
SOL,20250408,europe,stress,0.07676921784877777,-0.22282180190086365,-0.14605259895324707,1647.0
SOL,20250408,us,calm,0.010929226875305176,-0.04121241718530655,-0.030283190310001373,222.0
SOL,20250408,us,mid,0.11317963898181915,-0.3070816993713379,-0.19390207529067993,2354.0
SOL,20250408,us,stress,0.07797092944383621,-0.1256387084722519,-0.04766778647899628,1614.0
SOL,20250417,asia,calm,0.04164442420005798,-0.1457338184118271,-0.1040893942117691,1085.0
SOL,20250417,asia,mid,0.045863475650548935,-0.11359414458274841,-0.06773067265748978,1213.0
SOL,20250417,europe,calm,0.05076149106025696,-0.14323583245277405,-0.09247433394193649,1343.0
SOL,20250417,europe,mid,0.06190043315291405,-0.10455922782421112,-0.042658790946006775,1597.0
SOL,20250417,us,calm,0.030924882739782333,-0.08606718480587006,-0.05514230579137802,825.0
SOL,20250417,us,mid,0.07203548401594162,-0.18915998935699463,-0.11712449789047241,1911.0
SOL,20250426,asia,calm,0.03515033423900604,-0.10183417797088623,-0.066683828830719,1062.0
SOL,20250426,europe,calm,0.04814454913139343,-0.16594316065311432,-0.11779861897230148,1434.0
SOL,20250426,us,calm,0.02171650342643261,-0.056836239993572235,-0.035119734704494476,644.0
SOL,20250502,asia,calm,0.03770033270120621,-0.1083025187253952,-0.07060219347476959,1125.0
SOL,20250502,europe,calm,0.06623223423957825,-0.21372085809707642,-0.14748863875865936,1970.0
SOL,20250502,europe,mid,0.003422333160415292,-0.015152311883866787,-0.011729978956282139,103.0
SOL,20250502,us,calm,0.04782478138804436,-0.17635893821716309,-0.12853415310382843,1421.0
SOL,20250511,asia,calm,0.038415126502513885,-0.16249284148216248,-0.12407771497964859,1315.0
SOL,20250511,asia,mid,0.08587821573019028,-0.40858936309814453,-0.32271116971969604,2999.0
SOL,20250511,asia,stress,0.043463535606861115,-0.2154206782579422,-0.17195715010166168,1512.0
SOL,20250511,europe,calm,0.05858484283089638,-0.2538798451423645,-0.1952950358390808,2019.0
SOL,20250511,europe,mid,0.02324412763118744,-0.1139071136713028,-0.09066297858953476,786.0
SOL,20250511,us,calm,0.05490639805793762,-0.24194161593914032,-0.1870352327823639,1887.0
SOL,20250511,us,mid,0.013989107683300972,-0.05803505331277847,-0.04404594004154205,472.0
SOL,20250520,asia,calm,0.040342219173908234,-0.15244902670383453,-0.1121068149805069,1345.0
SOL,20250520,asia,mid,0.06668488681316376,-0.329120397567749,-0.2624354958534241,2208.0
SOL,20250520,europe,calm,0.0543350949883461,-0.1748632937669754,-0.1205281987786293,1797.0
SOL,20250520,europe,mid,0.015662746503949165,-0.0631125345826149,-0.04744978994131088,514.0
SOL,20250520,us,calm,0.05550886318087578,-0.20758727192878723,-0.15207840502262115,1830.0
SOL,20250520,us,mid,0.020904922857880592,-0.03130428493022919,-0.010399360209703445,679.0
SOL,20250601,asia,calm,0.03996060788631439,-0.14445635676383972,-0.10449576377868652,1232.0
SOL,20250601,europe,calm,0.05922740697860718,-0.20639930665493011,-0.14717191457748413,1795.0
SOL,20250601,europe,mid,0.015277909114956856,-0.023382309824228287,-0.008104400709271431,450.0
SOL,20250601,us,calm,0.049116700887680054,-0.18544407188892365,-0.13632738590240479,1511.0
SOL,20250601,us,mid,0.007890953682363033,-0.03677719086408615,-0.02888623997569084,229.0
SOL,20250607,asia,calm,0.04067712649703026,-0.11118725687265396,-0.0705101266503334,1200.0
SOL,20250607,europe,calm,0.03658511862158775,-0.11460588127374649,-0.07802076637744904,1106.0
SOL,20250607,us,calm,0.02567484602332115,-0.09395550191402435,-0.0682806596159935,771.0
SOL,20250616,asia,calm,0.0560746043920517,-0.18695172667503357,-0.13087712228298187,1729.0
SOL,20250616,asia,mid,0.026366228237748146,-0.09100620448589325,-0.06463997066020966,804.0
SOL,20250616,asia,stress,0.004596141632646322,-0.02282516099512577,-0.01822901889681816,144.0
SOL,20250616,europe,calm,0.050423622131347656,-0.1655048131942749,-0.11508118361234665,1555.0
SOL,20250616,europe,mid,0.024516034871339798,-0.11132127046585083,-0.08680523186922073,761.0
SOL,20250616,us,calm,0.05065666884183884,-0.13032087683677673,-0.0796642005443573,1575.0
SOL,20250616,us,mid,0.03365042060613632,-0.14254537224769592,-0.1088949516415596,1000.0
SOL,20250616,us,stress,0.015188150107860565,-0.05544901639223099,-0.04026086628437042,460.0
SOL,20250625,asia,calm,0.0431465208530426,-0.15355487167835236,-0.11040835827589035,1254.0
SOL,20250625,europe,calm,0.04377050697803497,-0.11560773104429245,-0.07183722406625748,1273.0
SOL,20250625,europe,mid,0.046323589980602264,-0.12854871153831482,-0.08222512155771255,1335.0
SOL,20250625,us,calm,0.042147234082221985,-0.14830434322357178,-0.10615711659193039,1202.0
SOL,20250625,us,mid,0.0008338800398632884,-0.00013701128773391247,0.0006968687521293759,24.0
SOL,20250704,asia,calm,0.03752212971448898,-0.11525487899780273,-0.07773274183273315,1135.0
SOL,20250704,asia,mid,0.0002619494334794581,-0.0032412901055067778,-0.0029793409630656242,7.0
SOL,20250704,europe,calm,0.04676245152950287,-0.14326031506061554,-0.09649786353111267,1389.0
SOL,20250704,europe,mid,0.018519099801778793,-0.03765241801738739,-0.0191333144903183,543.0
SOL,20250704,us,calm,0.031068461015820503,-0.08365154266357422,-0.052583079785108566,905.0
SOL,20250704,us,mid,0.013375654816627502,-0.037841640412807465,-0.02446598745882511,384.0
SOL,20250710,asia,calm,0.036425743252038956,-0.12154952436685562,-0.08512377738952637,1142.0
SOL,20250710,asia,mid,9.546944056637585e-05,0.0002545500756241381,0.0003500195452943444,3.0
SOL,20250710,europe,calm,0.04061358794569969,-0.14947879314422607,-0.10886521637439728,1268.0
SOL,20250710,europe,mid,0.001625965815037489,-0.003307027742266655,-0.0016810622764751315,51.0
SOL,20250710,us,calm,0.049725551158189774,-0.19569145143032074,-0.14596590399742126,1556.0
SOL,20250710,us,mid,0.05418451130390167,-0.11829859018325806,-0.06411407887935638,1680.0
SOL,20250710,us,stress,0.017854871228337288,-0.059423621743917465,-0.04156874492764473,565.0
SOL,20250719,asia,calm,0.027837548404932022,-0.08696165680885315,-0.059124112129211426,979.0
SOL,20250719,europe,calm,0.03654447942972183,-0.1455828696489334,-0.10903838276863098,1277.0
SOL,20250719,us,calm,0.027132049202919006,-0.11505433917045593,-0.08792228996753693,941.0
SOL,20250719,us,mid,0.004144187550991774,-0.026587679982185364,-0.022443491965532303,144.0
SOL,20250727,asia,calm,0.021747522056102753,-0.08529797196388245,-0.06355045735836029,795.0
SOL,20250727,europe,calm,0.033789459615945816,-0.10181505978107452,-0.068025603890419,1244.0
SOL,20250727,us,calm,0.046715281903743744,-0.15763616561889648,-0.11092088371515274,1730.0
SOL,20250727,us,mid,0.010345754213631153,-0.050434552133083344,-0.040088798850774765,380.0
SOL,20250730,asia,calm,0.03374602273106575,-0.14711865782737732,-0.11337263137102127,1211.0
SOL,20250730,europe,calm,0.04775489494204521,-0.12687434256076813,-0.07911944389343262,1684.0
SOL,20250730,europe,mid,0.03625315800309181,-0.1023411974310875,-0.06608803570270538,1277.0
SOL,20250730,us,calm,0.03006235882639885,-0.12388957291841507,-0.09382720291614532,1058.0
SOL,20250730,us,mid,0.04311832785606384,-0.09420593082904816,-0.05108760669827461,1484.0
SOL,20250730,us,stress,0.031133024021983147,-0.059005770832300186,-0.02787274308502674,987.0
SOL,20250801,asia,calm,0.03791772946715355,-0.12944063544273376,-0.09152290970087051,1275.0
SOL,20250801,asia,mid,0.05673084780573845,-0.22747322916984558,-0.17074236273765564,1901.0
SOL,20250801,asia,stress,0.0018949012737721205,-0.002843504538759589,-0.0009486025664955378,64.0
SOL,20250801,europe,calm,0.02749081328511238,-0.07246431708335876,-0.044973500072956085,912.0
SOL,20250801,europe,mid,0.07776465266942978,-0.2735810875892639,-0.19581644237041473,2563.0
SOL,20250801,europe,stress,0.009366601705551147,0.008114835247397423,0.01748143695294857,309.0
SOL,20250801,us,calm,0.015066040679812431,-0.06508293002843857,-0.05001688748598099,493.0
SOL,20250801,us,mid,0.09062603116035461,-0.24058988690376282,-0.1499638706445694,2911.0
SOL,20250801,us,stress,0.014116061851382256,-0.052835579961538315,-0.03871951997280121,448.0
SOL,20250804,asia,calm,0.030573591589927673,-0.10683102160692215,-0.07625743746757507,991.0
SOL,20250804,europe,calm,0.032904837280511856,-0.11599457263946533,-0.08308973163366318,1059.0
SOL,20250804,europe,mid,0.02658115327358246,-0.06951606273651123,-0.04293491318821907,875.0
SOL,20250804,us,calm,0.04272308945655823,-0.15194591879844666,-0.10922282189130783,1406.0
SOL,20250804,us,mid,0.01655045710504055,-0.03278040885925293,-0.01622994989156723,554.0
SOL,20250807,asia,calm,0.01794467866420746,-0.03936746343970299,-0.02142278477549553,602.0
SOL,20250807,europe,calm,0.048905473202466965,-0.10423040390014648,-0.05532492697238922,1650.0
SOL,20250807,europe,mid,0.013633698225021362,-0.04710732400417328,-0.033473625779151917,457.0
SOL,20250807,us,calm,0.04579067602753639,-0.1435094177722931,-0.0977187380194664,1551.0
SOL,20250807,us,mid,0.0056755393743515015,-0.014971449039876461,-0.009295908734202385,189.0
SOL,20250810,asia,calm,0.04707194119691849,-0.2096468210220337,-0.1625748872756958,1681.0
SOL,20250810,asia,mid,0.025648323819041252,-0.07546824216842651,-0.04981992021203041,907.0
SOL,20250810,europe,calm,0.03535592183470726,-0.11598332226276398,-0.08062739670276642,1253.0
SOL,20250810,europe,mid,0.009412471204996109,-0.01910502091050148,-0.00969255156815052,332.0
SOL,20250810,us,calm,0.02466338872909546,-0.0867457166314125,-0.06208232790231705,873.0
SOL,20250810,us,mid,0.005602702498435974,-0.02217090129852295,-0.016568196937441826,205.0
SOL,20250812,asia,calm,0.022552279755473137,-0.052133094519376755,-0.02958081290125847,790.0
SOL,20250812,asia,mid,0.00034329245681874454,0.0001151714677689597,0.000458463910035789,12.0
SOL,20250812,europe,calm,0.02357456088066101,-0.08746148645877838,-0.06388692557811737,806.0
SOL,20250812,europe,mid,0.04885008558630943,-0.08734036237001419,-0.03849027678370476,1713.0
SOL,20250812,us,calm,0.03002196177840233,-0.1227353885769844,-0.09271343052387238,1121.0
SOL,20250812,us,mid,0.08270464092493057,-0.2830163836479187,-0.20031173527240753,3045.0
SOL,20250815,asia,calm,0.04281122609972954,-0.17637991905212402,-0.1335686892271042,1637.0
SOL,20250815,asia,mid,0.005953844171017408,-0.021906554698944092,-0.015952710062265396,233.0
SOL,20250815,europe,calm,0.026782304048538208,-0.11782944947481155,-0.09104715287685394,1027.0
SOL,20250815,europe,mid,0.07913890480995178,-0.1174163967370987,-0.03827749937772751,2949.0
SOL,20250815,europe,stress,0.008688751608133316,-0.009783847257494926,-0.0010950954165309668,324.0
SOL,20250815,us,calm,0.02451932057738304,-0.11551353335380554,-0.0909942239522934,896.0
SOL,20250815,us,mid,0.043100398033857346,-0.11292348057031631,-0.06982308626174927,1567.0
SOL,20250815,us,stress,0.01620609685778618,-0.016630645841360092,-0.0004245489835739136,585.0
SOL,20250818,asia,calm,0.029467161744832993,-0.06461387872695923,-0.035146720707416534,1039.0
SOL,20250818,asia,mid,0.05367319658398628,-0.1552083045244217,-0.10153511166572571,1944.0
SOL,20250818,europe,calm,0.03858640789985657,-0.09259000420570374,-0.05400358885526657,1388.0
SOL,20250818,europe,mid,0.015439149923622608,-0.026719681918621063,-0.01128053292632103,554.0
SOL,20250818,us,calm,0.04173498600721359,-0.16868802905082703,-0.12695306539535522,1523.0
SOL,20250818,us,mid,0.008010977879166603,-0.011417001485824585,-0.0034060210455209017,292.0
SUI,20230724,asia,calm,0.0006001362926326692,-0.019350308924913406,-0.01875017210841179,80.0
SUI,20230724,asia,mid,0.0014974232763051987,-0.02406821958720684,-0.022570796310901642,143.0
SUI,20230724,europe,calm,0.0004774981061927974,0.00045538984704762697,0.0009328879532404244,28.0
SUI,20230724,europe,mid,0.004308952018618584,-0.08705757558345795,-0.0827486515045166,328.0
SUI,20230724,europe,stress,0.02429705113172531,-0.17320145666599274,-0.14890439808368683,428.0
SUI,20230724,us,calm,0.00040378785342909396,-0.012671477161347866,-0.01226768922060728,51.0
SUI,20230724,us,mid,0.00041924917604774237,-0.014659330248832703,-0.0142400823533535,49.0
SUI,20230802,asia,calm,0.00025941128842532635,-0.004987601190805435,-0.0047281901352107525,33.0
SUI,20230802,asia,mid,0.0013582673855125904,-0.030993781983852386,-0.029635518789291382,127.0
SUI,20230802,asia,stress,1.545846498629544e-05,0.0004640081897377968,0.00047946666018106043,2.0
SUI,20230802,europe,calm,0.0004352912656031549,-0.005004421342164278,-0.0045691304840147495,43.0
SUI,20230802,europe,mid,0.002190547063946724,-0.024391956627368927,-0.022201409563422203,164.0
SUI,20230802,us,calm,0.0005702358903363347,-0.009279062040150166,-0.008708825334906578,57.0
SUI,20230802,us,mid,0.002053957898169756,-0.07229138165712357,-0.0702374204993248,96.0
SUI,20230802,us,stress,0.004155951086431742,-0.031456008553504944,-0.027300061658024788,112.0
SUI,20230808,asia,calm,0.0005687631783075631,-0.00883385632187128,-0.008265092968940735,52.0
SUI,20230808,asia,mid,0.0003516041033435613,-3.137107705697417e-05,0.0003202329098712653,25.0
SUI,20230808,europe,calm,0.0003658354689832777,-0.006599171552807093,-0.006233335938304663,37.0
SUI,20230808,europe,mid,0.0004906465183012187,-0.005405085161328316,-0.004914437886327505,45.0
SUI,20230808,us,calm,0.0002937849494628608,-0.007220540661364794,-0.006926755886524916,35.0
SUI,20230808,us,mid,0.0011815272737294436,0.0007420363835990429,0.00192356389015913,68.0
SUI,20230817,asia,calm,0.00011294863361399621,-0.00047203348367474973,-0.0003590848937164992,10.0
SUI,20230817,asia,mid,0.0009747807634994388,-0.003960592672228813,-0.002985811559483409,40.0
SUI,20230817,asia,stress,0.005488314665853977,0.0100364675745368,0.015524780377745628,129.0
SUI,20230817,europe,calm,0.000264186121057719,-0.003536687232553959,-0.0032725012861192226,15.0
SUI,20230817,europe,mid,0.0036327929701656103,-0.03506748005747795,-0.031434688717126846,146.0
SUI,20230817,europe,stress,0.009604908525943756,-0.06223186105489731,-0.05262695997953415,129.0
SUI,20230817,us,calm,1.924557363963686e-05,2.886836045945529e-05,4.8113932280102745e-05,1.0
SUI,20230817,us,mid,0.0014014418702572584,-0.01617780141532421,-0.014776359312236309,56.0
SUI,20230817,us,stress,0.1212826818227768,-0.003393024206161499,0.11788966506719589,677.0
SUI,20230826,asia,mid,0.00249588955193758,-0.056229427456855774,-0.05373353511095047,226.0
SUI,20230826,asia,stress,0.01270822249352932,-0.10167238116264343,-0.08896414935588837,872.0
SUI,20230826,europe,mid,0.007230142131447792,-0.08804817497730255,-0.08081802725791931,562.0
SUI,20230826,europe,stress,0.011416834779083729,-0.10336685180664062,-0.09195001423358917,771.0
SUI,20230826,us,mid,0.006091548129916191,-0.044052720069885254,-0.037961170077323914,452.0
SUI,20230826,us,stress,0.004216686822474003,-0.040217697620391846,-0.03600101172924042,233.0
SUI,20230904,asia,calm,0.00011329278640914708,-0.0019806178752332926,-0.001867324928753078,9.0
SUI,20230904,asia,mid,0.0022288761101663113,-0.042866162955760956,-0.040637291967868805,162.0
SUI,20230904,europe,calm,0.00019593065371736884,-0.005852666217833757,-0.00565673504024744,18.0
SUI,20230904,europe,mid,0.0028523870278149843,-0.05247241258621216,-0.049620017409324646,231.0
SUI,20230904,europe,stress,0.00019600533414632082,0.00016286152822431177,0.000358866760507226,19.0
SUI,20230904,us,calm,1.0321941772417631e-05,-0.0005367409321479499,-0.0005264190258458257,1.0
SUI,20230904,us,mid,0.002417980693280697,-0.03844646364450455,-0.036028482019901276,195.0
SUI,20230904,us,stress,0.0017746489029377699,-0.016255633905529976,-0.014480985701084137,32.0
SUI,20230910,asia,mid,0.002155586611479521,-0.05336569994688034,-0.05121011286973953,144.0
SUI,20230910,asia,stress,0.01043037697672844,-0.0064735421910882,0.003956824541091919,226.0
SUI,20230910,europe,calm,0.0001299452706007287,-0.003507798770442605,-0.0033778531942516565,10.0
SUI,20230910,europe,mid,0.0011665583588182926,-0.025575846433639526,-0.02440928854048252,74.0
SUI,20230910,europe,stress,0.0005396322230808437,-0.020419254899024963,-0.019879624247550964,46.0
SUI,20230910,us,calm,1.0999769074260257e-05,-0.0006379865808412433,-0.0006269868463277817,1.0
SUI,20230910,us,mid,0.0031476947478950024,-0.028755657374858856,-0.025607962161302567,147.0
SUI,20230910,us,stress,0.0012686483096331358,-0.01736806519329548,-0.016099415719509125,78.0
SUI,20230919,asia,calm,0.00023357191821560264,-0.004485482815653086,-0.004251910839229822,21.0
SUI,20230919,asia,mid,0.0008077387465164065,-0.011524401605129242,-0.010716663673520088,65.0
SUI,20230919,europe,calm,0.00010007036325987428,-0.0027763524558395147,-0.0026762820780277252,9.0
SUI,20230919,europe,mid,0.001967629650607705,-0.036070238798856735,-0.034102603793144226,127.0
SUI,20230919,us,calm,0.00012213439913466573,-0.0040826876647770405,-0.003960553091019392,11.0
SUI,20230919,us,mid,0.0007868009270168841,-0.017155688256025314,-0.016368886455893517,59.0
SUI,20230928,asia,calm,0.0004914887249469757,-0.005436842329800129,-0.0049453540705144405,25.0
SUI,20230928,asia,mid,0.0002171187661588192,-0.004144925624132156,-0.00392780639231205,14.0
SUI,20230928,europe,calm,0.0008975595119409263,-0.0069315615110099316,-0.006034003105014563,67.0
SUI,20230928,europe,mid,0.0005755698075518012,-0.006017404608428478,-0.005441834684461355,32.0
SUI,20230928,us,calm,0.0006612534052692354,-0.00932327751070261,-0.008662023581564426,52.0
SUI,20230928,us,mid,0.00029227955383248627,-0.006428329739719629,-0.0061360495164990425,21.0
SUI,20231007,asia,calm,1.1034970157197677e-05,-2.2069940314395353e-05,-1.1034970157197677e-05,1.0
SUI,20231007,asia,mid,0.0014352480648085475,-0.011793959885835648,-0.010358713567256927,105.0
SUI,20231007,asia,stress,6.630571442656219e-05,-0.0016332463128492236,-0.001566940569318831,6.0
SUI,20231007,europe,calm,0.00041659094858914614,-0.0031313986983150244,-0.0027148076333105564,24.0
SUI,20231007,europe,mid,0.0004929094575345516,-0.007592588663101196,-0.007099678739905357,40.0
SUI,20231007,us,calm,0.00011357846233295277,-0.0005074699874967337,-0.0003938915324397385,9.0
SUI,20231007,us,mid,0.00039837841177359223,-0.0018078811699524522,-0.001409502699971199,9.0
SUI,20231013,asia,calm,0.0001965921401279047,-0.0012622883077710867,-0.0010656961239874363,10.0
SUI,20231013,asia,mid,2.458062590449117e-05,0.00022053079737816006,0.0002451114123687148,2.0
SUI,20231013,europe,calm,0.0002924557775259018,-0.003899522125720978,-0.003607065649703145,12.0
SUI,20231013,europe,mid,0.0010293350787833333,-0.0089543666690588,-0.007925031706690788,31.0
SUI,20231013,europe,stress,0.0008377926424145699,-0.009892072528600693,-0.009054280817508698,44.0
SUI,20231013,us,calm,0.0002905127184931189,-0.009401458315551281,-0.009110945276916027,24.0
SUI,20231013,us,mid,0.0006756618386134505,-0.0002624786284286529,0.00041318300645798445,44.0
SUI,20231013,us,stress,0.00014465977437794209,-0.0033663720823824406,-0.0032217123080044985,7.0
SUI,20231022,asia,calm,0.0003218266065232456,-0.003098397981375456,-0.002776571549475193,16.0
SUI,20231022,asia,mid,0.0013225619914010167,-0.004787312354892492,-0.003464749548584223,65.0
SUI,20231022,asia,stress,0.01169499009847641,0.01198524609208107,0.02368023805320263,199.0
SUI,20231022,europe,mid,0.0012676125625148416,-0.00934383925050497,-0.008076228201389313,68.0
SUI,20231022,europe,stress,0.000889151415321976,-0.014583672396838665,-0.013694520108401775,26.0
SUI,20231022,us,calm,0.00021364637359511107,-0.0040475111454725266,-0.003833864349871874,13.0
SUI,20231022,us,mid,0.0003624315722845495,-0.0011695505818352103,-0.0008071186020970345,24.0
SUI,20231031,asia,mid,0.0028108854312449694,-0.015386735089123249,-0.012575849890708923,113.0
SUI,20231031,asia,stress,0.001241595484316349,-0.011837653815746307,-0.010596058331429958,49.0
SUI,20231031,europe,mid,0.004216920584440231,-0.00037771929055452347,0.003839199896901846,156.0
SUI,20231031,europe,stress,0.022517550736665726,0.045317478477954865,0.06783504039049149,315.0
SUI,20231031,us,mid,0.001664412091486156,-0.008518736809492111,-0.006854325532913208,90.0
SUI,20231031,us,stress,0.0006136145675554872,-0.004597177729010582,-0.003983562812209129,28.0
SUI,20231109,asia,mid,0.0010563019895926118,-0.008282422088086605,-0.007226119749248028,34.0
SUI,20231109,asia,stress,0.02445860207080841,-0.06269235908985138,-0.03823375701904297,435.0
SUI,20231109,europe,mid,0.003463291097432375,-0.017923014238476753,-0.014459722675383091,89.0
SUI,20231109,europe,stress,0.04875709488987923,-0.08189317584037781,-0.03313608095049858,462.0
SUI,20231109,us,mid,0.0013808077201247215,-0.013037774711847305,-0.01165696606040001,24.0
SUI,20231109,us,stress,0.1982547640800476,-0.10028249025344849,0.09797227382659912,823.0
SUI,20231115,asia,mid,0.0066786864772439,-0.034336209297180176,-0.027657525613904,154.0
SUI,20231115,europe,mid,0.006574645638465881,-0.014172276481986046,-0.007597630377858877,121.0
SUI,20231115,europe,stress,0.004105075262486935,-0.004062296822667122,4.277873085811734e-05,58.0
SUI,20231115,us,mid,0.009787753224372864,-0.035751380026340485,-0.02596362493932247,149.0
SUI,20231115,us,stress,0.01668536849319935,-0.014788713306188583,0.0018966589123010635,198.0
SUI,20231124,asia,mid,0.004777183756232262,-0.02390054613351822,-0.01912335865199566,126.0
SUI,20231124,asia,stress,0.0034379924181848764,-0.02690005488693714,-0.023462066426873207,75.0
SUI,20231124,europe,mid,0.006901233457028866,-0.015474953688681126,-0.008573722094297409,180.0
SUI,20231124,europe,stress,0.012038102373480797,-0.009809838607907295,0.002228266093879938,175.0
SUI,20231124,us,calm,0.0025761323049664497,-0.014511005952954292,-0.011934872716665268,40.0
SUI,20231124,us,mid,0.005820794031023979,-0.03752295672893524,-0.03170216083526611,158.0
SUI,20231124,us,stress,0.0035448898561298847,-0.005834332667291164,-0.0022894437424838543,54.0
SUI,20231203,asia,calm,0.0005189631483517587,-0.0022791922092437744,-0.001760228886269033,16.0
SUI,20231203,asia,mid,0.0036443579010665417,-0.008576245978474617,-0.00493188900873065,73.0
SUI,20231203,europe,calm,0.0016656829975545406,-0.004241636488586664,-0.0025759534910321236,47.0
SUI,20231203,europe,mid,0.005067859310656786,-0.007622598670423031,-0.0025547381956130266,83.0
SUI,20231203,us,calm,0.0028168160934001207,-0.007554376032203436,-0.0047375597059726715,45.0
SUI,20231203,us,mid,0.009953252039849758,-0.01483822986483574,-0.004884979221969843,126.0
SUI,20231203,us,stress,0.0004072234150953591,-0.001439428422600031,-0.001032204949297011,11.0
SUI,20231212,asia,mid,0.00847277045249939,-0.02560439705848694,-0.01713162660598755,154.0
SUI,20231212,asia,stress,0.0005023431149311364,-0.004402145277708769,-0.0038998019881546497,6.0
SUI,20231212,europe,mid,0.00819525495171547,-0.02885575219988823,-0.02066049911081791,106.0
SUI,20231212,europe,stress,0.019342081621289253,-0.056326545774936676,-0.03698446601629257,191.0
SUI,20231212,us,mid,0.00982152484357357,-0.05081896483898163,-0.04099743813276291,197.0
SUI,20231212,us,stress,0.0017591423820704222,-0.011723905801773071,-0.00996476411819458,20.0
SUI,20231218,asia,mid,0.0074686710722744465,-0.0053194318898022175,0.002149239182472229,77.0
SUI,20231218,asia,stress,0.009073568508028984,-0.011557066813111305,-0.0024834962096065283,82.0
SUI,20231218,europe,mid,0.009387580677866936,-0.03253379836678505,-0.023146219551563263,123.0
SUI,20231218,europe,stress,0.027006519958376884,0.033490777015686035,0.06049729138612747,136.0
SUI,20231218,us,mid,0.005788233131170273,-0.017294546589255333,-0.01150631532073021,89.0
SUI,20231218,us,stress,0.00030439600232057273,-0.0011435507331043482,-0.000839154701679945,2.0
SUI,20231227,asia,mid,0.010806317441165447,-0.023082366213202477,-0.012276050634682178,78.0
SUI,20231227,asia,stress,0.1358807235956192,-0.2666833996772766,-0.13080266118049622,949.0
SUI,20231227,europe,mid,0.024686282500624657,-0.04367608577013016,-0.01898980140686035,235.0
SUI,20231227,europe,stress,0.05592697858810425,-0.13357630372047424,-0.07764932513237,490.0
SUI,20231227,us,mid,0.017850928008556366,-0.059134043753147125,-0.04128311574459076,202.0
SUI,20231227,us,stress,0.017116770148277283,-0.06598243117332458,-0.0488656610250473,177.0
SUI,20240105,asia,mid,0.022754274308681488,-0.08076474815607071,-0.058010466396808624,220.0
SUI,20240105,asia,stress,0.10577723383903503,-0.20597794651985168,-0.10020071268081665,493.0
SUI,20240105,europe,mid,0.02366730198264122,-0.05305695906281471,-0.029389649629592896,213.0
SUI,20240105,europe,stress,0.06785544753074646,-0.07836222648620605,-0.010506773367524147,510.0
SUI,20240105,us,mid,0.017280228435993195,-0.05373349040746689,-0.036453261971473694,181.0
SUI,20240105,us,stress,0.13456647098064423,-0.29356056451797485,-0.15899410843849182,1024.0
SUI,20240111,asia,mid,0.02309373952448368,-0.05905310809612274,-0.03595937415957451,110.0
SUI,20240111,asia,stress,0.1386144608259201,-0.18305611610412598,-0.044441647827625275,833.0
SUI,20240111,europe,stress,0.4160282015800476,-0.41934141516685486,-0.003313206136226654,2456.0
SUI,20240111,us,mid,0.002869000658392906,-0.0039289724081754684,-0.001059971284121275,18.0
SUI,20240111,us,stress,0.4068654775619507,-0.3822002708911896,0.0246652290225029,2273.0
SUI,20240120,asia,mid,0.02200762741267681,-0.05007728189229965,-0.028069650754332542,271.0
SUI,20240120,asia,stress,0.008466999977827072,-0.019759148359298706,-0.011292146518826485,93.0
SUI,20240120,europe,mid,0.03284096717834473,-0.0884290486574173,-0.055588070303201675,429.0
SUI,20240120,europe,stress,0.011084957048296928,-0.008852431550621986,0.0022325264289975166,109.0
SUI,20240120,us,mid,0.024404123425483704,-0.058560118079185486,-0.03415599465370178,350.0
SUI,20240120,us,stress,0.0005079248803667724,-0.0012026376789435744,-0.0006947127403691411,7.0
SUI,20240129,asia,mid,0.03965521976351738,-0.12279346585273743,-0.08313823491334915,708.0
SUI,20240129,asia,stress,0.028540700674057007,0.006372986361384392,0.03491368144750595,417.0
SUI,20240129,europe,mid,0.07832787930965424,-0.18062634766101837,-0.10229846835136414,1329.0
SUI,20240129,europe,stress,0.07475566864013672,-0.12882547080516815,-0.054069794714450836,1218.0
SUI,20240129,us,mid,0.04424162954092026,-0.08996029198169708,-0.04571865499019623,799.0
SUI,20240129,us,stress,0.25218796730041504,-0.2657662630081177,-0.013578291051089764,3119.0
SUI,20240207,asia,calm,0.007698529399931431,-0.024162035435438156,-0.0164635069668293,207.0
SUI,20240207,asia,mid,0.01976301521062851,-0.09051112830638885,-0.07074811309576035,490.0
SUI,20240207,asia,stress,0.0027652825228869915,-0.01633101888000965,-0.013565736822783947,47.0
SUI,20240207,europe,calm,0.005020680837333202,-0.007451536599546671,-0.0024308557622134686,123.0
SUI,20240207,europe,mid,0.05433432385325432,-0.21470829844474792,-0.1603739708662033,1382.0
SUI,20240207,us,calm,0.006518928334116936,-0.01832951232790947,-0.011810583993792534,159.0
SUI,20240207,us,mid,0.030344102531671524,-0.11157163232564926,-0.08122753351926804,766.0
SUI,20240213,asia,calm,0.0014235104899853468,-0.006056962534785271,-0.0046334536746144295,37.0
SUI,20240213,asia,mid,0.029156310483813286,-0.11758559942245483,-0.0884292870759964,787.0
SUI,20240213,asia,stress,0.0021788524463772774,-0.01766202040016651,-0.01548316702246666,61.0
SUI,20240213,europe,mid,0.04777123034000397,-0.12854750454425812,-0.08077627420425415,1154.0
SUI,20240213,europe,stress,0.08634345233440399,-0.22430843114852905,-0.13796500861644745,1676.0
SUI,20240213,us,calm,0.0011958361137658358,-0.0008415072225034237,0.00035432903678156435,29.0
SUI,20240213,us,mid,0.04211639612913132,-0.17908811569213867,-0.13697171211242676,1090.0
SUI,20240213,us,stress,0.0007296225521713495,-0.008840736001729965,-0.008111112751066685,21.0
SUI,20240222,asia,calm,0.004427107982337475,-0.028606025502085686,-0.024178918451070786,140.0
SUI,20240222,asia,mid,0.013385018333792686,-0.03761201351881027,-0.024226995185017586,376.0
SUI,20240222,europe,calm,0.0042493510991334915,-0.01303085871040821,-0.008781506679952145,135.0
SUI,20240222,europe,mid,0.029244178906083107,-0.1036873310804367,-0.07444316148757935,825.0
SUI,20240222,us,calm,0.0012661322252824903,-0.004819574765861034,-0.0035534421913325787,32.0
SUI,20240222,us,mid,0.02382148802280426,-0.093464694917202,-0.06964319944381714,627.0
SUI,20240302,asia,calm,0.003499894868582487,-0.0131278270855546,-0.0096279326826334,72.0
SUI,20240302,asia,mid,0.01971065253019333,-0.046378374099731445,-0.026667725294828415,415.0
SUI,20240302,asia,stress,0.006516512483358383,-0.024389781057834625,-0.017873268574476242,145.0
SUI,20240302,europe,calm,0.0027854135259985924,-0.0069899782538414,-0.004204565193504095,72.0
SUI,20240302,europe,mid,0.02201755717396736,-0.040130697190761566,-0.018113138154149055,444.0
SUI,20240302,us,calm,0.0035097170621156693,-0.013596296310424805,-0.01008657831698656,73.0
SUI,20240302,us,mid,0.009318968281149864,-0.026980355381965637,-0.017661388963460922,204.0
SUI,20240311,asia,mid,0.018069632351398468,-0.06607217341661453,-0.048002541065216064,282.0
SUI,20240311,asia,stress,0.04740266501903534,-0.08965476602315903,-0.04225209355354309,407.0
SUI,20240311,europe,mid,0.0264260396361351,-0.05490191653370857,-0.02847588062286377,412.0
SUI,20240311,europe,stress,0.0014724021311849356,-0.006227240432053804,-0.0047548385336995125,26.0
SUI,20240311,us,calm,0.0037193710450083017,-0.011335991322994232,-0.007616620976477861,67.0
SUI,20240311,us,mid,0.013065226376056671,-0.03285907208919525,-0.01979384571313858,223.0
SUI,20240311,us,stress,0.006111816968768835,-0.02875085361301899,-0.022639036178588867,97.0
SUI,20240317,asia,mid,0.019212406128644943,-0.020293641835451126,-0.0010812357068061829,337.0
SUI,20240317,asia,stress,0.09887616336345673,-0.2374381721019745,-0.13856199383735657,1403.0
SUI,20240317,europe,mid,0.04693273454904556,-0.11525256931781769,-0.06831982731819153,799.0
SUI,20240317,europe,stress,0.03231869265437126,-0.08996489644050598,-0.05764620751142502,538.0
SUI,20240317,us,calm,0.0024319421499967575,-0.011015020310878754,-0.008583075366914272,47.0
SUI,20240317,us,mid,0.022310733795166016,-0.06876704096794128,-0.04645630717277527,410.0
SUI,20240317,us,stress,0.00512289721518755,-0.021827679127454758,-0.016704779118299484,87.0
SUI,20240326,asia,calm,0.0016154974000528455,-0.010980845429003239,-0.00936534721404314,38.0
SUI,20240326,asia,mid,0.013538241386413574,-0.04585816338658333,-0.032319918274879456,269.0
SUI,20240326,europe,calm,0.001206973334774375,-0.005720939952880144,-0.004513965919613838,35.0
SUI,20240326,europe,mid,0.02018004283308983,-0.06355969607830048,-0.043379656970500946,382.0
SUI,20240326,europe,stress,0.03376254811882973,-0.09655222296714783,-0.0627896785736084,573.0
SUI,20240326,us,calm,0.0003214445896446705,-0.001446278765797615,-0.0011248341761529446,4.0
SUI,20240326,us,mid,0.018177004531025887,-0.0649225115776062,-0.04674551263451576,356.0
SUI,20240326,us,stress,0.042912211269140244,-0.17047826945781708,-0.12756606936454773,795.0
SUI,20240404,asia,calm,0.0017815689789131284,-0.010195471346378326,-0.008413903415203094,42.0
SUI,20240404,asia,mid,0.016877565532922745,-0.02616713009774685,-0.009289564564824104,339.0
SUI,20240404,europe,calm,0.006513138301670551,-0.010364808142185211,-0.00385166984051466,160.0
SUI,20240404,europe,mid,0.009488707408308983,-0.02308192290365696,-0.013593211770057678,202.0
SUI,20240404,us,calm,0.003334196051582694,-0.0021869009360671043,0.0011472947662696242,85.0
SUI,20240404,us,mid,0.013336017727851868,-0.029741961508989334,-0.016405940055847168,257.0
SUI,20240404,us,stress,0.004736688453704119,0.0072608282789587975,0.011997517198324203,82.0
SUI,20240413,asia,mid,0.03020818531513214,-0.04675547778606415,-0.016547290608286858,375.0
SUI,20240413,asia,stress,0.031313300132751465,-0.08686751872301102,-0.05555422231554985,341.0
SUI,20240413,europe,mid,0.03954049199819565,-0.08327113837003708,-0.043730638921260834,505.0
SUI,20240413,us,mid,0.004948227666318417,-0.017967073246836662,-0.01301884651184082,48.0
SUI,20240413,us,stress,1.5296423435211182,-1.892893671989441,-0.36325138807296753,7984.0
SUI,20240419,asia,mid,0.03205109015107155,-0.05079828202724457,-0.01874719187617302,510.0
SUI,20240419,asia,stress,0.08566641062498093,-0.09911797940731049,-0.01345156878232956,1216.0
SUI,20240419,europe,mid,0.04366513341665268,-0.09172965586185455,-0.04806452617049217,677.0
SUI,20240419,europe,stress,0.022187743335962296,-0.05695948377251625,-0.034771740436553955,291.0
SUI,20240419,us,calm,0.0006626222166232765,-0.0006653607706539333,-2.7385540306568146e-06,7.0
SUI,20240419,us,mid,0.043932072818279266,-0.0813303142786026,-0.037398241460323334,603.0
SUI,20240419,us,stress,0.021499987691640854,-0.02588512748479843,-0.004385136999189854,311.0
SUI,20240428,asia,calm,0.005283728241920471,-0.012374361045658588,-0.007090631872415543,95.0
SUI,20240428,asia,mid,0.0029467481654137373,-0.00445491774007678,-0.0015081700403243303,55.0
SUI,20240428,europe,calm,0.009077053517103195,-0.011651613749563694,-0.0025745597667992115,143.0
SUI,20240428,europe,mid,0.0005618001450784504,-0.001124841975979507,-0.0005630418309010565,9.0
SUI,20240428,us,calm,0.005781091284006834,-0.01678483746945858,-0.011003746651113033,105.0
SUI,20240428,us,mid,0.005200672894716263,-0.01146327517926693,-0.006262602284550667,80.0
SUI,20240507,asia,calm,0.0009620852652005851,-0.0011890064924955368,-0.00022692105267196894,13.0
SUI,20240507,asia,mid,0.0432000532746315,-0.13082808256149292,-0.08762802928686142,519.0
SUI,20240507,asia,stress,0.0009483015746809542,-0.0020324327051639557,-0.0010841309558600187,12.0
SUI,20240507,europe,calm,0.007204676512628794,-0.020640626549720764,-0.013435948640108109,128.0
SUI,20240507,europe,mid,0.05329137295484543,-0.1153956949710846,-0.062104322016239166,815.0
SUI,20240507,us,calm,0.0062038186006248,-0.0245832409709692,-0.018379421904683113,94.0
SUI,20240507,us,mid,0.03645581752061844,-0.09131446480751038,-0.05485864728689194,568.0
SUI,20240516,asia,calm,0.00714371120557189,-0.008359082974493504,-0.0012153721181675792,119.0
SUI,20240516,asia,mid,0.011365667916834354,-0.028817396610975266,-0.017451731488108635,169.0
SUI,20240516,europe,mid,0.04433440789580345,-0.07806874811649323,-0.033734336495399475,650.0
SUI,20240516,europe,stress,0.058914974331855774,-0.10476911813020706,-0.045854151248931885,777.0
SUI,20240516,us,calm,0.0030170432291924953,-0.007560897618532181,-0.004543853458017111,56.0
SUI,20240516,us,mid,0.01813959702849388,-0.029114244505763054,-0.010974647477269173,272.0
SUI,20240516,us,stress,0.0004805663484148681,0.0014937615487724543,0.0019743277225643396,9.0
SUI,20240522,asia,calm,0.006520441733300686,-0.01535843312740326,-0.008837990462779999,104.0
SUI,20240522,asia,mid,0.008700643666088581,-0.023889580741524696,-0.015188934281468391,145.0
SUI,20240522,europe,calm,0.006393423303961754,-0.012414539232850075,-0.006021116394549608,96.0
SUI,20240522,europe,mid,0.02341783419251442,-0.03918538987636566,-0.015767553821206093,359.0
SUI,20240522,europe,stress,0.002707473700866103,-0.013759990222752094,-0.011052517220377922,34.0
SUI,20240522,us,calm,0.0030267287511378527,-0.0057764435186982155,-0.0027497150003910065,47.0
SUI,20240522,us,mid,0.02247191034257412,-0.04998885467648506,-0.027516938745975494,365.0
SUI,20240531,asia,calm,0.00553149776533246,-0.024111175909638405,-0.01857968047261238,82.0
SUI,20240531,asia,mid,0.0007450213888660073,-0.001239434932358563,-0.0004944136599078774,14.0
SUI,20240531,europe,calm,0.0058876764960587025,-0.012339996173977852,-0.006452319677919149,69.0
SUI,20240531,europe,mid,0.009785721078515053,-0.017241831868886948,-0.007456110790371895,129.0
SUI,20240531,us,calm,0.005714232102036476,-0.008781572803854942,-0.003067340701818466,83.0
SUI,20240531,us,mid,0.005731239449232817,-0.005648360587656498,8.287962555186823e-05,67.0
SUI,20240609,asia,calm,0.0019620307721197605,-0.007399381138384342,-0.005437350366264582,28.0
SUI,20240609,asia,mid,0.01877853274345398,-0.0538947731256485,-0.03511624038219452,324.0
SUI,20240609,europe,calm,0.0010373907862231135,-0.0023527543526142836,-0.0013153634499758482,20.0
SUI,20240609,europe,mid,0.025122910737991333,-0.04722259193658829,-0.022099677473306656,435.0
SUI,20240609,us,calm,0.004746514838188887,-0.017783664166927338,-0.013037151657044888,86.0
SUI,20240609,us,mid,0.006473391782492399,-0.018713798373937607,-0.012240407057106495,111.0
SUI,20240618,asia,calm,0.0002427038416499272,-8.466849976684898e-07,0.00024185713846236467,4.0
SUI,20240618,asia,mid,0.024165164679288864,-0.036757275462150574,-0.012592118233442307,336.0
SUI,20240618,asia,stress,0.33669787645339966,-0.6905503273010254,-0.3538525104522705,1929.0
SUI,20240618,europe,calm,0.0012279845541343093,-0.0064985258504748344,-0.005270540714263916,19.0
SUI,20240618,europe,mid,0.02209232747554779,-0.03815152496099472,-0.01605919562280178,294.0
SUI,20240618,europe,stress,0.06013910099864006,-0.11659777909517288,-0.05645868182182312,788.0
SUI,20240618,us,calm,0.0002499455586075783,-6.272189784795046e-05,0.00018722377717494965,4.0
SUI,20240618,us,mid,0.037755534052848816,-0.06857752054929733,-0.030821986496448517,514.0
SUI,20240618,us,stress,0.0004484276578295976,-0.0003827258478850126,6.570178084075451e-05,5.0
SUI,20240624,asia,calm,0.00011357183393556625,0.0010220110416412354,0.0011355829192325473,2.0
SUI,20240624,asia,mid,0.02796695940196514,-0.08288142830133438,-0.05491447448730469,408.0
SUI,20240624,asia,stress,0.0018541946774348617,-0.006947189103811979,-0.0050929938443005085,27.0
SUI,20240624,europe,mid,0.036401811987161636,-0.17527413368225098,-0.13887232542037964,485.0
SUI,20240624,europe,stress,0.03947969153523445,-0.1429024487733841,-0.10342275351285934,380.0
SUI,20240624,us,calm,0.0002791959559544921,-0.0007256224052980542,-0.00044642650755122304,4.0
SUI,20240624,us,mid,0.03607894480228424,-0.0906539112329483,-0.05457497015595436,507.0
SUI,20240624,us,stress,0.02465050294995308,-0.061968520283699036,-0.03731801360845566,304.0
SUI,20240703,asia,calm,0.00012132977280998603,-6.066488640499301e-05,6.066488640499301e-05,1.0
SUI,20240703,asia,mid,0.02775459736585617,-0.07428480684757233,-0.04653020203113556,322.0
SUI,20240703,europe,calm,0.00136625487357378,-0.0009554271819069982,0.00041082745883613825,19.0
SUI,20240703,europe,mid,0.02922704443335533,-0.06015109270811081,-0.03092404454946518,357.0
SUI,20240703,us,calm,0.0003204926033504307,-0.0012175687588751316,-0.00089707609731704,5.0
SUI,20240703,us,mid,0.019463036209344864,-0.056372351944446564,-0.0369093157351017,230.0
SUI,20240712,asia,calm,0.000657333352137357,-0.0017071579350158572,-0.0010498245246708393,10.0
SUI,20240712,asia,mid,0.024927174672484398,-0.03863626718521118,-0.01370909158140421,303.0
SUI,20240712,europe,mid,0.02670731395483017,-0.04965132847428322,-0.02294401451945305,314.0
SUI,20240712,europe,stress,0.006512485444545746,-0.006948763504624367,-0.00043627858394756913,71.0
SUI,20240712,us,calm,0.0014165779575705528,-0.003245183965191245,-0.001828606124036014,19.0
SUI,20240712,us,mid,0.010867482051253319,-0.007052835542708635,0.0038146465085446835,140.0
SUI,20240721,asia,calm,0.006460707634687424,-0.019213272258639336,-0.012752565555274487,102.0
SUI,20240721,asia,mid,0.0009583311039023101,-0.0037089844699949026,-0.0027506535407155752,14.0
SUI,20240721,europe,calm,0.0056460825726389885,-0.014053844846785069,-0.008407758548855782,87.0
SUI,20240721,europe,mid,5.9364796470617875e-05,-0.00035618877154774964,-0.00029682397143915296,1.0
SUI,20240721,us,calm,0.0021209304686635733,-0.004716901574283838,-0.002595970407128334,32.0
SUI,20240721,us,mid,0.021181566640734673,-0.06217382103204727,-0.04099225625395775,295.0
SUI,20240721,us,stress,0.011086049489676952,-0.049455784261226654,-0.03836973384022713,164.0
SUI,20240727,asia,calm,0.004406801890581846,-0.009704284369945526,-0.00529748247936368,68.0
SUI,20240727,asia,mid,0.0005731652490794659,-0.00197276147082448,-0.0013995962217450142,8.0
SUI,20240727,europe,calm,0.004336549900472164,-0.005988644901663065,-0.0016520947683602571,67.0
SUI,20240727,europe,mid,0.004331847652792931,-0.008703540079295635,-0.004371692426502705,59.0
SUI,20240727,us,calm,0.0021457779221236706,-0.009085952304303646,-0.006940173916518688,33.0
SUI,20240727,us,mid,0.012376537546515465,-0.03006911650300026,-0.017692578956484795,175.0
SUI,20240727,us,stress,0.009913528338074684,-0.005894355941563845,0.004019173793494701,136.0
SUI,20240805,asia,stress,0.7672991752624512,-0.7931651473045349,-0.025865890085697174,4032.0
SUI,20240805,europe,stress,0.29488107562065125,-0.6537749767303467,-0.3588939607143402,2294.0
SUI,20240805,us,mid,0.005980287212878466,-0.01974818855524063,-0.013767899014055729,60.0
SUI,20240805,us,stress,0.05503714829683304,-0.12901118397712708,-0.07397403568029404,516.0
SUI,20240814,asia,mid,0.07809630781412125,-0.23623627424240112,-0.15814000368118286,1365.0
SUI,20240814,europe,mid,0.10550744831562042,-0.21475577354431152,-0.1092483401298523,1694.0
SUI,20240814,europe,stress,0.06258031725883484,-0.1800168752670288,-0.11743655800819397,1027.0
SUI,20240814,us,calm,0.009014712646603584,-0.01579412817955017,-0.006779416464269161,152.0
SUI,20240814,us,mid,0.06337685137987137,-0.17846719920635223,-0.11509032547473907,1051.0
SUI,20240814,us,stress,0.005945601966232061,-0.0005858398508280516,0.005359763279557228,105.0
SUI,20240820,asia,calm,0.0006623679655604064,0.0018793541239574552,0.0025417222641408443,12.0
SUI,20240820,asia,mid,0.06785345822572708,-0.171277716755867,-0.10342425853013992,1202.0
SUI,20240820,asia,stress,0.03530106693506241,-0.09890861809253693,-0.06360753625631332,597.0
SUI,20240820,europe,mid,0.06672655045986176,-0.15649530291557312,-0.08976875990629196,1106.0
SUI,20240820,europe,stress,0.004906185436993837,-0.01676170527935028,-0.011855521239340305,84.0
SUI,20240820,us,calm,0.007597357966005802,-0.03268689662218094,-0.02508953958749771,123.0
SUI,20240820,us,mid,0.021231144666671753,-0.04497499018907547,-0.023743843659758568,356.0
SUI,20240829,asia,calm,0.0003047189093194902,-0.0007910353597253561,-0.0004863164504058659,5.0
SUI,20240829,asia,mid,0.02782129868865013,-0.06855912506580353,-0.0407378226518631,431.0
SUI,20240829,europe,calm,0.0012101279571652412,-0.005385504104197025,-0.004175376147031784,18.0
SUI,20240829,europe,mid,0.0450618714094162,-0.15136565268039703,-0.10630378127098083,729.0
SUI,20240829,us,calm,0.000869857263751328,-0.0019275295780971646,-0.0010576724307611585,12.0
SUI,20240829,us,mid,0.03334293141961098,-0.05651266872882843,-0.02316974103450775,519.0
SUI,20240829,us,stress,0.013374170288443565,-0.022178854793310165,-0.0088046845048666,192.0
SUI,20240907,asia,mid,0.04126376286149025,-0.09316462278366089,-0.05190086364746094,655.0
SUI,20240907,asia,stress,0.018379133194684982,-0.01801178604364395,0.0003673476167023182,294.0
SUI,20240907,europe,calm,0.0005173924146220088,-0.0014362252550199628,-0.000918832840397954,8.0
SUI,20240907,europe,mid,0.03835879638791084,-0.08613908290863037,-0.04778028279542923,629.0
SUI,20240907,europe,stress,0.003966701216995716,-0.024731934070587158,-0.020765235647559166,65.0
SUI,20240907,us,calm,0.0015345371793955564,-0.0043061720207333565,-0.0027716350741684437,23.0
SUI,20240907,us,mid,0.05475722253322601,-0.11554546654224396,-0.06078825145959854,842.0
SUI,20240907,us,stress,0.020761243999004364,-0.02708555944263935,-0.006324315443634987,316.0
SUI,20240916,asia,mid,0.060231421142816544,-0.10222209990024567,-0.04199068248271942,1137.0
SUI,20240916,asia,stress,0.015308481641113758,-0.02835606038570404,-0.013047577813267708,294.0
SUI,20240916,europe,mid,0.06970776617527008,-0.12874840199947357,-0.059040650725364685,1367.0
SUI,20240916,europe,stress,0.028362419456243515,-0.09120161831378937,-0.06283918768167496,517.0
SUI,20240916,us,calm,0.0008187538478523493,-0.0038943560793995857,-0.0030756022315472364,16.0
SUI,20240916,us,mid,0.036827608942985535,-0.07108451426029205,-0.03425690159201622,676.0
SUI,20240916,us,stress,0.022917071357369423,-0.045756950974464417,-0.022839879617094994,427.0
SUI,20240922,asia,calm,0.0033470180351287127,-0.006226418074220419,-0.0028794005047529936,89.0
SUI,20240922,asia,mid,0.04278705641627312,-0.12311682850122452,-0.0803297758102417,1098.0
SUI,20240922,asia,stress,0.0024891362991183996,-0.016249386593699455,-0.013760249130427837,65.0
SUI,20240922,europe,calm,0.0009272840688936412,-0.004710832145065069,-0.0037835477851331234,26.0
SUI,20240922,europe,mid,0.039756134152412415,-0.12027744203805923,-0.08052131533622742,994.0
SUI,20240922,europe,stress,0.09303633868694305,-0.25228625535964966,-0.159249946475029,2230.0
SUI,20240922,us,mid,0.04569543898105621,-0.10675375908613205,-0.06105831637978554,1169.0
SUI,20240922,us,stress,0.15925785899162292,-0.24018032848834991,-0.0809224396944046,3671.0
SUI,20241001,asia,mid,0.0764053463935852,-0.34998250007629395,-0.27357715368270874,2148.0
SUI,20241001,asia,stress,0.03617972508072853,-0.0674571692943573,-0.03127744421362877,894.0
SUI,20241001,europe,calm,2.7004401999874972e-05,0.00048607922508381307,0.0005130836507305503,1.0
SUI,20241001,europe,mid,0.056091681122779846,-0.11698492616415024,-0.06089324131608009,1634.0
SUI,20241001,europe,stress,0.17281189560890198,-0.3829398453235626,-0.21012794971466064,4299.0
SUI,20241001,us,mid,0.04491894319653511,-0.20048518478870392,-0.1555662453174591,1117.0
SUI,20241001,us,stress,0.22378146648406982,-0.8560184836387634,-0.6322370767593384,5393.0
SUI,20241010,asia,calm,0.007104330696165562,-0.03494247421622276,-0.027838140726089478,228.0
SUI,20241010,asia,mid,0.03198235481977463,-0.11102806776762009,-0.07904570549726486,1000.0
SUI,20241010,europe,calm,0.00016202067490667105,0.0002698610187508166,0.0004318817227613181,5.0
SUI,20241010,europe,mid,0.07782266288995743,-0.2009061723947525,-0.12308351695537567,2310.0
SUI,20241010,europe,stress,0.0478154756128788,-0.11135370284318924,-0.06353823840618134,1409.0
SUI,20241010,us,calm,0.002905148547142744,-0.0012784621212631464,0.0016266866587102413,80.0
SUI,20241010,us,mid,0.06543397158384323,-0.25336337089538574,-0.18792939186096191,1894.0
SUI,20241010,us,stress,0.011961397714912891,-0.02726888097822666,-0.01530748326331377,354.0
SUI,20241019,asia,calm,0.01390061154961586,-0.040463484823703766,-0.026562869548797607,545.0
SUI,20241019,asia,mid,0.01340734213590622,-0.02018001303076744,-0.006772678345441818,472.0
SUI,20241019,europe,calm,0.013672126457095146,-0.03334050253033638,-0.019668374210596085,501.0
SUI,20241019,europe,mid,0.005256311036646366,-0.011990023776888847,-0.006733715534210205,164.0
SUI,20241019,us,calm,0.012774813920259476,-0.060355473309755325,-0.04758066684007645,444.0
SUI,20241025,asia,calm,0.02115834690630436,-0.08561486005783081,-0.0644565224647522,769.0
SUI,20241025,asia,mid,0.00015455298125743866,-0.002628547139465809,-0.00247399415820837,6.0
SUI,20241025,asia,stress,2.577784653112758e-05,-0.0005671126418747008,-0.0005413347971625626,1.0
SUI,20241025,europe,calm,0.01636781170964241,-0.058008089661598206,-0.0416402742266655,600.0
SUI,20241025,europe,mid,0.010982127860188484,-0.042085155844688416,-0.031103024259209633,396.0
SUI,20241025,us,calm,0.007977921515703201,-0.04373005032539368,-0.035752132534980774,273.0
SUI,20241025,us,mid,0.04267997667193413,-0.08769583702087402,-0.045015849173069,1349.0
SUI,20241025,us,stress,0.10933105647563934,-0.35192757844924927,-0.2425965517759323,1981.0
SUI,20241103,asia,calm,0.009590314701199532,-0.031291648745536804,-0.021701332181692123,341.0
SUI,20241103,asia,mid,0.025570813566446304,-0.0925421416759491,-0.06697133183479309,890.0
SUI,20241103,asia,stress,0.016220100224018097,-0.06068326532840729,-0.04446317255496979,562.0
SUI,20241103,europe,calm,0.01365179568529129,-0.061138901859521866,-0.04748710244894028,475.0
SUI,20241103,europe,mid,0.0365632101893425,-0.14289362728595734,-0.10633040964603424,1212.0
SUI,20241103,europe,stress,0.023036710917949677,-0.05924311280250549,-0.036206405609846115,776.0
SUI,20241103,us,calm,0.0009312915499322116,-0.01073053851723671,-0.009799247607588768,33.0
SUI,20241103,us,mid,0.05721047893166542,-0.23795583844184875,-0.18074534833431244,1888.0
SUI,20241103,us,stress,0.018732406198978424,-0.06419973820447922,-0.045467328280210495,663.0
SUI,20241112,asia,mid,0.038113072514534,-0.2047901600599289,-0.1666770875453949,1790.0
SUI,20241112,asia,stress,0.08779195696115494,-0.5188475847244263,-0.43105563521385193,3338.0
SUI,20241112,europe,mid,0.01804070733487606,-0.13054466247558594,-0.11250394582748413,783.0
SUI,20241112,europe,stress,0.29004406929016113,-0.8280501365661621,-0.538006067276001,8854.0
SUI,20241112,us,mid,0.04569827392697334,-0.2002740353345871,-0.15457575023174286,1860.0
SUI,20241112,us,stress,0.08457545936107635,-0.26430895924568176,-0.1797335147857666,3226.0
SUI,20241121,asia,mid,0.04938723146915436,-0.17301549017429352,-0.12362825870513916,1621.0
SUI,20241121,asia,stress,0.014895940199494362,-0.031238054856657982,-0.01634211465716362,465.0
SUI,20241121,europe,mid,0.03002437949180603,-0.1373986303806305,-0.10737424343824387,1027.0
SUI,20241121,europe,stress,0.11716422438621521,-0.3491642475128174,-0.23200002312660217,3786.0
SUI,20241121,us,mid,0.045201972126960754,-0.1773969531059265,-0.13219499588012695,1570.0
SUI,20241121,us,stress,0.007619502954185009,-0.051571547985076904,-0.04395204782485962,269.0
SUI,20241127,asia,calm,2.8582044251379557e-05,-0.0007431331905536354,-0.00071455113356933,1.0
SUI,20241127,asia,mid,0.04789801687002182,-0.20434750616550446,-0.15644948184490204,1596.0
SUI,20241127,asia,stress,0.011105320416390896,-0.08429796993732452,-0.07319264858961105,368.0
SUI,20241127,europe,mid,0.05498772859573364,-0.18635287880897522,-0.13136515021324158,2020.0
SUI,20241127,europe,stress,0.004646438639611006,-0.038500454276800156,-0.03385401517152786,197.0
SUI,20241127,us,calm,0.006659803446382284,-0.023828204721212387,-0.017168400809168816,224.0
SUI,20241127,us,mid,0.040337011218070984,-0.09690103679895401,-0.05656401813030243,1355.0
SUI,20241206,asia,mid,0.04118400067090988,-0.23825372755527496,-0.19706973433494568,1477.0
SUI,20241206,asia,stress,0.057873617857694626,-0.15337634086608887,-0.09550271183252335,1524.0
SUI,20241206,europe,mid,0.05645506829023361,-0.20239226520061493,-0.14593720436096191,2282.0
SUI,20241206,europe,stress,0.04459667578339577,-0.16498306393623352,-0.12038639187812805,1593.0
SUI,20241206,us,calm,0.009443295188248158,-0.04477635771036148,-0.0353330597281456,389.0
SUI,20241206,us,mid,0.02944815903902054,-0.055652931332588196,-0.026204774156212807,1274.0
SUI,20241206,us,stress,0.0006465563783422112,-0.0036110952496528625,-0.0029645387548953295,32.0
SUI,20241215,asia,calm,0.008679710328578949,-0.021426230669021606,-0.012746518477797508,537.0
SUI,20241215,asia,mid,0.008257551118731499,-0.03014950081706047,-0.021891947835683823,466.0
SUI,20241215,europe,calm,0.011215653270483017,-0.03292325884103775,-0.021707605570554733,668.0
SUI,20241215,europe,mid,0.015879638493061066,-0.058699458837509155,-0.04281982034444809,864.0
SUI,20241215,us,calm,0.007096763700246811,-0.02436550334095955,-0.017268741503357887,385.0
SUI,20241215,us,mid,0.04559547081589699,-0.23276324570178986,-0.18716777861118317,2573.0
SUI,20241215,us,stress,0.003686036914587021,-0.02914409711956978,-0.025458062067627907,222.0
SUI,20241224,asia,calm,0.0008779758354648948,-0.0072942497208714485,-0.006416274234652519,65.0
SUI,20241224,asia,mid,0.03356467932462692,-0.2067556530237198,-0.17319098114967346,1871.0
SUI,20241224,asia,stress,0.01278199627995491,-0.04303501546382904,-0.030253015458583832,724.0
SUI,20241224,europe,mid,0.03939466178417206,-0.141801655292511,-0.10240697860717773,1992.0
SUI,20241224,europe,stress,0.003199647180736065,-0.0014360370114445686,0.001763609703630209,146.0
SUI,20241224,us,calm,0.004426166415214539,-0.02663436159491539,-0.022208191454410553,293.0
SUI,20241224,us,mid,0.03323721885681152,-0.215760737657547,-0.18252351880073547,1856.0
SUI,20241230,asia,calm,0.003482385538518429,-0.0029285242781043053,0.0005538605619221926,200.0
SUI,20241230,asia,mid,0.01236315630376339,-0.0681663379073143,-0.05580317974090576,587.0
SUI,20241230,europe,calm,0.0008525879238732159,-0.009076200425624847,-0.008223612792789936,37.0
SUI,20241230,europe,mid,0.032958727329969406,-0.1628984957933426,-0.12993976473808289,1551.0
SUI,20241230,europe,stress,0.00039873362402431667,0.002679201075807214,0.0030779344961047173,26.0
SUI,20241230,us,calm,0.000611796451266855,-0.006509961560368538,-0.005898165516555309,22.0
SUI,20241230,us,mid,0.04044213518500328,-0.1792222559452057,-0.1387801170349121,1850.0
SUI,20241230,us,stress,0.019528154283761978,-0.08678151667118073,-0.06725336611270905,902.0
SUI,20250108,asia,calm,0.0002700331388041377,-0.00021748995641246438,5.254322604741901e-05,8.0
SUI,20250108,asia,mid,0.03592517971992493,-0.19172576069831848,-0.15580058097839355,2049.0
SUI,20250108,asia,stress,0.0153039013966918,-0.031593844294548035,-0.01628994569182396,859.0
SUI,20250108,europe,calm,0.0010595679050311446,-0.005579052958637476,-0.0045194849371910095,58.0
SUI,20250108,europe,mid,0.0263938270509243,-0.11117560416460037,-0.08478178083896637,1465.0
SUI,20250108,europe,stress,0.0068496884778141975,-0.006350762210786343,0.0004989230073988438,324.0
SUI,20250108,us,mid,0.03412594646215439,-0.1866104006767273,-0.1524844467639923,1479.0
SUI,20250108,us,stress,0.052205272018909454,-0.32355812191963196,-0.2713528573513031,2371.0
SUI,20250117,asia,calm,0.003271090565249324,-0.0057488055899739265,-0.0024777145590633154,213.0
SUI,20250117,asia,mid,0.018136944621801376,-0.09917952120304108,-0.0810425728559494,1024.0
SUI,20250117,europe,mid,0.03417465463280678,-0.05144732445478439,-0.017272666096687317,1806.0
SUI,20250117,europe,stress,0.019419558346271515,-0.10996413230895996,-0.09054456651210785,1042.0
SUI,20250117,us,calm,0.0025148314889520407,-0.014334472827613354,-0.011819640174508095,108.0
SUI,20250117,us,mid,0.036866623908281326,-0.16060803830623627,-0.12374140322208405,2126.0
SUI,20250126,asia,calm,0.007435459177941084,-0.027577020227909088,-0.02014155685901642,434.0
SUI,20250126,asia,mid,0.0002902771229855716,-0.002533865859732032,-0.002243588911369443,21.0
SUI,20250126,europe,calm,0.008132792077958584,-0.034235723316669464,-0.026102928444743156,501.0
SUI,20250126,europe,mid,0.0013252126518636942,-0.011353378184139729,-0.010028164833784103,80.0
SUI,20250126,us,calm,0.007892971858382225,-0.022657174617052078,-0.014764200896024704,439.0
SUI,20250126,us,mid,0.01726492866873741,-0.07070842385292053,-0.053443506360054016,761.0
SUI,20250126,us,stress,0.010943315923213959,-0.00020409561693668365,0.010739222168922424,403.0
SUI,20250201,asia,calm,0.004219375550746918,-0.01839081384241581,-0.01417144201695919,231.0
SUI,20250201,asia,mid,0.0059015885926783085,-0.043799590319395065,-0.03789800405502319,302.0
SUI,20250201,asia,stress,0.0004803269694093615,-0.005099776200950146,-0.0046194493770599365,20.0
SUI,20250201,europe,calm,0.0062368945218622684,-0.02651691995561123,-0.020280025899410248,355.0
SUI,20250201,europe,mid,0.011743301525712013,-0.054690614342689514,-0.04294731467962265,599.0
SUI,20250201,us,calm,0.0014320017071440816,-0.006783174350857735,-0.0053511718288064,86.0
SUI,20250201,us,mid,0.026575740426778793,-0.10239425301551819,-0.0758185014128685,1398.0
SUI,20250210,asia,mid,0.014278772287070751,-0.06640861183404922,-0.0521298423409462,649.0
SUI,20250210,asia,stress,0.05294191464781761,-0.21243616938591003,-0.15949426591396332,2298.0
SUI,20250210,europe,mid,0.022731982171535492,-0.06175599992275238,-0.03902401775121689,1052.0
SUI,20250210,europe,stress,0.055538877844810486,-0.2827824354171753,-0.2272435426712036,2421.0
SUI,20250210,us,calm,0.0007336684502661228,-0.0028952965512871742,-0.0021616285666823387,12.0
SUI,20250210,us,mid,0.028282038867473602,-0.14139342308044434,-0.11311139166355133,1226.0
SUI,20250210,us,stress,0.007312801666557789,-0.0165141299366951,-0.009201329201459885,367.0
SUI,20250219,asia,calm,0.0008645268389955163,0.00116885791067034,0.0020333847496658564,43.0
SUI,20250219,asia,mid,0.022062912583351135,-0.09678517282009125,-0.07472226768732071,1076.0
SUI,20250219,europe,mid,0.03299523890018463,-0.13120943307876587,-0.09821420907974243,1547.0
SUI,20250219,europe,stress,0.010323542170226574,-0.0355541855096817,-0.025230642408132553,447.0
SUI,20250219,us,calm,0.002086395863443613,-0.016125623136758804,-0.01403922587633133,92.0
SUI,20250219,us,mid,0.03178569674491882,-0.15211248397827148,-0.12032677233219147,1620.0
SUI,20250228,asia,mid,0.02169996127486229,-0.013119671493768692,0.008580289781093597,970.0
SUI,20250228,asia,stress,0.0817863941192627,-0.2879049479961395,-0.2061185985803604,3354.0
SUI,20250228,europe,mid,0.022600792348384857,-0.0804382786154747,-0.057837482541799545,1040.0
SUI,20250228,europe,stress,0.04874702915549278,-0.17314080893993378,-0.1243937611579895,2017.0
SUI,20250228,us,calm,0.0012571734841912985,-0.006932725664228201,-0.005675552412867546,62.0
SUI,20250228,us,mid,0.031623125076293945,-0.09365667402744293,-0.06203354895114899,1581.0
SUI,20250306,asia,mid,0.04862417280673981,-0.23281626403331757,-0.18419209122657776,2303.0
SUI,20250306,asia,stress,0.008478572592139244,-0.001477763056755066,0.007000811398029327,388.0
SUI,20250306,europe,calm,0.0004997133510187268,-0.003463093191385269,-0.0029633797239512205,26.0
SUI,20250306,europe,mid,0.033135440200567245,-0.13896548748016357,-0.10583005100488663,1510.0
SUI,20250306,europe,stress,0.21029570698738098,-0.9252399206161499,-0.7149441242218018,5012.0
SUI,20250306,us,mid,0.02904275804758072,-0.10269179940223694,-0.07364904135465622,1203.0
SUI,20250306,us,stress,0.0909559577703476,-0.1948803961277008,-0.1039244532585144,3333.0
SUI,20250315,asia,calm,0.01088543701916933,-0.02256423607468605,-0.011678800918161869,472.0
SUI,20250315,asia,mid,0.01358018908649683,-0.05706211179494858,-0.04348192363977432,581.0
SUI,20250315,europe,calm,0.016303028911352158,-0.04380691051483154,-0.027503881603479385,706.0
SUI,20250315,europe,mid,0.00917467288672924,-0.03340078890323639,-0.024226119741797447,384.0
SUI,20250315,us,calm,0.013615511357784271,-0.03987753391265869,-0.02626202441751957,571.0
SUI,20250315,us,mid,0.0014599495334550738,0.008627881295979023,0.010087830945849419,63.0
SUI,20250324,asia,calm,0.013215895742177963,-0.011896421201527119,0.0013194768689572811,522.0
SUI,20250324,asia,mid,0.01273020077496767,-0.06008141487836838,-0.04735121130943298,529.0
SUI,20250324,europe,calm,0.012248169630765915,-0.036071404814720154,-0.023823242634534836,508.0
SUI,20250324,europe,mid,0.016790170222520828,-0.05705621466040611,-0.04026605188846588,736.0
SUI,20250324,us,calm,0.0158655047416687,-0.05753881856799126,-0.041673313826322556,650.0
SUI,20250324,us,mid,0.004257052205502987,-0.017366748303174973,-0.013109695166349411,186.0
SUI,20250330,asia,mid,0.03610265254974365,-0.12249940633773804,-0.08639676868915558,1425.0
SUI,20250330,asia,stress,0.006361203268170357,-0.00766804488375783,-0.0013068439438939095,238.0
SUI,20250330,europe,calm,0.0003738693776540458,-0.0002698036259971559,0.00010406557703390718,17.0
SUI,20250330,europe,mid,0.03671351447701454,-0.12771107256412506,-0.09099756181240082,1432.0
SUI,20250330,us,calm,0.0035717925056815147,-0.015497047454118729,-0.011925255879759789,132.0
SUI,20250330,us,mid,0.03154595196247101,-0.134783074259758,-0.10323712229728699,1249.0
SUI,20250408,asia,calm,2.478007627360057e-05,0.00014868045400362462,0.0001734605320962146,1.0
SUI,20250408,asia,mid,0.03443320840597153,-0.0846097469329834,-0.050176531076431274,1116.0
SUI,20250408,asia,stress,0.003906669095158577,-0.007423687726259232,-0.003517019096761942,136.0
SUI,20250408,europe,mid,0.033650144934654236,-0.06695109605789185,-0.03330095112323761,1133.0
SUI,20250408,europe,stress,0.04296538233757019,-0.03650927543640137,0.006456105038523674,1346.0
SUI,20250408,us,calm,0.001421712338924408,-0.0070372032932937145,-0.0056154909543693066,25.0
SUI,20250408,us,mid,0.024239158257842064,-0.0579221285879612,-0.033682964742183685,750.0
SUI,20250408,us,stress,0.057430610060691833,-0.0969289094209671,-0.039498306810855865,1777.0
SUI,20250417,asia,calm,0.009924890473484993,-0.03532511368393898,-0.02540021948516369,365.0
SUI,20250417,asia,mid,0.00904997531324625,-0.03472777083516121,-0.025677796453237534,327.0
SUI,20250417,europe,calm,0.011694619432091713,-0.044861018657684326,-0.03316640108823776,426.0
SUI,20250417,europe,mid,0.017909960821270943,-0.044354431331157684,-0.02644447050988674,620.0
SUI,20250417,us,calm,0.005126417614519596,-0.024632301181554794,-0.019505884498357773,195.0
SUI,20250417,us,mid,0.02079191245138645,-0.07312200963497162,-0.052330099046230316,741.0
SUI,20250417,us,stress,0.003453373908996582,-0.01929858699440956,-0.01584521122276783,128.0
SUI,20250426,asia,mid,0.03229185938835144,-0.2600401043891907,-0.22774821519851685,1912.0
SUI,20250426,asia,stress,0.0072631086222827435,-0.059816837310791016,-0.052553728222846985,450.0
SUI,20250426,europe,mid,0.05101589858531952,-0.24858154356479645,-0.19756565988063812,2912.0
SUI,20250426,europe,stress,0.01028170995414257,-0.01921255514025688,-0.008930847980082035,609.0
SUI,20250426,us,calm,0.0015670870197936893,-0.015491185709834099,-0.013924100436270237,97.0
SUI,20250426,us,mid,0.018423067405819893,-0.13069763779640198,-0.11227456480264664,1135.0
SUI,20250502,asia,calm,0.005713028833270073,-0.01575683429837227,-0.01004380639642477,314.0
SUI,20250502,asia,mid,0.024189559742808342,-0.0894932970404625,-0.0653037428855896,1368.0
SUI,20250502,asia,stress,0.0003231256559956819,-0.0009757065563462675,-0.0006525812204927206,19.0
SUI,20250502,europe,calm,0.006566843017935753,-0.02293001115322113,-0.016363168135285378,382.0
SUI,20250502,europe,mid,0.031133536249399185,-0.1257922351360321,-0.09465868771076202,1656.0
SUI,20250502,us,calm,0.01430957019329071,-0.04288361594080925,-0.02857404574751854,795.0
SUI,20250502,us,mid,0.008192652836441994,-0.008115513250231743,7.714424282312393e-05,422.0
SUI,20250511,asia,calm,0.00031102425418794155,-0.0012296182103455067,-0.0009185938397422433,14.0
SUI,20250511,asia,mid,0.02363142929971218,-0.06922604888677597,-0.04559462517499924,1404.0
SUI,20250511,asia,stress,0.08110164105892181,-0.2844809889793396,-0.2033793330192566,3802.0
SUI,20250511,europe,calm,0.0008303549839183688,-0.0013569737784564495,-0.000526618561707437,54.0
SUI,20250511,europe,mid,0.023479435592889786,-0.030311185866594315,-0.006831749342381954,1485.0
SUI,20250511,europe,stress,0.003613152541220188,-0.010154848918318748,-0.006541696842759848,206.0
SUI,20250511,us,calm,0.004158926196396351,-0.03273218125104904,-0.028573257848620415,239.0
SUI,20250511,us,mid,0.021330511197447777,-0.09935349971055984,-0.07802298665046692,1310.0
SUI,20250520,asia,calm,0.004483575467020273,-0.03024500235915184,-0.025761425495147705,301.0
SUI,20250520,asia,mid,0.024675212800502777,-0.05432470887899399,-0.029649488627910614,1592.0
SUI,20250520,asia,stress,0.0049970680847764015,-0.03834931552410126,-0.03335224837064743,283.0
SUI,20250520,europe,calm,0.007282266393303871,-0.04244595766067505,-0.03516369313001633,501.0
SUI,20250520,europe,mid,0.01583406887948513,-0.06397177278995514,-0.04813769832253456,1000.0
SUI,20250520,europe,stress,0.002825402421876788,-0.010282937437295914,-0.007457535248249769,186.0
SUI,20250520,us,calm,0.009140251204371452,-0.030892660841345787,-0.021752409636974335,625.0
SUI,20250520,us,mid,0.018322208896279335,-0.0941474586725235,-0.07582525163888931,1149.0
SUI,20250601,asia,calm,0.010208800435066223,-0.0597999133169651,-0.04959111288189888,584.0
SUI,20250601,asia,mid,0.001559535157866776,-0.009962550364434719,-0.00840301439166069,77.0
SUI,20250601,europe,calm,0.00782758742570877,-0.035447750240564346,-0.027620162814855576,453.0
SUI,20250601,europe,mid,0.012566456571221352,-0.04936396703124046,-0.03679750859737396,685.0
SUI,20250601,us,calm,0.008085840381681919,-0.05541662871837616,-0.04733078554272652,486.0
SUI,20250601,us,mid,0.00804944522678852,-0.03194379061460495,-0.02389434166252613,468.0
SUI,20250607,asia,calm,0.01054592989385128,-0.05039356276392937,-0.039847634732723236,633.0
SUI,20250607,asia,mid,0.0057276831939816475,-0.015528261661529541,-0.009800578467547894,349.0
SUI,20250607,asia,stress,0.00032917907810769975,-0.0003933844855055213,-6.420542194973677e-05,15.0
SUI,20250607,europe,calm,0.00979852955788374,-0.049212198704481125,-0.03941366821527481,578.0
SUI,20250607,europe,mid,0.00039458100218325853,-0.00260955560952425,-0.0022149744909256697,25.0
SUI,20250607,us,calm,0.00733821839094162,-0.04544686898589134,-0.03810865432024002,437.0
SUI,20250616,asia,calm,0.01356479525566101,-0.06362258642911911,-0.0500577911734581,768.0
SUI,20250616,asia,mid,0.015118192881345749,-0.0762941986322403,-0.06117599830031395,852.0
SUI,20250616,europe,calm,0.014702478423714638,-0.07188171148300171,-0.057179227471351624,869.0
SUI,20250616,europe,mid,0.013676602393388748,-0.057347364723682404,-0.04367075860500336,787.0
SUI,20250616,us,calm,0.016501624137163162,-0.06274774670600891,-0.04624611884355545,920.0
SUI,20250616,us,mid,0.013784482143819332,-0.07682907581329346,-0.06304459273815155,700.0
SUI,20250616,us,stress,0.006377041339874268,-0.02506546676158905,-0.018688427284359932,345.0
SUI,20250625,asia,calm,0.012398920953273773,-0.07931914925575256,-0.0669202208518982,649.0
SUI,20250625,asia,mid,0.004511108621954918,-0.012211054563522339,-0.007699945475906134,238.0
SUI,20250625,europe,calm,0.00784264411777258,-0.0459739975631237,-0.03813135251402855,405.0
SUI,20250625,europe,mid,0.024640589952468872,-0.10852048546075821,-0.08387990295886993,1258.0
SUI,20250625,europe,stress,0.0062341224402189255,-0.0460662916302681,-0.03983216732740402,315.0
SUI,20250625,us,calm,0.007576703559607267,-0.04216223210096359,-0.034585531800985336,363.0
SUI,20250625,us,mid,0.019688690081238747,-0.12037502229213715,-0.10068632662296295,966.0
SUI,20250704,asia,calm,0.01289551891386509,-0.03929571807384491,-0.02640020102262497,725.0
SUI,20250704,asia,mid,0.0033695907332003117,-0.02100352942943573,-0.017633939161896706,156.0
SUI,20250704,europe,calm,0.009099530056118965,-0.04962119832634926,-0.04052167013287544,506.0
SUI,20250704,europe,mid,0.013949038460850716,-0.051409296691417694,-0.03746025264263153,696.0
SUI,20250704,us,calm,0.01123480498790741,-0.03069784678518772,-0.019463039934635162,565.0
SUI,20250704,us,mid,0.005478141829371452,-0.015964757651090622,-0.010486616753041744,263.0
SUI,20250704,us,stress,0.0034245054703205824,0.001186656067147851,0.004611161537468433,183.0
SUI,20250710,asia,calm,0.013008775189518929,-0.06608022749423981,-0.053071457892656326,751.0
SUI,20250710,asia,mid,0.010613415390253067,-0.05817146599292755,-0.04755805805325508,618.0
SUI,20250710,europe,calm,0.013850928284227848,-0.07670816779136658,-0.0628572404384613,829.0
SUI,20250710,europe,mid,0.012002981267869473,-0.013635335490107536,-0.0016323523595929146,704.0
SUI,20250710,us,calm,0.010885399766266346,-0.07052534818649292,-0.059639956802129745,637.0
SUI,20250710,us,mid,0.04112822562456131,-0.11828474700450897,-0.07715652883052826,2024.0
SUI,20250710,us,stress,0.014313863590359688,-0.020853327587246895,-0.006539463065564632,627.0
SUI,20250719,asia,calm,0.01428414136171341,-0.06849274039268494,-0.05420859158039093,960.0
SUI,20250719,asia,mid,0.007035210728645325,-0.015933632850646973,-0.008898422122001648,461.0
SUI,20250719,europe,calm,0.00831790640950203,-0.032376717776060104,-0.024058809503912926,478.0
SUI,20250719,europe,mid,0.011753281578421593,-0.08557721972465515,-0.073823943734169,763.0
SUI,20250719,us,calm,0.01077788695693016,-0.06718026101589203,-0.05640237778425217,731.0
SUI,20250719,us,mid,0.0043746475130319595,-0.035819508135318756,-0.031444862484931946,284.0
SUI,20250727,asia,calm,0.012595418840646744,-0.09320421516895294,-0.0806087926030159,927.0
SUI,20250727,asia,mid,0.003957951441407204,-0.02164113149046898,-0.017683180049061775,283.0
SUI,20250727,europe,calm,0.005660839378833771,-0.04099602997303009,-0.03533519059419632,399.0
SUI,20250727,europe,mid,0.035614077001810074,-0.19462817907333374,-0.15901412069797516,2539.0
SUI,20250727,europe,stress,0.021321408450603485,-0.1742507517337799,-0.15292933583259583,1477.0
SUI,20250727,us,calm,0.006308606825768948,-0.043095897883176804,-0.03678729385137558,449.0
SUI,20250727,us,mid,0.023548148572444916,-0.12698915600776672,-0.10344100743532181,1730.0
SUI,20250730,asia,calm,0.013503040187060833,-0.09393593668937683,-0.08043290674686432,932.0
SUI,20250730,asia,mid,0.0025790345389395952,-0.033041082322597504,-0.030462050810456276,183.0
SUI,20250730,europe,calm,0.006468018516898155,-0.052721068263053894,-0.04625304788351059,425.0
SUI,20250730,europe,mid,0.026575665920972824,-0.08528225123882294,-0.05870659276843071,1678.0
SUI,20250730,europe,stress,0.001006337464787066,-0.011090747080743313,-0.010084410198032856,57.0
SUI,20250730,us,calm,0.007492844946682453,-0.054711997509002686,-0.04721914976835251,469.0
SUI,20250730,us,mid,0.013024485670030117,-0.042947422713041306,-0.029922932386398315,858.0
SUI,20250730,us,stress,0.01428645197302103,-0.10033154487609863,-0.08604508638381958,663.0
SUI,20250801,asia,calm,0.0012409307528287172,-0.008433245122432709,-0.007192312739789486,73.0
SUI,20250801,asia,mid,0.030973292887210846,-0.18708652257919312,-0.15611325204372406,1887.0
SUI,20250801,asia,stress,0.026759574189782143,-0.07129306346178055,-0.044533487409353256,1405.0
SUI,20250801,europe,calm,0.0022117197513580322,-0.01569323241710663,-0.013481514528393745,132.0
SUI,20250801,europe,mid,0.025279194116592407,-0.06097318232059479,-0.03569398447871208,1431.0
SUI,20250801,europe,stress,0.031495124101638794,-0.2007056325674057,-0.1692104935646057,1639.0
SUI,20250801,us,calm,0.0008450080640614033,-0.0157603956758976,-0.014915388077497482,48.0
SUI,20250801,us,mid,0.023703234270215034,-0.18451827764511108,-0.16081503033638,1314.0
SUI,20250801,us,stress,0.027502581477165222,-0.05297180265188217,-0.025469239801168442,1408.0
SUI,20250804,asia,calm,0.007957582361996174,-0.04033150151371956,-0.03237392008304596,506.0
SUI,20250804,asia,mid,0.0035478277131915092,-0.020122040063142776,-0.016574211418628693,207.0
SUI,20250804,europe,calm,0.009134425781667233,-0.02877401001751423,-0.01963958330452442,525.0
SUI,20250804,europe,mid,0.013774706050753593,-0.03443540632724762,-0.020660700276494026,787.0
SUI,20250804,europe,stress,0.004287303425371647,-0.020308179780840874,-0.016020873561501503,233.0
SUI,20250804,us,calm,0.00969097763299942,-0.06750335544347763,-0.05781237781047821,617.0
SUI,20250804,us,mid,0.018657032400369644,-0.0882161408662796,-0.06955911964178085,1158.0
SUI,20250807,asia,calm,0.0067312815226614475,-0.0180780291557312,-0.011346747167408466,413.0
SUI,20250807,europe,calm,0.01036289893090725,-0.05518297478556633,-0.04482007771730423,652.0
SUI,20250807,europe,mid,0.022248484194278717,-0.032169997692108154,-0.009921515360474586,1394.0
SUI,20250807,europe,stress,0.004481515381485224,-0.021968644112348557,-0.01748712919652462,272.0
SUI,20250807,us,calm,0.01603095978498459,-0.14347046613693237,-0.1274394989013672,1024.0
SUI,20250807,us,mid,0.009523140266537666,-0.04076065123081207,-0.031237509101629257,539.0
SUI,20250807,us,stress,0.0003409741912037134,-0.0012219322379678488,-0.0008809579303488135,24.0
SUI,20250810,asia,calm,0.013119705021381378,-0.05449043586850166,-0.041370734572410583,879.0
SUI,20250810,asia,mid,0.008090742863714695,-0.0010066996328532696,0.007084045559167862,510.0
SUI,20250810,europe,calm,0.01130074355751276,-0.03648306429386139,-0.025182321667671204,759.0
SUI,20250810,europe,mid,0.0033257855102419853,-0.009362963028252125,-0.006037176586687565,212.0
SUI,20250810,us,calm,0.006881305482238531,-0.03984931483864784,-0.03296801075339317,438.0
SUI,20250810,us,mid,0.0015494514955207705,-0.008756733499467373,-0.007207282353192568,111.0
SUI,20250812,asia,calm,0.006481470074504614,-0.037466295063495636,-0.030984826385974884,437.0
SUI,20250812,asia,mid,0.00013674437650479376,-0.0014895036583766341,-0.0013527593109756708,10.0
SUI,20250812,europe,calm,0.007332575973123312,-0.04122452437877655,-0.0338919460773468,447.0
SUI,20250812,europe,mid,0.01818808913230896,-0.1161414086818695,-0.09795331954956055,1080.0
SUI,20250812,europe,stress,0.008074061013758183,-0.06520069390535355,-0.05712663382291794,494.0
SUI,20250812,us,calm,0.007828805595636368,-0.037228651344776154,-0.029399843886494637,537.0
SUI,20250812,us,mid,0.01326986588537693,-0.054376304149627686,-0.041106440126895905,848.0
SUI,20250815,asia,calm,0.008968610316514969,-0.0613211989402771,-0.05235258489847183,622.0
SUI,20250815,asia,mid,0.0010211230255663395,-0.0064802588894963264,-0.005459136329591274,72.0
SUI,20250815,europe,calm,0.005511871539056301,-0.03346751257777214,-0.027955640107393265,386.0
SUI,20250815,europe,mid,0.01766960695385933,-0.1467486023902893,-0.12907899916172028,1125.0
SUI,20250815,europe,stress,0.012167124077677727,-0.02030596323311329,-0.00813883263617754,787.0
SUI,20250815,us,calm,0.007640951778739691,-0.04501491039991379,-0.03737395256757736,504.0
SUI,20250815,us,mid,0.009007973596453667,-0.025680789723992348,-0.01667281985282898,603.0
SUI,20250815,us,stress,0.002797727007418871,-0.0017070015892386436,0.0010907240211963654,181.0
SUI,20250818,asia,calm,0.00935316737741232,-0.016135448589920998,-0.006782282143831253,606.0
SUI,20250818,asia,mid,0.017294861376285553,-0.05410129576921463,-0.03680641949176788,1086.0
SUI,20250818,europe,calm,0.01092526875436306,-0.0263045821338892,-0.015379316173493862,732.0
SUI,20250818,europe,mid,0.01011132262647152,-0.023638125509023666,-0.013526803813874722,625.0
SUI,20250818,us,calm,0.009974362328648567,-0.06414395570755005,-0.054169587790966034,644.0
SUI,20250818,us,mid,0.00404847227036953,-0.01944783702492714,-0.015399366617202759,260.0
XRP,20230724,asia,calm,0.02078077383339405,-0.07307104766368866,-0.05229027569293976,303.0
XRP,20230724,asia,mid,0.006123081780970097,0.009487871080636978,0.015610952861607075,89.0
XRP,20230724,asia,stress,0.0024759687948971987,-0.003507408779114485,-0.001031439402140677,35.0
XRP,20230724,europe,calm,0.020989101380109787,-0.08188433945178986,-0.06089523434638977,291.0
XRP,20230724,europe,mid,0.048457421362400055,-0.15835389494895935,-0.1098964661359787,610.0
XRP,20230724,europe,stress,0.054720405489206314,-0.2786436676979065,-0.22392326593399048,635.0
XRP,20230724,us,calm,0.01950308308005333,-0.08067622780799866,-0.06117313727736473,273.0
XRP,20230724,us,mid,0.011571923270821571,-0.0437297523021698,-0.03215783089399338,160.0
XRP,20230802,asia,calm,0.014756020158529282,-0.041325442492961884,-0.026569420471787453,206.0
XRP,20230802,asia,mid,7.075638859532773e-05,-0.00028302555438131094,-0.00021226915123406798,1.0
XRP,20230802,europe,calm,0.013019055128097534,-0.026993215084075928,-0.013974160887300968,180.0
XRP,20230802,europe,mid,0.006995495408773422,-0.034074071794748306,-0.027078572660684586,84.0
XRP,20230802,europe,stress,0.00306282052770257,0.006600395776331425,0.009663214907050133,39.0
XRP,20230802,us,calm,0.011311644688248634,-0.02430766262114048,-0.012996017001569271,154.0
XRP,20230802,us,mid,0.00795620959252119,0.005420397035777569,0.013376608490943909,85.0
XRP,20230802,us,stress,0.008230585604906082,-0.02005205675959587,-0.011821471154689789,111.0
XRP,20230808,asia,calm,0.013663426041603088,-0.03400715813040733,-0.020343732088804245,169.0
XRP,20230808,europe,calm,0.023081019520759583,-0.06997697800397873,-0.04689595848321915,288.0
XRP,20230808,us,calm,0.028418995440006256,-0.09427691996097565,-0.06585792452096939,363.0
XRP,20230808,us,mid,0.014071505516767502,-0.04125946760177612,-0.02718796208500862,179.0
XRP,20230817,asia,calm,0.012128066271543503,-0.03629610687494278,-0.024168040603399277,143.0
XRP,20230817,asia,mid,0.007382500451058149,-0.016626503318548203,-0.009244004264473915,80.0
XRP,20230817,asia,stress,0.0012672652956098318,-0.003886277787387371,-0.002619012724608183,15.0
XRP,20230817,europe,calm,0.015997247770428658,-0.030783560127019882,-0.014786312356591225,186.0
XRP,20230817,europe,mid,0.020391907542943954,-0.055919863283634186,-0.035527944564819336,225.0
XRP,20230817,europe,stress,0.016021817922592163,-0.061592742800712585,-0.04557092860341072,185.0
XRP,20230817,us,calm,0.00790403038263321,-0.04695336893200874,-0.039049338549375534,91.0
XRP,20230817,us,mid,0.015114489011466503,-0.027373500168323517,-0.012259013019502163,166.0
XRP,20230817,us,stress,0.7953623533248901,-1.3449214696884155,-0.5495589971542358,5471.0
XRP,20230826,asia,calm,0.006224360782653093,-0.017988156527280807,-0.011763795278966427,65.0
XRP,20230826,asia,mid,0.00019015024008695036,-0.0011410098522901535,-0.0009508596267551184,2.0
XRP,20230826,europe,calm,0.0055418252013623714,-0.01110933255404234,-0.005567507352679968,58.0
XRP,20230826,us,calm,0.005715512670576572,-0.012950378470122814,-0.007234868593513966,60.0
XRP,20230904,asia,calm,0.008958948776125908,-0.025976842269301414,-0.017017891630530357,91.0
XRP,20230904,europe,calm,0.011778108775615692,-0.03394867852330208,-0.022170569747686386,118.0
XRP,20230904,europe,mid,0.0021015622187405825,-0.008617724291980267,-0.006516161374747753,21.0
XRP,20230904,us,calm,0.010870013386011124,-0.029034381732344627,-0.018164366483688354,110.0
XRP,20230910,asia,calm,0.009125844575464725,-0.008251508697867393,0.000874335179105401,91.0
XRP,20230910,asia,mid,0.001404960174113512,-0.003210238181054592,-0.0018052782397717237,14.0
XRP,20230910,europe,calm,0.005938696209341288,-0.022374127060174942,-0.016435429453849792,59.0
XRP,20230910,europe,mid,0.0015181145863607526,-0.00059663993306458,0.0009214747115038335,15.0
XRP,20230910,us,calm,0.009757284075021744,-0.03063913807272911,-0.020881853997707367,97.0
XRP,20230919,asia,calm,0.008289333432912827,-0.014324620366096497,-0.00603528693318367,81.0
XRP,20230919,asia,mid,0.0028286101296544075,0.002144932048395276,0.00497354194521904,29.0
XRP,20230919,europe,calm,0.015039656311273575,-0.03361770138144493,-0.018578043207526207,153.0
XRP,20230919,us,calm,0.009953329339623451,-0.020279377698898315,-0.010326046496629715,102.0
XRP,20230928,asia,calm,0.008936397731304169,-0.019367903470993042,-0.010431506671011448,88.0
XRP,20230928,europe,calm,0.010661260224878788,-0.02348681166768074,-0.012825551442801952,107.0
XRP,20230928,europe,mid,0.0005006510182283819,-0.0012012817896902561,-0.0007006307132542133,5.0
XRP,20230928,us,calm,0.009365036152303219,-0.0204982440918684,-0.011133208870887756,95.0
XRP,20231007,asia,calm,0.002675819443538785,-0.005730105563998222,-0.0030542861204594374,28.0
XRP,20231007,europe,calm,0.002010973170399666,-0.005170382559299469,-0.003159409388899803,21.0
XRP,20231007,us,calm,0.00211193785071373,-0.004028454888612032,-0.001916517037898302,22.0
XRP,20231013,asia,calm,0.004143898840993643,-0.011805873364210129,-0.007661974523216486,40.0
XRP,20231013,europe,calm,0.0040518720634281635,-0.010798669420182705,-0.006746796891093254,39.0
XRP,20231013,europe,mid,0.0028983443044126034,-0.012931089848279953,-0.010032746009528637,27.0
XRP,20231013,us,calm,0.007624340243637562,-0.021717526018619537,-0.01409318670630455,73.0
XRP,20231013,us,mid,0.006546975113451481,-0.026778437197208405,-0.020231464877724648,54.0
XRP,20231022,asia,calm,0.010028982535004616,-0.027977079153060913,-0.017948100343346596,100.0
XRP,20231022,asia,mid,0.006808113772422075,-0.0049575879238545895,0.0018505256157368422,67.0
XRP,20231022,europe,calm,0.005417151376605034,-0.011419406160712242,-0.006002254784107208,56.0
XRP,20231022,europe,mid,0.00048373680328950286,-0.0021279777865856886,-0.0016442409250885248,5.0
XRP,20231022,us,calm,0.005475274287164211,-0.014037816785275936,-0.008562542498111725,57.0
XRP,20231031,asia,calm,0.013043418526649475,-0.04252263158559799,-0.029479216784238815,147.0
XRP,20231031,asia,mid,0.0025393252726644278,-0.004016256425529718,-0.0014769311528652906,29.0
XRP,20231031,europe,calm,0.002856713952496648,-0.008808627724647522,-0.005951914004981518,31.0
XRP,20231031,europe,mid,0.06577584147453308,-0.1271076798439026,-0.0613318607211113,737.0
XRP,20231031,europe,stress,0.07389913499355316,-0.28192272782325745,-0.20802360773086548,829.0
XRP,20231031,us,calm,0.011848931200802326,-0.02375565469264984,-0.011906723491847515,133.0
XRP,20231031,us,mid,0.007245808839797974,-0.02322573773562908,-0.015979932621121407,86.0
XRP,20231109,asia,calm,0.015492510050535202,-0.05207768455147743,-0.03658517450094223,208.0
XRP,20231109,asia,mid,0.03506439924240112,-0.10744524747133255,-0.07238085567951202,453.0
XRP,20231109,europe,calm,0.010534984990954399,-0.028756245970726013,-0.018221260979771614,142.0
XRP,20231109,europe,mid,0.06396132707595825,-0.16743870079517365,-0.1034773662686348,789.0
XRP,20231109,europe,stress,0.10262078046798706,-0.08403337001800537,0.018587421625852585,1049.0
XRP,20231109,us,calm,0.0015013940865173936,-0.004280470311641693,-0.002779075875878334,19.0
XRP,20231109,us,mid,0.06271564215421677,-0.1507197618484497,-0.08800409734249115,816.0
XRP,20231109,us,stress,0.41314882040023804,-1.1509578227996826,-0.7378090023994446,3512.0
XRP,20231115,asia,calm,0.010565107688307762,-0.02232324704527855,-0.011758138425648212,130.0
XRP,20231115,asia,mid,0.0009524450870230794,-0.0019041090272367,-0.0009516639402136207,12.0
XRP,20231115,europe,calm,0.018683776259422302,-0.03511611744761467,-0.016432341188192368,235.0
XRP,20231115,us,calm,0.019307630136609077,-0.04285161942243576,-0.023543987423181534,242.0
XRP,20231115,us,mid,0.022874776273965836,-0.042557962238788605,-0.01968318223953247,271.0
XRP,20231115,us,stress,0.0023543410934507847,-0.003608956001698971,-0.0012546151410788298,28.0
XRP,20231124,asia,calm,0.005222272127866745,-0.010689609684050083,-0.005467337556183338,64.0
XRP,20231124,asia,mid,0.007723792921751738,0.003717835061252117,0.011441628448665142,80.0
XRP,20231124,europe,calm,0.01858467608690262,-0.05134576931595802,-0.0327610969543457,223.0
XRP,20231124,europe,mid,0.000400339748011902,-0.0012812819331884384,-0.000880942156072706,5.0
XRP,20231124,us,calm,0.013713706284761429,-0.03705044090747833,-0.023336734622716904,167.0
XRP,20231203,asia,calm,0.00306393438950181,-0.0069342246279120445,-0.0038702909369021654,38.0
XRP,20231203,europe,calm,0.01337456051260233,-0.03324989974498749,-0.019875340163707733,165.0
XRP,20231203,europe,mid,0.005392581224441528,-0.005551236681640148,-0.00015865529712755233,68.0
XRP,20231203,us,calm,0.008343189023435116,-0.017402010038495064,-0.009058821946382523,103.0
XRP,20231212,asia,calm,0.013174798339605331,-0.02658306248486042,-0.01340826228260994,163.0
XRP,20231212,europe,calm,0.015761714428663254,-0.04422604292631149,-0.02846432849764824,194.0
XRP,20231212,europe,mid,0.005094088613986969,-0.019831089302897453,-0.014737001620233059,63.0
XRP,20231212,us,calm,0.017709631472826004,-0.04392693191766739,-0.026217304170131683,212.0
XRP,20231212,us,mid,0.0031226149294525385,-0.00394264655187726,-0.0008200313313864172,38.0
XRP,20231218,asia,calm,0.01609063893556595,-0.031997960060834885,-0.01590731553733349,190.0
XRP,20231218,asia,mid,0.002893101191148162,-0.006453774403780699,-0.0035606734454631805,35.0
XRP,20231218,europe,calm,0.012185095809400082,-0.013620169833302498,-0.0014350730925798416,145.0
XRP,20231218,europe,mid,0.019697610288858414,-0.06173476576805115,-0.042037155479192734,220.0
XRP,20231218,europe,stress,0.013885144144296646,-0.021120207384228706,-0.007235061377286911,157.0
XRP,20231218,us,calm,0.00924869067966938,-0.024740206077694893,-0.015491515398025513,112.0
XRP,20231227,asia,calm,0.009442102164030075,-0.024062490090727806,-0.014620386995375156,113.0
XRP,20231227,asia,mid,0.0016102987574413419,-0.002331131137907505,-0.0007208321476355195,19.0
XRP,20231227,europe,calm,0.01787867397069931,-0.05497168004512787,-0.03709300607442856,224.0
XRP,20231227,europe,mid,0.005176897626370192,-0.011162088252604008,-0.0059851910918951035,65.0
XRP,20231227,us,calm,0.013978371396660805,-0.028129328042268753,-0.014150954782962799,164.0
XRP,20231227,us,mid,0.005823556799441576,-0.018302790820598602,-0.012479234486818314,72.0
XRP,20240105,asia,calm,0.012203127145767212,-0.09397047013044357,-0.08176734298467636,138.0
XRP,20240105,asia,mid,0.018427949398756027,0.165974423289299,0.18440234661102295,139.0
XRP,20240105,asia,stress,0.05797042325139046,-0.239080548286438,-0.18111014366149902,445.0
XRP,20240105,europe,calm,0.01769445091485977,-0.032390251755714417,-0.014695800840854645,202.0
XRP,20240105,europe,mid,0.031040009111166,-0.030267227441072464,0.0007727812044322491,336.0
XRP,20240105,us,calm,0.015036695636808872,-0.04453365504741669,-0.029496964067220688,168.0
XRP,20240105,us,mid,0.011873489245772362,-0.02008182741701603,-0.008208336308598518,131.0
XRP,20240111,asia,calm,0.016334732994437218,-0.053463827818632126,-0.03712908923625946,191.0
XRP,20240111,asia,mid,0.027989517897367477,-0.05125955119729042,-0.023270033299922943,309.0
XRP,20240111,asia,stress,8.309098484460264e-05,0.0003323639393784106,0.000415454909671098,1.0
XRP,20240111,europe,calm,0.012003782205283642,-0.02238922007381916,-0.010385439731180668,145.0
XRP,20240111,europe,mid,0.08130425214767456,-0.18323153257369995,-0.10192728787660599,970.0
XRP,20240111,europe,stress,0.01728476770222187,-0.012632318772375584,0.004652446135878563,198.0
XRP,20240111,us,calm,0.020747434347867966,-0.05005304887890816,-0.02930561453104019,245.0
XRP,20240111,us,mid,0.008595491759479046,-0.014242921024560928,-0.0056474278680980206,102.0
XRP,20240111,us,stress,0.010635028593242168,-0.011769319884479046,-0.0011342918733134866,124.0
XRP,20240120,asia,calm,0.007990567944943905,-0.02109801396727562,-0.013107446022331715,87.0
XRP,20240120,europe,calm,0.011573833413422108,-0.022596942260861397,-0.011023110710084438,125.0
XRP,20240120,us,calm,0.009739267639815807,-0.01769740879535675,-0.007958142086863518,107.0
XRP,20240129,asia,calm,0.009896384552121162,-0.0256984680891037,-0.015802085399627686,102.0
XRP,20240129,europe,calm,0.016888629645109177,-0.03503437340259552,-0.018145743757486343,174.0
XRP,20240129,europe,mid,0.0007659350521862507,-0.0015318701043725014,-0.0007659350521862507,8.0
XRP,20240129,us,calm,0.019321739673614502,-0.04292482137680054,-0.023603083565831184,205.0
XRP,20240129,us,mid,0.004294051323086023,-0.0035660970024764538,0.0007279549026861787,44.0
XRP,20240207,asia,calm,0.00844517257064581,-0.020072635263204575,-0.011627459898591042,85.0
XRP,20240207,asia,mid,0.00249789422377944,-0.003097184468060732,-0.0005992901278659701,18.0
XRP,20240207,europe,calm,0.012144560925662518,-0.020711364224553108,-0.00856680329889059,122.0
XRP,20240207,europe,mid,0.0010940032079815865,-0.002984066028147936,-0.001890063052996993,11.0
XRP,20240207,us,calm,0.01567942090332508,-0.033302053809165955,-0.017622636631131172,151.0
XRP,20240207,us,mid,0.0005892753251828253,-0.0015712465392425656,-0.0009819712722674012,6.0
XRP,20240213,asia,calm,0.01244298368692398,-0.01960240863263607,-0.007159425411373377,132.0
XRP,20240213,europe,calm,0.01681140623986721,-0.032747991383075714,-0.015936585143208504,173.0
XRP,20240213,europe,mid,0.048703402280807495,-0.1616356372833252,-0.1129322275519371,472.0
XRP,20240213,us,calm,0.01745859533548355,-0.03862590342760086,-0.02116730995476246,180.0
XRP,20240213,us,mid,0.00038446750841103494,0.0075932336039841175,0.007977700792253017,1.0
XRP,20240213,us,stress,0.002678494667634368,0.0040229070000350475,0.006701401434838772,18.0
XRP,20240222,asia,calm,0.01800801418721676,-0.038205586373806,-0.02019757404923439,194.0
XRP,20240222,asia,mid,0.0015560382744297385,-0.003107083262875676,-0.0015510451048612595,17.0
XRP,20240222,europe,calm,0.02489025890827179,-0.050165534019470215,-0.025275275111198425,271.0
XRP,20240222,us,calm,0.015650661662220955,-0.046234771609306335,-0.03058411180973053,163.0
XRP,20240222,us,mid,0.0028373501263558865,-0.010947367176413536,-0.008110018447041512,31.0
XRP,20240302,asia,calm,0.013994530774652958,-0.03853734955191612,-0.02454281970858574,173.0
XRP,20240302,asia,mid,0.06969225406646729,-0.15103548765182495,-0.08134323358535767,854.0
XRP,20240302,asia,stress,0.006262991577386856,-0.009828109294176102,-0.0035651184152811766,79.0
XRP,20240302,europe,calm,0.0010135991033166647,-0.0018715690821409225,-0.0008579699788242579,13.0
XRP,20240302,europe,mid,0.1073242574930191,-0.24030530452728271,-0.1329810619354248,1356.0
XRP,20240302,us,calm,0.035027049481868744,-0.08875149488449097,-0.05372444912791252,440.0
XRP,20240302,us,mid,0.0041772546246647835,-0.004967167042195797,-0.0007899123011156917,50.0
XRP,20240311,asia,calm,0.01992710307240486,-0.05009027570486069,-0.030163176357746124,242.0
XRP,20240311,asia,mid,0.05016864463686943,-0.12245526909828186,-0.07228663563728333,544.0
XRP,20240311,asia,stress,0.026330342516303062,-0.031206471845507622,-0.004876123741269112,260.0
XRP,20240311,europe,calm,0.03178204968571663,-0.07633795589208603,-0.0445559062063694,394.0
XRP,20240311,europe,mid,0.029726974666118622,-0.023927703499794006,0.005799269303679466,372.0
XRP,20240311,europe,stress,0.08032070100307465,-0.11063031852245331,-0.030309610068798065,980.0
XRP,20240311,us,mid,0.0674796998500824,-0.07987454533576965,-0.012394845485687256,940.0
XRP,20240311,us,stress,0.5172238349914551,-0.5013678073883057,0.015855982899665833,6463.0
XRP,20240317,asia,calm,0.016004186123609543,-0.033578939735889435,-0.01757475547492504,195.0
XRP,20240317,asia,mid,0.039556220173835754,-0.07351724803447723,-0.03396102786064148,477.0
XRP,20240317,asia,stress,0.011818397790193558,-0.0320432223379612,-0.02022482268512249,139.0
XRP,20240317,europe,calm,0.028301812708377838,-0.05985352396965027,-0.03155171126127243,349.0
XRP,20240317,europe,mid,0.021725215017795563,-0.03860146924853325,-0.016876256093382835,265.0
XRP,20240317,us,calm,0.026816681027412415,-0.05421594902873039,-0.02739926427602768,330.0
XRP,20240326,asia,calm,0.020500510931015015,-0.05543242394924164,-0.03493192046880722,262.0
XRP,20240326,europe,calm,0.026418320834636688,-0.07509003579616547,-0.04867171868681908,338.0
XRP,20240326,europe,mid,0.025741131976246834,-0.06686289608478546,-0.04112176597118378,319.0
XRP,20240326,us,calm,0.01841430738568306,-0.05349389463663101,-0.03507959097623825,232.0
XRP,20240326,us,mid,0.0070619406178593636,-0.014280618168413639,-0.007218676619231701,89.0
XRP,20240404,asia,calm,0.024771565571427345,-0.05006042867898941,-0.025288864970207214,268.0
XRP,20240404,asia,mid,0.004144489765167236,-0.010768912732601166,-0.006624422036111355,47.0
XRP,20240404,europe,calm,0.016003375872969627,-0.15717795491218567,-0.1411745846271515,184.0
XRP,20240404,europe,mid,0.017721107229590416,0.046603839844465256,0.06432494521141052,164.0
XRP,20240404,europe,stress,0.09508797526359558,-0.40965670347213745,-0.31456878781318665,960.0
XRP,20240404,us,calm,0.02851581946015358,-0.07019217312335968,-0.0416763573884964,333.0
XRP,20240404,us,mid,0.012938226573169231,0.001667957752943039,0.014606183394789696,152.0
XRP,20240413,asia,calm,0.015167159959673882,-0.031049787998199463,-0.01588262990117073,165.0
XRP,20240413,asia,mid,0.02003411389887333,-0.023768996819853783,-0.00373488268814981,208.0
XRP,20240413,asia,stress,0.006085494067519903,-0.01590999774634838,-0.00982450321316719,65.0
XRP,20240413,europe,calm,0.016948360949754715,-0.06874975562095642,-0.051801394671201706,179.0
XRP,20240413,europe,mid,0.0019236098742112517,-0.0034836584236472845,-0.001560048433020711,21.0
XRP,20240413,us,calm,0.001295813824981451,-0.0026739565655589104,-0.0013781430898234248,13.0
XRP,20240413,us,mid,0.034467026591300964,-0.06224547699093819,-0.027778446674346924,358.0
XRP,20240413,us,stress,0.9297541975975037,-1.8600598573684692,-0.930305540561676,6416.0
XRP,20240419,asia,calm,0.012848966754972935,-0.02978323958814144,-0.016934271901845932,124.0
XRP,20240419,asia,mid,0.05637842416763306,-0.13204994797706604,-0.07567151635885239,543.0
XRP,20240419,asia,stress,0.025483455508947372,-0.0537727028131485,-0.028289247304201126,243.0
XRP,20240419,europe,calm,0.027446219697594643,-0.05625832825899124,-0.0288121048361063,274.0
XRP,20240419,europe,mid,0.016021814197301865,-0.03786402940750122,-0.021842211484909058,156.0
XRP,20240419,us,calm,0.023211881518363953,-0.04841742664575577,-0.025205543264746666,231.0
XRP,20240419,us,mid,0.015794241800904274,-0.041439712047576904,-0.02564547210931778,157.0
XRP,20240428,asia,calm,0.0088112261146307,-0.019348321482539177,-0.010537094436585903,92.0
XRP,20240428,europe,calm,0.00924360565841198,-0.02301705628633499,-0.013773451559245586,95.0
XRP,20240428,us,calm,0.014877811074256897,-0.02497217431664467,-0.010094360448420048,153.0
XRP,20240507,asia,calm,0.020175449550151825,-0.025788266211748123,-0.0056128185242414474,211.0
XRP,20240507,asia,mid,0.002051242860034108,-0.008218919858336449,-0.006167677231132984,22.0
XRP,20240507,europe,calm,0.019126076251268387,-0.051725246012210846,-0.03259916603565216,203.0
XRP,20240507,europe,mid,0.0012952514225617051,-0.0033296348992735147,-0.002034383360296488,14.0
XRP,20240507,us,calm,0.016899898648262024,-0.04001704603433609,-0.023117149248719215,177.0
XRP,20240507,us,mid,0.003416669787839055,-0.0055868434719741344,-0.0021701734513044357,33.0
XRP,20240516,asia,calm,0.006569463759660721,-0.012074088677763939,-0.005504624452441931,65.0
XRP,20240516,asia,mid,0.0012572456616908312,-0.0040635280311107635,-0.0028062821365892887,13.0
XRP,20240516,asia,stress,0.0005814151372760534,-0.0025219200178980827,-0.0019405048806220293,6.0
XRP,20240516,europe,calm,0.017912395298480988,-0.02856903150677681,-0.010656636208295822,179.0
XRP,20240516,europe,mid,0.0019371346570551395,-0.004063284024596214,-0.002126149134710431,20.0
XRP,20240516,us,calm,0.009868918918073177,-0.020451858639717102,-0.010582941584289074,99.0
XRP,20240516,us,mid,0.0011544214794412255,-0.004233214072883129,-0.0030787927098572254,12.0
XRP,20240522,asia,calm,0.013490099459886551,-0.03389053791761398,-0.020400438457727432,144.0
XRP,20240522,europe,calm,0.02328319102525711,-0.052556123584508896,-0.029272928833961487,243.0
XRP,20240522,us,calm,0.01616019755601883,-0.05045461282134056,-0.03429441899061203,171.0
XRP,20240522,us,mid,0.0026386030949652195,-0.010744699276983738,-0.008106094785034657,26.0
XRP,20240531,asia,calm,0.0075111398473382,-0.018491145223379135,-0.010980005376040936,78.0
XRP,20240531,europe,calm,0.02292550727725029,-0.04181654006242752,-0.01889103278517723,226.0
XRP,20240531,europe,mid,0.0022024442441761494,-0.004219763912260532,-0.0020173201337456703,23.0
XRP,20240531,us,calm,0.013742471113801003,-0.022940240800380707,-0.009197770617902279,117.0
XRP,20240531,us,mid,0.0039904420264065266,-0.005543881561607122,-0.001553439418785274,40.0
XRP,20240609,asia,calm,0.005984792485833168,-0.012679561041295528,-0.006694768089801073,58.0
XRP,20240609,europe,calm,0.00726879620924592,-0.015346495434641838,-0.00807769875973463,72.0
XRP,20240609,us,calm,0.004922206979244947,-0.00903977919369936,-0.004117573145776987,49.0
XRP,20240618,asia,calm,0.0227887574583292,-0.037897393107414246,-0.015108637511730194,225.0
XRP,20240618,asia,mid,0.03572385385632515,-0.058860309422016144,-0.023136451840400696,334.0
XRP,20240618,asia,stress,0.13627001643180847,-0.20680536329746246,-0.07053534686565399,1090.0
XRP,20240618,europe,calm,0.020372219383716583,-0.037743836641311646,-0.01737162098288536,201.0
XRP,20240618,europe,mid,0.0695539340376854,-0.14722922444343567,-0.07767529785633087,675.0
XRP,20240618,europe,stress,0.0018556735012680292,-0.0020650492515414953,-0.00020937560475431383,18.0
XRP,20240618,us,calm,0.029790140688419342,-0.07334499061107635,-0.04355485364794731,286.0
XRP,20240618,us,mid,0.009526809677481651,-0.02548283338546753,-0.01595601812005043,92.0
XRP,20240624,asia,calm,0.018646515905857086,-0.025862354785203934,-0.007215837482362986,175.0
XRP,20240624,asia,mid,0.01112331636250019,-0.03474525362253189,-0.02362193539738655,105.0
XRP,20240624,europe,calm,0.021643368527293205,-0.04267704114317894,-0.021033674478530884,176.0
XRP,20240624,europe,mid,0.023250488564372063,-0.010569564998149872,0.01268092356622219,176.0
XRP,20240624,europe,stress,0.022946707904338837,-0.04564663767814636,-0.022699937224388123,201.0
XRP,20240624,us,calm,0.01910865306854248,-0.03819770738482475,-0.019089054316282272,176.0
XRP,20240624,us,mid,0.0230923593044281,-0.04534668102860451,-0.022254319861531258,212.0
XRP,20240703,asia,calm,0.015379048883914948,-0.024376945570111275,-0.008997897617518902,148.0
XRP,20240703,asia,mid,0.0010354111436754465,-0.001242364989593625,-0.00020695372950285673,10.0
XRP,20240703,europe,calm,0.020031973719596863,-0.033859241753816605,-0.013827269896864891,189.0
XRP,20240703,europe,mid,0.009680279530584812,-0.01916799508035183,-0.009487714618444443,89.0
XRP,20240703,us,calm,0.017506685107946396,-0.04539794474840164,-0.027891257777810097,162.0
XRP,20240703,us,mid,0.010624086484313011,-0.031157413497567177,-0.020533327013254166,93.0
XRP,20240712,asia,calm,0.02691967599093914,-0.053735729306936264,-0.026816051453351974,242.0
XRP,20240712,asia,mid,0.003473707940429449,-0.0010960823856294155,0.002377624623477459,32.0
XRP,20240712,europe,calm,0.01900407299399376,-0.04172945022583008,-0.02272537723183632,176.0
XRP,20240712,europe,mid,0.04092240333557129,-0.07125603407621384,-0.0303336288779974,372.0
XRP,20240712,europe,stress,0.028767481446266174,-0.055675581097602844,-0.02690810151398182,254.0
XRP,20240712,us,calm,0.020719826221466064,-0.04916251450777054,-0.028442690148949623,194.0
XRP,20240712,us,stress,0.004834524821490049,-0.009772831574082375,-0.0049383076839149,45.0
XRP,20240721,asia,calm,0.026020046323537827,-0.06017827242612839,-0.03415822610259056,305.0
XRP,20240721,asia,mid,0.025038637220859528,-0.04985286667943001,-0.02481423132121563,300.0
XRP,20240721,europe,calm,0.023457560688257217,-0.06432557106018066,-0.04086800664663315,274.0
XRP,20240721,europe,mid,0.02269742637872696,-0.03650940954685211,-0.013811984099447727,229.0
XRP,20240721,europe,stress,0.01072557270526886,-0.01589794084429741,-0.0051723662763834,118.0
XRP,20240721,us,calm,0.026861222460865974,-0.06329452991485596,-0.03643330931663513,312.0
XRP,20240721,us,mid,0.03528657555580139,-0.0523030124604702,-0.017016438767313957,406.0
XRP,20240721,us,stress,0.016973717138171196,-0.04244361072778702,-0.025469891726970673,186.0
XRP,20240727,asia,calm,0.01888599805533886,-0.04114039987325668,-0.022254401817917824,224.0
XRP,20240727,europe,calm,0.02843794971704483,-0.05782504379749298,-0.02938709408044815,341.0
XRP,20240727,europe,mid,0.003385447897017002,-0.006769001018255949,-0.0033835533540695906,41.0
XRP,20240727,us,calm,0.022550202906131744,-0.04324309527873993,-0.020692894235253334,267.0
XRP,20240727,us,mid,0.02138199657201767,-0.07233330607414246,-0.05095130205154419,252.0
XRP,20240727,us,stress,0.014065387658774853,-0.026731085032224655,-0.012665698304772377,165.0
XRP,20240805,asia,mid,0.030354510992765427,-0.0898694097995758,-0.05951489508152008,296.0
XRP,20240805,asia,stress,0.7463659644126892,-1.4808446168899536,-0.7344787120819092,5712.0
XRP,20240805,europe,mid,0.00965913850814104,-0.03133593499660492,-0.021676793694496155,90.0
XRP,20240805,europe,stress,0.29070383310317993,-0.7515091896057129,-0.46080535650253296,2637.0
XRP,20240805,us,calm,0.0008153497474268079,-0.004892351571470499,-0.004077001474797726,8.0
XRP,20240805,us,mid,0.06524813920259476,-0.11339075863361359,-0.04814261570572853,635.0
XRP,20240805,us,stress,0.052893757820129395,-0.11746417731046677,-0.06457042694091797,513.0
XRP,20240814,asia,calm,0.019765499979257584,-0.048251762986183167,-0.028486263006925583,226.0
XRP,20240814,asia,mid,0.0036355576012283564,-0.006746610160917044,-0.0031110523268580437,42.0
XRP,20240814,europe,calm,0.033640846610069275,-0.06521742790937424,-0.031576573848724365,383.0
XRP,20240814,europe,mid,0.031746961176395416,-0.0585571750998497,-0.026810217648744583,354.0
XRP,20240814,europe,stress,0.0028235171921551228,-0.00582977756857872,-0.003006260609254241,32.0
XRP,20240814,us,calm,0.018782075494527817,-0.034551672637462616,-0.0157695971429348,206.0
XRP,20240814,us,mid,0.0061276694759726524,-0.013117894530296326,-0.0069902255199849606,70.0
XRP,20240820,asia,calm,0.033805519342422485,-0.08468117564916611,-0.05087566003203392,373.0
XRP,20240820,asia,mid,0.0004943697131238878,-0.0014830685686320066,-0.000988698797300458,6.0
XRP,20240820,europe,calm,0.02785053662955761,-0.07039995491504669,-0.04254942387342453,334.0
XRP,20240820,europe,mid,0.016098037362098694,-0.04158194363117218,-0.025483906269073486,191.0
XRP,20240820,us,calm,0.018874265253543854,-0.04198085516691208,-0.023106589913368225,224.0
XRP,20240820,us,mid,0.007572575937956572,-0.015830885618925095,-0.008258309215307236,88.0
XRP,20240829,asia,calm,0.009976701810956001,-0.018743235617876053,-0.0087665356695652,112.0
XRP,20240829,asia,mid,0.000175716049852781,-0.00035137031227350235,-0.00017565427697263658,2.0
XRP,20240829,europe,calm,0.013783876784145832,-0.03316270560026169,-0.01937882788479328,152.0
XRP,20240829,europe,mid,0.0026235098484903574,-0.0032374183647334576,-0.0006139083998277783,29.0
XRP,20240829,us,calm,0.01754211075603962,-0.029559150338172913,-0.012017038650810719,198.0
XRP,20240829,us,mid,0.006811479572206736,-0.014256701804697514,-0.007445223163813353,77.0
XRP,20240907,asia,calm,0.008101754821836948,-0.02018914557993412,-0.012087389826774597,85.0
XRP,20240907,europe,calm,0.006045007146894932,-0.010970653966069221,-0.004925647750496864,64.0
XRP,20240907,us,calm,0.00835259910672903,-0.013946698047220707,-0.005594099406152964,87.0
XRP,20240916,asia,calm,0.016919150948524475,-0.04769652336835861,-0.030777374282479286,191.0
XRP,20240916,asia,mid,0.00052633136510849,-0.0010521397925913334,-0.0005258084274828434,6.0
XRP,20240916,europe,calm,0.014832736924290657,-0.032472867518663406,-0.0176401324570179,169.0
XRP,20240916,us,calm,0.013364705257117748,-0.03288327157497406,-0.019518567249178886,154.0
XRP,20240916,us,mid,0.006349778734147549,-0.010149465873837471,-0.003799688071012497,74.0
XRP,20240922,asia,calm,0.0074301231652498245,-0.01779131218791008,-0.010361189022660255,88.0
XRP,20240922,europe,calm,0.009072627872228622,-0.02018056809902191,-0.01110794022679329,107.0
XRP,20240922,us,calm,0.012259315699338913,-0.03255259245634079,-0.020293280482292175,144.0
XRP,20240922,us,mid,0.005865763407200575,-0.011469707824289799,-0.0056039439514279366,58.0
XRP,20241001,asia,calm,0.0186723954975605,-0.045640282332897186,-0.026967888697981834,232.0
XRP,20241001,asia,mid,0.0006396896205842495,-0.0017690501408651471,-0.0011293604038655758,8.0
XRP,20241001,europe,calm,0.015543051064014435,-0.026793260127305984,-0.011250208131968975,191.0
XRP,20241001,europe,mid,0.048091765493154526,-0.11667450517416,-0.06858273595571518,585.0
XRP,20241001,europe,stress,0.010726362466812134,-0.04409177973866463,-0.03336541727185249,129.0
XRP,20241001,us,calm,0.004773939494043589,-0.011129656806588173,-0.006355717778205872,54.0
XRP,20241001,us,mid,0.0697963535785675,-0.2258521020412445,-0.156055748462677,804.0
XRP,20241001,us,stress,0.19643808901309967,-0.5582261085510254,-0.3617880344390869,2201.0
XRP,20241010,asia,calm,0.004754367284476757,-0.010267023928463459,-0.005512657575309277,50.0
XRP,20241010,europe,calm,0.01029172632843256,-0.023410122841596603,-0.013118394650518894,95.0
XRP,20241010,europe,mid,0.02988474816083908,-0.10087412595748901,-0.07098937779664993,321.0
XRP,20241010,us,calm,0.010918240062892437,-0.01773112826049328,-0.0068128895945847034,116.0
XRP,20241010,us,mid,0.01036491896957159,-0.01867443136870861,-0.008309508673846722,110.0
XRP,20241019,asia,calm,0.004113818518817425,-0.00695721386000514,-0.0028433948755264282,45.0
XRP,20241019,europe,calm,0.004312175326049328,-0.010281468741595745,-0.005969293415546417,47.0
XRP,20241019,us,calm,0.0028598159551620483,-0.00978693924844265,-0.006927123758941889,31.0
XRP,20241025,asia,calm,0.0075045558623969555,-0.015299500897526741,-0.0077949450351297855,78.0
XRP,20241025,europe,calm,0.008479109965264797,-0.01848049834370613,-0.010001388378441334,89.0
XRP,20241025,us,calm,0.013500045984983444,-0.02563478797674179,-0.012134740129113197,139.0
XRP,20241025,us,mid,0.01781269535422325,-0.04162667691707611,-0.02381398156285286,172.0
XRP,20241025,us,stress,0.02750130370259285,0.03990163654088974,0.06740293651819229,243.0
XRP,20241103,asia,calm,0.007212044671177864,-0.012664461508393288,-0.005452417768537998,73.0
XRP,20241103,asia,mid,0.00699736038222909,-0.019891666248440742,-0.01289430446922779,69.0
XRP,20241103,europe,calm,0.010585601441562176,-0.01955755427479744,-0.008971954695880413,99.0
XRP,20241103,europe,mid,0.008689777925610542,-0.014351719990372658,-0.005661940202116966,84.0
XRP,20241103,europe,stress,0.0030377781949937344,-0.0008915848447941244,0.002146193291991949,29.0
XRP,20241103,us,calm,0.011804943904280663,-0.017820589244365692,-0.006015644874423742,118.0
XRP,20241103,us,mid,0.0012064771726727486,-0.003218187717720866,-0.0020117105450481176,12.0
XRP,20241112,asia,calm,0.0011549268383532763,-0.0031323081348091364,-0.00197738129645586,14.0
XRP,20241112,asia,mid,0.09095168113708496,-0.23176202178001404,-0.14081034064292908,1077.0
XRP,20241112,asia,stress,0.03483760356903076,-0.04438018798828125,-0.00954258069396019,411.0
XRP,20241112,europe,mid,0.00841987133026123,-0.03453762084245682,-0.026117747649550438,98.0
XRP,20241112,europe,stress,1.041571855545044,-2.522792100906372,-1.4812202453613281,12653.0
XRP,20241112,us,mid,0.009185859933495522,-0.02127278409898281,-0.012086925096809864,127.0
XRP,20241112,us,stress,0.6239903569221497,-1.2265324592590332,-0.6025422215461731,8184.0
XRP,20241121,asia,mid,0.20860528945922852,-0.45003291964530945,-0.24142763018608093,4452.0
XRP,20241121,asia,stress,0.013057123869657516,-0.03585332632064819,-0.022796202450990677,283.0
XRP,20241121,europe,calm,0.0008084076689556241,-0.010424572974443436,-0.009616165421903133,18.0
XRP,20241121,europe,mid,0.24765832722187042,-0.49467748403549194,-0.24701914191246033,5270.0
XRP,20241121,europe,stress,0.08616122603416443,-0.18081091344356537,-0.09464970231056213,1759.0
XRP,20241121,us,mid,0.1547805368900299,-0.43646517395973206,-0.28168463706970215,3399.0
XRP,20241121,us,stress,0.4471741318702698,-1.1986604928970337,-0.7514863610267639,8821.0
XRP,20241127,asia,mid,0.19209147989749908,-0.5008927583694458,-0.3088012933731079,5097.0
XRP,20241127,asia,stress,0.011425519362092018,-0.02203754149377346,-0.010612020269036293,292.0
XRP,20241127,europe,mid,0.23245225846767426,-0.5388209819793701,-0.30636873841285706,6315.0
XRP,20241127,europe,stress,0.061675067991018295,-0.09869614243507385,-0.03702107071876526,1672.0
XRP,20241127,us,calm,0.004052170552313328,-0.011583445593714714,-0.007531274110078812,112.0
XRP,20241127,us,mid,0.15374791622161865,-0.4681756794452667,-0.31442776322364807,4387.0
XRP,20241127,us,stress,0.04309138283133507,-0.1286710649728775,-0.08557967841625214,1215.0
XRP,20241206,asia,mid,0.11117356270551682,-0.4911385178565979,-0.3799649178981781,4910.0
XRP,20241206,asia,stress,0.04168752580881119,-0.13915403187274933,-0.09746649861335754,1785.0
XRP,20241206,europe,mid,0.16488014161586761,-0.5457370281219482,-0.38085687160491943,6969.0
XRP,20241206,europe,stress,0.07960638403892517,-0.33155298233032227,-0.2519465684890747,3308.0
XRP,20241206,us,mid,0.13473288714885712,-0.692112922668457,-0.5573800206184387,5685.0
XRP,20241206,us,stress,0.0880519449710846,-0.28587606549263,-0.1978241205215454,3483.0
XRP,20241215,asia,calm,0.051922865211963654,-0.1832941621541977,-0.13137128949165344,2397.0
XRP,20241215,asia,mid,0.008642633445560932,-0.037282317876815796,-0.02863968536257744,395.0
XRP,20241215,europe,calm,0.05487361550331116,-0.21168658137321472,-0.15681295096874237,2565.0
XRP,20241215,europe,mid,0.007015731185674667,-0.02680206298828125,-0.019786331802606583,325.0
XRP,20241215,us,calm,0.044634949415922165,-0.15575732290744781,-0.11112236976623535,2059.0
XRP,20241215,us,mid,0.026433425024151802,-0.08634587377309799,-0.05991245433688164,1215.0
XRP,20241224,asia,calm,0.04450521618127823,-0.12503346800804138,-0.08052824437618256,1938.0
XRP,20241224,asia,mid,0.010518664494156837,-0.053929030895233154,-0.043410368263721466,453.0
XRP,20241224,europe,calm,0.03798177093267441,-0.12583670020103455,-0.08785492181777954,1668.0
XRP,20241224,europe,mid,0.04755060002207756,-0.21848273277282715,-0.17093214392662048,2099.0
XRP,20241224,us,calm,0.03172943368554115,-0.15222236514091492,-0.12049293518066406,1419.0
XRP,20241224,us,mid,0.02786264196038246,-0.14488863945007324,-0.11702600121498108,1209.0
XRP,20241230,asia,calm,0.04009535163640976,-0.12352711707353592,-0.08343176543712616,1622.0
XRP,20241230,asia,mid,0.02438613772392273,-0.09709230065345764,-0.07270616292953491,987.0
XRP,20241230,europe,calm,0.027959071099758148,-0.09902447462081909,-0.07106541097164154,1121.0
XRP,20241230,europe,mid,0.0742747038602829,-0.262046754360199,-0.18777203559875488,2864.0
XRP,20241230,us,calm,0.015043465420603752,-0.08326423913240433,-0.06822077929973602,615.0
XRP,20241230,us,mid,0.06157340481877327,-0.19827088713645935,-0.13669750094413757,2457.0
XRP,20241230,us,stress,0.017787816002964973,-0.029802773147821426,-0.012014951556921005,713.0
XRP,20250108,asia,calm,0.0010220201220363379,-0.010308414697647095,-0.009286394342780113,47.0
XRP,20250108,asia,mid,0.09776624292135239,-0.31170526146888733,-0.21393901109695435,4370.0
XRP,20250108,europe,calm,0.019664306193590164,-0.07671008259057999,-0.057045768946409225,892.0
XRP,20250108,europe,mid,0.09770503640174866,-0.36670076847076416,-0.2689957022666931,4360.0
XRP,20250108,europe,stress,0.003779987571761012,-0.022057410329580307,-0.018277425318956375,170.0
XRP,20250108,us,calm,0.010360457003116608,-0.046728335320949554,-0.03636787831783295,457.0
XRP,20250108,us,mid,0.09316669404506683,-0.47276878356933594,-0.3796020746231079,4111.0
XRP,20250108,us,stress,0.061400070786476135,-0.17445102334022522,-0.11305093765258789,2609.0
XRP,20250117,asia,calm,0.01964971423149109,-0.07418385148048401,-0.05453413724899292,1230.0
XRP,20250117,asia,mid,0.07303580641746521,-0.39119458198547363,-0.31815874576568604,4547.0
XRP,20250117,asia,stress,0.01347785722464323,-0.08987821638584137,-0.07640035450458527,777.0
XRP,20250117,europe,calm,0.01548733189702034,-0.1342981457710266,-0.11881081014871597,990.0
XRP,20250117,europe,mid,0.1455356925725937,-0.6387981176376343,-0.4932623505592346,8943.0
XRP,20250117,europe,stress,0.011974096298217773,-0.03452335298061371,-0.022549258545041084,732.0
XRP,20250117,us,calm,0.015950867906212807,-0.10417091846466064,-0.08822005242109299,957.0
XRP,20250117,us,mid,0.09669239073991776,-0.457756906747818,-0.36106452345848083,5904.0
XRP,20250126,asia,calm,0.014722446911036968,-0.05909053608775139,-0.044368091970682144,886.0
XRP,20250126,europe,calm,0.012457262724637985,-0.05072486773133278,-0.038267605006694794,755.0
XRP,20250126,us,calm,0.015665587037801743,-0.025820795446634293,-0.0101552102714777,879.0
XRP,20250126,us,mid,0.02083367295563221,-0.06595271825790405,-0.0451190359890461,1154.0
XRP,20250201,asia,calm,0.01720956340432167,-0.07269269973039627,-0.0554831400513649,1008.0
XRP,20250201,europe,calm,0.03468886762857437,-0.17532892525196075,-0.1406400501728058,2034.0
XRP,20250201,europe,mid,0.00696404417976737,0.013790884986519814,0.020754927769303322,335.0
XRP,20250201,europe,stress,0.008345406502485275,-0.03361049294471741,-0.025265086442232132,479.0
XRP,20250201,us,calm,0.029506627470254898,-0.17884981632232666,-0.14934319257736206,1658.0
XRP,20250201,us,mid,0.04466542229056358,-0.28723835945129395,-0.24257293343544006,2376.0
XRP,20250210,asia,calm,0.02062305063009262,-0.09908807277679443,-0.07846501469612122,968.0
XRP,20250210,asia,mid,0.07506489008665085,-0.2936300039291382,-0.21856513619422913,3412.0
XRP,20250210,asia,stress,0.023041218519210815,-0.10881119966506958,-0.08576997369527817,1014.0
XRP,20250210,europe,calm,0.04613014683127403,-0.21504080295562744,-0.16891062259674072,2175.0
XRP,20250210,europe,mid,0.05981341004371643,-0.2129208743572235,-0.15310746431350708,2792.0
XRP,20250210,us,calm,0.041187405586242676,-0.1597011387348175,-0.11851374059915543,1955.0
XRP,20250210,us,mid,0.0034157889895141125,-0.01794169843196869,-0.014525908045470715,164.0
XRP,20250219,asia,calm,0.04823227971792221,-0.23725968599319458,-0.18902741372585297,2319.0
XRP,20250219,europe,calm,0.03856923431158066,-0.13276900351047516,-0.0941997766494751,1930.0
XRP,20250219,europe,mid,0.033249471336603165,-0.17037121951580048,-0.13712173700332642,1685.0
XRP,20250219,us,calm,0.02730228565633297,-0.17946606874465942,-0.1521637886762619,1370.0
XRP,20250219,us,mid,0.06174367666244507,-0.32757124304771423,-0.2658275365829468,3220.0
XRP,20250228,asia,calm,0.007930691353976727,-0.019094407558441162,-0.011163716204464436,337.0
XRP,20250228,asia,mid,0.027548108249902725,-0.07986602932214737,-0.05231792852282524,1049.0
XRP,20250228,asia,stress,0.18708983063697815,-0.657970666885376,-0.4708808362483978,7122.0
XRP,20250228,europe,mid,0.06938454508781433,-0.21207448840141296,-0.14268995821475983,2713.0
XRP,20250228,europe,stress,0.10586170107126236,-0.33021682500839233,-0.224355086684227,4073.0
XRP,20250228,us,calm,0.010509404353797436,-0.049071282148361206,-0.0385618731379509,443.0
XRP,20250228,us,mid,0.0627300888299942,-0.2727084159851074,-0.20997834205627441,2582.0
XRP,20250306,asia,calm,0.0462750568985939,-0.21870014071464539,-0.17242509126663208,2277.0
XRP,20250306,asia,mid,0.03528604656457901,-0.18459376692771912,-0.1493077278137207,1702.0
XRP,20250306,asia,stress,0.0009925226913765073,6.961694452911615e-05,0.0010621395194903016,50.0
XRP,20250306,europe,calm,0.005017227493226528,-0.03082720935344696,-0.025809984654188156,247.0
XRP,20250306,europe,mid,0.11898108571767807,-0.5340502858161926,-0.41506919264793396,5719.0
XRP,20250306,europe,stress,0.04856005311012268,-0.24379286170005798,-0.1952328085899353,2320.0
XRP,20250306,us,calm,0.01426539197564125,-0.0740584135055542,-0.05979302152991295,688.0
XRP,20250306,us,mid,0.06913234293460846,-0.2639901041984558,-0.19485774636268616,3347.0
XRP,20250306,us,stress,0.005624469369649887,-0.023314453661441803,-0.017689986154437065,281.0
XRP,20250315,asia,calm,0.053566329181194305,-0.2626454830169678,-0.20907914638519287,2528.0
XRP,20250315,asia,mid,0.015084309503436089,-0.07676567137241364,-0.0616813600063324,715.0
XRP,20250315,europe,calm,0.04709043726325035,-0.1863047480583191,-0.13921432197093964,2251.0
XRP,20250315,us,calm,0.02659057080745697,-0.11974179744720459,-0.09315122663974762,1261.0
XRP,20250324,asia,calm,0.02737145870923996,-0.11565126478672028,-0.08827979862689972,1299.0
XRP,20250324,asia,mid,0.00012313670595176518,-0.0006562719354405999,-0.0005331352585926652,6.0
XRP,20250324,europe,calm,0.026016557589173317,-0.056749921292066574,-0.030733365565538406,1270.0
XRP,20250324,europe,mid,0.006860858760774136,-0.03739013895392418,-0.03052927926182747,333.0
XRP,20250324,us,calm,0.018582738935947418,-0.07983709871768951,-0.061254359781742096,899.0
XRP,20250330,asia,calm,0.03500005602836609,-0.14111724495887756,-0.10611718147993088,1494.0
XRP,20250330,asia,mid,0.0050045279785990715,-0.036838971078395844,-0.031834445893764496,216.0
XRP,20250330,europe,calm,0.0278499536216259,-0.09692820906639099,-0.06907825917005539,1179.0
XRP,20250330,europe,mid,0.008692417293787003,-0.04786419868469238,-0.03917178511619568,361.0
XRP,20250330,us,calm,0.02765735238790512,-0.134822815656662,-0.10716545581817627,1149.0
XRP,20250330,us,mid,0.013269606046378613,-0.05306446552276611,-0.03979485481977463,552.0
XRP,20250408,asia,calm,0.003359530121088028,-0.014285199344158173,-0.01092567015439272,126.0
XRP,20250408,asia,mid,0.07733403146266937,-0.33628278970718384,-0.25894877314567566,2836.0
XRP,20250408,europe,calm,0.006571581121534109,-0.020982131361961365,-0.014410548843443394,246.0
XRP,20250408,europe,mid,0.06089584529399872,-0.26457011699676514,-0.2036743015050888,2258.0
XRP,20250408,europe,stress,0.08562402427196503,-0.30383723974227905,-0.21821321547031403,3192.0
XRP,20250408,us,calm,0.00027717731427401304,-0.007011401001363993,-0.006734223570674658,7.0
XRP,20250408,us,mid,0.07404769957065582,-0.3283490538597107,-0.2543013095855713,2560.0
XRP,20250408,us,stress,0.08306409418582916,-0.3622143566608429,-0.27915021777153015,2937.0
XRP,20250417,asia,calm,0.024857264012098312,-0.09733615815639496,-0.07247890532016754,996.0
XRP,20250417,asia,mid,2.401594611001201e-05,0.00028819136787205935,0.0003122072957921773,1.0
XRP,20250417,europe,calm,0.02711566351354122,-0.10792763531208038,-0.08081197738647461,1114.0
XRP,20250417,europe,mid,0.010572899132966995,-0.044776611030101776,-0.03420371189713478,426.0
XRP,20250417,us,calm,0.026681508868932724,-0.08866171538829803,-0.06198020279407501,1069.0
XRP,20250417,us,mid,0.010842390358448029,-0.05468317121267319,-0.04384078085422516,445.0
XRP,20250426,asia,calm,0.021570831537246704,-0.09053895622491837,-0.06896812468767166,937.0
XRP,20250426,asia,mid,0.005594296380877495,-0.034361787140369415,-0.02876749262213707,248.0
XRP,20250426,europe,calm,0.029508326202630997,-0.11775925755500793,-0.08825093507766724,1292.0
XRP,20250426,europe,mid,0.0033969725482165813,-0.015098334290087223,-0.011701362207531929,149.0
XRP,20250426,us,calm,0.009677190333604813,-0.036932069808244705,-0.027254879474639893,421.0
XRP,20250502,asia,calm,0.013570050708949566,-0.04300804063677788,-0.029437996447086334,589.0
XRP,20250502,europe,calm,0.021234631538391113,-0.05846180394291878,-0.03722717612981796,896.0
XRP,20250502,us,calm,0.01210305467247963,-0.056690216064453125,-0.044587161391973495,522.0
XRP,20250511,asia,calm,0.027470465749502182,-0.12995345890522003,-0.10248298943042755,1284.0
XRP,20250511,asia,mid,0.04120219871401787,-0.2266187220811844,-0.18541651964187622,1864.0
XRP,20250511,asia,stress,0.023975390940904617,-0.12492383271455765,-0.10094843804836273,1063.0
XRP,20250511,europe,calm,0.043840497732162476,-0.21595275402069092,-0.17211224138736725,2041.0
XRP,20250511,europe,mid,0.004269045777618885,-0.010663704946637154,-0.006394656375050545,195.0
XRP,20250511,us,calm,0.02780022844672203,-0.14873090386390686,-0.12093067169189453,1296.0
XRP,20250511,us,mid,0.0098542096093297,-0.035806648433208466,-0.02595243789255619,455.0
XRP,20250520,asia,calm,0.02947692945599556,-0.12093442678451538,-0.09145749360322952,1381.0
XRP,20250520,europe,calm,0.025216585025191307,-0.1153959259390831,-0.09017933160066605,1152.0
XRP,20250520,europe,mid,0.001225857762619853,0.0011634666007012129,0.0023893241304904222,57.0
XRP,20250520,us,calm,0.029012657701969147,-0.13845112919807434,-0.1094384640455246,1324.0
XRP,20250601,asia,calm,0.013178437948226929,-0.05778717249631882,-0.04460873454809189,555.0
XRP,20250601,europe,calm,0.023124439641833305,-0.09455421566963196,-0.0714297741651535,969.0
XRP,20250601,us,calm,0.018261980265378952,-0.07003391534090042,-0.05177193135023117,749.0
XRP,20250607,asia,calm,0.009751089848577976,-0.040646810084581375,-0.030895721167325974,414.0
XRP,20250607,europe,calm,0.005955134518444538,-0.023452918976545334,-0.01749778538942337,256.0
XRP,20250607,us,calm,0.005667228251695633,-0.021524738520383835,-0.015857510268688202,245.0
XRP,20250616,asia,calm,0.01916760951280594,-0.09203565120697021,-0.07286804914474487,829.0
XRP,20250616,europe,calm,0.027906188741326332,-0.12577509880065918,-0.097868911921978,1235.0
XRP,20250616,europe,mid,0.02914847806096077,-0.13220280408859253,-0.10305432230234146,1296.0
XRP,20250616,us,calm,0.04466109722852707,-0.2034209668636322,-0.15875989198684692,1984.0
XRP,20250616,us,mid,0.027769258245825768,-0.10853563994169235,-0.08076637983322144,1242.0
XRP,20250625,asia,calm,0.015133505687117577,-0.0812469869852066,-0.06611348688602448,655.0
XRP,20250625,europe,calm,0.025576602667570114,-0.11474413424730301,-0.0891675353050232,1106.0
XRP,20250625,europe,mid,0.014172561466693878,-0.08215972781181335,-0.06798715889453888,617.0
XRP,20250625,us,calm,0.021265679970383644,-0.10194504261016846,-0.08067937195301056,921.0
XRP,20250704,asia,calm,0.013387085869908333,-0.06284672021865845,-0.04945964366197586,594.0
XRP,20250704,europe,calm,0.022189978510141373,-0.10180358588695526,-0.07961360365152359,969.0
XRP,20250704,us,calm,0.015893496572971344,-0.05441170185804367,-0.03851820528507233,693.0
XRP,20250710,asia,calm,0.01884378492832184,-0.07621641457080841,-0.05737263336777687,897.0
XRP,20250710,europe,calm,0.03366641327738762,-0.14368098974227905,-0.11001457273960114,1633.0
XRP,20250710,us,calm,0.03737363964319229,-0.14406755566596985,-0.10669392347335815,1814.0
XRP,20250710,us,mid,0.023603159934282303,-0.1081952378153801,-0.08459208160638809,1111.0
XRP,20250710,us,stress,0.011943204328417778,-0.10968232154846191,-0.09773912280797958,554.0
XRP,20250719,asia,calm,0.03092469647526741,-0.17700019478797913,-0.14607550203800201,2095.0
XRP,20250719,asia,mid,0.02470516413450241,-0.13010045886039734,-0.10539530962705612,1634.0
XRP,20250719,europe,calm,0.040623024106025696,-0.21867027878761292,-0.17804723978042603,2731.0
XRP,20250719,europe,mid,0.012561710551381111,-0.0652412623167038,-0.05267954617738724,825.0
XRP,20250719,us,calm,0.031246861442923546,-0.1960817128419876,-0.1648348569869995,2081.0
XRP,20250727,asia,calm,0.01752990484237671,-0.09933997690677643,-0.08181007206439972,1101.0
XRP,20250727,europe,calm,0.023745300248265266,-0.12691572308540344,-0.10317042469978333,1491.0
XRP,20250727,us,calm,0.03779728710651398,-0.24487756192684174,-0.20708027482032776,2392.0
XRP,20250727,us,mid,0.0002184033946832642,-0.0009203469380736351,-0.0007019434706307948,13.0
XRP,20250730,asia,calm,0.020111527293920517,-0.12754516303539276,-0.10743363946676254,1241.0
XRP,20250730,europe,calm,0.021357489749789238,-0.10517729818820953,-0.08381979912519455,1300.0
XRP,20250730,europe,mid,0.03683732450008392,-0.11016537249088287,-0.07332804799079895,2208.0
XRP,20250730,us,calm,0.02013097144663334,-0.12666770815849304,-0.10653673857450485,1232.0
XRP,20250730,us,mid,0.023188799619674683,-0.05084022879600525,-0.027651431038975716,1395.0
XRP,20250730,us,stress,0.020833373069763184,-0.08669942617416382,-0.06586605310440063,1187.0
XRP,20250801,asia,calm,0.0147847980260849,-0.07462289184331894,-0.05983808636665344,871.0
XRP,20250801,asia,mid,0.03170566260814667,-0.09862098097801208,-0.06691531836986542,1823.0
XRP,20250801,asia,stress,0.019211316481232643,-0.06263766437768936,-0.04342634975910187,1110.0
XRP,20250801,europe,calm,0.016998637467622757,-0.09600718319416046,-0.0790085420012474,994.0
XRP,20250801,europe,mid,0.048593465238809586,-0.18776023387908936,-0.13916675746440887,2733.0
XRP,20250801,europe,stress,0.016010772436857224,-0.03869308903813362,-0.0226823128759861,914.0
XRP,20250801,us,calm,0.007967647165060043,-0.08005496859550476,-0.07208732515573502,470.0
XRP,20250801,us,mid,0.04761459678411484,-0.24924689531326294,-0.2016323059797287,2794.0
XRP,20250801,us,stress,0.012441646307706833,0.0003606826066970825,0.012802325189113617,708.0
XRP,20250804,asia,calm,0.0238934513181448,-0.15658238530158997,-0.13268892467021942,1406.0
XRP,20250804,asia,mid,0.011586165986955166,-0.05050819367170334,-0.0389220304787159,683.0
XRP,20250804,europe,calm,0.024747736752033234,-0.16001403331756592,-0.1352662742137909,1441.0
XRP,20250804,europe,mid,0.022389110177755356,-0.09541267156600952,-0.07302355766296387,1323.0
XRP,20250804,us,calm,0.02870148979127407,-0.17452268302440643,-0.14582118391990662,1740.0
XRP,20250807,asia,calm,0.013181040063500404,-0.067266084253788,-0.05408504232764244,783.0
XRP,20250807,europe,calm,0.029655447229743004,-0.1303432583808899,-0.10068780183792114,1759.0
XRP,20250807,europe,mid,0.0027074310928583145,-0.012888822704553604,-0.01018139161169529,163.0
XRP,20250807,us,calm,0.02529417723417282,-0.12584051489830017,-0.10054634511470795,1530.0
XRP,20250807,us,mid,0.024900026619434357,-0.15940332412719727,-0.1345032900571823,1582.0
XRP,20250807,us,stress,0.04382864013314247,-0.38890570402145386,-0.3450770676136017,2437.0
XRP,20250810,asia,calm,0.02365989238023758,-0.1942877620458603,-0.17062786221504211,1469.0
XRP,20250810,asia,mid,0.0055719600059092045,-0.010190272703766823,-0.004618307575583458,301.0
XRP,20250810,asia,stress,0.0018692918820306659,-0.01204361580312252,-0.010174322873353958,117.0
XRP,20250810,europe,calm,0.02185952104628086,-0.0921880304813385,-0.07032851129770279,1358.0
XRP,20250810,europe,mid,0.0022495866287499666,-0.013794878497719765,-0.011545292101800442,133.0
XRP,20250810,europe,stress,0.003445862792432308,-0.02179783023893833,-0.0183519646525383,212.0
XRP,20250810,us,calm,0.015194548293948174,-0.0944318026304245,-0.07923724502325058,942.0
XRP,20250812,asia,calm,0.017530390992760658,-0.07285800576210022,-0.05532761290669441,1093.0
XRP,20250812,asia,mid,0.00041455033351667225,-0.0005717447493225336,-0.00015719453222118318,26.0
XRP,20250812,europe,calm,0.026076290756464005,-0.11559262126684189,-0.08951633423566818,1590.0
XRP,20250812,europe,mid,0.017840314656496048,-0.02498670294880867,-0.00714639388024807,1099.0
XRP,20250812,us,calm,0.028774885460734367,-0.12546798586845398,-0.09669308364391327,1834.0
XRP,20250812,us,mid,0.003586236387491226,-0.02030661702156067,-0.016720380634069443,234.0
XRP,20250815,asia,calm,0.016717322170734406,-0.09440629184246063,-0.07768897712230682,1031.0
XRP,20250815,asia,mid,1.6251442502834834e-05,0.0001950173027580604,0.00021126875071786344,1.0
XRP,20250815,europe,calm,0.012966267764568329,-0.11364716291427612,-0.10068090260028839,783.0
XRP,20250815,europe,mid,0.025543730705976486,-0.12367091327905655,-0.09812717139720917,1535.0
XRP,20250815,us,calm,0.018116220831871033,-0.08692820370197296,-0.06881198287010193,1081.0
XRP,20250815,us,mid,0.012422671541571617,-0.04893326386809349,-0.03651059418916702,746.0
XRP,20250818,asia,calm,0.02688019722700119,-0.09812930226325989,-0.0712491124868393,1582.0
XRP,20250818,asia,mid,0.018354730680584908,-0.04686805605888367,-0.02851332165300846,1053.0
XRP,20250818,europe,calm,0.026640063151717186,-0.10318061709403992,-0.07654054462909698,1547.0
XRP,20250818,europe,mid,0.002218890003859997,-0.01568850502371788,-0.013469614088535309,130.0
XRP,20250818,us,calm,0.02361253648996353,-0.1461631804704666,-0.12255065143108368,1407.0
XRP,20250818,us,mid,0.00400998629629612,-0.02307383343577385,-0.01906384900212288,241.0
