venue,symbol,date,n_fills,mean_fill_size,spread_capture_bp_10s,adverse_select_bp_10s,net_markout_bp_10s,spread_capture_bp_60s,adverse_select_bp_60s,net_markout_bp_60s,spread_capture_szw_bp_10s,adverse_select_szw_bp_10s,net_markout_szw_bp_10s,spread_capture_szw_bp_60s,adverse_select_szw_bp_60s,net_markout_szw_bp_60s,rv_10s_bp,maker_fee_bp,ts_semantics
binance_um,BLUEBIRDUSDT,20230516,211,0.980569,0.894209,-1.775726,-0.881516,0.894209,-1.377047,-0.482838,0.898646,-1.791349,-0.892703,0.898646,-1.391395,-0.49275,2.096631,2.0,
binance_um,BLUEBIRDUSDT,20230517,580,0.956034,0.929459,-1.220756,-0.291297,0.929459,-1.314607,-0.385148,0.906321,-1.21993,-0.31361,0.906321,-1.308617,-0.402297,2.258787,2.0,
binance_um,BLUEBIRDUSDT,20230518,844,0.956754,1.114483,-1.367448,-0.252965,1.114483,-2.001545,-0.887062,1.127008,-1.379016,-0.252008,1.127008,-2.059645,-0.932637,2.292139,2.0,
binance_um,BLUEBIRDUSDT,20230519,451,0.963193,0.881614,-1.308765,-0.427151,0.881614,-0.901308,-0.019693,0.885697,-1.325831,-0.440134,0.885697,-0.954723,-0.069026,1.779538,2.0,
binance_um,BLUEBIRDUSDT,20230520,319,0.947022,0.822828,-0.865172,-0.042344,0.822828,-0.894373,-0.071544,0.824263,-0.908655,-0.084392,0.824263,-0.912846,-0.088583,1.11423,2.0,
binance_um,BLUEBIRDUSDT,20230521,346,0.948555,0.880803,-1.108306,-0.227503,0.880803,-1.465363,-0.58456,0.880709,-1.111973,-0.231265,0.880709,-1.483752,-0.603043,1.303238,2.0,
binance_um,BLUEBIRDUSDT,20230522,368,0.941304,0.845954,-1.351555,-0.505602,0.845954,-1.344967,-0.499013,0.849822,-1.365429,-0.515607,0.849822,-1.384738,-0.534916,1.733813,2.0,
binance_um,BLUEBIRDUSDT,20230523,369,0.93794,0.87434,-1.276823,-0.402483,0.87434,-1.729486,-0.855146,0.870782,-1.28326,-0.412478,0.870782,-1.718833,-0.848052,1.515392,2.0,
binance_um,BLUEBIRDUSDT,20230524,418,0.945933,1.079403,-1.663285,-0.583882,1.079403,-2.271108,-1.191705,1.08461,-1.703595,-0.618985,1.08461,-2.385304,-1.300695,2.07694,2.0,
binance_um,BLUEBIRDUSDT,20230525,417,0.952758,0.85577,-1.239628,-0.383859,0.85577,-0.981239,-0.12547,0.857035,-1.214139,-0.357104,0.857035,-1.016377,-0.159342,1.749255,2.0,
binance_um,BLUEBIRDUSDT,20230526,395,0.964304,0.807434,-1.1205,-0.313066,0.807434,-0.864371,-0.056937,0.808014,-1.105049,-0.297035,0.808014,-0.83931,-0.031296,1.586586,2.0,
binance_um,BLUEBIRDUSDT,20230527,228,0.932018,0.87656,-0.739184,0.137376,0.87656,-1.21397,-0.337409,0.890621,-0.747729,0.142892,0.890621,-1.239989,-0.349368,0.912209,2.0,
binance_um,BLUEBIRDUSDT,20230528,428,0.956075,0.895707,-0.831074,0.064633,0.895707,-0.634728,0.260978,0.892995,-0.842379,0.050616,0.892995,-0.637975,0.25502,1.489446,2.0,
binance_um,BLUEBIRDUSDT,20230529,617,0.937601,0.981379,-1.099157,-0.117778,0.981379,-1.226011,-0.244633,0.990898,-1.149835,-0.158937,0.990898,-1.325982,-0.335084,1.636646,2.0,
binance_um,BLUEBIRDUSDT,20230530,384,0.933333,0.871939,-1.072483,-0.200544,0.871939,-1.626841,-0.754902,0.87228,-1.006015,-0.133735,0.87228,-1.515932,-0.643651,1.496801,2.0,
binance_um,BLUEBIRDUSDT,20230531,336,0.933929,0.969148,-1.428083,-0.458934,0.969148,-1.647547,-0.678399,0.974641,-1.497013,-0.522373,0.974641,-1.823328,-0.848688,1.73913,2.0,
binance_um,BLUEBIRDUSDT,20230601,275,0.932727,0.911661,-1.08218,-0.170519,0.911661,-1.310887,-0.399226,0.914676,-1.126711,-0.212035,0.914676,-1.477886,-0.56321,1.42479,2.0,
binance_um,BLUEBIRDUSDT,20230602,308,0.936039,0.876948,-1.096461,-0.219512,0.876948,-1.451896,-0.574947,0.875811,-1.147799,-0.271988,0.875811,-1.505631,-0.629819,1.327137,2.0,
binance_um,BLUEBIRDUSDT,20230603,237,0.922785,0.851993,-0.703056,0.148936,0.851993,-0.611629,0.240364,0.841684,-0.721489,0.120195,0.841684,-0.637413,0.204271,0.871673,2.0,
binance_um,BLUEBIRDUSDT,20230604,246,0.940244,0.820406,-0.522613,0.297793,0.820406,-0.903857,-0.083451,0.831736,-0.512274,0.319463,0.831736,-0.855534,-0.023798,0.899563,2.0,
binance_um,BLUEBIRDUSDT,20230605,1043,0.954458,2.97477,-3.512448,-0.537677,2.97477,-6.544879,-3.570108,3.000752,-3.632839,-0.632086,3.000752,-6.634178,-3.633426,4.522925,2.0,
binance_um,BLUEBIRDUSDT,20230606,708,0.945621,1.218868,-1.712627,-0.493758,1.218868,-1.734728,-0.51586,1.218776,-1.716686,-0.49791,1.218776,-1.783104,-0.564328,3.089114,2.0,
binance_um,BLUEBIRDUSDT,20230607,879,0.934926,1.163298,-1.245039,-0.081742,1.163298,-1.416,-0.252703,1.16444,-1.398391,-0.233951,1.16444,-1.641228,-0.476788,3.747476,2.0,
binance_um,BLUEBIRDUSDT,20230608,415,0.912771,1.293868,-1.152532,0.141335,1.293868,-0.935733,0.358134,1.316128,-1.21814,0.097988,1.316128,-1.136576,0.179552,2.710923,2.0,
binance_um,BLUEBIRDUSDT,20230609,374,0.935294,1.299059,-1.275121,0.023939,1.299059,-0.484883,0.814176,1.308444,-1.411206,-0.102762,1.308444,-0.615353,0.693091,2.559876,2.0,
binance_um,BLUEBIRDUSDT,20230610,1893,0.971421,3.302279,-1.992015,1.310264,3.302279,-3.528631,-0.226351,3.340425,-2.358819,0.981606,3.340425,-3.845535,-0.505109,10.278799,2.0,
binance_um,BLUEBIRDUSDT,20230611,740,0.943378,1.142718,-1.316558,-0.173839,1.142718,-0.358136,0.784583,1.140134,-1.347016,-0.206882,1.140134,-0.365851,0.774283,2.663199,2.0,
binance_um,BLUEBIRDUSDT,20230612,1251,0.970663,1.410206,-1.671927,-0.261721,1.410206,-2.398479,-0.988273,1.413875,-1.679923,-0.266048,1.413875,-2.430836,-1.016961,4.931251,2.0,
binance_um,BLUEBIRDUSDT,20230613,1189,0.978722,1.373251,-1.935809,-0.562557,1.373251,-2.88719,-1.513939,1.380183,-1.966211,-0.586028,1.380183,-2.952942,-1.572759,4.710485,2.0,
binance_um,BLUEBIRDUSDT,20230614,1623,0.980099,1.267156,-1.833758,-0.566603,1.267156,-1.55267,-0.285514,1.266832,-1.892669,-0.625837,1.266832,-1.621838,-0.355006,4.935095,2.0,
binance_um,BLUEBIRDUSDT,20230615,858,0.974009,1.003678,-1.462253,-0.458575,1.003678,-1.22629,-0.222612,1.000264,-1.501134,-0.50087,1.000264,-1.223594,-0.223329,3.233999,2.0,
binance_um,BLUEBIRDUSDT,20230616,811,0.965598,1.059997,-1.459783,-0.399786,1.059997,-1.672812,-0.612815,1.061399,-1.456016,-0.394616,1.061399,-1.675819,-0.61442,2.848158,2.0,
binance_um,BLUEBIRDUSDT,20230617,650,0.937077,1.036387,-1.507997,-0.47161,1.036387,-1.366423,-0.330036,1.035509,-1.581988,-0.546479,1.035509,-1.430749,-0.39524,2.543004,2.0,
binance_um,BLUEBIRDUSDT,20230618,575,0.964522,0.981308,-1.762959,-0.781651,0.981308,-1.599006,-0.617698,0.980061,-1.826133,-0.846072,0.980061,-1.626625,-0.646564,2.441787,2.0,
binance_um,BLUEBIRDUSDT,20230619,567,0.95291,1.032932,-1.575937,-0.543006,1.032932,-1.459516,-0.426584,1.035465,-1.657621,-0.622156,1.035465,-1.647136,-0.611672,2.272914,2.0,
binance_um,BLUEBIRDUSDT,20230620,639,0.96651,0.991857,-1.917324,-0.925467,0.991857,-1.460593,-0.468735,0.993518,-1.958428,-0.96491,0.993518,-1.536612,-0.543094,2.497421,2.0,
binance_um,BLUEBIRDUSDT,20230621,842,0.936698,1.035675,-1.910248,-0.874573,1.035675,-1.876092,-0.840417,1.037515,-1.91054,-0.873025,1.037515,-1.805809,-0.768294,3.50102,2.0,
binance_um,BLUEBIRDUSDT,20230622,704,0.933523,1.265057,-2.303908,-1.038851,1.265057,-2.544109,-1.279052,1.241063,-2.339775,-1.098712,1.241063,-2.68079,-1.439727,3.963089,2.0,
binance_um,BLUEBIRDUSDT,20230623,836,0.955622,1.060023,-2.331136,-1.271114,1.060023,-2.063648,-1.003625,1.056113,-2.356145,-1.300032,1.056113,-2.084647,-1.028534,3.294458,2.0,
binance_um,BLUEBIRDUSDT,20230624,864,0.934144,1.146815,-2.116563,-0.969748,1.146815,-2.100808,-0.953993,1.143856,-2.135104,-0.991248,1.143856,-2.072288,-0.928432,3.639348,2.0,
binance_um,BLUEBIRDUSDT,20230625,792,0.930303,1.022287,-1.779221,-0.756934,1.022287,-1.753431,-0.731143,1.017675,-1.851356,-0.833681,1.017675,-1.835133,-0.817458,2.844301,2.0,
binance_um,BLUEBIRDUSDT,20230626,1040,0.942019,1.053004,-1.90285,-0.849846,1.053004,-1.780605,-0.727601,1.054536,-1.893952,-0.839416,1.054536,-1.803545,-0.74901,3.2472,2.0,
binance_um,BLUEBIRDUSDT,20230627,792,0.932449,1.001261,-1.656909,-0.655648,1.001261,-1.878453,-0.877192,1.003857,-1.676428,-0.672571,1.003857,-1.865794,-0.861937,2.48672,2.0,
binance_um,BLUEBIRDUSDT,20230628,667,0.965067,1.780301,-3.042994,-1.262694,1.780301,-4.468042,-2.687741,1.791782,-3.145462,-1.35368,1.791782,-4.630014,-2.838232,4.026568,2.0,
binance_um,BLUEBIRDUSDT,20230629,430,0.938837,1.406354,-1.888232,-0.481878,1.406354,-1.828429,-0.422075,1.398783,-1.941489,-0.542706,1.398783,-1.838711,-0.439927,2.320372,2.0,
binance_um,BLUEBIRDUSDT,20230630,814,0.976413,2.104591,-2.452827,-0.348235,2.104591,-3.893101,-1.78851,2.114075,-2.443407,-0.329332,2.114075,-3.843489,-1.729414,4.625172,2.0,
binance_um,BLUEBIRDUSDT,20230701,811,0.934155,1.482446,-1.535306,-0.052861,1.482446,-0.919951,0.562495,1.49071,-1.604834,-0.114124,1.49071,-0.982981,0.507729,3.269464,2.0,
binance_um,BLUEBIRDUSDT,20230702,690,0.932899,1.601113,-2.048862,-0.447748,1.601113,-1.953765,-0.352651,1.61653,-2.069037,-0.452507,1.61653,-1.927443,-0.310913,3.024287,2.0,
binance_um,BLUEBIRDUSDT,20230703,580,0.949483,1.605276,-2.256939,-0.651662,1.605276,-2.433963,-0.828686,1.622502,-2.399994,-0.777492,1.622502,-2.705612,-1.08311,3.072699,2.0,
binance_um,BLUEBIRDUSDT,20230704,716,0.939246,1.196558,-1.751162,-0.554604,1.196558,-1.177292,0.019267,1.202164,-1.814944,-0.612779,1.202164,-1.301953,-0.099788,2.707978,2.0,
binance_um,BLUEBIRDUSDT,20230705,905,0.957569,1.355414,-1.904136,-0.548722,1.355414,-1.512889,-0.157475,1.363474,-1.920228,-0.556754,1.363474,-1.515981,-0.152507,2.976056,2.0,
binance_um,BLUEBIRDUSDT,20230706,1028,0.95107,1.373146,-1.899332,-0.526185,1.373146,-1.875297,-0.50215,1.376998,-1.924823,-0.547826,1.376998,-1.948731,-0.571734,2.929313,2.0,
binance_um,BLUEBIRDUSDT,20230707,861,0.919861,1.26956,-1.655653,-0.386094,1.26956,-2.156288,-0.886728,1.271106,-1.695801,-0.424696,1.271106,-2.251262,-0.980157,2.459685,2.0,
binance_um,BLUEBIRDUSDT,20230708,757,0.90317,1.172299,-1.322144,-0.149845,1.172299,-1.606122,-0.433823,1.192073,-1.396405,-0.204333,1.192073,-1.720737,-0.528665,1.717777,2.0,
binance_um,BLUEBIRDUSDT,20230709,536,0.954664,1.191084,-1.204921,-0.013837,1.191084,-1.466155,-0.275071,1.190621,-1.211064,-0.020442,1.190621,-1.498199,-0.307578,1.541316,2.0,
binance_um,BLUEBIRDUSDT,20230710,1120,0.954464,1.570209,-2.221903,-0.651694,1.570209,-2.947111,-1.376902,1.586813,-2.275567,-0.688754,1.586813,-3.096368,-1.509555,3.275221,2.0,
binance_um,BLUEBIRDUSDT,20230711,494,0.946964,1.111348,-1.347021,-0.235672,1.111348,-0.918161,0.193187,1.119744,-1.371424,-0.251679,1.119744,-0.954369,0.165375,1.867317,2.0,
binance_um,BLUEBIRDUSDT,20230712,439,0.929385,1.146042,-1.192526,-0.046484,1.146042,-0.977284,0.168758,1.146619,-1.231386,-0.084767,1.146619,-0.950138,0.196481,2.080387,2.0,
binance_um,BLUEBIRDUSDT,20230713,812,0.949631,1.369296,-1.177465,0.191831,1.369296,-0.850041,0.519255,1.377137,-1.160882,0.216254,1.377137,-0.834247,0.54289,3.499649,2.0,
binance_um,BLUEBIRDUSDT,20230714,1111,0.924032,1.326555,-1.56016,-0.233605,1.326555,-1.418788,-0.092233,1.344566,-1.68127,-0.336703,1.344566,-1.55552,-0.210954,4.104964,2.0,
binance_um,BLUEBIRDUSDT,20230715,1003,0.919242,1.37932,-1.222663,0.156657,1.37932,-1.401332,-0.022012,1.404634,-1.271209,0.133424,1.404634,-1.506398,-0.101765,3.029415,2.0,
binance_um,BLUEBIRDUSDT,20230716,599,0.943239,1.166113,-1.54047,-0.374357,1.166113,-1.220469,-0.054356,1.172833,-1.542834,-0.370001,1.172833,-1.196771,-0.023938,2.424434,2.0,
binance_um,BLUEBIRDUSDT,20230717,904,0.947788,1.155096,-1.912461,-0.757366,1.155096,-1.609453,-0.454358,1.161091,-1.969163,-0.808072,1.161091,-1.69444,-0.533349,3.11913,2.0,
binance_um,BLUEBIRDUSDT,20230718,660,0.92303,1.105626,-1.779649,-0.674023,1.105626,-1.478817,-0.373191,1.11374,-1.880602,-0.766862,1.11374,-1.483011,-0.369271,2.598074,2.0,
binance_um,BLUEBIRDUSDT,20230719,671,0.952012,1.331705,-1.64133,-0.309624,1.331705,-1.552014,-0.220309,1.339061,-1.664474,-0.325413,1.339061,-1.59309,-0.254029,2.995329,2.0,
binance_um,BLUEBIRDUSDT,20230720,491,0.95112,1.133101,-1.255791,-0.12269,1.133101,-1.419602,-0.2865,1.145353,-1.269226,-0.123873,1.145353,-1.340969,-0.195616,2.646621,2.0,
binance_um,BLUEBIRDUSDT,20230721,541,0.956932,1.08779,-0.93255,0.15524,1.08779,-0.149741,0.938049,1.094678,-0.949046,0.145632,1.094678,-0.222759,0.871919,2.440454,2.0,
binance_um,BLUEBIRDUSDT,20230722,354,0.964124,1.004849,-0.937597,0.067252,1.004849,-0.579161,0.425688,1.012303,-0.962606,0.049697,1.012303,-0.588817,0.423486,1.709913,2.0,
binance_um,BLUEBIRDUSDT,20230723,464,0.906897,0.981582,-0.797354,0.184228,0.981582,-1.06081,-0.079228,0.984704,-0.849629,0.135075,0.984704,-1.101681,-0.116977,1.466532,2.0,
binance_um,BLUEBIRDUSDT,20230724,894,0.966555,1.527591,-1.110771,0.41682,1.527591,-1.054675,0.472916,1.536205,-1.087349,0.448857,1.536205,-0.881831,0.654375,3.966911,2.0,
binance_um,BLUEBIRDUSDT,20230725,754,0.975862,1.36881,-0.490585,0.878226,1.36881,-0.488282,0.880528,1.370297,-0.513332,0.856965,1.370297,-0.515497,0.8548,3.358388,2.0,
binance_um,BLUEBIRDUSDT,20230726,516,0.962984,1.250994,-0.959861,0.291133,1.250994,-1.650346,-0.399352,1.256691,-0.972043,0.284648,1.256691,-1.704091,-0.4474,2.681288,2.0,
binance_um,BLUEBIRDUSDT,20230727,445,0.954831,1.05332,-1.089117,-0.035798,1.05332,-1.109004,-0.055685,1.063034,-1.111612,-0.048578,1.063034,-1.181386,-0.118352,2.043802,2.0,
binance_um,BLUEBIRDUSDT,20230728,299,0.961204,1.051227,-1.0474,0.003827,1.051227,-1.458631,-0.407404,1.060291,-1.059945,0.000345,1.060291,-1.451108,-0.390817,1.577388,2.0,
binance_um,BLUEBIRDUSDT,20230729,355,0.974648,1.139588,-1.013431,0.126157,1.139588,-0.599717,0.539871,1.143531,-1.03977,0.103761,1.143531,-0.606191,0.53734,1.6811,2.0,
binance_um,BLUEBIRDUSDT,20230730,337,0.963798,1.119434,-1.262845,-0.143412,1.119434,-1.790226,-0.670793,1.129055,-1.291681,-0.162626,1.129055,-1.889819,-0.760764,1.925336,2.0,
binance_um,BLUEBIRDUSDT,20230731,328,0.97622,1.099371,-1.283577,-0.184206,1.099371,-1.823099,-0.723728,1.09241,-1.283658,-0.191247,1.09241,-1.824332,-0.731922,1.976177,2.0,
binance_um,BLUEBIRDUSDT,20230801,387,0.972351,1.644932,-1.509151,0.13578,1.644932,-2.496103,-0.851171,1.655844,-1.549543,0.106301,1.655844,-2.50667,-0.850826,2.627175,2.0,
binance_um,BLUEBIRDUSDT,20230802,367,0.965123,1.428037,-1.380118,0.047918,1.428037,-3.536023,-2.107986,1.440483,-1.42385,0.016633,1.440483,-3.678259,-2.237776,2.46601,2.0,
binance_um,BLUEBIRDUSDT,20230803,296,0.95,1.217847,-1.280951,-0.063104,1.217847,-0.934899,0.282948,1.227473,-1.302906,-0.075433,1.227473,-1.020347,0.207126,2.001881,2.0,
binance_um,BLUEBIRDUSDT,20230804,338,0.958284,1.204523,-1.365877,-0.161354,1.204523,-1.601546,-0.397023,1.208988,-1.409992,-0.201005,1.208988,-1.606109,-0.397121,1.869809,2.0,
binance_um,BLUEBIRDUSDT,20230805,303,0.960066,1.050906,-0.869918,0.180988,1.050906,-0.96572,0.085187,1.050133,-0.899344,0.150789,1.050133,-0.962568,0.087564,1.564088,2.0,
binance_um,BLUEBIRDUSDT,20230806,301,0.952492,1.062058,-1.031033,0.031025,1.062058,-1.339285,-0.277227,1.070861,-1.042226,0.028635,1.070861,-1.300605,-0.229744,1.409437,2.0,
binance_um,BLUEBIRDUSDT,20230807,395,0.946329,1.151287,-1.20339,-0.052103,1.151287,-1.040484,0.110803,1.155666,-1.249114,-0.093449,1.155666,-1.022905,0.132761,1.830357,2.0,
binance_um,BLUEBIRDUSDT,20230808,383,0.932376,1.021445,-1.082508,-0.061063,1.021445,-1.458985,-0.43754,1.022849,-1.150905,-0.128055,1.022849,-1.454279,-0.431429,1.59234,2.0,
binance_um,BLUEBIRDUSDT,20230809,356,0.917697,0.956869,-1.237513,-0.280644,0.956869,-1.412096,-0.455228,0.96192,-1.315117,-0.353197,0.96192,-1.456965,-0.495045,1.398596,2.0,
binance_um,BLUEBIRDUSDT,20230810,288,0.945833,0.93473,-1.236588,-0.301858,0.93473,-1.504053,-0.569323,0.931706,-1.277873,-0.346167,0.931706,-1.504141,-0.572435,1.295792,2.0,
binance_um,BLUEBIRDUSDT,20230811,288,0.968056,0.989288,-1.388869,-0.39958,0.989288,-1.758698,-0.76941,0.991221,-1.400595,-0.409374,0.991221,-1.824887,-0.833666,1.160467,2.0,
binance_um,BLUEBIRDUSDT,20230812,393,0.92799,0.881599,-0.80639,0.075209,0.881599,-1.006453,-0.124854,0.882273,-0.878195,0.004077,0.882273,-1.14159,-0.259317,1.052893,2.0,
binance_um,BLUEBIRDUSDT,20230813,434,0.928111,0.902533,-0.892699,0.009835,0.902533,-0.925867,-0.023334,0.905929,-0.911842,-0.005913,0.905929,-0.986368,-0.08044,1.041138,2.0,
binance_um,BLUEBIRDUSDT,20230814,475,0.946947,1.067999,-1.186052,-0.118053,1.067999,-1.01625,0.051748,1.080189,-1.211761,-0.131572,1.080189,-1.049882,0.030307,1.592342,2.0,
binance_um,BLUEBIRDUSDT,20230815,510,0.969412,1.499574,-2.862914,-1.36334,1.499574,-7.117474,-5.6179,1.520151,-2.774472,-1.25432,1.520151,-6.751933,-5.231782,2.779371,2.0,
binance_um,BLUEBIRDUSDT,20230816,565,0.953982,1.382857,-2.116985,-0.734129,1.382857,-2.074391,-0.691534,1.373897,-2.149697,-0.7758,1.373897,-2.232294,-0.858397,2.639837,2.0,
binance_um,BLUEBIRDUSDT,20230817,1080,0.956667,2.351023,-4.032351,-1.681328,2.351023,-9.123731,-6.772708,2.391296,-4.181825,-1.790528,2.391296,-9.346427,-6.95513,6.091811,2.0,
binance_um,BLUEBIRDUSDT,20230818,780,0.967692,1.220013,-1.816974,-0.596961,1.220013,-1.735249,-0.515236,1.226381,-1.869814,-0.643433,1.226381,-1.786718,-0.560337,3.136723,2.0,
binance_um,BLUEBIRDUSDT,20230819,583,0.956604,1.104283,-1.575917,-0.471634,1.104283,-1.598838,-0.494555,1.105585,-1.63632,-0.530734,1.105585,-1.611181,-0.505595,1.856398,2.0,
binance_um,BLUEBIRDUSDT,20230820,414,0.932609,0.989666,-1.241636,-0.25197,0.989666,-1.553648,-0.563982,0.993477,-1.26523,-0.271753,0.993477,-1.59746,-0.603983,1.518967,2.0,
binance_um,BLUEBIRDUSDT,20230821,766,0.972063,1.266224,-1.647688,-0.381464,1.266224,-2.316502,-1.050278,1.273064,-1.687682,-0.414618,1.273064,-2.349851,-1.076787,2.839238,2.0,
binance_um,BLUEBIRDUSDT,20230822,798,0.96604,1.277159,-2.010322,-0.733163,1.277159,-3.054018,-1.776859,1.277975,-2.040859,-0.762883,1.277975,-3.092459,-1.814483,3.298063,2.0,
binance_um,BLUEBIRDUSDT,20230823,871,0.966131,1.194448,-1.566981,-0.372533,1.194448,-1.743694,-0.549246,1.198322,-1.575699,-0.377376,1.198322,-1.75115,-0.552827,2.660022,2.0,
binance_um,BLUEBIRDUSDT,20230824,493,0.957201,0.980595,-1.69455,-0.713955,0.980595,-1.837459,-0.856864,0.982453,-1.742626,-0.760174,0.982453,-1.905858,-0.923405,2.130992,2.0,
binance_um,BLUEBIRDUSDT,20230825,490,0.953265,1.006737,-1.622409,-0.615673,1.006737,-2.258753,-1.252016,1.011075,-1.64819,-0.637115,1.011075,-2.26959,-1.258515,2.354992,2.0,
binance_um,BLUEBIRDUSDT,20230826,328,0.902439,0.930662,-0.968055,-0.037393,0.930662,-1.314725,-0.384063,0.935491,-1.026457,-0.090966,0.935491,-1.384751,-0.44926,1.075421,2.0,
binance_um,BLUEBIRDUSDT,20230827,333,0.923724,0.944831,-1.268706,-0.323875,0.944831,-1.465244,-0.520413,0.950174,-1.335059,-0.384885,0.950174,-1.520718,-0.570545,1.297158,2.0,
binance_um,BLUEBIRDUSDT,20230828,452,0.954867,0.987047,-1.256699,-0.269652,0.987047,-0.984298,0.002749,0.991136,-1.304657,-0.31352,0.991136,-1.090257,-0.099121,1.894217,2.0,
binance_um,BLUEBIRDUSDT,20230829,1315,0.967833,1.614167,-3.062452,-1.448285,1.614167,-2.288095,-0.673928,1.628426,-3.097826,-1.4694,1.628426,-2.294444,-0.666018,4.301805,2.0,
binance_um,BLUEBIRDUSDT,20230830,844,0.958175,1.177072,-1.569756,-0.392684,1.177072,-1.671701,-0.494629,1.179147,-1.618582,-0.439435,1.179147,-1.694812,-0.515665,1.898654,2.0,
binance_um,BLUEBIRDUSDT,20230831,791,0.964855,1.16568,-1.438461,-0.272781,1.16568,-1.486667,-0.320987,1.170426,-1.451717,-0.281291,1.170426,-1.489659,-0.319233,2.584934,2.0,
binance_um,BLUEBIRDUSDT,20230901,722,0.936981,1.056226,-1.49304,-0.436814,1.056226,-1.446364,-0.390138,1.057792,-1.535475,-0.477683,1.057792,-1.488382,-0.43059,2.155514,2.0,
binance_um,BLUEBIRDUSDT,20230902,437,0.948055,1.007281,-1.197531,-0.190249,1.007281,-1.2457,-0.238419,1.004594,-1.246755,-0.242162,1.004594,-1.32427,-0.319676,1.592584,2.0,
binance_um,BLUEBIRDUSDT,20230903,332,0.916566,0.997024,-0.934048,0.062977,0.997024,-1.182129,-0.185104,0.996931,-1.033378,-0.036447,0.996931,-1.286398,-0.289467,1.297081,2.0,
binance_um,BLUEBIRDUSDT,20230904,288,0.925347,1.05369,-1.222157,-0.168468,1.05369,-1.018491,0.035199,1.055619,-1.258831,-0.203211,1.055619,-0.999866,0.055753,1.59544,2.0,
binance_um,BLUEBIRDUSDT,20230905,308,0.957143,1.065898,-1.123069,-0.057171,1.065898,-1.411801,-0.345903,1.066273,-1.127989,-0.061716,1.066273,-1.447476,-0.381203,1.517986,2.0,
binance_um,BLUEBIRDUSDT,20230906,271,0.932841,1.154604,-1.570966,-0.416362,1.154604,-1.615679,-0.461075,1.162567,-1.56879,-0.406223,1.162567,-1.538476,-0.375909,1.675759,2.0,
binance_um,BLUEBIRDUSDT,20230907,280,0.924286,1.006175,-1.345817,-0.339642,1.006175,-1.448937,-0.442761,1.002922,-1.395245,-0.392323,1.002922,-1.503092,-0.500169,1.383286,2.0,
binance_um,BLUEBIRDUSDT,20230908,202,0.95,1.051063,-1.429915,-0.378852,1.051063,-1.092205,-0.041142,1.051406,-1.464502,-0.413096,1.051406,-1.087411,-0.036005,1.52355,2.0,
binance_um,BLUEBIRDUSDT,20230909,175,0.858857,1.012207,-0.730536,0.28167,1.012207,-0.926288,0.085919,1.009021,-0.781694,0.227327,1.009021,-0.895171,0.11385,0.894785,2.0,
binance_um,BLUEBIRDUSDT,20230910,261,0.942146,1.411347,-1.845136,-0.43379,1.411347,-2.669584,-1.258237,1.432745,-1.927836,-0.495091,1.432745,-2.656827,-1.224081,2.278595,2.0,
binance_um,BLUEBIRDUSDT,20230911,272,0.966544,1.495865,-1.174597,0.321268,1.495865,-1.208039,0.287826,1.497534,-1.213992,0.283543,1.497534,-1.144964,0.35257,2.766575,2.0,
binance_um,BLUEBIRDUSDT,20230912,323,0.954799,1.438664,-2.119533,-0.68087,1.438664,-1.693144,-0.25448,1.447279,-2.203462,-0.756184,1.447279,-1.820487,-0.373208,2.695709,2.0,
binance_um,BLUEBIRDUSDT,20230913,227,0.910132,1.243162,-1.897144,-0.653982,1.243162,-2.203084,-0.959922,1.254185,-2.030162,-0.775978,1.254185,-2.301174,-1.04699,2.09051,2.0,
binance_um,BLUEBIRDUSDT,20230914,179,0.927933,1.312198,-0.712193,0.600005,1.312198,-0.456375,0.855823,1.312536,-0.789673,0.522863,1.312536,-0.539668,0.772869,1.881526,2.0,
binance_um,BLUEBIRDUSDT,20230915,192,0.910937,1.087336,-0.982117,0.10522,1.087336,-0.620789,0.466548,1.094108,-0.997369,0.096738,1.094108,-0.535884,0.558224,1.522449,2.0,
binance_um,BLUEBIRDUSDT,20230916,208,0.840385,1.096564,-0.623767,0.472797,1.096564,-0.513284,0.583281,1.113761,-0.72091,0.392851,1.113761,-0.573838,0.539923,1.333148,2.0,
binance_um,BLUEBIRDUSDT,20230917,236,0.91822,1.20401,-0.94668,0.25733,1.20401,-1.064868,0.139142,1.203835,-0.999517,0.204318,1.203835,-1.168024,0.035811,1.603042,2.0,
binance_um,BLUEBIRDUSDT,20230918,317,0.947319,1.183218,-1.107653,0.075565,1.183218,-1.103803,0.079415,1.181014,-1.134902,0.046112,1.181014,-1.168673,0.012341,2.011537,2.0,
binance_um,BLUEBIRDUSDT,20230919,199,0.939196,1.152756,-1.249415,-0.096659,1.152756,-1.677329,-0.524573,1.151984,-1.290049,-0.138065,1.151984,-1.667223,-0.515239,1.522779,2.0,
binance_um,BLUEBIRDUSDT,20230920,192,0.949479,1.088585,-1.40993,-0.321345,1.088585,-2.494779,-1.406193,1.08633,-1.471038,-0.384708,1.08633,-2.674072,-1.587741,1.815228,2.0,
binance_um,BLUEBIRDUSDT,20230921,185,0.95027,1.080514,-1.332437,-0.251923,1.080514,-1.108904,-0.028389,1.091605,-1.367247,-0.275642,1.091605,-1.221886,-0.13028,1.877736,2.0,
binance_um,BLUEBIRDUSDT,20230922,196,0.895408,1.203543,-0.904269,0.299275,1.203543,-1.026601,0.176943,1.194669,-0.90844,0.28623,1.194669,-0.961689,0.23298,1.21802,2.0,
binance_um,BLUEBIRDUSDT,20230923,598,0.861538,1.215867,-0.844705,0.371163,1.215867,-1.175685,0.040182,1.222939,-0.881434,0.341505,1.222939,-1.191432,0.031507,1.122319,2.0,
binance_um,BLUEBIRDUSDT,20230924,533,0.793433,1.239683,-1.246314,-0.00663,1.239683,-1.563806,-0.324123,1.261368,-1.305237,-0.043869,1.261368,-1.780724,-0.519356,1.347335,2.0,
binance_um,BLUEBIRDUSDT,20230925,411,0.852798,1.203897,-1.337534,-0.133637,1.203897,-2.05659,-0.852693,1.214723,-1.364675,-0.149952,1.214723,-2.138361,-0.923637,1.436293,2.0,
binance_um,BLUEBIRDUSDT,20230926,390,0.881795,1.258271,-1.438219,-0.179949,1.258271,-2.025362,-0.767092,1.273773,-1.562144,-0.288371,1.273773,-2.22971,-0.955937,1.456667,2.0,
binance_um,BLUEBIRDUSDT,20230927,453,0.862914,1.5337,-1.103049,0.430651,1.5337,-1.068985,0.464715,1.591275,-1.178323,0.412952,1.591275,-1.175384,0.415891,1.565929,2.0,
binance_um,BLUEBIRDUSDT,20230928,862,0.772622,1.231553,-0.96758,0.263972,1.231553,-1.124576,0.106977,1.246524,-1.011558,0.234966,1.246524,-1.100327,0.146198,1.584919,2.0,
binance_um,BLUEBIRDUSDT,20230929,681,0.802643,1.263461,-1.088438,0.175023,1.263461,-1.563787,-0.300326,1.282661,-1.126722,0.155939,1.282661,-1.536129,-0.253468,1.514057,2.0,
binance_um,BLUEBIRDUSDT,20230930,569,0.753251,1.21418,-0.892345,0.321835,1.21418,-0.943711,0.270469,1.216573,-1.005551,0.211022,1.216573,-1.133378,0.083196,1.118341,2.0,
binance_um,BLUEBIRDUSDT,20231001,1009,0.777304,1.194167,-1.354633,-0.160466,1.194167,-1.377186,-0.183019,1.208399,-1.553095,-0.344696,1.208399,-1.616731,-0.408332,1.650281,2.0,
binance_um,BLUEBIRDUSDT,20231002,1453,0.756504,1.166097,-1.027744,0.138352,1.166097,-1.216527,-0.05043,1.180032,-1.148018,0.032014,1.180032,-1.319107,-0.139076,2.257415,2.0,
binance_um,BLUEBIRDUSDT,20231003,1062,0.791055,1.122214,-1.02876,0.093454,1.122214,-1.043573,0.078642,1.121669,-1.141255,-0.019586,1.121669,-1.142716,-0.021046,1.519141,2.0,
binance_um,BLUEBIRDUSDT,20231004,739,0.885656,1.179578,-1.581317,-0.401738,1.179578,-2.260901,-1.081323,1.187909,-1.710615,-0.522706,1.187909,-2.360204,-1.172295,1.713706,2.0,
binance_um,BLUEBIRDUSDT,20231005,441,0.856009,1.147406,-1.040734,0.106672,1.147406,-1.373337,-0.225931,1.153152,-1.115758,0.037395,1.153152,-1.422625,-0.269472,1.345688,2.0,
binance_um,BLUEBIRDUSDT,20231006,440,0.846364,1.157538,-1.304347,-0.146809,1.157538,-1.491953,-0.334415,1.187692,-1.405775,-0.218082,1.187692,-1.602182,-0.41449,1.265793,2.0,
binance_um,BLUEBIRDUSDT,20231007,353,0.794051,0.994383,-0.809789,0.184594,0.994383,-0.967985,0.026398,0.994296,-0.95104,0.043257,0.994296,-1.132141,-0.137845,0.775702,2.0,
binance_um,BLUEBIRDUSDT,20231008,441,0.842857,1.012763,-1.062215,-0.049452,1.012763,-0.898016,0.114747,1.02421,-1.217206,-0.192996,1.02421,-1.071347,-0.047137,1.136157,2.0,
binance_um,BLUEBIRDUSDT,20231009,515,0.904272,1.368239,-2.827233,-1.458994,1.368239,-1.663036,-0.294797,1.400549,-3.043945,-1.643396,1.400549,-1.572283,-0.171734,2.48773,2.0,
binance_um,BLUEBIRDUSDT,20231010,358,0.935475,1.16599,-1.477226,-0.311237,1.16599,-1.870425,-0.704436,1.174587,-1.454547,-0.279961,1.174587,-1.851543,-0.676956,1.865374,2.0,
binance_um,BLUEBIRDUSDT,20231011,257,0.922957,1.159394,-2.094787,-0.935393,1.159394,-1.677358,-0.517964,1.177987,-2.274327,-1.09634,1.177987,-1.802011,-0.624024,1.872765,2.0,
binance_um,BLUEBIRDUSDT,20231012,229,0.942795,1.185965,-2.162375,-0.97641,1.185965,-1.128262,0.057702,1.183243,-2.156018,-0.972775,1.183243,-1.232204,-0.048962,1.644489,2.0,
binance_um,BLUEBIRDUSDT,20231013,315,0.906349,1.097244,-0.939324,0.15792,1.097244,-1.002097,0.095146,1.104137,-0.962908,0.141229,1.104137,-1.027397,0.07674,1.477676,2.0,
binance_um,BLUEBIRDUSDT,20231014,204,0.881863,1.097487,-1.0243,0.073186,1.097487,-1.196282,-0.098796,1.097503,-1.081513,0.01599,1.097503,-1.185272,-0.087768,0.875711,2.0,
binance_um,BLUEBIRDUSDT,20231015,388,0.892784,1.106502,-1.296917,-0.190415,1.106502,-1.785256,-0.678754,1.123201,-1.369049,-0.245847,1.123201,-1.861706,-0.738504,1.237033,2.0,
binance_um,BLUEBIRDUSDT,20231016,679,0.918115,1.29844,-1.941464,-0.643023,1.29844,-2.569991,-1.271551,1.316743,-1.98203,-0.665287,1.316743,-2.744012,-1.427269,2.485751,2.0,
binance_um,BLUEBIRDUSDT,20231017,564,0.876596,1.116969,-1.206541,-0.089572,1.116969,-1.157859,-0.04089,1.135918,-1.209943,-0.074025,1.135918,-1.165577,-0.029659,1.860307,2.0,
binance_um,BLUEBIRDUSDT,20231018,406,0.850246,1.0973,-0.961111,0.136189,1.0973,-0.317824,0.779476,1.122445,-0.966291,0.156155,1.122445,-0.247452,0.874994,1.39285,2.0,
binance_um,BLUEBIRDUSDT,20231019,241,0.900415,1.351923,-1.565095,-0.213172,1.351923,-1.612311,-0.260388,1.382726,-1.69305,-0.310324,1.382726,-1.869276,-0.48655,1.528702,2.0,
binance_um,BLUEBIRDUSDT,20231020,292,0.903082,1.097869,-1.439417,-0.341548,1.097869,-0.63593,0.461939,1.107091,-1.448766,-0.341675,1.107091,-0.757205,0.349886,1.795255,2.0,
binance_um,BLUEBIRDUSDT,20231021,222,0.892793,1.051861,-1.184352,-0.132491,1.051861,-1.09117,-0.039309,1.059492,-1.245574,-0.186083,1.059492,-1.101822,-0.04233,1.39325,2.0,
binance_um,BLUEBIRDUSDT,20231022,262,0.90458,1.122914,-1.9711,-0.848186,1.122914,-2.042644,-0.91973,1.120993,-2.02443,-0.903437,1.120993,-1.807467,-0.686474,1.718199,2.0,
binance_um,BLUEBIRDUSDT,20231023,652,0.86365,1.328291,-2.532835,-1.204544,1.328291,-1.227892,0.100399,1.376433,-2.697297,-1.320864,1.376433,-1.439989,-0.063557,3.344013,2.0,
binance_um,BLUEBIRDUSDT,20231024,970,0.876804,1.146534,-2.080828,-0.934294,1.146534,-2.405108,-1.258574,1.175555,-2.248225,-1.07267,1.175555,-2.632508,-1.456953,4.251132,2.0,
binance_um,BLUEBIRDUSDT,20231025,821,0.810962,1.043602,-1.694024,-0.650423,1.043602,-1.523961,-0.48036,1.076045,-1.845865,-0.76982,1.076045,-1.933625,-0.857579,3.399033,2.0,
binance_um,BLUEBIRDUSDT,20231026,1151,0.802085,1.167413,-1.549929,-0.382516,1.167413,-1.115604,0.051808,1.21073,-1.789426,-0.578697,1.21073,-1.364328,-0.153598,4.266319,2.0,
binance_um,BLUEBIRDUSDT,20231027,1116,0.796326,1.38624,-1.505,-0.11876,1.38624,-2.185349,-0.799109,1.460191,-1.648072,-0.187881,1.460191,-2.496076,-1.035885,3.533303,2.0,
binance_um,BLUEBIRDUSDT,20231028,635,0.840787,1.026793,-1.078306,-0.051513,1.026793,-1.304459,-0.277667,1.048368,-1.169925,-0.121558,1.048368,-1.454506,-0.406138,1.75216,2.0,
binance_um,BLUEBIRDUSDT,20231029,474,0.883333,1.073338,-1.43217,-0.358832,1.073338,-1.484009,-0.410671,1.100055,-1.516776,-0.416721,1.100055,-1.552045,-0.45199,1.901268,2.0,
binance_um,BLUEBIRDUSDT,20231030,617,0.86564,1.023606,-1.245635,-0.222028,1.023606,-1.669927,-0.646321,1.045493,-1.443557,-0.398064,1.045493,-1.822247,-0.776754,2.257876,2.0,
binance_um,BLUEBIRDUSDT,20231031,695,0.890791,1.257899,-1.50687,-0.248971,1.257899,-0.901366,0.356533,1.291788,-1.616071,-0.324282,1.291788,-1.051911,0.239877,2.658763,2.0,
binance_um,BLUEBIRDUSDT,20231101,357,0.958824,1.503726,-1.498883,0.004844,1.503726,-0.709351,0.794375,1.511366,-1.479591,0.031775,1.511366,-0.663239,0.848127,2.766653,2.0,
binance_um,BLUEBIRDUSDT,20231102,330,0.975152,1.382075,-1.657164,-0.275089,1.382075,-1.932279,-0.550204,1.391549,-1.664744,-0.273196,1.391549,-1.964962,-0.573413,3.291441,2.0,
binance_um,BLUEBIRDUSDT,20231103,266,0.957895,1.33423,-0.864349,0.469881,1.33423,0.140383,1.474613,1.346902,-0.8642,0.482702,1.346902,0.098304,1.445207,2.580054,2.0,
binance_um,BLUEBIRDUSDT,20231104,305,0.981967,1.429035,-1.22719,0.201844,1.429035,-1.720194,-0.291159,1.428434,-1.231039,0.197395,1.428434,-1.722474,-0.29404,1.909364,2.0,
binance_um,BLUEBIRDUSDT,20231105,432,0.9625,1.362465,-1.787225,-0.42476,1.362465,-1.843436,-0.48097,1.374427,-1.817628,-0.443202,1.374427,-1.886784,-0.512357,2.695713,2.0,
binance_um,BLUEBIRDUSDT,20231106,541,0.961922,1.414184,-1.624627,-0.210442,1.414184,-1.380925,0.03326,1.42616,-1.676312,-0.250152,1.42616,-1.45052,-0.02436,3.23657,2.0,
binance_um,BLUEBIRDUSDT,20231107,596,0.972819,1.378932,-2.022838,-0.643906,1.378932,-2.770224,-1.391292,1.386393,-2.072212,-0.685819,1.386393,-2.760548,-1.374155,3.512077,2.0,
binance_um,BLUEBIRDUSDT,20231108,636,0.968239,1.185039,-1.25556,-0.070521,1.185039,-1.435828,-0.250789,1.191338,-1.263212,-0.071874,1.191338,-1.488164,-0.296826,2.403437,2.0,
binance_um,BLUEBIRDUSDT,20231109,926,0.973434,1.960582,-3.424631,-1.464049,1.960582,-7.190878,-5.230296,1.964707,-3.467292,-1.502584,1.964707,-7.428259,-5.463551,5.441301,2.0,
binance_um,BLUEBIRDUSDT,20231110,759,0.956522,1.444866,-1.142739,0.302127,1.444866,-0.781502,0.663364,1.454023,-1.189578,0.264445,1.454023,-0.739746,0.714277,3.33385,2.0,
binance_um,BLUEBIRDUSDT,20231111,792,0.96553,1.397033,-1.958156,-0.561123,1.397033,-1.708719,-0.311686,1.398516,-1.988668,-0.590153,1.398516,-1.749628,-0.351112,4.030383,2.0,
binance_um,BLUEBIRDUSDT,20231112,605,0.976529,1.410177,-1.51762,-0.107443,1.410177,-1.848266,-0.438089,1.41109,-1.53705,-0.12596,1.41109,-1.788878,-0.377788,3.438622,2.0,
binance_um,BLUEBIRDUSDT,20231113,668,0.95988,1.539574,-2.235936,-0.696362,1.539574,-2.699804,-1.160231,1.532056,-2.300045,-0.767989,1.532056,-2.782222,-1.250166,3.803331,2.0,
binance_um,BLUEBIRDUSDT,20231114,631,0.963233,2.131229,-3.597316,-1.466087,2.131229,-3.555304,-1.424075,2.143913,-3.622367,-1.478455,2.143913,-3.606132,-1.46222,4.008902,2.0,
binance_um,BLUEBIRDUSDT,20231115,493,0.96856,1.341609,-2.086068,-0.744458,1.341609,-2.233055,-0.891445,1.345242,-2.079809,-0.734566,1.345242,-2.315107,-0.969865,2.915046,2.0,
binance_um,BLUEBIRDUSDT,20231116,1016,0.976575,1.470146,-2.430257,-0.960111,1.470146,-2.554755,-1.084609,1.475427,-2.443448,-0.968021,1.475427,-2.580109,-1.104682,4.902291,2.0,
binance_um,BLUEBIRDUSDT,20231117,994,0.953924,1.38037,-1.810948,-0.430577,1.38037,-1.401951,-0.021581,1.384096,-1.861858,-0.477761,1.384096,-1.445992,-0.061895,4.533195,2.0,
binance_um,BLUEBIRDUSDT,20231118,754,0.966976,1.345087,-2.053325,-0.708238,1.345087,-2.830927,-1.48584,1.348074,-2.104758,-0.756684,1.348074,-2.956073,-1.607999,3.36895,2.0,
binance_um,BLUEBIRDUSDT,20231119,496,0.953024,1.260161,-1.396276,-0.136115,1.260161,-2.020085,-0.759923,1.270091,-1.41569,-0.145598,1.270091,-2.104892,-0.8348,2.183987,2.0,
binance_um,BLUEBIRDUSDT,20231120,1024,0.964648,1.753716,-3.056362,-1.302646,1.753716,-4.459249,-2.705533,1.757268,-3.059202,-1.301933,1.757268,-4.191309,-2.43404,4.963197,2.0,
binance_um,BLUEBIRDUSDT,20231121,2525,0.975406,2.323519,-3.852051,-1.528532,2.323519,-3.373565,-1.050046,2.331242,-3.861131,-1.529889,2.331242,-3.25342,-0.922178,8.152588,2.0,
binance_um,BLUEBIRDUSDT,20231122,799,0.941677,1.466415,-1.747045,-0.28063,1.466415,-1.813946,-0.347531,1.465684,-1.774667,-0.308982,1.465684,-1.770119,-0.304435,3.24386,2.0,
binance_um,BLUEBIRDUSDT,20231123,600,0.934333,1.317904,-1.196611,0.121292,1.317904,-1.193175,0.124729,1.33117,-1.237584,0.093586,1.33117,-1.211677,0.119492,2.20422,2.0,
binance_um,BLUEBIRDUSDT,20231124,574,0.958885,1.422646,-1.38711,0.035536,1.422646,-1.617303,-0.194657,1.438601,-1.384753,0.053848,1.438601,-1.651479,-0.212878,2.155891,2.0,
binance_um,BLUEBIRDUSDT,20231125,436,0.943807,1.197733,-1.257388,-0.059655,1.197733,-1.226121,-0.028388,1.208399,-1.284527,-0.076128,1.208399,-1.243755,-0.035356,1.44388,2.0,
binance_um,BLUEBIRDUSDT,20231126,549,0.945537,1.275019,-1.134578,0.140441,1.275019,-1.58365,-0.308631,1.282112,-1.15953,0.122582,1.282112,-1.626387,-0.344276,1.98286,2.0,
binance_um,BLUEBIRDUSDT,20231127,510,0.941569,1.568514,-1.858202,-0.289688,1.568514,-2.698804,-1.13029,1.569441,-1.961507,-0.392066,1.569441,-2.708668,-1.139227,2.77908,2.0,
binance_um,BLUEBIRDUSDT,20231128,434,0.920737,1.322017,-1.226675,0.095342,1.322017,-2.008699,-0.686682,1.334292,-1.32236,0.011932,1.334292,-2.123085,-0.788793,2.263207,2.0,
binance_um,BLUEBIRDUSDT,20231129,476,0.931303,1.199069,-1.273094,-0.074025,1.199069,-1.321566,-0.122498,1.206663,-1.332558,-0.125895,1.206663,-1.428455,-0.221792,2.010626,2.0,
binance_um,BLUEBIRDUSDT,20231130,444,0.931757,1.209907,-1.598738,-0.388831,1.209907,-1.70524,-0.495333,1.225111,-1.677466,-0.452355,1.225111,-1.851244,-0.626133,1.684071,2.0,
binance_um,BLUEBIRDUSDT,20231201,403,0.930521,1.18914,-1.521609,-0.332469,1.18914,-1.578544,-0.389404,1.205389,-1.588378,-0.382989,1.205389,-1.605433,-0.400044,1.628009,2.0,
binance_um,BLUEBIRDUSDT,20231202,364,0.918407,1.423232,-1.332144,0.091088,1.423232,-1.399575,0.023657,1.450044,-1.385314,0.06473,1.450044,-1.452841,-0.002797,1.473589,2.0,
binance_um,BLUEBIRDUSDT,20231203,537,0.941155,1.35999,-1.509525,-0.149536,1.35999,-2.341055,-0.981065,1.370051,-1.531507,-0.161456,1.370051,-2.390248,-1.020196,1.673616,2.0,
binance_um,BLUEBIRDUSDT,20231204,1019,0.942689,1.811443,-1.571833,0.239609,1.811443,-0.883405,0.928038,1.8366,-1.594862,0.241739,1.8366,-1.058971,0.77763,3.729237,2.0,
binance_um,BLUEBIRDUSDT,20231205,829,0.943426,1.447959,-2.608163,-1.160204,1.447959,-3.054166,-1.606207,1.455746,-2.657168,-1.201423,1.455746,-3.082696,-1.62695,3.45526,2.0,
binance_um,BLUEBIRDUSDT,20231206,1080,0.936019,1.527693,-2.46528,-0.937588,1.527693,-2.174434,-0.646741,1.544615,-2.469037,-0.924422,1.544615,-2.266977,-0.722362,4.694579,2.0,
binance_um,BLUEBIRDUSDT,20231207,733,0.933424,1.127116,-2.014007,-0.886891,1.127116,-2.239372,-1.112256,1.130953,-2.01784,-0.886887,1.130953,-2.30795,-1.176998,3.203725,2.0,
binance_um,BLUEBIRDUSDT,20231208,531,0.936723,1.101771,-1.989092,-0.887322,1.101771,-2.344685,-1.242915,1.110258,-1.984884,-0.874626,1.110258,-2.411177,-1.300919,2.738162,2.0,
binance_um,BLUEBIRDUSDT,20231209,476,0.926891,1.284676,-2.472505,-1.187829,1.284676,-2.537648,-1.252972,1.284956,-2.498952,-1.213996,1.284956,-2.520759,-1.235803,3.477647,2.0,
binance_um,BLUEBIRDUSDT,20231210,450,0.911778,1.074059,-2.068658,-0.994599,1.074059,-2.05147,-0.977411,1.069575,-2.074664,-1.00509,1.069575,-2.022602,-0.953027,2.36959,2.0,
binance_um,BLUEBIRDUSDT,20231211,1044,0.937644,1.684567,-3.506477,-1.82191,1.684567,-4.524164,-2.839597,1.714469,-3.531333,-1.816865,1.714469,-4.456163,-2.741694,7.310433,2.0,
binance_um,BLUEBIRDUSDT,20231212,599,0.951753,1.415699,-1.829946,-0.414246,1.415699,-1.492708,-0.077008,1.421174,-1.826097,-0.404923,1.421174,-1.507154,-0.08598,3.959493,2.0,
binance_um,BLUEBIRDUSDT,20231213,498,0.925502,1.477678,-2.140659,-0.662981,1.477678,-1.980331,-0.502653,1.495937,-2.171586,-0.67565,1.495937,-2.047817,-0.55188,3.555884,2.0,
binance_um,BLUEBIRDUSDT,20231214,431,0.908585,1.65099,-2.420027,-0.769037,1.65099,-1.258338,0.392652,1.665174,-2.392243,-0.727069,1.665174,-1.166853,0.498322,3.243573,2.0,
binance_um,BLUEBIRDUSDT,20231215,793,0.93367,1.543229,-1.943118,-0.399889,1.543229,-2.631119,-1.087889,1.54595,-1.961725,-0.415775,1.54595,-2.716769,-1.170819,2.234815,2.0,
binance_um,BLUEBIRDUSDT,20231216,1095,0.93726,1.322977,-1.841739,-0.518761,1.322977,-2.469822,-1.146845,1.317768,-1.869694,-0.551926,1.317768,-2.485134,-1.167367,1.96235,2.0,
binance_um,BLUEBIRDUSDT,20231217,946,0.945877,1.279175,-2.284314,-1.005139,1.279175,-2.404132,-1.124957,1.278201,-2.332536,-1.054335,1.278201,-2.452581,-1.17438,2.189237,2.0,
binance_um,BLUEBIRDUSDT,20231218,1274,0.943956,1.487559,-2.659546,-1.171988,1.487559,-2.72574,-1.238181,1.496029,-2.713918,-1.217888,1.496029,-2.837192,-1.341163,3.033993,2.0,
binance_um,BLUEBIRDUSDT,20231219,1087,0.951794,1.451577,-2.261617,-0.81004,1.451577,-2.479748,-1.028171,1.460308,-2.329398,-0.86909,1.460308,-2.511755,-1.051447,2.690062,2.0,
binance_um,BLUEBIRDUSDT,20231220,1007,0.953923,1.423504,-2.128351,-0.704847,1.423504,-2.26139,-0.837886,1.429029,-2.1712,-0.742171,1.429029,-2.254508,-0.825479,2.628702,2.0,
binance_um,BLUEBIRDUSDT,20231221,1334,0.958621,1.290621,-2.285239,-0.994618,1.290621,-2.669397,-1.378776,1.297501,-2.321263,-1.023761,1.297501,-2.695132,-1.397631,3.097172,2.0,
binance_um,BLUEBIRDUSDT,20231222,1197,0.94528,1.355534,-1.863071,-0.507537,1.355534,-1.931747,-0.576213,1.353925,-1.925979,-0.572055,1.353925,-1.989128,-0.635203,2.74827,2.0,
binance_um,BLUEBIRDUSDT,20231223,834,0.9494,1.225586,-1.853054,-0.627468,1.225586,-2.121221,-0.895635,1.232842,-1.912009,-0.679167,1.232842,-2.17603,-0.943187,1.878109,2.0,
binance_um,BLUEBIRDUSDT,20231224,731,0.961012,1.362613,-1.870731,-0.508118,1.362613,-1.542986,-0.180373,1.37609,-1.913459,-0.537369,1.37609,-1.560463,-0.184373,2.639432,2.0,
binance_um,BLUEBIRDUSDT,20231225,351,0.943875,1.15027,-1.657834,-0.507564,1.15027,-1.849932,-0.699663,1.150798,-1.672865,-0.522067,1.150798,-1.923835,-0.773037,2.179907,2.0,
binance_um,BLUEBIRDUSDT,20231226,1000,0.9541,1.700507,-1.925437,-0.22493,1.700507,-1.853739,-0.153231,1.709835,-1.952438,-0.242603,1.709835,-1.832702,-0.122867,4.962419,2.0,
binance_um,BLUEBIRDUSDT,20231227,837,0.942891,1.259602,-1.565317,-0.305715,1.259602,-1.811957,-0.552355,1.272136,-1.614642,-0.342505,1.272136,-1.787878,-0.515742,3.777396,2.0,
binance_um,BLUEBIRDUSDT,20231228,1890,0.92381,1.096304,-1.304444,-0.20814,1.096304,-1.82233,-0.726026,1.097589,-1.328514,-0.230925,1.097589,-1.933089,-0.8355,4.705236,2.0,
binance_um,BLUEBIRDUSDT,20231229,1724,0.920476,1.022668,-1.697921,-0.675252,1.022668,-1.273827,-0.251158,1.027831,-1.736614,-0.708782,1.027831,-1.334019,-0.306187,3.834612,2.0,
binance_um,BLUEBIRDUSDT,20231230,1191,0.911587,0.94736,-1.538495,-0.591135,0.94736,-1.622102,-0.674742,0.954402,-1.599749,-0.645346,0.954402,-1.600008,-0.645606,2.213565,2.0,
binance_um,BLUEBIRDUSDT,20231231,1279,0.913917,0.943725,-1.308865,-0.36514,0.943725,-1.318521,-0.374796,0.945888,-1.295125,-0.349238,0.945888,-1.352882,-0.406994,2.333412,2.0,
binance_um,BLUEBIRDUSDT,20240101,1137,0.910818,0.932281,-1.355465,-0.423184,0.932281,-1.3541,-0.421819,0.941673,-1.356738,-0.415065,0.941673,-1.441816,-0.500143,1.875427,2.0,
binance_um,BLUEBIRDUSDT,20240102,1025,0.917463,0.993246,-1.319409,-0.326163,0.993246,-0.903479,0.089767,1.001954,-1.326842,-0.324888,1.001954,-0.846449,0.155505,2.89837,2.0,
binance_um,BLUEBIRDUSDT,20240103,1399,0.951322,2.134003,-3.541227,-1.407224,2.134003,-2.79605,-0.662047,2.144386,-3.591668,-1.447282,2.144386,-3.092457,-0.948071,6.662691,2.0,
binance_um,BLUEBIRDUSDT,20240104,602,0.937043,1.144701,-1.454822,-0.310121,1.144701,-1.873072,-0.728371,1.145262,-1.538167,-0.392905,1.145262,-1.826979,-0.681717,3.136759,2.0,
binance_um,BLUEBIRDUSDT,20240105,549,0.948452,1.472262,-1.612672,-0.140411,1.472262,-1.517043,-0.044782,1.478979,-1.643892,-0.164913,1.478979,-1.720068,-0.241088,4.092556,2.0,
binance_um,BLUEBIRDUSDT,20240106,447,0.93915,1.234657,-1.649057,-0.4144,1.234657,-1.11754,0.117116,1.25067,-1.744387,-0.493718,1.25067,-1.293395,-0.042725,3.567148,2.0,
binance_um,BLUEBIRDUSDT,20240107,396,0.942424,1.136843,-1.420204,-0.283361,1.136843,-0.960066,0.176777,1.138105,-1.559472,-0.421366,1.138105,-1.087479,0.050627,3.323452,2.0,
binance_um,BLUEBIRDUSDT,20240108,452,0.950221,1.523414,-1.7509,-0.227486,1.523414,-1.862773,-0.339359,1.533644,-1.798326,-0.264682,1.533644,-1.785692,-0.252048,4.610918,2.0,
binance_um,BLUEBIRDUSDT,20240109,644,0.940683,2.204817,-2.004602,0.200215,2.204817,-1.218153,0.986664,2.203135,-2.058334,0.1448,2.203135,-0.95006,1.253075,5.429443,2.0,
binance_um,BLUEBIRDUSDT,20240110,605,0.926281,1.925344,-0.830498,1.094846,1.925344,-3.039603,-1.114259,1.940407,-0.809921,1.130486,1.940407,-3.022348,-1.081941,4.608814,2.0,
binance_um,BLUEBIRDUSDT,20240111,458,0.926419,1.67982,-1.167546,0.512275,1.67982,-1.740021,-0.0602,1.68107,-1.25551,0.42556,1.68107,-1.922712,-0.241642,4.432186,2.0,
binance_um,BLUEBIRDUSDT,20240112,432,0.936806,1.739937,-1.376776,0.363161,1.739937,0.557217,2.297154,1.766113,-1.432283,0.333831,1.766113,0.589425,2.355538,4.5517,2.0,
binance_um,BLUEBIRDUSDT,20240113,264,0.934091,1.327519,-0.851184,0.476334,1.327519,-0.999349,0.32817,1.320168,-0.85351,0.466658,1.320168,-0.966208,0.35396,2.643699,2.0,
binance_um,BLUEBIRDUSDT,20240114,394,0.932995,1.18198,-0.939738,0.242242,1.18198,-1.400652,-0.218672,1.186646,-0.927334,0.259312,1.186646,-1.307415,-0.120769,2.981613,2.0,
binance_um,BLUEBIRDUSDT,20240115,492,0.936382,1.202653,-1.266317,-0.063664,1.202653,-1.326385,-0.123733,1.203237,-1.234147,-0.030909,1.203237,-1.290663,-0.087425,3.311019,2.0,
binance_um,BLUEBIRDUSDT,20240116,416,0.935096,1.489869,-0.86535,0.624519,1.489869,-1.105978,0.383891,1.490992,-0.938588,0.552403,1.490992,-1.256534,0.234458,2.511965,2.0,
binance_um,BLUEBIRDUSDT,20240117,293,0.93686,1.274302,-1.319863,-0.04556,1.274302,-1.486721,-0.212418,1.281379,-1.312655,-0.031276,1.281379,-1.500471,-0.219092,2.651129,2.0,
binance_um,BLUEBIRDUSDT,20240118,411,0.950122,1.278695,-1.55273,-0.274035,1.278695,-0.479314,0.799381,1.287286,-1.582342,-0.295056,1.287286,-0.513158,0.774128,2.68616,2.0,
binance_um,BLUEBIRDUSDT,20240119,571,0.956042,1.409551,-1.720978,-0.311428,1.409551,-1.969573,-0.560022,1.424432,-1.722444,-0.298012,1.424432,-1.966497,-0.542065,3.03992,2.0,
binance_um,BLUEBIRDUSDT,20240120,425,0.932941,1.03976,-1.733929,-0.694169,1.03976,-2.124754,-1.084994,1.050163,-1.809056,-0.758893,1.050163,-2.258105,-1.207942,2.589751,2.0,
binance_um,BLUEBIRDUSDT,20240121,585,0.947179,1.077213,-1.385206,-0.307993,1.077213,-1.338598,-0.261385,1.081967,-1.34735,-0.265383,1.081967,-1.184488,-0.102521,2.764534,2.0,
binance_um,BLUEBIRDUSDT,20240122,693,0.924098,1.142144,-1.644452,-0.502309,1.142144,-2.071395,-0.929251,1.151243,-1.702866,-0.551623,1.151243,-2.248565,-1.097322,4.006446,2.0,
binance_um,BLUEBIRDUSDT,20240123,532,0.93891,1.303665,-2.086732,-0.783067,1.303665,-2.500955,-1.19729,1.311821,-2.180708,-0.868887,1.311821,-2.746901,-1.43508,4.199936,2.0,
binance_um,BLUEBIRDUSDT,20240124,370,0.951351,1.108816,-1.644189,-0.535373,1.108816,-2.264275,-1.155459,1.118848,-1.640619,-0.521771,1.118848,-2.308813,-1.189965,2.936579,2.0,
binance_um,BLUEBIRDUSDT,20240125,413,0.951574,1.034649,-1.788434,-0.753784,1.034649,-2.057924,-1.023275,1.032977,-1.811416,-0.778439,1.032977,-2.03029,-0.997314,2.706288,2.0,
binance_um,BLUEBIRDUSDT,20240126,482,0.948963,0.992323,-1.457864,-0.465541,0.992323,-1.169527,-0.177204,0.999383,-1.515034,-0.51565,0.999383,-1.208448,-0.209065,2.068268,2.0,
binance_um,BLUEBIRDUSDT,20240127,316,0.911392,0.979715,-1.570682,-0.590968,0.979715,-1.40081,-0.421095,0.988168,-1.59032,-0.602152,0.988168,-1.529649,-0.541481,1.533185,2.0,
binance_um,BLUEBIRDUSDT,20240128,303,0.909241,0.965193,-1.482601,-0.517407,0.965193,-1.525851,-0.560658,0.973268,-1.655487,-0.682218,0.973268,-1.658008,-0.68474,1.900433,2.0,
binance_um,BLUEBIRDUSDT,20240129,519,0.915992,1.008626,-1.296493,-0.287867,1.008626,-1.204404,-0.195778,1.024657,-1.333877,-0.30922,1.024657,-1.215209,-0.190552,2.340091,2.0,
binance_um,BLUEBIRDUSDT,20240130,369,0.897561,0.885747,-1.457304,-0.571558,0.885747,-1.656457,-0.77071,0.899102,-1.461885,-0.562783,0.899102,-1.614739,-0.715637,1.887662,2.0,
binance_um,BLUEBIRDUSDT,20240131,487,0.891786,1.218612,-1.246223,-0.027611,1.218612,-1.649036,-0.430424,1.233731,-1.208217,0.025514,1.233731,-1.634665,-0.400934,2.331304,2.0,
binance_um,BLUEBIRDUSDT,20240201,385,0.861818,1.217504,-1.465507,-0.248003,1.217504,-1.04591,0.171595,1.2358,-1.543837,-0.308037,1.2358,-0.983324,0.252477,2.005745,2.0,
binance_um,BLUEBIRDUSDT,20240202,572,0.854545,1.026404,-1.357737,-0.331333,1.026404,-1.482769,-0.456365,1.048479,-1.353977,-0.305497,1.048479,-1.48304,-0.43456,1.591691,2.0,
binance_um,BLUEBIRDUSDT,20240203,510,0.846471,0.989636,-0.929014,0.060622,0.989636,-1.259558,-0.269922,0.9932,-0.921412,0.071788,0.9932,-1.163801,-0.170601,1.123758,2.0,
binance_um,BLUEBIRDUSDT,20240204,721,0.873509,1.101251,-1.132112,-0.030861,1.101251,-1.022491,0.07876,1.12743,-1.195371,-0.067941,1.12743,-1.108838,0.018591,1.67015,2.0,
binance_um,BLUEBIRDUSDT,20240205,747,0.884471,1.054557,-1.454064,-0.399506,1.054557,-1.727055,-0.672498,1.067208,-1.514838,-0.44763,1.067208,-1.749424,-0.682216,1.801136,2.0,
binance_um,BLUEBIRDUSDT,20240206,593,0.876223,1.023083,-1.193885,-0.170801,1.023083,-1.579163,-0.556079,1.030194,-1.202592,-0.172397,1.030194,-1.559882,-0.529688,1.38135,2.0,
binance_um,BLUEBIRDUSDT,20240207,728,0.886676,0.983612,-1.148548,-0.164936,0.983612,-0.936828,0.046784,0.995009,-1.175858,-0.180848,0.995009,-0.917554,0.077455,1.450954,2.0,
binance_um,BLUEBIRDUSDT,20240208,1099,0.912466,0.99939,-1.145989,-0.146599,0.99939,-1.22666,-0.22727,1.009133,-1.126668,-0.117535,1.009133,-1.208443,-0.19931,1.964127,2.0,
binance_um,BLUEBIRDUSDT,20240209,810,0.908889,0.945809,-1.303702,-0.357893,0.945809,-1.184754,-0.238945,0.960959,-1.343671,-0.382711,0.960959,-1.287228,-0.326269,2.010039,2.0,
binance_um,BLUEBIRDUSDT,20240210,566,0.920141,0.978332,-0.996251,-0.017919,0.978332,-1.172369,-0.194037,0.996878,-1.042832,-0.045954,0.996878,-1.271192,-0.274314,1.224608,2.0,
binance_um,BLUEBIRDUSDT,20240211,474,0.88692,0.898136,-1.227254,-0.329118,0.898136,-1.382106,-0.48397,0.887274,-1.240672,-0.353398,0.887274,-1.41409,-0.526816,1.432741,2.0,
binance_um,BLUEBIRDUSDT,20240212,631,0.896038,1.094095,-1.389651,-0.295556,1.094095,-1.212421,-0.118325,1.109625,-1.392798,-0.283173,1.109625,-1.175736,-0.066112,2.011446,2.0,
binance_um,BLUEBIRDUSDT,20240213,721,0.878641,1.095771,-1.603217,-0.507446,1.095771,-1.824283,-0.728512,1.103624,-1.624432,-0.520808,1.103624,-1.840408,-0.736784,2.197825,2.0,
binance_um,BLUEBIRDUSDT,20240214,863,0.877173,1.334487,-1.374583,-0.040096,1.334487,-1.621688,-0.287201,1.342148,-1.439766,-0.097617,1.342148,-1.652525,-0.310376,1.958189,2.0,
binance_um,BLUEBIRDUSDT,20240215,1204,0.869934,1.713938,-1.71083,0.003109,1.713938,-2.641749,-0.927811,1.755206,-1.739434,0.015772,1.755206,-2.67737,-0.922164,3.078049,2.0,
binance_um,BLUEBIRDUSDT,20240216,1294,0.893045,1.640926,-1.584487,0.056439,1.640926,-1.509297,0.131629,1.660078,-1.614787,0.045292,1.660078,-1.631404,0.028674,2.685111,2.0,
binance_um,BLUEBIRDUSDT,20240217,951,0.855731,1.360108,-1.476062,-0.115954,1.360108,-1.840988,-0.48088,1.362635,-1.51591,-0.153275,1.362635,-1.788901,-0.426267,2.098537,2.0,
binance_um,BLUEBIRDUSDT,20240218,922,0.849024,1.221993,-1.248996,-0.027004,1.221993,-1.671756,-0.449763,1.24217,-1.270306,-0.028136,1.24217,-1.679664,-0.437494,1.671052,2.0,
binance_um,BLUEBIRDUSDT,20240219,848,0.859906,1.375617,-1.690376,-0.314758,1.375617,-1.971416,-0.595799,1.367417,-1.696669,-0.329251,1.367417,-2.007796,-0.640379,2.097048,2.0,
binance_um,BLUEBIRDUSDT,20240220,1338,0.871898,1.71392,-2.088934,-0.375014,1.71392,-2.100492,-0.386572,1.731779,-2.039855,-0.308075,1.731779,-2.14664,-0.414861,3.284264,2.0,
binance_um,BLUEBIRDUSDT,20240221,1937,0.892721,1.482343,-1.258828,0.223516,1.482343,-0.644439,0.837904,1.50239,-1.258874,0.243516,1.50239,-0.57342,0.92897,3.710845,2.0,
binance_um,BLUEBIRDUSDT,20240222,1256,0.901911,1.203194,-1.222302,-0.019108,1.203194,-0.766146,0.437047,1.2191,-1.300869,-0.081769,1.2191,-0.781797,0.437303,3.205563,2.0,
binance_um,BLUEBIRDUSDT,20240223,1177,0.89949,1.27067,-1.440391,-0.16972,1.27067,-1.901963,-0.631293,1.302498,-1.434359,-0.131861,1.302498,-1.911148,-0.608651,3.153384,2.0,
binance_um,BLUEBIRDUSDT,20240224,651,0.862519,0.92874,-1.301743,-0.373003,0.92874,-1.480507,-0.551767,0.948361,-1.354803,-0.406442,0.948361,-1.47551,-0.527149,2.136849,2.0,
binance_um,BLUEBIRDUSDT,20240225,772,0.828497,1.045419,-1.134168,-0.088749,1.045419,-1.343829,-0.29841,1.06932,-1.170794,-0.101473,1.06932,-1.295807,-0.226487,2.058248,2.0,
binance_um,BLUEBIRDUSDT,20240226,1536,0.847656,1.314466,-1.281997,0.032469,1.314466,-1.501496,-0.18703,1.363173,-1.267626,0.095547,1.363173,-1.512754,-0.149581,2.602532,2.0,
binance_um,BLUEBIRDUSDT,20240227,1891,0.844209,1.352008,-1.572226,-0.220218,1.352008,-1.43559,-0.083582,1.379221,-1.619055,-0.239834,1.379221,-1.513539,-0.134318,3.523639,2.0,
binance_um,BLUEBIRDUSDT,20240228,4504,0.860346,1.618866,-2.029601,-0.410735,1.618866,-1.391942,0.226924,1.657281,-2.095167,-0.437886,1.657281,-1.228251,0.42903,7.375096,2.0,
binance_um,BLUEBIRDUSDT,20240229,5448,0.838344,1.221832,-1.815664,-0.593832,1.221832,-1.591601,-0.369768,1.229697,-1.885919,-0.656222,1.229697,-1.641373,-0.411676,6.595225,2.0,
binance_um,BLUEBIRDUSDT,20240301,2455,0.854582,0.959586,-1.710335,-0.750749,0.959586,-1.767538,-0.807952,0.953645,-1.767306,-0.813661,0.953645,-1.688397,-0.734752,5.066702,2.0,
binance_um,BLUEBIRDUSDT,20240302,2774,0.846683,1.168539,-2.073305,-0.904766,1.168539,-2.231547,-1.063008,1.172443,-2.063761,-0.891318,1.172443,-2.024808,-0.852365,4.961064,2.0,
binance_um,BLUEBIRDUSDT,20240303,3048,0.836778,1.264855,-2.314483,-1.049628,1.264855,-2.740992,-1.476137,1.281345,-2.37856,-1.097215,1.281345,-2.965492,-1.684147,5.676383,2.0,
binance_um,BLUEBIRDUSDT,20240304,4133,0.813114,1.165592,-1.853612,-0.688021,1.165592,-1.821334,-0.655742,1.180648,-1.793784,-0.613135,1.180648,-1.880015,-0.699367,6.751344,2.0,
binance_um,BLUEBIRDUSDT,20240305,7130,0.828668,1.32881,-2.679187,-1.350376,1.32881,-2.413603,-1.084793,1.360527,-2.67783,-1.317303,1.360527,-2.599893,-1.239366,12.53794,2.0,
binance_um,BLUEBIRDUSDT,20240306,3513,0.790009,1.097965,-1.844749,-0.746784,1.097965,-1.8057,-0.707735,1.107711,-1.86778,-0.760069,1.107711,-1.876222,-0.768511,7.147414,2.0,
binance_um,BLUEBIRDUSDT,20240307,2777,0.780915,0.907685,-1.552436,-0.644751,0.907685,-1.573171,-0.665486,0.930085,-1.568741,-0.638656,0.930085,-1.588032,-0.657948,5.308774,2.0,
binance_um,BLUEBIRDUSDT,20240308,2945,0.817284,0.986371,-1.548669,-0.562299,0.986371,-1.395373,-0.409002,1.0079,-1.566536,-0.558636,1.0079,-1.331267,-0.323367,6.461533,2.0,
binance_um,BLUEBIRDUSDT,20240309,2003,0.772641,0.824115,-1.140531,-0.316416,0.824115,-0.543043,0.281072,0.853721,-1.040672,-0.186951,0.853721,-0.458479,0.395243,4.186193,2.0,
binance_um,BLUEBIRDUSDT,20240310,2244,0.75303,0.912487,-1.264702,-0.352215,0.912487,-1.439501,-0.527014,0.950655,-1.298955,-0.3483,0.950655,-1.596218,-0.645563,4.604259,2.0,
binance_um,BLUEBIRDUSDT,20240311,1624,0.708374,0.990737,-1.457564,-0.466826,0.990737,-0.675991,0.314747,1.053361,-1.366623,-0.313262,1.053361,-0.253359,0.800002,5.231988,2.0,
binance_um,BLUEBIRDUSDT,20240312,1371,0.69876,1.624038,-1.784515,-0.160477,1.624038,-1.253966,0.370072,1.725855,-1.755884,-0.030029,1.725855,-1.280842,0.445013,5.72179,2.0,
binance_um,BLUEBIRDUSDT,20240313,1886,0.727572,1.788834,-2.087843,-0.299009,1.788834,-2.504747,-0.715912,1.791044,-2.114063,-0.323019,1.791044,-2.471018,-0.679974,4.503003,2.0,
binance_um,BLUEBIRDUSDT,20240314,3371,0.735983,2.079994,-2.597356,-0.517362,2.079994,-2.637572,-0.557578,2.095967,-2.524905,-0.428939,2.095967,-2.691797,-0.59583,7.222291,2.0,
binance_um,BLUEBIRDUSDT,20240315,2280,0.723772,2.510831,-2.85856,-0.347728,2.510831,-1.997225,0.513606,2.521174,-2.856346,-0.335171,2.521174,-2.059663,0.461511,8.617569,2.0,
binance_um,BLUEBIRDUSDT,20240316,1595,0.716364,2.179746,-1.88995,0.289795,2.179746,-1.927933,0.251813,2.172824,-1.97127,0.201554,2.172824,-2.027958,0.144866,6.609297,2.0,
binance_um,BLUEBIRDUSDT,20240317,1270,0.739685,1.773213,-2.374055,-0.600842,1.773213,-1.500404,0.272809,1.769616,-2.300038,-0.530422,1.769616,-1.337326,0.43229,5.617535,2.0,
binance_um,BLUEBIRDUSDT,20240318,1348,0.749777,1.96267,-2.761384,-0.798714,1.96267,-2.293515,-0.330846,1.976961,-2.778079,-0.801118,1.976961,-2.273909,-0.296948,5.527315,2.0,
binance_um,BLUEBIRDUSDT,20240319,2424,0.776568,2.940442,-3.944398,-1.003956,2.940442,-2.696439,0.244003,2.911925,-4.031042,-1.119117,2.911925,-2.810595,0.10133,8.035393,2.0,
binance_um,BLUEBIRDUSDT,20240320,1281,0.714442,2.964297,-3.722107,-0.75781,2.964297,-4.141526,-1.17723,2.930543,-3.763902,-0.833359,2.930543,-4.051569,-1.121026,6.830777,2.0,
binance_um,BLUEBIRDUSDT,20240321,1210,0.67843,2.6467,-3.29864,-0.65194,2.6467,-4.483093,-1.836393,2.643066,-3.428094,-0.785028,2.643066,-4.648736,-2.00567,5.029133,2.0,
binance_um,BLUEBIRDUSDT,20240322,1049,0.754147,2.499168,-3.344208,-0.845039,2.499168,-4.409429,-1.91026,2.512806,-3.376454,-0.863648,2.512806,-4.469197,-1.956392,5.589441,2.0,
binance_um,BLUEBIRDUSDT,20240323,1032,0.729264,1.885221,-2.440667,-0.555446,1.885221,-2.678578,-0.793356,1.932849,-2.492272,-0.559423,1.932849,-2.65176,-0.718911,4.155812,2.0,
binance_um,BLUEBIRDUSDT,20240324,997,0.708225,1.533983,-2.393012,-0.859029,1.533983,-3.123945,-1.589962,1.543706,-2.461299,-0.917593,1.543706,-3.083392,-1.539686,3.827938,2.0,
binance_um,BLUEBIRDUSDT,20240325,1556,0.629434,1.957664,-2.353107,-0.395443,1.957664,-2.27187,-0.314206,1.985111,-2.273002,-0.287891,1.985111,-2.301787,-0.316676,3.774678,2.0,
binance_um,BLUEBIRDUSDT,20240326,622,0.70836,4.327584,-3.326144,1.00144,4.327584,-3.857301,0.470283,4.786032,-2.841098,1.944934,4.786032,-3.445,1.341032,5.98944,2.0,
binance_um,FOOTBALLUSDT,20230516,988,0.251103,0.666413,-1.373162,-0.706749,0.666413,-1.250412,-0.584,0.702718,-1.488055,-0.785337,0.702718,-1.358658,-0.655941,2.532691,2.0,
binance_um,FOOTBALLUSDT,20230517,1391,0.268253,0.751499,-1.059281,-0.307783,0.751499,-0.854312,-0.102814,0.811934,-1.304777,-0.492843,0.811934,-1.173589,-0.361655,2.444359,2.0,
binance_um,FOOTBALLUSDT,20230518,2507,0.257523,0.777253,-1.136316,-0.359064,0.777253,-1.024654,-0.247401,0.916207,-1.261568,-0.345361,0.916207,-1.330671,-0.414464,2.435044,2.0,
binance_um,FOOTBALLUSDT,20230519,2695,0.266033,0.895146,-1.128022,-0.232876,0.895146,-1.022251,-0.127105,1.056651,-1.345979,-0.289328,1.056651,-1.191468,-0.134817,2.474614,2.0,
binance_um,FOOTBALLUSDT,20230520,2986,0.300318,0.975638,-1.210524,-0.234886,0.975638,-0.691331,0.284307,1.171033,-1.406848,-0.235815,1.171033,-1.044354,0.126679,2.460335,2.0,
binance_um,FOOTBALLUSDT,20230521,2291,0.264876,0.732371,-1.017853,-0.285482,0.732371,-0.880775,-0.148403,0.833663,-1.227871,-0.394208,0.833663,-1.065092,-0.231429,2.173802,2.0,
binance_um,FOOTBALLUSDT,20230522,1805,0.298072,0.751315,-1.047531,-0.296215,0.751315,-0.904103,-0.152787,0.813171,-1.208542,-0.395371,0.813171,-1.314364,-0.501193,2.200585,2.0,
binance_um,FOOTBALLUSDT,20230523,1534,0.302451,0.808238,-1.031602,-0.223364,0.808238,-0.956005,-0.147767,0.950295,-1.179903,-0.229609,0.950295,-1.286576,-0.336281,1.954972,2.0,
binance_um,FOOTBALLUSDT,20230524,2083,0.308709,1.025254,-1.381877,-0.356624,1.025254,-1.599001,-0.573748,1.251019,-1.664547,-0.413528,1.251019,-2.403868,-1.152849,2.753976,2.0,
binance_um,FOOTBALLUSDT,20230525,1272,0.269866,0.841711,-1.247502,-0.405791,0.841711,-1.261043,-0.419333,1.184269,-1.413541,-0.229271,1.184269,-1.412059,-0.22779,2.189244,2.0,
binance_um,FOOTBALLUSDT,20230526,1449,0.273161,0.921457,-1.043752,-0.122295,0.921457,-1.029378,-0.107921,1.084643,-1.215203,-0.13056,1.084643,-1.158226,-0.073583,2.04009,2.0,
binance_um,FOOTBALLUSDT,20230527,1116,0.257634,0.764776,-1.160763,-0.395987,0.764776,-1.046969,-0.282193,0.917122,-1.458594,-0.541472,0.917122,-1.36633,-0.449208,1.512517,2.0,
binance_um,FOOTBALLUSDT,20230528,2279,0.32319,1.211069,-1.318048,-0.106979,1.211069,-1.04877,0.162299,1.39909,-1.51356,-0.114469,1.39909,-1.382016,0.017074,2.612475,2.0,
binance_um,FOOTBALLUSDT,20230529,1421,0.28145,0.84781,-1.222113,-0.374302,0.84781,-0.751613,0.096197,1.017464,-1.510208,-0.492744,1.017464,-1.233477,-0.216013,2.226511,2.0,
binance_um,FOOTBALLUSDT,20230530,1427,0.286496,1.248547,-1.198869,0.049678,1.248547,-1.074847,0.1737,1.563007,-1.596863,-0.033856,1.563007,-1.505412,0.057595,2.458242,2.0,
binance_um,FOOTBALLUSDT,20230531,1334,0.305877,1.17256,-1.30198,-0.12942,1.17256,-1.392425,-0.219865,1.428185,-1.76599,-0.337805,1.428185,-2.385048,-0.956863,2.515863,2.0,
binance_um,FOOTBALLUSDT,20230601,2642,0.356249,1.582942,-1.538307,0.044634,1.582942,-2.405417,-0.822476,1.805898,-1.622478,0.18342,1.805898,-3.140182,-1.334284,3.675067,2.0,
binance_um,FOOTBALLUSDT,20230602,1949,0.298994,1.062199,-1.128198,-0.065999,1.062199,-1.024905,0.037294,1.222269,-1.49465,-0.272382,1.222269,-1.293853,-0.071585,2.528941,2.0,
binance_um,FOOTBALLUSDT,20230603,1058,0.281342,0.924582,-1.027791,-0.10321,0.924582,-0.950962,-0.02638,1.131318,-1.356836,-0.225518,1.131318,-1.239405,-0.108087,1.751129,2.0,
binance_um,FOOTBALLUSDT,20230604,684,0.272149,0.898881,-0.99098,-0.092099,0.898881,-0.973723,-0.074842,1.072331,-1.221379,-0.149048,1.072331,-1.092448,-0.020117,1.602009,2.0,
binance_um,FOOTBALLUSDT,20230605,1946,0.347698,2.768538,-1.503926,1.264612,2.768538,-1.794946,0.973592,3.5827,-1.700334,1.882366,3.5827,-4.652595,-1.069895,4.26567,2.0,
binance_um,FOOTBALLUSDT,20230606,1246,0.288299,1.361717,-1.053509,0.308207,1.361717,-0.346999,1.014717,1.529471,-1.632526,-0.103054,1.529471,-0.512347,1.017124,2.834007,2.0,
binance_um,FOOTBALLUSDT,20230607,1594,0.341681,1.445455,-1.158627,0.286828,1.445455,-1.065515,0.37994,1.649527,-1.233453,0.416074,1.649527,-1.601737,0.04779,2.926877,2.0,
binance_um,FOOTBALLUSDT,20230608,1858,0.309187,1.309444,-1.166703,0.142741,1.309444,-1.278784,0.030661,1.604967,-1.413734,0.191233,1.604967,-1.953473,-0.348506,2.704009,2.0,
binance_um,FOOTBALLUSDT,20230609,2814,0.316521,1.563728,-1.029293,0.534435,1.563728,-0.945116,0.618612,1.81743,-1.201336,0.616094,1.81743,-0.973935,0.843495,2.954025,2.0,
binance_um,FOOTBALLUSDT,20230610,3048,0.39645,3.80728,-1.333882,2.473397,3.80728,1.540333,5.347613,4.439865,-0.832986,3.606879,4.439865,2.743208,7.183073,9.51058,2.0,
binance_um,FOOTBALLUSDT,20230611,1464,0.299119,1.386381,-1.343242,0.043139,1.386381,-1.174255,0.212126,1.525267,-1.716714,-0.191447,1.525267,-1.393006,0.132261,2.837078,2.0,
binance_um,FOOTBALLUSDT,20230612,1366,0.348001,1.205944,-1.081177,0.124767,1.205944,-1.004054,0.20189,1.319307,-1.524133,-0.204826,1.319307,-1.588431,-0.269124,3.090734,2.0,
binance_um,FOOTBALLUSDT,20230613,3566,0.414422,1.732609,-1.647196,0.085413,1.732609,-1.591132,0.141476,1.874202,-2.19834,-0.324138,1.874202,-2.373167,-0.498965,4.645539,2.0,
binance_um,FOOTBALLUSDT,20230614,2911,0.356355,1.481722,-1.330617,0.151105,1.481722,-0.936205,0.545517,1.676588,-1.61814,0.058448,1.676588,-1.154376,0.522211,3.764012,2.0,
binance_um,FOOTBALLUSDT,20230615,1230,0.32822,1.363554,-1.113137,0.250417,1.363554,-0.836009,0.527545,1.588406,-1.376988,0.211418,1.588406,-1.335553,0.252852,2.64738,2.0,
binance_um,FOOTBALLUSDT,20230616,1096,0.326816,1.208081,-1.466189,-0.258108,1.208081,-1.417251,-0.20917,1.366401,-1.945704,-0.579303,1.366401,-2.219037,-0.852636,2.675086,2.0,
binance_um,FOOTBALLUSDT,20230617,800,0.298362,1.263594,-1.006053,0.25754,1.263594,-0.451218,0.812376,1.368567,-1.049835,0.318732,1.368567,-0.400619,0.967948,1.893418,2.0,
binance_um,FOOTBALLUSDT,20230618,708,0.31846,1.231742,-1.268119,-0.036377,1.231742,-1.209837,0.021905,1.476397,-1.327267,0.149129,1.476397,-1.88499,-0.408593,2.077151,2.0,
binance_um,FOOTBALLUSDT,20230619,680,0.323588,1.054068,-1.08435,-0.030282,1.054068,-0.891736,0.162332,1.164118,-1.168175,-0.004058,1.164118,-1.042028,0.12209,2.055812,2.0,
binance_um,FOOTBALLUSDT,20230620,1653,0.390315,1.306742,-1.112979,0.193763,1.306742,-1.086123,0.220619,1.475332,-1.404967,0.070365,1.475332,-1.218326,0.257005,2.735401,2.0,
binance_um,FOOTBALLUSDT,20230621,1247,0.404988,1.356657,-1.32835,0.028307,1.356657,-1.249563,0.107093,1.525916,-1.257918,0.267998,1.525916,-1.255336,0.27058,3.030252,2.0,
binance_um,FOOTBALLUSDT,20230622,1140,0.387474,1.479729,-0.976303,0.503426,1.479729,-1.417859,0.06187,1.712835,-1.477551,0.235284,1.712835,-1.805959,-0.093124,2.887209,2.0,
binance_um,FOOTBALLUSDT,20230623,972,0.372037,1.164384,-1.082205,0.082179,1.164384,-0.89078,0.273604,1.341687,-1.160505,0.181182,1.341687,-0.973349,0.368338,2.78516,2.0,
binance_um,FOOTBALLUSDT,20230624,1655,0.402973,1.535117,-1.306641,0.228476,1.535117,-2.394292,-0.859175,1.776071,-1.895639,-0.119567,1.776071,-3.799939,-2.023868,3.389908,2.0,
binance_um,FOOTBALLUSDT,20230625,944,0.355816,1.117783,-1.025774,0.092009,1.117783,-1.065414,0.052369,1.288561,-1.200499,0.088061,1.288561,-1.456453,-0.167892,2.48347,2.0,
binance_um,FOOTBALLUSDT,20230626,2415,0.437602,1.6332,-1.243978,0.389222,1.6332,-1.373532,0.259668,1.828644,-1.288085,0.540559,1.828644,-1.375475,0.453169,3.841514,2.0,
binance_um,FOOTBALLUSDT,20230627,810,0.359099,1.028161,-1.258374,-0.230212,1.028161,-1.17538,-0.147219,1.19627,-1.325207,-0.128937,1.19627,-0.987957,0.208313,2.20719,2.0,
binance_um,FOOTBALLUSDT,20230628,1308,0.387018,1.464974,-1.679772,-0.214798,1.464974,-0.992437,0.472537,1.684982,-1.758174,-0.073191,1.684982,-1.801958,-0.116975,3.282006,2.0,
binance_um,FOOTBALLUSDT,20230629,1010,0.308455,1.109883,-1.327358,-0.217476,1.109883,-1.389752,-0.279869,1.298555,-1.354787,-0.056232,1.298555,-1.461452,-0.162897,2.549242,2.0,
binance_um,FOOTBALLUSDT,20230630,1331,0.391773,1.638047,-1.416125,0.221922,1.638047,-0.460576,1.177471,1.821429,-1.71318,0.108249,1.821429,-0.384657,1.436773,3.818234,2.0,
binance_um,FOOTBALLUSDT,20230701,1013,0.326575,1.095821,-1.182739,-0.086917,1.095821,-0.849498,0.246324,1.291214,-1.317852,-0.026638,1.291214,-1.142979,0.148235,2.319809,2.0,
binance_um,FOOTBALLUSDT,20230702,873,0.31677,1.069658,-1.460561,-0.390903,1.069658,-1.298507,-0.22885,1.303371,-1.653067,-0.349696,1.303371,-1.899496,-0.596125,2.476668,2.0,
binance_um,FOOTBALLUSDT,20230703,951,0.320137,1.08828,-1.4161,-0.32782,1.08828,-0.997637,0.090643,1.361518,-1.583488,-0.22197,1.361518,-1.050955,0.310563,2.205522,2.0,
binance_um,FOOTBALLUSDT,20230704,1092,0.306447,1.012868,-1.147295,-0.134427,1.012868,-0.747405,0.265463,1.294971,-1.583568,-0.288597,1.294971,-1.002054,0.292918,2.445738,2.0,
binance_um,FOOTBALLUSDT,20230705,1081,0.319611,1.040233,-1.793042,-0.752809,1.040233,-1.528615,-0.488382,1.211334,-2.13666,-0.925325,1.211334,-1.481891,-0.270556,2.473901,2.0,
binance_um,FOOTBALLUSDT,20230706,1394,0.332841,1.354358,-1.559228,-0.204871,1.354358,-1.47783,-0.123472,1.5659,-1.882314,-0.316414,1.5659,-1.869301,-0.303401,2.950364,2.0,
binance_um,FOOTBALLUSDT,20230707,5326,0.397317,1.676226,-1.291298,0.384928,1.676226,-0.959234,0.716992,1.793109,-1.457905,0.335205,1.793109,-1.148921,0.644189,4.56005,2.0,
binance_um,FOOTBALLUSDT,20230708,3198,0.342411,1.10116,-0.995461,0.105699,1.10116,-0.721955,0.379205,1.242075,-1.267034,-0.024959,1.242075,-1.028913,0.213162,2.782079,2.0,
binance_um,FOOTBALLUSDT,20230709,1309,0.329503,0.966269,-1.179764,-0.213495,0.966269,-0.983233,-0.016965,1.017832,-1.643746,-0.625914,1.017832,-1.515799,-0.497967,2.059519,2.0,
binance_um,FOOTBALLUSDT,20230710,1200,0.351133,1.330762,-1.17576,0.155003,1.330762,-0.592339,0.738424,1.539358,-1.665547,-0.126188,1.539358,-1.234588,0.30477,2.645681,2.0,
binance_um,FOOTBALLUSDT,20230711,731,0.311245,0.930039,-1.279258,-0.349219,0.930039,-1.237704,-0.307665,1.077391,-1.715157,-0.637766,1.077391,-1.850098,-0.772707,1.972624,2.0,
binance_um,FOOTBALLUSDT,20230712,636,0.290157,1.041215,-1.301379,-0.260164,1.041215,-1.381349,-0.340134,1.250464,-1.365703,-0.115239,1.250464,-1.530392,-0.279928,2.129853,2.0,
binance_um,FOOTBALLUSDT,20230713,958,0.363006,1.662578,-1.466422,0.196156,1.662578,-1.712206,-0.049628,1.936558,-1.8081,0.128457,1.936558,-2.342515,-0.405958,2.714824,2.0,
binance_um,FOOTBALLUSDT,20230714,1527,0.35076,1.586159,-1.63205,-0.045891,1.586159,-1.947734,-0.361575,1.900811,-2.367111,-0.4663,1.900811,-3.708778,-1.807967,3.378817,2.0,
binance_um,FOOTBALLUSDT,20230715,1680,0.28731,1.320693,-0.916357,0.404337,1.320693,-0.955327,0.365366,1.538312,-1.23855,0.299762,1.538312,-1.442524,0.095788,2.48625,2.0,
binance_um,FOOTBALLUSDT,20230716,871,0.315614,1.322566,-1.220433,0.102133,1.322566,-0.927656,0.39491,1.518972,-1.391332,0.12764,1.518972,-1.119448,0.399525,2.120823,2.0,
binance_um,FOOTBALLUSDT,20230717,1171,0.335081,1.42288,-1.2279,0.194981,1.42288,-0.768855,0.654026,1.603602,-1.28652,0.317083,1.603602,-0.493832,1.10977,2.728605,2.0,
binance_um,FOOTBALLUSDT,20230718,1170,0.32665,1.489805,-1.382753,0.107052,1.489805,-1.233064,0.256741,1.739299,-1.723554,0.015745,1.739299,-1.394023,0.345276,2.653653,2.0,
binance_um,FOOTBALLUSDT,20230719,543,0.287238,1.102042,-1.498149,-0.396107,1.102042,-1.210399,-0.108357,1.270944,-1.690557,-0.419613,1.270944,-0.984686,0.286258,2.122279,2.0,
binance_um,FOOTBALLUSDT,20230720,641,0.346178,1.205288,-1.323025,-0.117737,1.205288,-0.95946,0.245828,1.536776,-1.458838,0.077938,1.536776,-1.135043,0.401734,2.160113,2.0,
binance_um,FOOTBALLUSDT,20230721,2061,0.433857,1.486261,-0.979447,0.506814,1.486261,-0.937779,0.548482,1.629631,-0.989072,0.640559,1.629631,-1.128637,0.500994,2.656373,2.0,
binance_um,FOOTBALLUSDT,20230722,860,0.328384,0.89282,-0.965116,-0.072296,0.89282,-0.730898,0.161922,1.099678,-1.208121,-0.108444,1.099678,-0.534442,0.565235,1.729848,2.0,
binance_um,FOOTBALLUSDT,20230723,2395,0.380931,1.097642,-1.143592,-0.04595,1.097642,-0.571883,0.525759,1.273887,-1.362357,-0.08847,1.273887,-0.685072,0.588815,2.611445,2.0,
binance_um,FOOTBALLUSDT,20230724,5816,0.442512,1.704822,-1.235618,0.469204,1.704822,-1.511815,0.193007,1.848094,-1.511094,0.337,1.848094,-1.412063,0.436031,4.96222,2.0,
binance_um,FOOTBALLUSDT,20230725,2782,0.386564,1.308526,-0.810565,0.497962,1.308526,-0.684403,0.624123,1.519557,-0.983784,0.535772,1.519557,-0.884071,0.635485,2.7356,2.0,
binance_um,FOOTBALLUSDT,20230726,1418,0.345959,1.153948,-1.087351,0.066597,1.153948,-1.05605,0.097898,1.315892,-1.239352,0.07654,1.315892,-1.116178,0.199714,2.22676,2.0,
binance_um,FOOTBALLUSDT,20230727,11308,0.4385,1.564745,-0.965414,0.599331,1.564745,-0.804257,0.760488,1.703051,-1.198122,0.504929,1.703051,-0.863244,0.839807,5.891618,2.0,
binance_um,FOOTBALLUSDT,20230728,8329,0.387508,1.352961,-1.033243,0.319717,1.352961,-1.03768,0.315281,1.555266,-1.357887,0.19738,1.555266,-1.218662,0.336604,5.005235,2.0,
binance_um,FOOTBALLUSDT,20230729,2368,0.316356,0.928116,-0.996768,-0.068652,0.928116,-0.881033,0.047083,1.175031,-1.251514,-0.076483,1.175031,-1.159213,0.015819,2.292572,2.0,
binance_um,FOOTBALLUSDT,20230730,4942,0.394357,1.240913,-1.006598,0.234315,1.240913,-0.952718,0.288194,1.490495,-1.359589,0.130906,1.490495,-1.363896,0.126599,3.960447,2.0,
binance_um,FOOTBALLUSDT,20230731,3519,0.401617,0.915217,-0.944444,-0.029227,0.915217,-0.968357,-0.05314,1.050929,-1.169539,-0.11861,1.050929,-1.061406,-0.010477,2.763177,2.0,
binance_um,FOOTBALLUSDT,20230801,1611,0.358361,0.813894,-0.98112,-0.167226,0.813894,-0.805333,0.008561,0.970144,-1.10157,-0.131426,0.970144,-0.992474,-0.02233,2.294404,2.0,
binance_um,FOOTBALLUSDT,20230802,1976,0.361867,0.911277,-0.882632,0.028645,0.911277,-0.967983,-0.056705,1.041175,-0.9358,0.105375,1.041175,-0.726385,0.314791,2.35,2.0,
binance_um,FOOTBALLUSDT,20230803,1464,0.365922,0.889168,-1.088626,-0.199457,0.889168,-0.728714,0.160455,1.023156,-1.220443,-0.197287,1.023156,-0.692971,0.330185,2.168575,2.0,
binance_um,FOOTBALLUSDT,20230804,1236,0.34229,0.8631,-1.207778,-0.344678,0.8631,-1.233065,-0.369965,1.050988,-1.601342,-0.550354,1.050988,-1.557877,-0.506889,2.04922,2.0,
binance_um,FOOTBALLUSDT,20230805,1203,0.334239,0.684235,-0.726662,-0.042427,0.684235,-0.753511,-0.069275,0.904572,-0.678616,0.225956,0.904572,-0.751044,0.153527,1.449704,2.0,
binance_um,FOOTBALLUSDT,20230806,1073,0.318071,0.658005,-0.713227,-0.055222,0.658005,-0.649775,0.00823,0.792587,-0.696,0.096587,0.792587,-0.626881,0.165706,1.796297,2.0,
binance_um,FOOTBALLUSDT,20230807,1364,0.341048,0.831858,-1.535511,-0.703653,0.831858,-1.721497,-0.889639,1.05556,-2.095673,-1.040113,1.05556,-1.875039,-0.819479,2.660854,2.0,
binance_um,FOOTBALLUSDT,20230808,1061,0.277304,0.684502,-1.119691,-0.435189,0.684502,-1.235519,-0.551017,0.885865,-1.10443,-0.218565,0.885865,-1.780807,-0.894942,2.014935,2.0,
binance_um,FOOTBALLUSDT,20230809,924,0.240952,0.526378,-1.051568,-0.52519,0.526378,-1.138958,-0.61258,0.75303,-0.750499,0.00253,0.75303,-0.763109,-0.01008,1.656245,2.0,
binance_um,FOOTBALLUSDT,20230810,1856,0.308847,0.835713,-0.936124,-0.100411,0.835713,-0.979718,-0.144005,1.152667,-1.14155,0.011117,1.152667,-1.050926,0.101741,2.187114,2.0,
binance_um,FOOTBALLUSDT,20230811,1035,0.220406,0.470662,-0.968175,-0.497513,0.470662,-0.642338,-0.171676,0.714158,-0.948678,-0.234519,0.714158,-0.875077,-0.160918,1.47291,2.0,
binance_um,FOOTBALLUSDT,20230812,830,0.202434,0.437311,-1.044582,-0.607272,0.437311,-0.785244,-0.347933,0.609979,-0.957975,-0.347996,0.609979,-0.98296,-0.372981,1.1699,2.0,
binance_um,FOOTBALLUSDT,20230813,993,0.22423,0.510028,-1.205873,-0.695845,0.510028,-1.39434,-0.884312,0.703786,-1.144301,-0.440515,0.703786,-1.162044,-0.458258,1.536164,2.0,
binance_um,FOOTBALLUSDT,20230814,1042,0.281036,0.630807,-1.323158,-0.692351,0.630807,-1.245346,-0.614538,0.853208,-1.587411,-0.734203,0.853208,-1.297815,-0.444608,1.681038,2.0,
binance_um,FOOTBALLUSDT,20230815,1339,0.240672,0.768042,-1.269966,-0.501924,0.768042,-2.16453,-1.396488,1.128978,-1.399698,-0.270721,1.128978,-2.891191,-1.762213,1.999557,2.0,
binance_um,FOOTBALLUSDT,20230816,1607,0.279863,0.740979,-1.231177,-0.490198,0.740979,-1.233529,-0.49255,0.927263,-1.532303,-0.60504,0.927263,-1.195897,-0.268635,2.325654,2.0,
binance_um,FOOTBALLUSDT,20230817,7088,0.41712,2.233451,-2.177925,0.055526,2.233451,-2.285562,-0.05211,2.511014,-2.614047,-0.103033,2.511014,-2.396485,0.11453,8.75905,2.0,
binance_um,FOOTBALLUSDT,20230818,2667,0.351545,1.428961,-1.067232,0.361729,1.428961,-1.129399,0.299562,1.653163,-1.453238,0.199925,1.653163,-1.5456,0.107563,4.171456,2.0,
binance_um,FOOTBALLUSDT,20230819,2968,0.375627,1.450198,-1.360933,0.089265,1.450198,-1.405337,0.044861,1.577692,-1.958476,-0.380784,1.577692,-1.945026,-0.367334,4.172607,2.0,
binance_um,FOOTBALLUSDT,20230820,2626,0.35147,1.048694,-1.025679,0.023014,1.048694,-0.577088,0.471606,1.230478,-1.202629,0.027849,1.230478,-0.644548,0.58593,3.360636,2.0,
binance_um,FOOTBALLUSDT,20230821,1609,0.343375,0.893708,-1.400448,-0.50674,0.893708,-1.129905,-0.236197,1.03182,-1.568475,-0.536655,1.03182,-0.767171,0.264648,2.75384,2.0,
binance_um,FOOTBALLUSDT,20230822,1406,0.337752,0.852799,-1.231948,-0.37915,0.852799,-1.192688,-0.33989,0.964159,-1.486441,-0.522283,0.964159,-1.934951,-0.970792,2.479287,2.0,
binance_um,FOOTBALLUSDT,20230823,1236,0.352694,1.035922,-1.341427,-0.305505,1.035922,-0.911019,0.124903,1.199213,-1.370601,-0.171388,1.199213,-0.611662,0.587552,2.294708,2.0,
binance_um,FOOTBALLUSDT,20230824,909,0.357525,0.915902,-1.120849,-0.204947,0.915902,-0.957067,-0.041165,1.10797,-1.49076,-0.382791,1.10797,-1.91824,-0.810271,2.199887,2.0,
binance_um,FOOTBALLUSDT,20230825,2259,0.377902,1.143906,-1.047671,0.096235,1.143906,-1.542195,-0.398289,1.321928,-1.385992,-0.064064,1.321928,-1.755391,-0.433463,3.017196,2.0,
binance_um,FOOTBALLUSDT,20230826,760,0.271355,0.826467,-0.952817,-0.12635,0.826467,-0.739939,0.086529,1.149054,-1.028343,0.120711,1.149054,-0.872225,0.276829,1.501759,2.0,
binance_um,FOOTBALLUSDT,20230827,554,0.273682,0.787564,-0.812633,-0.025068,0.787564,-0.601794,0.185771,1.076244,-0.921348,0.154896,1.076244,-0.435079,0.641166,1.253843,2.0,
binance_um,FOOTBALLUSDT,20230828,742,0.33496,0.966144,-0.929563,0.036581,0.966144,-0.85702,0.109124,1.182362,-1.054266,0.128096,1.182362,-1.006554,0.175808,1.741993,2.0,
binance_um,FOOTBALLUSDT,20230829,1484,0.422204,1.32436,-1.562229,-0.237869,1.32436,-1.631874,-0.307515,1.457921,-1.790544,-0.332623,1.457921,-1.977994,-0.520072,2.815951,2.0,
binance_um,FOOTBALLUSDT,20230830,1052,0.395086,1.098411,-1.253117,-0.154706,1.098411,-1.105804,-0.007392,1.276594,-1.542483,-0.265889,1.276594,-1.436117,-0.159523,2.085897,2.0,
binance_um,FOOTBALLUSDT,20230831,1227,0.363782,1.169759,-1.311234,-0.141476,1.169759,-1.302292,-0.132533,1.380115,-1.415096,-0.034981,1.380115,-1.439655,-0.05954,2.284863,2.0,
binance_um,FOOTBALLUSDT,20230901,878,0.323451,1.063211,-1.301183,-0.237971,1.063211,-1.766968,-0.703757,1.297438,-1.464473,-0.167035,1.297438,-1.795575,-0.498137,1.838557,2.0,
binance_um,FOOTBALLUSDT,20230902,790,0.276241,1.109204,-1.337704,-0.228501,1.109204,-1.700685,-0.591481,1.485637,-1.567247,-0.08161,1.485637,-2.212627,-0.72699,1.914669,2.0,
binance_um,FOOTBALLUSDT,20230903,660,0.262879,0.84822,-1.260724,-0.412505,0.84822,-1.074479,-0.226259,1.191397,-1.538418,-0.347021,1.191397,-1.2193,-0.027903,1.765267,2.0,
binance_um,FOOTBALLUSDT,20230904,618,0.257006,0.849186,-1.155525,-0.306339,0.849186,-0.952741,-0.103554,1.136971,-1.396598,-0.259627,1.136971,-1.004402,0.132569,1.707981,2.0,
binance_um,FOOTBALLUSDT,20230905,801,0.26975,0.868262,-1.247833,-0.379572,0.868262,-0.978956,-0.110694,1.240688,-1.324402,-0.083713,1.240688,-1.489174,-0.248485,1.81617,2.0,
binance_um,FOOTBALLUSDT,20230906,644,0.240606,0.887115,-1.256988,-0.369873,0.887115,-1.198703,-0.311588,1.395983,-1.235131,0.160852,1.395983,-0.576588,0.819395,1.804501,2.0,
binance_um,FOOTBALLUSDT,20230907,679,0.236362,0.92773,-1.284711,-0.356982,0.92773,-1.529554,-0.601825,1.202648,-1.613683,-0.411036,1.202648,-1.42415,-0.221502,1.598075,2.0,
binance_um,FOOTBALLUSDT,20230908,460,0.275609,1.159008,-1.393151,-0.234143,1.159008,-0.693316,0.465692,1.584872,-1.530793,0.054079,1.584872,-0.324923,1.25995,1.700584,2.0,
binance_um,FOOTBALLUSDT,20230909,451,0.274634,1.23869,-1.256858,-0.018169,1.23869,-1.223676,0.015014,1.838629,-1.451468,0.38716,1.838629,-0.603657,1.234972,1.648221,2.0,
binance_um,FOOTBALLUSDT,20230910,1394,0.385717,1.689649,-1.376392,0.313257,1.689649,-1.656157,0.033491,2.044943,-1.749623,0.295321,2.044943,-2.562219,-0.517276,3.238003,2.0,
binance_um,FOOTBALLUSDT,20230911,999,0.398218,1.486481,-1.327029,0.159452,1.486481,-1.347034,0.139446,1.656208,-1.489241,0.166966,1.656208,-1.796009,-0.139802,2.671052,2.0,
binance_um,FOOTBALLUSDT,20230912,503,0.34994,1.102396,-1.818433,-0.716037,1.102396,-1.271969,-0.169573,1.216097,-2.231536,-1.015438,1.216097,-2.122233,-0.906136,2.122698,2.0,
binance_um,FOOTBALLUSDT,20230913,533,0.332345,1.067394,-1.722118,-0.654724,1.067394,-2.892317,-1.824922,1.277676,-2.228772,-0.951096,1.277676,-4.187352,-2.909676,1.973991,2.0,
binance_um,FOOTBALLUSDT,20230914,553,0.293761,0.977287,-1.455719,-0.478432,0.977287,-1.157375,-0.180087,1.226326,-1.651798,-0.425472,1.226326,-1.369638,-0.143311,1.71242,2.0,
binance_um,FOOTBALLUSDT,20230915,477,0.302222,0.937355,-1.276835,-0.33948,0.937355,-0.856405,0.080951,1.212163,-1.61371,-0.401546,1.212163,-1.469411,-0.257248,1.793072,2.0,
binance_um,FOOTBALLUSDT,20230916,529,0.280605,0.815461,-1.205939,-0.390477,0.815461,-0.786422,0.02904,1.021982,-1.232289,-0.210307,1.021982,-0.622473,0.399509,1.565214,2.0,
binance_um,FOOTBALLUSDT,20230917,1101,0.347275,1.168163,-1.295815,-0.127651,1.168163,-0.966958,0.201205,1.492089,-1.239476,0.252613,1.492089,-0.722834,0.769255,2.350055,2.0,
binance_um,FOOTBALLUSDT,20230918,835,0.312431,0.919316,-1.15649,-0.237175,0.919316,-1.082829,-0.163514,1.107141,-1.323448,-0.216307,1.107141,-1.186297,-0.079156,1.854187,2.0,
binance_um,FOOTBALLUSDT,20230919,633,0.259463,0.807226,-1.188079,-0.380853,0.807226,-1.008133,-0.200907,1.037493,-1.200832,-0.163339,1.037493,-1.022313,0.01518,1.494814,2.0,
binance_um,FOOTBALLUSDT,20230920,695,0.318518,0.974599,-1.016387,-0.041788,0.974599,-1.191544,-0.216945,1.138738,-1.109677,0.029061,1.138738,-1.390684,-0.251946,1.764399,2.0,
binance_um,FOOTBALLUSDT,20230921,686,0.357595,1.053699,-1.476981,-0.423283,1.053699,-1.315789,-0.26209,1.165863,-2.007257,-0.841394,1.165863,-2.066326,-0.900463,2.011927,2.0,
binance_um,FOOTBALLUSDT,20230922,352,0.315227,0.965443,-1.375398,-0.409955,0.965443,-1.174774,-0.209331,1.569758,-1.823262,-0.253504,1.569758,-1.68706,-0.117302,1.704287,2.0,
binance_um,FOOTBALLUSDT,20230923,620,0.310516,0.911356,-1.19393,-0.282573,0.911356,-1.077979,-0.166623,1.108187,-1.225543,-0.117356,1.108187,-1.023123,0.085064,1.644797,2.0,
binance_um,FOOTBALLUSDT,20230924,540,0.223537,0.804725,-1.278056,-0.473331,0.804725,-1.079673,-0.274948,1.144575,-1.455556,-0.31098,1.144575,-1.04206,0.102515,1.400356,2.0,
binance_um,FOOTBALLUSDT,20230925,597,0.240905,0.85779,-0.991794,-0.134004,0.85779,-1.19989,-0.342099,1.185164,-0.960439,0.224725,1.185164,-0.824449,0.360715,1.320571,2.0,
binance_um,FOOTBALLUSDT,20230926,758,0.142124,0.656135,-0.914897,-0.258762,0.656135,-1.065478,-0.409343,1.032519,-0.607252,0.425267,1.032519,-0.91745,0.115069,1.127713,2.0,
binance_um,FOOTBALLUSDT,20230927,741,0.223374,0.875588,-0.780373,0.095214,0.875588,-0.705475,0.170112,1.304267,-0.777368,0.526898,1.304267,-0.618929,0.685337,1.213814,2.0,
binance_um,FOOTBALLUSDT,20230928,528,0.242159,0.825465,-0.940384,-0.114919,0.825465,-0.813884,0.01158,1.034352,-1.256363,-0.222012,1.034352,-1.166909,-0.132557,1.182475,2.0,
binance_um,FOOTBALLUSDT,20230929,563,0.220195,0.79693,-0.758318,0.038612,0.79693,-1.019803,-0.222872,1.173652,-0.655843,0.517809,1.173652,-1.072828,0.100824,1.182268,2.0,
binance_um,FOOTBALLUSDT,20230930,941,0.269022,1.202731,-0.957012,0.24572,1.202731,-1.355116,-0.152385,1.825104,-0.699889,1.125215,1.825104,-1.202752,0.622352,1.541842,2.0,
binance_um,FOOTBALLUSDT,20231001,810,0.210852,0.831876,-0.920687,-0.088811,0.831876,-0.871447,-0.039571,1.201828,-0.833,0.368828,1.201828,-0.607973,0.593855,1.348471,2.0,
binance_um,FOOTBALLUSDT,20231002,832,0.284195,1.155056,-1.154823,0.000233,1.155056,-1.371598,-0.216542,1.701159,-1.541951,0.159209,1.701159,-1.846746,-0.145586,1.662188,2.0,
binance_um,FOOTBALLUSDT,20231003,996,0.223715,0.844802,-0.970313,-0.125511,0.844802,-1.312632,-0.46783,1.255679,-0.966322,0.289357,1.255679,-2.043467,-0.787788,1.433218,2.0,
binance_um,FOOTBALLUSDT,20231004,1339,0.249208,1.044417,-1.51533,-0.470913,1.044417,-2.029036,-0.984618,1.464891,-1.554708,-0.089817,1.464891,-2.32836,-0.86347,2.029822,2.0,
binance_um,FOOTBALLUSDT,20231005,2381,0.318509,1.33417,-1.116303,0.217866,1.33417,-1.204597,0.129573,1.811495,-1.215628,0.595867,1.811495,-1.15497,0.656525,2.678139,2.0,
binance_um,FOOTBALLUSDT,20231006,2025,0.267205,0.789817,-1.294932,-0.505116,0.789817,-1.388565,-0.598748,1.109159,-1.363837,-0.254678,1.109159,-1.633396,-0.524237,2.143231,2.0,
binance_um,FOOTBALLUSDT,20231007,1218,0.245698,0.599597,-1.042649,-0.443052,0.599597,-0.541605,0.057992,0.796217,-1.324838,-0.52862,0.796217,-0.949159,-0.152942,1.801526,2.0,
binance_um,FOOTBALLUSDT,20231008,1068,0.242266,0.626049,-1.02315,-0.397102,0.626049,-1.059715,-0.433666,0.867107,-1.249892,-0.382784,0.867107,-1.642063,-0.774956,1.562178,2.0,
binance_um,FOOTBALLUSDT,20231009,1155,0.282589,0.878284,-1.492848,-0.614565,0.878284,-1.22124,-0.342956,1.29291,-2.00431,-0.7114,1.29291,-1.320146,-0.027236,2.135311,2.0,
binance_um,FOOTBALLUSDT,20231010,1049,0.277302,0.93071,-1.516191,-0.585481,0.93071,-2.016188,-1.085478,1.23282,-1.62003,-0.387211,1.23282,-2.189441,-0.956621,2.105116,2.0,
binance_um,FOOTBALLUSDT,20231011,807,0.270781,0.897948,-1.789787,-0.891839,0.897948,-1.576167,-0.678219,1.477761,-2.028724,-0.550963,1.477761,-1.724171,-0.24641,1.984338,2.0,
binance_um,FOOTBALLUSDT,20231012,698,0.267693,0.884078,-1.536066,-0.651988,0.884078,-1.30138,-0.417302,1.319137,-1.599783,-0.280646,1.319137,-0.99469,0.324447,1.671736,2.0,
binance_um,FOOTBALLUSDT,20231013,791,0.247206,0.979788,-1.514084,-0.534297,0.979788,-1.575723,-0.595935,1.446861,-1.741283,-0.294423,1.446861,-1.840131,-0.39327,1.874656,2.0,
binance_um,FOOTBALLUSDT,20231014,850,0.246506,0.951083,-1.39128,-0.440196,0.951083,-1.391575,-0.440492,1.104531,-1.919289,-0.814758,1.104531,-2.45909,-1.354559,1.728822,2.0,
binance_um,FOOTBALLUSDT,20231015,755,0.25351,0.788635,-1.199738,-0.411103,0.788635,-1.128579,-0.339944,0.941327,-1.571551,-0.630224,0.941327,-1.877976,-0.936648,1.581011,2.0,
binance_um,FOOTBALLUSDT,20231016,760,0.259289,1.065073,-1.691912,-0.626839,1.065073,-1.7397,-0.674627,1.337686,-2.107582,-0.769897,1.337686,-2.303638,-0.965953,2.400605,2.0,
binance_um,FOOTBALLUSDT,20231017,778,0.267108,1.392208,-1.01654,0.375667,1.392208,-1.261914,0.130294,1.903047,-0.82441,1.078637,1.903047,-0.946752,0.956294,1.833942,2.0,
binance_um,FOOTBALLUSDT,20231018,792,0.229015,1.065556,-1.220945,-0.155389,1.065556,-1.059504,0.006052,1.3912,-0.935215,0.455985,1.3912,-0.424626,0.966574,1.743119,2.0,
binance_um,FOOTBALLUSDT,20231019,1202,0.285241,1.341339,-1.391468,-0.050129,1.341339,-1.385757,-0.044418,1.752734,-1.325165,0.42757,1.752734,-1.091842,0.660893,2.404786,2.0,
binance_um,FOOTBALLUSDT,20231020,878,0.271822,0.780969,-1.431089,-0.65012,0.780969,-1.187117,-0.406148,1.03539,-1.683514,-0.648124,1.03539,-1.278538,-0.243148,2.349337,2.0,
binance_um,FOOTBALLUSDT,20231021,578,0.268253,0.665822,-1.364045,-0.698223,0.665822,-1.096089,-0.430267,0.885288,-1.341255,-0.455967,0.885288,-0.835627,0.049661,1.887378,2.0,
binance_um,FOOTBALLUSDT,20231022,736,0.283505,0.874597,-1.402212,-0.527615,0.874597,-0.961724,-0.087126,1.024966,-1.590979,-0.566012,1.024966,-0.621651,0.403315,1.848861,2.0,
binance_um,FOOTBALLUSDT,20231023,835,0.286671,0.998129,-1.283437,-0.285308,0.998129,-1.052937,-0.054808,1.226446,-1.395838,-0.169392,1.226446,-1.407515,-0.181069,2.125552,2.0,
binance_um,FOOTBALLUSDT,20231024,1359,0.338808,1.218432,-1.476437,-0.258005,1.218432,-1.37745,-0.159018,1.424143,-1.382561,0.041582,1.424143,-1.505958,-0.081815,2.930718,2.0,
binance_um,FOOTBALLUSDT,20231025,927,0.294898,1.009674,-1.312832,-0.303158,1.009674,-1.501821,-0.492147,1.084593,-1.482499,-0.397905,1.084593,-1.687854,-0.60326,2.22911,2.0,
binance_um,FOOTBALLUSDT,20231026,2015,0.345921,2.16797,-1.911135,0.256835,2.16797,-1.524534,0.643436,2.42334,-2.254815,0.168526,2.42334,-1.950585,0.472756,3.963568,2.0,
binance_um,FOOTBALLUSDT,20231027,1739,0.330236,1.486381,-1.721655,-0.235275,1.486381,-2.385776,-0.899396,1.715139,-2.08103,-0.365892,1.715139,-3.139188,-1.424049,3.002643,2.0,
binance_um,FOOTBALLUSDT,20231028,766,0.267441,0.866834,-1.307442,-0.440608,0.866834,-1.061244,-0.19441,1.068717,-1.526878,-0.458161,1.068717,-1.248221,-0.179504,1.818752,2.0,
binance_um,FOOTBALLUSDT,20231029,887,0.263766,1.193536,-1.260246,-0.06671,1.193536,-1.483709,-0.290173,1.439164,-1.77141,-0.332246,1.439164,-1.972741,-0.533577,1.998926,2.0,
binance_um,FOOTBALLUSDT,20231030,1000,0.23883,1.254977,-1.779133,-0.524156,1.254977,-1.394098,-0.13912,1.405636,-1.85974,-0.454104,1.405636,-1.385404,0.020232,2.141728,2.0,
binance_um,FOOTBALLUSDT,20231031,1320,0.255364,1.456737,-1.43771,0.019027,1.456737,-0.825208,0.631529,1.827427,-1.548033,0.279394,1.827427,-0.901702,0.925725,2.685884,2.0,
binance_um,FOOTBALLUSDT,20231101,1005,0.239025,1.227089,-1.643077,-0.415988,1.227089,-1.952253,-0.725164,1.49746,-1.810332,-0.312872,1.49746,-1.564185,-0.066725,2.558007,2.0,
binance_um,FOOTBALLUSDT,20231102,1117,0.310895,1.514373,-1.790377,-0.276004,1.514373,-1.721531,-0.207158,1.523381,-1.913476,-0.390095,1.523381,-2.057328,-0.533947,2.640167,2.0,
binance_um,FOOTBALLUSDT,20231103,1074,0.295279,1.458986,-1.468291,-0.009305,1.458986,-0.983233,0.475753,1.62967,-1.936226,-0.306556,1.62967,-1.252383,0.377286,2.656451,2.0,
binance_um,FOOTBALLUSDT,20231104,750,0.26232,1.273054,-1.391087,-0.118034,1.273054,-1.492917,-0.219863,1.424585,-1.545475,-0.120891,1.424585,-1.440807,-0.016222,1.955373,2.0,
binance_um,FOOTBALLUSDT,20231105,1044,0.246667,1.525401,-1.354844,0.170558,1.525401,-1.495505,0.029896,1.790847,-1.272429,0.518418,1.790847,-1.799559,-0.008712,2.356836,2.0,
binance_um,FOOTBALLUSDT,20231106,775,0.260813,1.61413,-1.344349,0.269781,1.61413,-1.262735,0.351395,1.90987,-1.718728,0.191142,1.90987,-1.15724,0.75263,2.260651,2.0,
binance_um,FOOTBALLUSDT,20231107,1347,0.29879,1.55949,-1.424686,0.134804,1.55949,-1.460888,0.098601,1.609872,-1.739889,-0.130017,1.609872,-2.139315,-0.529443,2.821177,2.0,
binance_um,FOOTBALLUSDT,20231108,939,0.233014,1.41853,-1.104754,0.313777,1.41853,-0.950149,0.468381,1.671464,-1.181727,0.489737,1.671464,-1.311757,0.359707,2.059466,2.0,
binance_um,FOOTBALLUSDT,20231109,1613,0.286237,1.565827,-1.500245,0.065582,1.565827,-2.387375,-0.821548,1.837463,-1.971115,-0.133652,1.837463,-4.529524,-2.692061,3.53078,2.0,
binance_um,FOOTBALLUSDT,20231110,1191,0.300084,1.082226,-1.396134,-0.313908,1.082226,-1.450957,-0.368731,1.023326,-1.57356,-0.550235,1.023326,-1.72575,-0.702424,2.916914,2.0,
binance_um,FOOTBALLUSDT,20231111,1285,0.300755,1.846148,-1.88151,-0.035362,1.846148,-2.320234,-0.474086,1.77299,-2.129893,-0.356903,1.77299,-2.216761,-0.443771,3.022427,2.0,
binance_um,FOOTBALLUSDT,20231112,3157,0.313069,2.13786,-1.906568,0.231291,2.13786,-2.977716,-0.839857,2.214733,-1.978184,0.236549,2.214733,-4.120295,-1.905562,5.420185,2.0,
binance_um,FOOTBALLUSDT,20231113,2011,0.297534,1.515655,-2.087052,-0.571397,1.515655,-2.404659,-0.889004,1.670141,-2.381015,-0.710874,1.670141,-3.754234,-2.084093,4.358122,2.0,
binance_um,FOOTBALLUSDT,20231114,1505,0.264206,1.586924,-1.948564,-0.36164,1.586924,-1.224719,0.362205,1.66358,-1.914083,-0.250502,1.66358,-1.235474,0.428106,3.604179,2.0,
binance_um,FOOTBALLUSDT,20231115,1009,0.331041,1.449947,-1.557086,-0.107138,1.449947,-1.723336,-0.273388,1.387672,-1.451776,-0.064105,1.387672,-1.535664,-0.147992,2.649914,2.0,
binance_um,FOOTBALLUSDT,20231116,1158,0.279758,1.509355,-1.854262,-0.344908,1.509355,-2.267965,-0.75861,1.615356,-1.892193,-0.276838,1.615356,-2.057902,-0.442547,3.131462,2.0,
binance_um,FOOTBALLUSDT,20231117,2922,0.315527,2.851864,-1.392583,1.459281,2.851864,-2.034674,0.817191,3.06363,-1.627878,1.435752,3.06363,-2.073137,0.990492,4.34562,2.0,
binance_um,FOOTBALLUSDT,20231118,2534,0.322739,2.05634,-1.716653,0.339687,2.05634,-1.743698,0.312642,2.169602,-1.894337,0.275265,2.169602,-2.086619,0.082983,3.329252,2.0,
binance_um,FOOTBALLUSDT,20231119,1110,0.233405,0.884155,-1.138941,-0.254785,0.884155,-1.053493,-0.169337,0.980751,-1.162331,-0.18158,0.980751,-1.337114,-0.356363,2.018971,2.0,
binance_um,FOOTBALLUSDT,20231120,957,0.28604,1.090583,-1.034328,0.056255,1.090583,-0.871575,0.219008,1.232551,-1.352923,-0.120372,1.232551,-1.79073,-0.558178,2.154079,2.0,
binance_um,FOOTBALLUSDT,20231121,2868,0.209142,1.995784,-1.73366,0.262124,1.995784,-2.158529,-0.162745,2.068179,-1.54339,0.52479,2.068179,-2.632709,-0.56453,3.585189,2.0,
binance_um,FOOTBALLUSDT,20231122,1158,0.262668,1.827146,-1.364426,0.462721,1.827146,-1.219496,0.60765,1.846239,-1.608506,0.237733,1.846239,-1.496942,0.349297,2.773028,2.0,
binance_um,FOOTBALLUSDT,20231123,1283,0.210249,1.591658,-1.070503,0.521155,1.591658,-1.324863,0.266794,1.711274,-1.371765,0.339509,1.711274,-1.937291,-0.226018,2.491314,2.0,
binance_um,FOOTBALLUSDT,20231124,756,0.230503,1.598311,-1.44481,0.153501,1.598311,-1.255633,0.342677,1.725951,-1.71781,0.008141,1.725951,-1.623721,0.10223,1.946517,2.0,
binance_um,FOOTBALLUSDT,20231125,923,0.200704,1.49119,-1.318458,0.172732,1.49119,-0.915131,0.576059,1.666323,-1.836876,-0.170554,1.666323,-1.547482,0.11884,1.814353,2.0,
binance_um,FOOTBALLUSDT,20231126,1033,0.214172,1.433368,-1.365722,0.067646,1.433368,-0.754674,0.678695,1.580523,-1.654534,-0.074011,1.580523,-0.863071,0.717453,2.449809,2.0,
binance_um,FOOTBALLUSDT,20231127,1723,0.294225,1.493552,-1.311985,0.181567,1.493552,-1.824517,-0.330965,1.560512,-1.70706,-0.146548,1.560512,-2.968844,-1.408331,3.118468,2.0,
binance_um,FOOTBALLUSDT,20231128,1113,0.260539,1.076803,-1.081195,-0.004392,1.076803,-1.452708,-0.375905,1.043594,-1.291864,-0.24827,1.043594,-1.529791,-0.486197,2.05357,2.0,
binance_um,FOOTBALLUSDT,20231129,947,0.21982,0.842861,-1.161636,-0.318774,0.842861,-1.486,-0.643139,0.993862,-1.46969,-0.475828,0.993862,-2.280509,-1.286647,1.714468,2.0,
binance_um,FOOTBALLUSDT,20231130,1162,0.198176,1.000287,-1.122646,-0.122359,1.000287,-1.374049,-0.373762,1.262806,-1.671044,-0.408237,1.262806,-1.890773,-0.627967,1.675972,2.0,
binance_um,FOOTBALLUSDT,20231201,993,0.206354,0.997564,-1.167729,-0.170165,0.997564,-1.224118,-0.226554,1.145692,-1.484862,-0.33917,1.145692,-1.885295,-0.739603,1.549186,2.0,
binance_um,FOOTBALLUSDT,20231202,951,0.232744,1.076998,-1.205845,-0.128847,1.076998,-1.54781,-0.470812,1.254294,-1.449372,-0.195077,1.254294,-1.77013,-0.515835,1.606221,2.0,
binance_um,FOOTBALLUSDT,20231203,1189,0.204256,1.099302,-1.282865,-0.183563,1.099302,-1.567627,-0.468326,1.312323,-1.588177,-0.275854,1.312323,-1.998144,-0.685821,1.877297,2.0,
binance_um,FOOTBALLUSDT,20231204,1260,0.20677,1.404999,-1.468772,-0.063773,1.404999,-1.350723,0.054276,1.618297,-1.738984,-0.120687,1.618297,-1.859632,-0.241335,2.263362,2.0,
binance_um,FOOTBALLUSDT,20231205,994,0.245634,1.132836,-1.150145,-0.01731,1.132836,-1.125487,0.007349,1.211381,-1.436416,-0.225034,1.211381,-1.308992,-0.097611,2.271314,2.0,
binance_um,FOOTBALLUSDT,20231206,1110,0.247459,1.165162,-1.295661,-0.130499,1.165162,-0.888811,0.276351,1.214729,-1.795967,-0.581239,1.214729,-1.400131,-0.185403,2.540477,2.0,
binance_um,FOOTBALLUSDT,20231207,2035,0.29485,1.556548,-1.339516,0.217032,1.556548,-1.194357,0.362191,1.754444,-2.051765,-0.297321,1.754444,-1.864097,-0.109653,3.456954,2.0,
binance_um,FOOTBALLUSDT,20231208,1064,0.225818,0.886074,-1.698805,-0.812731,0.886074,-1.762533,-0.876459,0.835111,-1.995481,-1.16037,0.835111,-2.238697,-1.403586,2.245216,2.0,
binance_um,FOOTBALLUSDT,20231209,1650,0.295903,1.470198,-2.025372,-0.555174,1.470198,-2.725894,-1.255696,1.496111,-3.015889,-1.519778,1.496111,-4.89694,-3.400829,3.748137,2.0,
binance_um,FOOTBALLUSDT,20231210,2229,0.293737,1.478468,-1.416202,0.062266,1.478468,-1.354667,0.123801,1.545485,-1.875581,-0.330096,1.545485,-2.270484,-0.725,3.42116,2.0,
binance_um,FOOTBALLUSDT,20231211,1451,0.340669,1.326564,-1.511333,-0.184769,1.326564,-1.077828,0.248736,1.286639,-1.545624,-0.258985,1.286639,-0.752786,0.533853,3.256983,2.0,
binance_um,FOOTBALLUSDT,20231212,1528,0.266538,1.04648,-1.270489,-0.22401,1.04648,-1.112789,-0.066309,0.999478,-1.316585,-0.317107,0.999478,-1.558211,-0.558733,2.580895,2.0,
binance_um,FOOTBALLUSDT,20231213,1438,0.257031,1.25275,-1.456142,-0.203392,1.25275,-1.683675,-0.430925,1.322671,-1.654079,-0.331408,1.322671,-1.809038,-0.486367,2.576566,2.0,
binance_um,FOOTBALLUSDT,20231214,1106,0.277893,1.261052,-1.338722,-0.077669,1.261052,-1.20162,0.059432,1.218763,-1.604283,-0.38552,1.218763,-1.114375,0.104388,2.16215,2.0,
binance_um,FOOTBALLUSDT,20231215,1484,0.245478,0.996408,-1.221907,-0.225499,0.996408,-1.394253,-0.397844,1.315811,-1.141043,0.174768,1.315811,-1.407748,-0.091937,2.29144,2.0,
binance_um,FOOTBALLUSDT,20231216,1366,0.192782,0.671651,-1.201998,-0.530347,0.671651,-1.09965,-0.427999,0.667721,-1.277866,-0.610145,0.667721,-1.189072,-0.521351,1.865509,2.0,
binance_um,FOOTBALLUSDT,20231217,1302,0.171536,0.777249,-1.219731,-0.442482,0.777249,-0.943424,-0.166176,1.069873,-1.387234,-0.317361,1.069873,-0.849198,0.220675,2.018839,2.0,
binance_um,FOOTBALLUSDT,20231218,1744,0.202615,0.953942,-1.629978,-0.676036,0.953942,-1.578429,-0.624487,1.069258,-1.551331,-0.482073,1.069258,-1.637715,-0.568457,2.423699,2.0,
binance_um,FOOTBALLUSDT,20231219,1288,0.174037,0.850715,-1.54835,-0.697636,0.850715,-1.756154,-0.905439,0.997329,-1.549524,-0.552195,0.997329,-1.817288,-0.819959,2.039468,2.0,
binance_um,FOOTBALLUSDT,20231220,5051,0.280798,2.656327,-2.200758,0.455568,2.656327,-3.097469,-0.441143,2.932533,-3.252944,-0.320411,2.932533,-4.985825,-2.053292,7.6742,2.0,
binance_um,FOOTBALLUSDT,20231221,1743,0.207344,1.452588,-1.779998,-0.32741,1.452588,-2.380598,-0.92801,1.528143,-1.77084,-0.242697,1.528143,-2.050719,-0.522576,2.293575,2.0,
binance_um,FOOTBALLUSDT,20231222,1689,0.216856,1.775414,-2.111949,-0.336534,1.775414,-1.828322,-0.052908,1.761378,-2.478681,-0.717302,1.761378,-2.144306,-0.382928,2.81093,2.0,
binance_um,FOOTBALLUSDT,20231223,1351,0.190925,1.691068,-1.480494,0.210574,1.691068,-1.544094,0.146974,1.732813,-1.495404,0.237409,1.732813,-1.256511,0.476303,2.331667,2.0,
binance_um,FOOTBALLUSDT,20231224,1580,0.201487,2.074808,-2.233172,-0.158364,2.074808,-2.577156,-0.502348,2.248727,-2.332805,-0.084078,2.248727,-3.035813,-0.787086,3.024479,2.0,
binance_um,FOOTBALLUSDT,20231225,2276,0.239279,2.193589,-1.946259,0.24733,2.193589,-2.182679,0.01091,2.296885,-2.150995,0.14589,2.296885,-2.289847,0.007038,3.442388,2.0,
binance_um,FOOTBALLUSDT,20231226,2828,0.21146,2.613634,-2.594075,0.019558,2.613634,-3.412497,-0.798864,2.743503,-2.550051,0.193452,2.743503,-4.340236,-1.596733,4.187603,2.0,
binance_um,FOOTBALLUSDT,20231227,2189,0.158136,2.023101,-1.66743,0.355672,2.023101,-2.56369,-0.540589,2.048008,-1.687646,0.360362,2.048008,-2.520424,-0.472416,2.413095,2.0,
binance_um,FOOTBALLUSDT,20231228,1903,0.176201,1.920095,-1.609993,0.310101,1.920095,-2.049362,-0.129268,2.027534,-1.481886,0.545648,2.027534,-2.022798,0.004736,2.282233,2.0,
binance_um,FOOTBALLUSDT,20231229,2680,0.233563,1.829576,-1.576515,0.253061,1.829576,-2.322719,-0.493142,1.990624,-1.613192,0.377432,1.990624,-2.141876,-0.151252,2.66368,2.0,
binance_um,FOOTBALLUSDT,20231230,1775,0.239882,1.453262,-1.331952,0.12131,1.453262,-1.468609,-0.015347,1.605593,-1.429416,0.176178,1.605593,-1.286406,0.319187,1.779518,2.0,
binance_um,FOOTBALLUSDT,20231231,1536,0.288874,1.330533,-0.994352,0.336181,1.330533,-1.283357,0.047176,1.387123,-1.13272,0.254403,1.387123,-1.791894,-0.404771,1.745908,2.0,
binance_um,FOOTBALLUSDT,20240101,1275,0.285325,1.396585,-1.249454,0.147131,1.396585,-1.830673,-0.434088,1.395392,-1.325536,0.069856,1.395392,-2.137455,-0.742062,1.77749,2.0,
binance_um,FOOTBALLUSDT,20240102,1165,0.272481,1.36342,-1.210614,0.152806,1.36342,-1.559774,-0.196354,1.43771,-1.457178,-0.019469,1.43771,-1.360821,0.076889,2.043427,2.0,
binance_um,FOOTBALLUSDT,20240103,1996,0.28499,1.999001,-1.385928,0.613073,1.999001,-1.394071,0.604931,2.044159,-1.458029,0.58613,2.044159,-1.422347,0.621812,3.756789,2.0,
binance_um,FOOTBALLUSDT,20240104,1446,0.22435,1.289672,-1.943815,-0.654142,1.289672,-1.971707,-0.682035,1.276027,-2.272106,-0.996079,1.276027,-2.126952,-0.850925,2.906554,2.0,
binance_um,FOOTBALLUSDT,20240105,2367,0.284309,2.245818,-1.786156,0.459662,2.245818,-1.610408,0.63541,2.661321,-1.901469,0.759851,2.661321,-1.582565,1.078756,4.59359,2.0,
binance_um,FOOTBALLUSDT,20240106,2083,0.238243,1.721865,-1.618943,0.102922,1.721865,-1.193113,0.528752,1.949944,-1.736212,0.213732,1.949944,-1.79131,0.158634,3.891904,2.0,
binance_um,FOOTBALLUSDT,20240107,2001,0.25966,1.591284,-1.542851,0.048433,1.591284,-0.445196,1.146088,1.71605,-2.18204,-0.46599,1.71605,-1.146754,0.569295,3.962507,2.0,
binance_um,FOOTBALLUSDT,20240108,2009,0.245829,1.372098,-1.766236,-0.394138,1.372098,-1.633796,-0.261698,1.331019,-1.876896,-0.545877,1.331019,-1.901032,-0.570013,3.476717,2.0,
binance_um,FOOTBALLUSDT,20240109,1608,0.240193,1.51787,-2.001788,-0.483918,1.51787,-2.020726,-0.502855,1.794305,-2.222835,-0.428531,1.794305,-2.009627,-0.215323,3.55727,2.0,
binance_um,FOOTBALLUSDT,20240110,1914,0.214639,1.495345,-1.773456,-0.278111,1.495345,-1.973463,-0.478117,1.58758,-1.778822,-0.191242,1.58758,-2.187756,-0.600177,3.735422,2.0,
binance_um,FOOTBALLUSDT,20240111,1589,0.207508,1.307699,-1.89878,-0.591081,1.307699,-1.621795,-0.314096,1.432137,-1.614614,-0.182476,1.432137,-1.297383,0.134754,3.502322,2.0,
binance_um,FOOTBALLUSDT,20240112,2008,0.232241,1.850229,-1.639411,0.210818,1.850229,-1.876608,-0.026379,2.175096,-0.968988,1.206108,2.175096,-2.184938,-0.009842,4.39779,2.0,
binance_um,FOOTBALLUSDT,20240113,5059,0.300704,2.362022,-1.768206,0.593816,2.362022,-1.709769,0.652253,2.556614,-2.209268,0.347345,2.556614,-2.24005,0.316564,6.683741,2.0,
binance_um,FOOTBALLUSDT,20240114,2209,0.271118,1.665771,-1.805831,-0.140059,1.665771,-1.4153,0.250472,1.730452,-2.135045,-0.404593,1.730452,-1.474066,0.256386,4.260022,2.0,
binance_um,FOOTBALLUSDT,20240115,1436,0.158607,1.523175,-1.489738,0.033436,1.523175,-1.395925,0.12725,1.927541,-1.600452,0.327089,1.927541,-1.760894,0.166647,3.521502,2.0,
binance_um,FOOTBALLUSDT,20240116,6441,0.313515,2.01487,-1.513704,0.501166,2.01487,-1.595689,0.419181,2.164922,-2.038446,0.126476,2.164922,-2.326765,-0.161843,7.538613,2.0,
binance_um,FOOTBALLUSDT,20240117,8270,0.303862,1.741248,-1.570077,0.171171,1.741248,-1.890314,-0.149066,1.925501,-1.709892,0.215609,1.925501,-2.529336,-0.603835,7.000641,2.0,
binance_um,FOOTBALLUSDT,20240118,4184,0.280055,1.711491,-1.763377,-0.051887,1.711491,-1.447661,0.26383,1.846576,-1.800268,0.046308,1.846576,-1.594984,0.251592,6.238153,2.0,
binance_um,FOOTBALLUSDT,20240119,2967,0.229161,1.990534,-2.330574,-0.340041,1.990534,-1.994921,-0.004388,2.13171,-2.247119,-0.115409,2.13171,-2.327295,-0.195585,4.751563,2.0,
binance_um,FOOTBALLUSDT,20240120,2745,0.247974,1.890511,-2.15529,-0.264779,1.890511,-2.358665,-0.468155,2.005193,-2.534545,-0.529352,2.005193,-2.569787,-0.564594,4.650787,2.0,
binance_um,FOOTBALLUSDT,20240121,2159,0.212307,1.918936,-1.793975,0.124962,1.918936,-1.739543,0.179393,2.066871,-2.285357,-0.218486,2.066871,-2.650316,-0.583445,4.092486,2.0,
binance_um,FOOTBALLUSDT,20240122,3204,0.226829,2.152334,-2.066785,0.085549,2.152334,-2.601948,-0.449614,2.386844,-2.46797,-0.081127,2.386844,-2.500823,-0.11398,4.234933,2.0,
binance_um,FOOTBALLUSDT,20240123,3099,0.230255,2.280233,-2.69202,-0.411787,2.280233,-3.285824,-1.005592,2.534906,-2.914023,-0.379117,2.534906,-3.682694,-1.147788,5.014825,2.0,
binance_um,FOOTBALLUSDT,20240124,1499,0.189533,1.750773,-2.049424,-0.298651,1.750773,-2.539155,-0.788382,1.749191,-2.297524,-0.548332,1.749191,-2.362948,-0.613757,2.558583,2.0,
binance_um,FOOTBALLUSDT,20240125,1362,0.218304,2.280672,-2.028472,0.2522,2.280672,-2.683088,-0.402416,2.449159,-2.30515,0.144009,2.449159,-3.470926,-1.021767,2.748951,2.0,
binance_um,FOOTBALLUSDT,20240126,1738,0.215466,2.104499,-2.09216,0.012339,2.104499,-2.34709,-0.242591,2.329179,-2.301995,0.027184,2.329179,-2.339011,-0.009831,3.219843,2.0,
binance_um,FOOTBALLUSDT,20240127,1043,0.163519,1.420367,-1.7221,-0.301733,1.420367,-1.711639,-0.291272,1.827414,-2.246592,-0.419178,1.827414,-1.746845,0.080569,2.145217,2.0,
binance_um,FOOTBALLUSDT,20240128,969,0.179546,1.570378,-1.414601,0.155776,1.570378,-1.633636,-0.063258,1.996275,-1.385953,0.610322,1.996275,-1.585955,0.41032,2.185653,2.0,
binance_um,FOOTBALLUSDT,20240129,669,0.224096,1.26983,-0.996409,0.273421,1.26983,-1.063296,0.206534,1.565112,-1.233649,0.331463,1.565112,-1.400263,0.164849,2.148702,2.0,
binance_um,FOOTBALLUSDT,20240130,2242,0.257181,1.820114,-1.598916,0.221198,1.820114,-1.951564,-0.13145,2.076805,-2.242096,-0.16529,2.076805,-3.183729,-1.106924,4.019749,2.0,
binance_um,FOOTBALLUSDT,20240131,1037,0.274986,1.554775,-1.219064,0.335711,1.554775,-1.629335,-0.07456,1.538489,-1.342581,0.195908,1.538489,-1.563133,-0.024644,2.477356,2.0,
binance_um,FOOTBALLUSDT,20240201,874,0.248295,1.715936,-1.518454,0.197482,1.715936,-1.716998,-0.001061,1.867575,-2.241631,-0.374056,1.867575,-2.800783,-0.933207,2.548637,2.0,
binance_um,FOOTBALLUSDT,20240202,550,0.1766,1.013848,-0.97722,0.036628,1.013848,-1.24789,-0.234042,1.09085,-0.754542,0.336308,1.09085,-1.089896,0.000954,1.662815,2.0,
binance_um,FOOTBALLUSDT,20240203,608,0.185872,1.170515,-1.584768,-0.414252,1.170515,-0.976929,0.193587,1.228619,-2.829032,-1.600413,1.228619,-0.857094,0.371525,2.192705,2.0,
binance_um,FOOTBALLUSDT,20240204,732,0.196926,1.35531,-1.216556,0.138754,1.35531,-1.685005,-0.329695,1.628569,-1.339292,0.289277,1.628569,-1.824008,-0.195439,2.314738,2.0,
binance_um,FOOTBALLUSDT,20240205,520,0.160923,1.076169,-1.161842,-0.085673,1.076169,-0.705019,0.37115,0.994715,-1.584696,-0.589981,0.994715,-0.885041,0.109674,1.676972,2.0,
binance_um,FOOTBALLUSDT,20240206,649,0.170678,1.200342,-1.147312,0.05303,1.200342,-0.966163,0.234179,1.375875,-1.219216,0.156659,1.375875,-0.643655,0.732219,1.90863,2.0,
binance_um,FOOTBALLUSDT,20240207,534,0.183895,0.949048,-1.015094,-0.066046,0.949048,-0.793778,0.155271,0.988952,-1.136794,-0.147842,0.988952,-0.906692,0.082259,1.526942,2.0,
binance_um,FOOTBALLUSDT,20240208,449,0.150022,0.98129,-1.02271,-0.04142,0.98129,-1.09988,-0.118591,1.233771,-1.63003,-0.396259,1.233771,-1.607432,-0.37366,1.262508,2.0,
binance_um,FOOTBALLUSDT,20240209,490,0.160347,1.141909,-1.338452,-0.196543,1.141909,-1.219778,-0.077869,1.759352,-1.448512,0.31084,1.759352,-1.553828,0.205524,1.559372,2.0,
binance_um,FOOTBALLUSDT,20240210,570,0.123684,0.915551,-1.391116,-0.475565,0.915551,-1.708009,-0.792458,1.634286,-1.314737,0.319549,1.634286,-1.330908,0.303378,1.351303,2.0,
binance_um,FOOTBALLUSDT,20240211,768,0.156016,1.246484,-1.139904,0.10658,1.246484,-1.001005,0.245478,1.778226,-1.120847,0.657379,1.778226,-0.704353,1.073872,1.831446,2.0,
binance_um,FOOTBALLUSDT,20240212,529,0.155388,1.00248,-1.066601,-0.06412,1.00248,-0.757106,0.245374,1.452228,-1.581179,-0.128951,1.452228,-1.456696,-0.004468,1.649211,2.0,
binance_um,FOOTBALLUSDT,20240213,753,0.170093,1.135569,-1.259409,-0.12384,1.135569,-1.399166,-0.263597,1.501998,-1.559814,-0.057816,1.501998,-1.743499,-0.241501,2.011297,2.0,
binance_um,FOOTBALLUSDT,20240214,470,0.17483,1.078531,-1.335209,-0.256678,1.078531,-1.393114,-0.314584,1.754676,-1.189905,0.564771,1.754676,-1.423566,0.33111,1.559068,2.0,
binance_um,FOOTBALLUSDT,20240215,631,0.185832,1.240237,-1.577181,-0.336944,1.240237,-1.553016,-0.312779,1.465239,-1.573386,-0.108147,1.465239,-1.847565,-0.382326,1.935724,2.0,
binance_um,FOOTBALLUSDT,20240216,1640,0.205774,1.951218,-1.111113,0.840105,1.951218,-1.167232,0.783986,2.524006,-1.180058,1.343948,2.524006,-1.819919,0.704087,3.758342,2.0,
binance_um,FOOTBALLUSDT,20240217,5310,0.236153,1.923972,-1.531393,0.392579,1.923972,-1.648785,0.275187,2.258123,-1.822969,0.435154,2.258123,-2.166468,0.091655,6.130254,2.0,
binance_um,FOOTBALLUSDT,20240218,1270,0.214189,1.245109,-1.140503,0.104605,1.245109,-1.180027,0.065081,1.593694,-1.230295,0.363399,1.593694,-1.093594,0.5001,2.373559,2.0,
binance_um,FOOTBALLUSDT,20240219,1225,0.196857,1.184128,-1.081388,0.10274,1.184128,-0.814736,0.369393,1.381152,-1.029487,0.351664,1.381152,-0.647794,0.733357,2.397472,2.0,
binance_um,FOOTBALLUSDT,20240220,1390,0.228662,1.514448,-1.659268,-0.14482,1.514448,-2.279542,-0.765095,1.837001,-1.6906,0.146401,1.837001,-1.433332,0.403669,3.449229,2.0,
binance_um,FOOTBALLUSDT,20240221,953,0.188395,1.467315,-1.564048,-0.096733,1.467315,-1.879629,-0.412315,1.793201,-1.3557,0.437501,1.793201,-1.100249,0.692952,3.077359,2.0,
binance_um,FOOTBALLUSDT,20240222,575,0.177757,1.210834,-1.327649,-0.116815,1.210834,-1.857409,-0.646575,1.63871,-1.120068,0.518642,1.63871,-1.443943,0.194767,2.322169,2.0,
binance_um,FOOTBALLUSDT,20240223,653,0.185988,1.169682,-1.283903,-0.114221,1.169682,-1.708496,-0.538815,1.445706,-1.780376,-0.33467,1.445706,-2.117912,-0.672206,1.968884,2.0,
binance_um,FOOTBALLUSDT,20240224,702,0.158789,1.052961,-0.859928,0.193032,1.052961,-1.012785,0.040175,1.31718,-1.056757,0.260424,1.31718,-1.263379,0.053802,1.524018,2.0,
binance_um,FOOTBALLUSDT,20240225,742,0.175485,1.360887,-1.402002,-0.041115,1.360887,-1.402002,-0.041115,1.734865,-1.508321,0.226544,1.734865,-1.728537,0.006327,2.521306,2.0,
binance_um,FOOTBALLUSDT,20240226,687,0.134876,1.383779,-1.277363,0.106416,1.383779,-1.673765,-0.289986,1.749412,-1.333687,0.415725,1.749412,-1.246542,0.502869,2.14449,2.0,
binance_um,FOOTBALLUSDT,20240227,723,0.135159,1.428903,-1.662068,-0.233165,1.428903,-1.575545,-0.146642,2.164728,-1.782928,0.381801,2.164728,-1.368883,0.795846,2.389378,2.0,
binance_um,FOOTBALLUSDT,20240228,1089,0.181708,1.630318,-1.646345,-0.016027,1.630318,-1.992488,-0.362171,2.089497,-1.617983,0.471514,2.089497,-2.323302,-0.233804,2.758137,2.0,
binance_um,FOOTBALLUSDT,20240229,952,0.168246,1.501931,-1.482151,0.01978,1.501931,-1.481388,0.020542,1.583967,-1.645974,-0.062006,1.583967,-1.902599,-0.318632,2.688105,2.0,
binance_um,FOOTBALLUSDT,20240301,1086,0.195267,1.86143,-1.482121,0.379309,1.86143,-1.585606,0.275825,2.317422,-1.423991,0.893431,2.317422,-1.325369,0.992053,2.996176,2.0,
binance_um,FOOTBALLUSDT,20240302,1182,0.230237,2.20156,-1.996807,0.204753,2.20156,-2.001927,0.199633,2.688916,-2.317695,0.371221,2.688916,-1.963234,0.725682,3.779438,2.0,
binance_um,FOOTBALLUSDT,20240303,1134,0.200785,1.829081,-2.172382,-0.343302,1.829081,-2.565205,-0.736125,2.395961,-2.4559,-0.059939,2.395961,-3.113045,-0.717084,3.497919,2.0,
binance_um,FOOTBALLUSDT,20240304,1166,0.165257,1.761782,-1.668231,0.093551,1.761782,-1.282138,0.479644,2.191162,-1.586757,0.604406,2.191162,-0.959904,1.231259,3.394872,2.0,
binance_um,FOOTBALLUSDT,20240305,2046,0.175572,1.744398,-2.160973,-0.416575,1.744398,-2.414574,-0.670177,2.036835,-2.479194,-0.442359,2.036835,-3.588108,-1.551274,5.405196,2.0,
binance_um,FOOTBALLUSDT,20240306,1791,0.145025,1.234602,-2.150489,-0.915888,1.234602,-1.786555,-0.551953,1.518621,-1.837994,-0.319373,1.518621,-1.112938,0.405683,4.079731,2.0,
binance_um,FOOTBALLUSDT,20240307,1486,0.156184,1.039566,-1.80625,-0.766684,1.039566,-1.533725,-0.494159,1.199861,-1.753977,-0.554116,1.199861,-1.323318,-0.123457,3.158966,2.0,
binance_um,FOOTBALLUSDT,20240308,3835,0.204344,2.219809,-1.844962,0.374847,2.219809,-1.710872,0.508937,2.701402,-1.257035,1.444367,2.701402,0.234947,2.936349,7.59282,2.0,
binance_um,FOOTBALLUSDT,20240309,1522,0.132352,1.332923,-1.897938,-0.565015,1.332923,-1.383958,-0.051036,2.029662,-1.992103,0.03756,2.029662,-1.452527,0.577136,3.861316,2.0,
binance_um,FOOTBALLUSDT,20240310,1344,0.119301,1.320294,-1.884295,-0.564001,1.320294,-1.552882,-0.232587,1.849616,-1.802731,0.046885,1.849616,-1.641269,0.208347,3.203332,2.0,
binance_um,FOOTBALLUSDT,20240311,1521,0.177396,1.82558,-2.000522,-0.174942,1.82558,-1.399227,0.426353,2.462755,-2.125161,0.337594,2.462755,-1.182876,1.279879,4.467537,2.0,
binance_um,FOOTBALLUSDT,20240312,1254,0.131994,2.089003,-1.910059,0.178943,2.089003,-1.735965,0.353038,2.312721,-2.227198,0.085523,2.312721,-2.007331,0.30539,3.636532,2.0,
binance_um,FOOTBALLUSDT,20240313,1269,0.138251,2.820763,-1.777861,1.042902,2.820763,-2.49152,0.329243,3.416585,-2.000241,1.416344,3.416585,-1.439493,1.977092,4.054958,2.0,
binance_um,FOOTBALLUSDT,20240314,2134,0.179222,2.370017,-2.521647,-0.15163,2.370017,-3.045805,-0.675788,2.58578,-3.536631,-0.950851,2.58578,-3.821637,-1.235857,5.831317,2.0,
binance_um,FOOTBALLUSDT,20240315,4199,0.191658,2.886904,-1.961,0.925904,2.886904,-1.400696,1.486208,3.376451,-2.072699,1.303751,3.376451,-2.579087,0.797364,8.456775,2.0,
binance_um,FOOTBALLUSDT,20240316,1419,0.150585,2.014032,-1.475533,0.538498,2.014032,-1.733318,0.280713,2.605867,-1.034703,1.571163,2.605867,-1.644441,0.961426,4.857158,2.0,
binance_um,FOOTBALLUSDT,20240317,1004,0.162351,1.946779,-1.56171,0.385069,1.946779,-1.455592,0.491187,2.57994,-1.180407,1.399532,2.57994,-1.771083,0.808857,4.220807,2.0,
binance_um,FOOTBALLUSDT,20240318,1041,0.148713,1.579235,-0.9919,0.587335,1.579235,-0.427407,1.151828,2.14976,-0.862663,1.287096,2.14976,-0.315664,1.834095,4.262975,2.0,
binance_um,FOOTBALLUSDT,20240319,1952,0.175512,1.579347,-1.452595,0.126752,1.579347,-1.925743,-0.346396,2.417395,-1.04512,1.372275,2.417395,-1.942889,0.474506,6.203617,2.0,
binance_um,FOOTBALLUSDT,20240320,1897,0.176647,1.663236,-2.308566,-0.64533,1.663236,-1.841505,-0.178269,1.83576,-2.313127,-0.477366,1.83576,-2.50217,-0.66641,6.617581,2.0,
binance_um,FOOTBALLUSDT,20240321,1129,0.117219,1.775746,-2.753619,-0.977873,1.775746,-2.399614,-0.623868,1.830004,-2.443883,-0.613879,1.830004,-1.739705,0.090299,4.556073,2.0,
binance_um,FOOTBALLUSDT,20240322,2145,0.178718,2.41464,-2.78106,-0.36642,2.41464,-1.895288,0.519351,3.211537,-2.017288,1.19425,3.211537,-0.722714,2.488824,5.674339,2.0,
binance_um,FOOTBALLUSDT,20240323,2001,0.135777,1.73716,-1.931804,-0.194644,1.73716,-1.553985,0.183175,2.348802,-1.72231,0.626492,2.348802,-0.746996,1.601806,3.9972,2.0,
binance_um,FOOTBALLUSDT,20240324,1537,0.088269,1.349664,-2.160588,-0.810924,1.349664,-1.943549,-0.593886,1.499382,-1.850036,-0.350654,1.499382,-1.652295,-0.152913,3.492038,2.0,
binance_um,FOOTBALLUSDT,20240325,1671,0.104997,1.425472,-1.912234,-0.486762,1.425472,-2.078848,-0.653376,1.660861,-1.452068,0.208793,1.660861,-2.184313,-0.523451,3.658218,2.0,
binance_um,FOOTBALLUSDT,20240326,513,0.130136,1.909837,-2.307814,-0.397978,1.909837,-3.500995,-1.591159,3.084939,-3.088564,-0.003626,3.084939,-5.754376,-2.669437,4.282265,2.0,
binance_um,STRAXUSDT,20231011,8844,1.0,3.985714,-3.466115,0.5196,3.985714,-3.445165,0.54055,3.985714,-3.466115,0.5196,3.985714,-3.445165,0.54055,84.758275,2.0,
binance_um,STRAXUSDT,20231012,6550,1.0,3.492955,-3.452529,0.040425,3.492955,-3.304375,0.188579,3.492955,-3.452529,0.040425,3.492955,-3.304375,0.188579,10.769966,2.0,
binance_um,STRAXUSDT,20231013,4148,1.0,3.840985,-3.491524,0.34946,3.840985,-3.064763,0.776222,3.840985,-3.491524,0.34946,3.840985,-3.064763,0.776222,8.859083,2.0,
binance_um,STRAXUSDT,20231014,3312,1.0,2.873256,-2.86714,0.006115,2.873256,-2.836193,0.037063,2.873256,-2.86714,0.006115,2.873256,-2.836193,0.037063,6.81576,2.0,
binance_um,STRAXUSDT,20231015,29417,1.0,3.37788,-2.897043,0.480837,3.37788,-2.858059,0.519821,3.37788,-2.897043,0.480837,3.37788,-2.858059,0.519821,21.203175,2.0,
binance_um,STRAXUSDT,20231016,54544,1.0,1.872484,-1.839012,0.033472,1.872484,-2.187169,-0.314684,1.872484,-1.839012,0.033472,1.872484,-2.187169,-0.314684,17.59227,2.0,
binance_um,STRAXUSDT,20231017,24527,1.0,2.095025,-2.063052,0.031973,2.095025,-2.229061,-0.134036,2.095025,-2.063052,0.031973,2.095025,-2.229061,-0.134036,12.825334,2.0,
binance_um,STRAXUSDT,20231018,37799,1.0,2.559808,-2.924081,-0.364273,2.559808,-2.621207,-0.061399,2.559808,-2.924081,-0.364273,2.559808,-2.621207,-0.061399,21.967087,2.0,
binance_um,STRAXUSDT,20231019,28288,1.0,2.44575,-2.846579,-0.400829,2.44575,-2.605052,-0.159301,2.44575,-2.846579,-0.400829,2.44575,-2.605052,-0.159301,17.06207,2.0,
binance_um,STRAXUSDT,20231020,14861,1.0,1.997657,-2.700558,-0.702901,1.997657,-2.207885,-0.210227,1.997657,-2.700558,-0.702901,1.997657,-2.207885,-0.210227,11.629003,2.0,
binance_um,STRAXUSDT,20231021,10727,1.0,1.562811,-2.276191,-0.713381,1.562811,-2.188908,-0.626098,1.562811,-2.276191,-0.713381,1.562811,-2.188908,-0.626098,8.11381,2.0,
binance_um,STRAXUSDT,20231022,6240,1.0,1.583812,-1.811035,-0.227223,1.583812,-1.856947,-0.273135,1.583812,-1.811035,-0.227223,1.583812,-1.856947,-0.273135,6.022719,2.0,
binance_um,STRAXUSDT,20231023,9203,1.0,1.907211,-2.228782,-0.321571,1.907211,-1.466761,0.440451,1.907211,-2.228782,-0.321571,1.907211,-1.466761,0.440451,6.368932,2.0,
binance_um,STRAXUSDT,20231024,22636,1.0,2.109708,-3.196844,-1.087137,2.109708,-2.920225,-0.810517,2.109708,-3.196844,-1.087137,2.109708,-2.920225,-0.810517,15.082833,2.0,
binance_um,STRAXUSDT,20231025,47024,1.0,1.958998,-1.848708,0.110291,1.958998,-1.435486,0.523513,1.958998,-1.848708,0.110291,1.958998,-1.435486,0.523513,17.348151,2.0,
binance_um,STRAXUSDT,20231026,21204,1.0,1.832556,-1.84253,-0.009974,1.832556,-1.553968,0.278588,1.832556,-1.84253,-0.009974,1.832556,-1.553968,0.278588,11.567242,2.0,
binance_um,STRAXUSDT,20231027,7715,1.0,1.666565,-1.976872,-0.310307,1.666565,-1.681931,-0.015366,1.666565,-1.976872,-0.310307,1.666565,-1.681931,-0.015366,7.122797,2.0,
binance_um,STRAXUSDT,20231028,9199,1.0,1.81147,-2.099718,-0.288248,1.81147,-2.093026,-0.281556,1.81147,-2.099718,-0.288248,1.81147,-2.093026,-0.281556,8.026076,2.0,
binance_um,STRAXUSDT,20231029,9070,1.0,1.839126,-2.161098,-0.321972,1.839126,-1.807019,0.032107,1.839126,-2.161098,-0.321972,1.839126,-1.807019,0.032107,7.635895,2.0,
binance_um,STRAXUSDT,20231030,6060,1.0,1.605014,-1.988148,-0.383135,1.605014,-2.411239,-0.806226,1.605014,-1.988148,-0.383135,1.605014,-2.411239,-0.806226,6.116536,2.0,
binance_um,STRAXUSDT,20231031,36939,1.0,2.067741,-2.07469,-0.006949,2.067741,-1.613351,0.45439,2.067741,-2.07469,-0.006949,2.067741,-1.613351,0.45439,15.950047,2.0,
binance_um,STRAXUSDT,20231101,25223,1.0,1.579436,-2.066161,-0.486725,1.579436,-2.238281,-0.658845,1.579436,-2.066161,-0.486725,1.579436,-2.238281,-0.658845,12.908253,2.0,
binance_um,STRAXUSDT,20231102,10332,1.0,1.519136,-1.287458,0.231679,1.519136,-1.119973,0.399164,1.519136,-1.287458,0.231679,1.519136,-1.119973,0.399164,6.601925,2.0,
binance_um,STRAXUSDT,20231103,9387,1.0,1.783319,-2.124103,-0.340784,1.783319,-1.963192,-0.179873,1.783319,-2.124103,-0.340784,1.783319,-1.963192,-0.179873,7.926979,2.0,
binance_um,STRAXUSDT,20231104,7361,1.0,1.72927,-2.083115,-0.353844,1.72927,-2.291827,-0.562557,1.72927,-2.083115,-0.353844,1.72927,-2.291827,-0.562557,7.09273,2.0,
binance_um,STRAXUSDT,20231105,5259,1.0,1.471673,-1.448562,0.023111,1.471673,-1.505864,-0.03419,1.471673,-1.448562,0.023111,1.471673,-1.505864,-0.03419,4.636962,2.0,
binance_um,STRAXUSDT,20231106,4740,1.0,1.497432,-1.459429,0.038003,1.497432,-1.656689,-0.159257,1.497432,-1.459429,0.038003,1.497432,-1.656689,-0.159257,4.264226,2.0,
binance_um,STRAXUSDT,20231107,9294,1.0,1.922364,-2.048562,-0.126198,1.922364,-1.836708,0.085656,1.922364,-2.048562,-0.126198,1.922364,-1.836708,0.085656,7.258376,2.0,
binance_um,STRAXUSDT,20231108,7051,1.0,1.578687,-1.939429,-0.360742,1.578687,-2.036091,-0.457403,1.578687,-1.939429,-0.360742,1.578687,-2.036091,-0.457403,5.449226,2.0,
binance_um,STRAXUSDT,20231109,9947,1.0,1.9567,-1.689099,0.267601,1.9567,-0.110857,1.845842,1.9567,-1.689099,0.267601,1.9567,-0.110857,1.845842,9.256723,2.0,
binance_um,STRAXUSDT,20231110,8531,1.0,1.687916,-2.338953,-0.651037,1.687916,-2.006479,-0.318564,1.687916,-2.338953,-0.651037,1.687916,-2.006479,-0.318564,7.362469,2.0,
binance_um,STRAXUSDT,20231111,5002,1.0,1.673802,-1.853728,-0.179926,1.673802,-2.179123,-0.50532,1.673802,-1.853728,-0.179926,1.673802,-2.179123,-0.50532,5.285865,2.0,
binance_um,STRAXUSDT,20231112,6725,1.0,1.649982,-2.392007,-0.742025,1.649982,-2.12665,-0.476668,1.649982,-2.392007,-0.742025,1.649982,-2.12665,-0.476668,6.814904,2.0,
binance_um,STRAXUSDT,20231113,6449,1.0,1.591945,-1.7972,-0.205256,1.591945,-1.961396,-0.369452,1.591945,-1.7972,-0.205256,1.591945,-1.961396,-0.369452,5.779838,2.0,
binance_um,STRAXUSDT,20231114,9554,1.0,1.85808,-2.202766,-0.344686,1.85808,-2.342783,-0.484704,1.85808,-2.202766,-0.344686,1.85808,-2.342783,-0.484704,8.791499,2.0,
binance_um,STRAXUSDT,20231115,16240,1.0,1.796411,-2.076682,-0.280271,1.796411,-2.054324,-0.257912,1.796411,-2.076682,-0.280271,1.796411,-2.054324,-0.257912,11.488908,2.0,
binance_um,STRAXUSDT,20231117,5818,1.0,1.365036,-1.623017,-0.257981,1.365036,-1.663042,-0.298005,1.365036,-1.623017,-0.257981,1.365036,-1.663042,-0.298005,5.876148,2.0,
binance_um,STRAXUSDT,20231118,4353,1.0,1.289281,-1.736991,-0.44771,1.289281,-1.805966,-0.516685,1.289281,-1.736991,-0.44771,1.289281,-1.805966,-0.516685,4.742646,2.0,
binance_um,STRAXUSDT,20231119,2701,1.0,1.149115,-1.414803,-0.265687,1.149115,-1.529785,-0.38067,1.149115,-1.414803,-0.265687,1.149115,-1.529785,-0.38067,3.236775,2.0,
binance_um,STRAXUSDT,20231120,7971,1.0,1.644554,-2.054575,-0.410021,1.644554,-2.000559,-0.356005,1.644554,-2.054575,-0.410021,1.644554,-2.000559,-0.356005,6.870416,2.0,
binance_um,STRAXUSDT,20231121,6808,1.0,1.804929,-2.069686,-0.264757,1.804929,-2.229988,-0.425059,1.804929,-2.069686,-0.264757,1.804929,-2.229988,-0.425059,6.394929,2.0,
binance_um,STRAXUSDT,20231122,6061,1.0,1.536156,-2.01177,-0.475614,1.536156,-2.345859,-0.809703,1.536156,-2.01177,-0.475614,1.536156,-2.345859,-0.809703,6.30334,2.0,
binance_um,STRAXUSDT,20231123,16459,1.0,1.492741,-1.791137,-0.298397,1.492741,-1.818717,-0.325976,1.492741,-1.791137,-0.298397,1.492741,-1.818717,-0.325976,9.35824,2.0,
binance_um,STRAXUSDT,20231124,30895,1.0,1.58431,-1.77181,-0.1875,1.58431,-2.320696,-0.736386,1.58431,-1.77181,-0.1875,1.58431,-2.320696,-0.736386,12.468389,2.0,
binance_um,STRAXUSDT,20231125,13156,1.0,1.295567,-1.373848,-0.078282,1.295567,-1.593008,-0.297441,1.295567,-1.373848,-0.078282,1.295567,-1.593008,-0.297441,6.113992,2.0,
binance_um,STRAXUSDT,20231126,8963,1.0,1.304939,-1.136317,0.168622,1.304939,-1.511191,-0.206252,1.304939,-1.136317,0.168622,1.304939,-1.511191,-0.206252,5.21825,2.0,
binance_um,STRAXUSDT,20231127,7320,1.0,1.310167,-1.2909,0.019267,1.310167,-1.307658,0.002509,1.310167,-1.2909,0.019267,1.310167,-1.307658,0.002509,5.435809,2.0,
binance_um,STRAXUSDT,20231128,7871,1.0,1.368026,-1.644316,-0.27629,1.368026,-1.530894,-0.162869,1.368026,-1.644316,-0.27629,1.368026,-1.530894,-0.162869,6.355985,2.0,
binance_um,STRAXUSDT,20231129,5400,1.0,1.158872,-1.243495,-0.084623,1.158872,-1.363855,-0.204984,1.158872,-1.243495,-0.084623,1.158872,-1.363855,-0.204984,4.101441,2.0,
binance_um,STRAXUSDT,20231130,3960,1.0,1.113102,-1.589514,-0.476412,1.113102,-1.512432,-0.39933,1.113102,-1.589514,-0.476412,1.113102,-1.512432,-0.39933,3.831258,2.0,
binance_um,STRAXUSDT,20231201,6339,1.0,1.245233,-1.586421,-0.341188,1.245233,-1.396213,-0.15098,1.245233,-1.586421,-0.341188,1.245233,-1.396213,-0.15098,5.198973,2.0,
binance_um,STRAXUSDT,20231202,6561,1.0,1.19155,-1.617622,-0.426072,1.19155,-1.693634,-0.502083,1.19155,-1.617622,-0.426072,1.19155,-1.693634,-0.502083,4.825885,2.0,
binance_um,STRAXUSDT,20231203,4388,1.0,1.156148,-1.818543,-0.662395,1.156148,-1.920764,-0.764617,1.156148,-1.818543,-0.662395,1.156148,-1.920764,-0.764617,4.124606,2.0,
binance_um,STRAXUSDT,20231204,7103,1.0,1.738714,-1.868741,-0.130028,1.738714,-0.935803,0.802911,1.738714,-1.868741,-0.130028,1.738714,-0.935803,0.802911,6.653141,2.0,
binance_um,STRAXUSDT,20231205,10708,1.0,1.372984,-1.63023,-0.257246,1.372984,-1.574509,-0.201525,1.372984,-1.63023,-0.257246,1.372984,-1.574509,-0.201525,7.603465,2.0,
binance_um,STRAXUSDT,20231206,6084,1.0,1.342566,-1.264841,0.077725,1.342566,-1.287289,0.055277,1.342566,-1.264841,0.077725,1.342566,-1.287289,0.055277,5.455941,2.0,
binance_um,STRAXUSDT,20231207,4199,1.0,1.251981,-1.455352,-0.203371,1.251981,-1.123269,0.128712,1.251981,-1.455352,-0.203371,1.251981,-1.123269,0.128712,4.611959,2.0,
binance_um,STRAXUSDT,20231208,4270,1.0,1.111105,-1.377893,-0.266788,1.111105,-1.322366,-0.21126,1.111105,-1.377893,-0.266788,1.111105,-1.322366,-0.21126,4.062096,2.0,
binance_um,STRAXUSDT,20231209,4725,1.0,1.306688,-1.377093,-0.070405,1.306688,-1.448964,-0.142276,1.306688,-1.377093,-0.070405,1.306688,-1.448964,-0.142276,4.536552,2.0,
binance_um,STRAXUSDT,20231210,4532,1.0,1.444123,-1.765109,-0.320986,1.444123,-1.596485,-0.152362,1.444123,-1.765109,-0.320986,1.444123,-1.596485,-0.152362,4.877934,2.0,
binance_um,STRAXUSDT,20231211,7260,1.0,2.058429,-1.968026,0.090403,2.058429,-1.546233,0.512196,2.058429,-1.968026,0.090403,2.058429,-1.546233,0.512196,8.436082,2.0,
binance_um,STRAXUSDT,20231212,6120,1.0,1.402249,-1.0919,0.31035,1.402249,-1.111042,0.291208,1.402249,-1.0919,0.31035,1.402249,-1.111042,0.291208,5.231204,2.0,
binance_um,STRAXUSDT,20231213,4301,1.0,1.505211,-1.825252,-0.320041,1.505211,-1.818485,-0.313274,1.505211,-1.825252,-0.320041,1.505211,-1.818485,-0.313274,4.517158,2.0,
binance_um,STRAXUSDT,20231214,3346,1.0,1.408564,-1.723642,-0.315077,1.408564,-0.153966,1.254598,1.408564,-1.723642,-0.315077,1.408564,-0.153966,1.254598,4.8225,2.0,
binance_um,STRAXUSDT,20231215,7558,1.0,1.402739,-1.808121,-0.405382,1.402739,-2.166585,-0.763845,1.402739,-1.808121,-0.405382,1.402739,-2.166585,-0.763845,6.874683,2.0,
binance_um,STRAXUSDT,20231216,3321,1.0,1.063134,-1.418838,-0.355704,1.063134,-1.864657,-0.801523,1.063134,-1.418838,-0.355704,1.063134,-1.864657,-0.801523,3.446456,2.0,
binance_um,STRAXUSDT,20231217,13069,1.0,1.615595,-1.322677,0.292918,1.615595,-1.17124,0.444355,1.615595,-1.322677,0.292918,1.615595,-1.17124,0.444355,8.821223,2.0,
binance_um,STRAXUSDT,20231218,17251,1.0,1.517539,-1.817332,-0.299793,1.517539,-2.027441,-0.509903,1.517539,-1.817332,-0.299793,1.517539,-2.027441,-0.509903,10.340123,2.0,
binance_um,STRAXUSDT,20231219,9371,1.0,1.400192,-1.84951,-0.449318,1.400192,-2.180852,-0.78066,1.400192,-1.84951,-0.449318,1.400192,-2.180852,-0.78066,7.720981,2.0,
binance_um,STRAXUSDT,20231220,6740,1.0,1.265577,-1.617434,-0.351857,1.265577,-1.701537,-0.43596,1.265577,-1.617434,-0.351857,1.265577,-1.701537,-0.43596,5.956001,2.0,
binance_um,STRAXUSDT,20231221,6622,1.0,1.201914,-1.921822,-0.719908,1.201914,-2.189209,-0.987295,1.201914,-1.921822,-0.719908,1.201914,-2.189209,-0.987295,5.947113,2.0,
binance_um,STRAXUSDT,20231222,5781,1.0,1.315046,-1.403057,-0.088011,1.315046,-1.666348,-0.351302,1.315046,-1.403057,-0.088011,1.315046,-1.666348,-0.351302,4.805524,2.0,
binance_um,STRAXUSDT,20231223,4298,1.0,1.380061,-1.998046,-0.617985,1.380061,-1.90709,-0.527028,1.380061,-1.998046,-0.617985,1.380061,-1.90709,-0.527028,5.044396,2.0,
binance_um,STRAXUSDT,20231224,3302,1.0,1.317758,-1.324725,-0.006967,1.317758,-0.493436,0.824323,1.317758,-1.324725,-0.006967,1.317758,-0.493436,0.824323,4.558583,2.0,
binance_um,STRAXUSDT,20231225,2894,1.0,1.171745,-1.12779,0.043954,1.171745,-1.076252,0.095493,1.171745,-1.12779,0.043954,1.171745,-1.076252,0.095493,4.147037,2.0,
binance_um,STRAXUSDT,20231226,6757,1.0,1.628401,-1.264769,0.363632,1.628401,-1.198335,0.430066,1.628401,-1.264769,0.363632,1.628401,-1.198335,0.430066,6.724376,2.0,
binance_um,STRAXUSDT,20231227,6767,1.0,1.592895,-1.348665,0.24423,1.592895,-1.32517,0.267724,1.592895,-1.348665,0.24423,1.592895,-1.32517,0.267724,5.821347,2.0,
binance_um,STRAXUSDT,20231228,4063,1.0,1.686264,-1.329353,0.356912,1.686264,-1.439139,0.247125,1.686264,-1.329353,0.356912,1.686264,-1.439139,0.247125,5.005479,2.0,
binance_um,STRAXUSDT,20231229,4850,1.0,1.594351,-2.148381,-0.55403,1.594351,-1.955879,-0.361528,1.594351,-2.148381,-0.55403,1.594351,-1.955879,-0.361528,5.682238,2.0,
binance_um,STRAXUSDT,20231230,2982,1.0,1.524075,-1.873777,-0.349703,1.524075,-2.151587,-0.627513,1.524075,-1.873777,-0.349703,1.524075,-2.151587,-0.627513,4.498211,2.0,
binance_um,STRAXUSDT,20231231,3426,1.0,1.456495,-0.994129,0.462367,1.456495,-0.729457,0.727038,1.456495,-0.994129,0.462367,1.456495,-0.729457,0.727038,3.721519,2.0,
binance_um,STRAXUSDT,20240101,2686,1.0,1.334322,-1.112018,0.222304,1.334322,-1.303514,0.030808,1.334322,-1.112018,0.222304,1.334322,-1.303514,0.030808,3.161598,2.0,
binance_um,STRAXUSDT,20240102,13380,1.0,1.816913,-1.780701,0.036212,1.816913,-1.165875,0.651038,1.816913,-1.780701,0.036212,1.816913,-1.165875,0.651038,10.63399,2.0,
binance_um,STRAXUSDT,20240103,29417,1.0,1.970898,-2.397238,-0.42634,1.970898,-2.320739,-0.349841,1.970898,-2.397238,-0.42634,1.970898,-2.320739,-0.349841,18.271324,2.0,
binance_um,STRAXUSDT,20240104,30205,1.0,1.780982,-1.962221,-0.181239,1.780982,-1.445973,0.335009,1.780982,-1.962221,-0.181239,1.780982,-1.445973,0.335009,16.764878,2.0,
binance_um,STRAXUSDT,20240105,25043,1.0,1.780973,-1.998243,-0.21727,1.780973,-2.646162,-0.865189,1.780973,-1.998243,-0.21727,1.780973,-2.646162,-0.865189,18.224533,2.0,
binance_um,STRAXUSDT,20240106,15830,1.0,1.189922,-2.509246,-1.319324,1.189922,-1.83758,-0.647658,1.189922,-2.509246,-1.319324,1.189922,-1.83758,-0.647658,10.525169,2.0,
binance_um,STRAXUSDT,20240107,11391,1.0,1.272318,-2.40551,-1.133192,1.272318,-2.612211,-1.339893,1.272318,-2.40551,-1.133192,1.272318,-2.612211,-1.339893,8.451856,2.0,
binance_um,STRAXUSDT,20240108,13508,1.0,1.767241,-2.449791,-0.68255,1.767241,-2.253044,-0.485803,1.767241,-2.449791,-0.68255,1.767241,-2.253044,-0.485803,10.255233,2.0,
binance_um,STRAXUSDT,20240109,7919,1.0,1.861154,-2.222669,-0.361516,1.861154,-3.041135,-1.179981,1.861154,-2.222669,-0.361516,1.861154,-3.041135,-1.179981,7.631136,2.0,
binance_um,STRAXUSDT,20240110,9198,1.0,1.710469,-1.828171,-0.117702,1.710469,-1.579051,0.131419,1.710469,-1.828171,-0.117702,1.710469,-1.579051,0.131419,8.01519,2.0,
binance_um,STRAXUSDT,20240111,7129,1.0,1.509974,-1.754911,-0.244937,1.509974,-1.771948,-0.261974,1.509974,-1.754911,-0.244937,1.509974,-1.771948,-0.261974,6.42284,2.0,
binance_um,STRAXUSDT,20240112,6471,1.0,1.483849,-1.684368,-0.200518,1.483849,-1.974016,-0.490167,1.483849,-1.684368,-0.200518,1.483849,-1.974016,-0.490167,6.282129,2.0,
binance_um,STRAXUSDT,20240113,2990,1.0,1.38921,-1.264051,0.125159,1.38921,-1.742282,-0.353071,1.38921,-1.264051,0.125159,1.38921,-1.742282,-0.353071,4.265021,2.0,
binance_um,STRAXUSDT,20240114,6639,1.0,1.734314,-1.830062,-0.095748,1.734314,-2.078093,-0.343779,1.734314,-1.830062,-0.095748,1.734314,-2.078093,-0.343779,6.463232,2.0,
binance_um,STRAXUSDT,20240115,14098,1.0,1.644409,-1.61117,0.033239,1.644409,-1.894526,-0.250117,1.644409,-1.61117,0.033239,1.644409,-1.894526,-0.250117,7.779988,2.0,
binance_um,STRAXUSDT,20240116,4941,1.0,1.579101,-1.732576,-0.153475,1.579101,-2.002915,-0.423814,1.579101,-1.732576,-0.153475,1.579101,-2.002915,-0.423814,5.12989,2.0,
binance_um,STRAXUSDT,20240117,3008,1.0,1.615864,-1.424516,0.191348,1.615864,-1.95518,-0.339316,1.615864,-1.424516,0.191348,1.615864,-1.95518,-0.339316,4.174606,2.0,
binance_um,STRAXUSDT,20240118,3224,1.0,1.777553,-1.478323,0.29923,1.777553,-1.148627,0.628927,1.777553,-1.478323,0.29923,1.777553,-1.148627,0.628927,4.674709,2.0,
binance_um,STRAXUSDT,20240119,5095,1.0,1.912212,-1.653911,0.258301,1.912212,-1.370451,0.541761,1.912212,-1.653911,0.258301,1.912212,-1.370451,0.541761,6.404386,2.0,
binance_um,STRAXUSDT,20240120,6647,1.0,1.958867,-1.402339,0.556528,1.958867,-1.528972,0.429895,1.958867,-1.402339,0.556528,1.958867,-1.528972,0.429895,5.215981,2.0,
binance_um,STRAXUSDT,20240121,4015,1.0,1.599501,-1.394257,0.205244,1.599501,-0.995469,0.604032,1.599501,-1.394257,0.205244,1.599501,-0.995469,0.604032,3.640178,2.0,
binance_um,STRAXUSDT,20240122,5325,1.0,1.743107,-1.361457,0.38165,1.743107,-1.513376,0.229731,1.743107,-1.361457,0.38165,1.743107,-1.513376,0.229731,5.427605,2.0,
binance_um,STRAXUSDT,20240123,5721,1.0,1.835561,-1.86787,-0.032308,1.835561,-2.037059,-0.201498,1.835561,-1.86787,-0.032308,1.835561,-2.037059,-0.201498,6.604626,2.0,
binance_um,STRAXUSDT,20240124,4612,1.0,1.737346,-1.828854,-0.091509,1.737346,-1.254787,0.482559,1.737346,-1.828854,-0.091509,1.737346,-1.254787,0.482559,5.465215,2.0,
binance_um,STRAXUSDT,20240125,6231,1.0,1.723497,-1.679934,0.043563,1.723497,-1.931973,-0.208475,1.723497,-1.679934,0.043563,1.723497,-1.931973,-0.208475,5.991535,2.0,
binance_um,STRAXUSDT,20240126,2750,1.0,1.533744,-1.395322,0.138422,1.533744,-1.379454,0.15429,1.533744,-1.395322,0.138422,1.533744,-1.379454,0.15429,3.413242,2.0,
binance_um,STRAXUSDT,20240127,1511,1.0,1.343793,-1.523399,-0.179607,1.343793,-1.381119,-0.037326,1.343793,-1.523399,-0.179607,1.343793,-1.381119,-0.037326,2.651646,2.0,
binance_um,STRAXUSDT,20240128,5546,1.0,1.792465,-1.890928,-0.098462,1.792465,-1.806038,-0.013573,1.792465,-1.890928,-0.098462,1.792465,-1.806038,-0.013573,5.498698,2.0,
binance_um,STRAXUSDT,20240129,3043,1.0,1.670946,-1.468259,0.202686,1.670946,-1.678087,-0.007142,1.670946,-1.468259,0.202686,1.670946,-1.678087,-0.007142,3.910976,2.0,
binance_um,STRAXUSDT,20240130,3263,1.0,1.61784,-1.551765,0.066074,1.61784,-1.877589,-0.25975,1.61784,-1.551765,0.066074,1.61784,-1.877589,-0.25975,3.844081,2.0,
binance_um,STRAXUSDT,20240131,2437,1.0,1.494316,-1.473348,0.020967,1.494316,-1.630869,-0.136554,1.494316,-1.473348,0.020967,1.494316,-1.630869,-0.136554,4.150273,2.0,
binance_um,STRAXUSDT,20240201,1870,1.0,1.416682,-1.754073,-0.337391,1.416682,-1.610164,-0.193483,1.416682,-1.754073,-0.337391,1.416682,-1.610164,-0.193483,3.636347,2.0,
binance_um,STRAXUSDT,20240202,2476,1.0,1.503392,-1.634526,-0.131134,1.503392,-1.761325,-0.257934,1.503392,-1.634526,-0.131134,1.503392,-1.761325,-0.257934,3.427494,2.0,
binance_um,STRAXUSDT,20240203,1285,1.0,1.191564,-1.265796,-0.074232,1.191564,-1.423727,-0.232163,1.191564,-1.265796,-0.074232,1.191564,-1.423727,-0.232163,2.098084,2.0,
binance_um,STRAXUSDT,20240204,1316,1.0,1.312063,-1.693423,-0.38136,1.312063,-2.007529,-0.695466,1.312063,-1.693423,-0.38136,1.312063,-2.007529,-0.695466,2.650989,2.0,
binance_um,STRAXUSDT,20240205,1624,1.0,1.440247,-1.523815,-0.083568,1.440247,-1.719716,-0.279469,1.440247,-1.523815,-0.083568,1.440247,-1.719716,-0.279469,3.094253,2.0,
binance_um,STRAXUSDT,20240206,2759,1.0,1.547789,-1.929957,-0.382169,1.547789,-1.768603,-0.220815,1.547789,-1.929957,-0.382169,1.547789,-1.768603,-0.220815,3.688654,2.0,
binance_um,STRAXUSDT,20240207,3917,1.0,1.763192,-1.907486,-0.144294,1.763192,-1.74366,0.019532,1.763192,-1.907486,-0.144294,1.763192,-1.74366,0.019532,5.37624,2.0,
binance_um,STRAXUSDT,20240208,2024,1.0,1.301601,-1.45295,-0.151348,1.301601,-1.76606,-0.464459,1.301601,-1.45295,-0.151348,1.301601,-1.76606,-0.464459,2.634552,2.0,
binance_um,STRAXUSDT,20240209,1468,1.0,1.287978,-1.582,-0.294022,1.287978,-1.76813,-0.480152,1.287978,-1.582,-0.294022,1.287978,-1.76813,-0.480152,2.408532,2.0,
binance_um,STRAXUSDT,20240210,1216,1.0,1.208895,-1.333567,-0.124672,1.208895,-1.572367,-0.363472,1.208895,-1.333567,-0.124672,1.208895,-1.572367,-0.363472,1.978673,2.0,
binance_um,STRAXUSDT,20240211,5226,1.0,1.556737,-1.219239,0.337498,1.556737,-0.810657,0.74608,1.556737,-1.219239,0.337498,1.556737,-0.810657,0.74608,4.378729,2.0,
binance_um,STRAXUSDT,20240212,2176,1.0,1.399115,-1.780193,-0.381078,1.399115,-2.032413,-0.633299,1.399115,-1.780193,-0.381078,1.399115,-2.032413,-0.633299,3.263285,2.0,
binance_um,STRAXUSDT,20240213,2303,1.0,1.371117,-1.557522,-0.186405,1.371117,-1.674992,-0.303875,1.371117,-1.557522,-0.186405,1.371117,-1.674992,-0.303875,3.723933,2.0,
binance_um,STRAXUSDT,20240214,1642,1.0,1.221302,-1.486586,-0.265284,1.221302,-1.315935,-0.094633,1.221302,-1.486586,-0.265284,1.221302,-1.315935,-0.094633,2.569359,2.0,
binance_um,STRAXUSDT,20240215,3500,1.0,1.458034,-1.593505,-0.135471,1.458034,-0.954867,0.503168,1.458034,-1.593505,-0.135471,1.458034,-0.954867,0.503168,4.676829,2.0,
binance_um,STRAXUSDT,20240216,5662,1.0,1.643184,-2.236856,-0.593671,1.643184,-2.173774,-0.530589,1.643184,-2.236856,-0.593671,1.643184,-2.173774,-0.530589,6.353165,2.0,
binance_um,STRAXUSDT,20240217,2681,1.0,1.383765,-1.614379,-0.230614,1.383765,-1.744527,-0.360762,1.383765,-1.614379,-0.230614,1.383765,-1.744527,-0.360762,3.934676,2.0,
binance_um,STRAXUSDT,20240218,1989,1.0,1.356969,-1.509372,-0.152403,1.356969,-1.287511,0.069458,1.356969,-1.509372,-0.152403,1.356969,-1.287511,0.069458,3.473384,2.0,
binance_um,STRAXUSDT,20240219,2085,1.0,1.246307,-1.262899,-0.016592,1.246307,-1.201872,0.044435,1.246307,-1.262899,-0.016592,1.246307,-1.201872,0.044435,3.174109,2.0,
binance_um,STRAXUSDT,20240220,4023,1.0,1.618506,-1.359606,0.2589,1.618506,-1.540908,0.077598,1.618506,-1.359606,0.2589,1.618506,-1.540908,0.077598,5.389625,2.0,
binance_um,STRAXUSDT,20240221,2421,1.0,1.319498,-1.253978,0.06552,1.319498,-0.89048,0.429019,1.319498,-1.253978,0.06552,1.319498,-0.89048,0.429019,4.372128,2.0,
binance_um,STRAXUSDT,20240222,2198,1.0,1.544933,-1.293354,0.251578,1.544933,-1.200827,0.344106,1.544933,-1.293354,0.251578,1.544933,-1.200827,0.344106,4.159832,2.0,
binance_um,STRAXUSDT,20240223,2982,1.0,1.365187,-1.725659,-0.360473,1.365187,-1.541327,-0.176141,1.365187,-1.725659,-0.360473,1.365187,-1.541327,-0.176141,4.62401,2.0,
binance_um,STRAXUSDT,20240224,1944,1.0,1.331673,-1.857939,-0.526266,1.331673,-1.655374,-0.323701,1.331673,-1.857939,-0.526266,1.331673,-1.655374,-0.323701,3.601212,2.0,
binance_um,STRAXUSDT,20240225,7090,1.0,1.824103,-1.846779,-0.022676,1.824103,-1.826936,-0.002833,1.824103,-1.846779,-0.022676,1.824103,-1.826936,-0.002833,7.72196,2.0,
binance_um,STRAXUSDT,20240226,4977,1.0,1.785447,-1.917361,-0.131914,1.785447,-2.213756,-0.428309,1.785447,-1.917361,-0.131914,1.785447,-2.213756,-0.428309,6.370973,2.0,
binance_um,STRAXUSDT,20240227,3421,1.0,1.584392,-1.348643,0.23575,1.584392,-1.99997,-0.415578,1.584392,-1.348643,0.23575,1.584392,-1.99997,-0.415578,5.152993,2.0,
binance_um,STRAXUSDT,20240228,6002,1.0,1.97432,-2.328593,-0.354273,1.97432,-2.595738,-0.621418,1.97432,-2.328593,-0.354273,1.97432,-2.595738,-0.621418,11.322089,2.0,
binance_um,STRAXUSDT,20240229,16865,1.0,2.344228,-2.406853,-0.062625,2.344228,-3.249162,-0.904934,2.344228,-2.406853,-0.062625,2.344228,-3.249162,-0.904934,14.450841,2.0,
binance_um,STRAXUSDT,20240301,12151,1.0,1.74281,-1.647889,0.094921,1.74281,-2.278162,-0.535352,1.74281,-1.647889,0.094921,1.74281,-2.278162,-0.535352,9.825647,2.0,
binance_um,STRAXUSDT,20240302,5044,1.0,1.279636,-1.451397,-0.171761,1.279636,-0.924862,0.354774,1.279636,-1.451397,-0.171761,1.279636,-0.924862,0.354774,5.502649,2.0,
binance_um,STRAXUSDT,20240303,17198,1.0,2.412913,-3.269324,-0.856411,2.412913,-3.645728,-1.232815,2.412913,-3.269324,-0.856411,2.412913,-3.645728,-1.232815,15.797606,2.0,
binance_um,STRAXUSDT,20240304,8635,1.0,1.467981,-1.940876,-0.472895,1.467981,-2.038436,-0.570455,1.467981,-1.940876,-0.472895,1.467981,-2.038436,-0.570455,8.652788,2.0,
binance_um,STRAXUSDT,20240305,19124,1.0,2.505748,-2.191851,0.313897,2.505748,-1.146191,1.359557,2.505748,-2.191851,0.313897,2.505748,-1.146191,1.359557,16.267137,2.0,
binance_um,STRAXUSDT,20240306,16961,1.0,1.988983,-2.630061,-0.641078,1.988983,-3.790478,-1.801495,1.988983,-2.630061,-0.641078,1.988983,-3.790478,-1.801495,13.991646,2.0,
binance_um,STRAXUSDT,20240307,6990,1.0,1.184014,-1.525574,-0.34156,1.184014,-1.040223,0.143791,1.184014,-1.525574,-0.34156,1.184014,-1.040223,0.143791,5.884463,2.0,
binance_um,STRAXUSDT,20240308,9229,1.0,1.963789,-2.817534,-0.853745,1.963789,-2.974286,-1.010497,1.963789,-2.817534,-0.853745,1.963789,-2.974286,-1.010497,13.268783,2.0,
binance_um,STRAXUSDT,20240309,6533,1.0,1.287704,-1.414924,-0.12722,1.287704,-1.556594,-0.26889,1.287704,-1.414924,-0.12722,1.287704,-1.556594,-0.26889,4.955536,2.0,
binance_um,STRAXUSDT,20240310,4680,1.0,1.003288,-1.36037,-0.357081,1.003288,-1.174003,-0.170715,1.003288,-1.36037,-0.357081,1.003288,-1.174003,-0.170715,4.214408,2.0,
binance_um,STRAXUSDT,20240311,7251,1.0,1.473684,-2.106945,-0.633262,1.473684,-1.895555,-0.421871,1.473684,-2.106945,-0.633262,1.473684,-1.895555,-0.421871,7.33815,2.0,
binance_um,STRAXUSDT,20240312,7698,1.0,1.398062,-1.870471,-0.472409,1.398062,-2.100353,-0.702291,1.398062,-1.870471,-0.472409,1.398062,-2.100353,-0.702291,7.402256,2.0,
binance_um,STRAXUSDT,20240313,5404,1.0,1.202883,-1.376509,-0.173626,1.202883,-1.469737,-0.266854,1.202883,-1.376509,-0.173626,1.202883,-1.469737,-0.266854,5.085422,2.0,
binance_um,STRAXUSDT,20240314,10342,1.0,1.474257,-1.564379,-0.090122,1.474257,-0.966928,0.507328,1.474257,-1.564379,-0.090122,1.474257,-0.966928,0.507328,9.601016,2.0,
binance_um,STRAXUSDT,20240315,8881,1.0,1.856112,-2.003038,-0.146926,1.856112,-1.54083,0.315282,1.856112,-2.003038,-0.146926,1.856112,-1.54083,0.315282,14.158478,2.0,
binance_um,TOMOUSDT,20230516,2771,1.0,0.749426,-1.204002,-0.454576,0.749426,-1.321195,-0.571769,0.749426,-1.204002,-0.454576,0.749426,-1.321195,-0.571769,4.267992,2.0,
binance_um,TOMOUSDT,20230517,21550,1.0,1.067386,-1.431354,-0.363968,1.067386,-0.767744,0.299642,1.067386,-1.431354,-0.363968,1.067386,-0.767744,0.299642,12.916138,2.0,
binance_um,TOMOUSDT,20230518,21925,1.0,0.675687,-0.916804,-0.241117,0.675687,-0.793271,-0.117584,0.675687,-0.916804,-0.241117,0.675687,-0.793271,-0.117584,7.872413,2.0,
binance_um,TOMOUSDT,20230519,14728,1.0,0.657845,-1.084472,-0.426627,0.657845,-1.261802,-0.603958,0.657845,-1.084472,-0.426627,0.657845,-1.261802,-0.603958,6.308549,2.0,
binance_um,TOMOUSDT,20230520,9980,1.0,0.625893,-1.298304,-0.672412,0.625893,-1.151211,-0.525318,0.625893,-1.298304,-0.672412,0.625893,-1.151211,-0.525318,5.295859,2.0,
binance_um,TOMOUSDT,20230521,10393,1.0,0.613721,-1.019063,-0.405342,0.613721,-0.936714,-0.322993,0.613721,-1.019063,-0.405342,0.613721,-0.936714,-0.322993,4.551955,2.0,
binance_um,TOMOUSDT,20230522,22531,1.0,0.706892,-0.784084,-0.077192,0.706892,-0.734757,-0.027866,0.706892,-0.784084,-0.077192,0.706892,-0.734757,-0.027866,8.111303,2.0,
binance_um,TOMOUSDT,20230523,31827,1.0,0.786165,-1.492706,-0.706541,0.786165,-1.534734,-0.748569,0.786165,-1.492706,-0.706541,0.786165,-1.534734,-0.748569,11.288396,2.0,
binance_um,TOMOUSDT,20230524,29411,1.0,0.779221,-1.5781,-0.798879,0.779221,-1.776924,-0.997703,0.779221,-1.5781,-0.798879,0.779221,-1.776924,-0.997703,10.844322,2.0,
binance_um,TOMOUSDT,20230525,23792,1.0,0.67393,-1.306774,-0.632844,0.67393,-1.449479,-0.775549,0.67393,-1.306774,-0.632844,0.67393,-1.449479,-0.775549,8.178292,2.0,
binance_um,TOMOUSDT,20230526,11522,1.0,0.548623,-1.235775,-0.687152,0.548623,-1.338346,-0.789723,0.548623,-1.235775,-0.687152,0.548623,-1.338346,-0.789723,4.997286,2.0,
binance_um,TOMOUSDT,20230527,13329,1.0,0.570089,-1.47369,-0.903601,0.570089,-1.420437,-0.850348,0.570089,-1.47369,-0.903601,0.570089,-1.420437,-0.850348,6.098999,2.0,
binance_um,TOMOUSDT,20230528,45202,1.0,1.702866,-2.510306,-0.80744,1.702866,-1.060871,0.641995,1.702866,-2.510306,-0.80744,1.702866,-1.060871,0.641995,35.975949,2.0,
binance_um,TOMOUSDT,20230529,75145,1.0,0.672882,-0.971671,-0.298789,0.672882,-0.846185,-0.173303,0.672882,-0.971671,-0.298789,0.672882,-0.846185,-0.173303,12.939274,2.0,
binance_um,TOMOUSDT,20230530,25688,1.0,0.525259,-1.168019,-0.64276,0.525259,-1.075534,-0.550275,0.525259,-1.168019,-0.64276,0.525259,-1.075534,-0.550275,7.903534,2.0,
binance_um,TOMOUSDT,20230531,22966,1.0,0.652913,-1.33312,-0.680206,0.652913,-1.26836,-0.615446,0.652913,-1.33312,-0.680206,0.652913,-1.26836,-0.615446,7.985709,2.0,
binance_um,TOMOUSDT,20230601,12435,1.0,0.55277,-1.118001,-0.565231,0.55277,-0.981526,-0.428756,0.55277,-1.118001,-0.565231,0.55277,-0.981526,-0.428756,5.0795,2.0,
binance_um,TOMOUSDT,20230602,11342,1.0,0.537245,-1.284281,-0.747036,0.537245,-1.202454,-0.665209,0.537245,-1.284281,-0.747036,0.537245,-1.202454,-0.665209,5.108936,2.0,
binance_um,TOMOUSDT,20230603,9658,1.0,0.547055,-1.375735,-0.82868,0.547055,-1.216071,-0.669016,0.547055,-1.375735,-0.82868,0.547055,-1.216071,-0.669016,5.153774,2.0,
binance_um,TOMOUSDT,20230604,15443,1.0,0.627162,-1.234427,-0.607265,0.627162,-1.239359,-0.612197,0.627162,-1.234427,-0.607265,0.627162,-1.239359,-0.612197,6.391865,2.0,
binance_um,TOMOUSDT,20230605,17431,1.0,1.742678,-1.96878,-0.226102,1.742678,-1.860636,-0.117958,1.742678,-1.96878,-0.226102,1.742678,-1.860636,-0.117958,10.566359,2.0,
binance_um,TOMOUSDT,20230606,48489,1.0,0.95789,-1.242613,-0.284724,0.95789,-1.423829,-0.465939,0.95789,-1.242613,-0.284724,0.95789,-1.423829,-0.465939,12.072106,2.0,
binance_um,TOMOUSDT,20230607,24403,1.0,0.615057,-0.958876,-0.343819,0.615057,-0.791405,-0.176348,0.615057,-0.958876,-0.343819,0.615057,-0.791405,-0.176348,7.609379,2.0,
binance_um,TOMOUSDT,20230608,70995,1.0,0.795836,-0.932162,-0.136326,0.795836,-0.658427,0.137408,0.795836,-0.932162,-0.136326,0.795836,-0.658427,0.137408,14.525489,2.0,
binance_um,TOMOUSDT,20230609,49178,1.0,0.602472,-0.961817,-0.359345,0.602472,-0.81064,-0.208169,0.602472,-0.961817,-0.359345,0.602472,-0.81064,-0.208169,10.547894,2.0,
binance_um,TOMOUSDT,20230610,69604,1.0,0.991797,-1.018249,-0.026452,0.991797,-0.673532,0.318265,0.991797,-1.018249,-0.026452,0.991797,-0.673532,0.318265,16.672594,2.0,
binance_um,TOMOUSDT,20230611,43942,1.0,0.671875,-1.118613,-0.446738,0.671875,-1.015191,-0.343317,0.671875,-1.118613,-0.446738,0.671875,-1.015191,-0.343317,10.318245,2.0,
binance_um,TOMOUSDT,20230612,61919,1.0,0.686828,-0.946895,-0.260067,0.686828,-1.019676,-0.332848,0.686828,-0.946895,-0.260067,0.686828,-1.019676,-0.332848,14.995139,2.0,
binance_um,TOMOUSDT,20230613,34302,1.0,0.555243,-0.800144,-0.244901,0.555243,-0.448622,0.106621,0.555243,-0.800144,-0.244901,0.555243,-0.448622,0.106621,8.667005,2.0,
binance_um,TOMOUSDT,20230614,65464,1.0,0.692735,-1.017256,-0.324521,0.692735,-0.961531,-0.268796,0.692735,-1.017256,-0.324521,0.692735,-0.961531,-0.268796,11.751746,2.0,
binance_um,TOMOUSDT,20230615,28948,1.0,0.522167,-0.75984,-0.237673,0.522167,-0.580699,-0.058531,0.522167,-0.75984,-0.237673,0.522167,-0.580699,-0.058531,7.454722,2.0,
binance_um,TOMOUSDT,20230616,24727,1.0,0.483756,-0.931631,-0.447874,0.483756,-0.771214,-0.287458,0.483756,-0.931631,-0.447874,0.483756,-0.771214,-0.287458,6.579537,2.0,
binance_um,TOMOUSDT,20230617,18588,1.0,0.506612,-1.018961,-0.512349,0.506612,-0.97898,-0.472368,0.506612,-1.018961,-0.512349,0.506612,-0.97898,-0.472368,6.577752,2.0,
binance_um,TOMOUSDT,20230618,28206,1.0,0.567739,-0.807268,-0.239529,0.567739,-0.90454,-0.336801,0.567739,-0.807268,-0.239529,0.567739,-0.90454,-0.336801,7.69681,2.0,
binance_um,TOMOUSDT,20230619,31843,1.0,0.616843,-0.888885,-0.272042,0.616843,-0.78879,-0.171947,0.616843,-0.888885,-0.272042,0.616843,-0.78879,-0.171947,8.34074,2.0,
binance_um,TOMOUSDT,20230620,41307,1.0,0.843853,-1.143874,-0.30002,0.843853,-0.918661,-0.074807,0.843853,-1.143874,-0.30002,0.843853,-0.918661,-0.074807,14.206137,2.0,
binance_um,TOMOUSDT,20230621,28200,1.0,0.72029,-1.229861,-0.50957,0.72029,-0.986649,-0.266359,0.72029,-1.229861,-0.50957,0.72029,-0.986649,-0.266359,9.728265,2.0,
binance_um,TOMOUSDT,20230622,26669,1.0,0.722092,-1.07509,-0.352999,0.722092,-1.001773,-0.279681,0.722092,-1.07509,-0.352999,0.722092,-1.001773,-0.279681,9.030427,2.0,
binance_um,TOMOUSDT,20230623,24654,1.0,0.644471,-1.083601,-0.43913,0.644471,-1.010894,-0.366424,0.644471,-1.083601,-0.43913,0.644471,-1.010894,-0.366424,7.947843,2.0,
binance_um,TOMOUSDT,20230624,40369,1.0,0.71927,-1.42208,-0.70281,0.71927,-1.254132,-0.534861,0.71927,-1.42208,-0.70281,0.71927,-1.254132,-0.534861,12.054872,2.0,
binance_um,TOMOUSDT,20230625,20190,1.0,0.546693,-1.202644,-0.655951,0.546693,-1.362379,-0.815687,0.546693,-1.202644,-0.655951,0.546693,-1.362379,-0.815687,7.320197,2.0,
binance_um,TOMOUSDT,20230626,32027,1.0,0.688651,-1.273741,-0.58509,0.688651,-1.233203,-0.544553,0.688651,-1.273741,-0.58509,0.688651,-1.233203,-0.544553,9.20183,2.0,
binance_um,TOMOUSDT,20230627,26061,1.0,0.553661,-1.02577,-0.472109,0.553661,-0.937128,-0.383467,0.553661,-1.02577,-0.472109,0.553661,-0.937128,-0.383467,7.304958,2.0,
binance_um,TOMOUSDT,20230628,22570,1.0,0.605963,-1.132065,-0.526102,0.605963,-1.14277,-0.536807,0.605963,-1.132065,-0.526102,0.605963,-1.14277,-0.536807,7.785135,2.0,
binance_um,TOMOUSDT,20230629,42930,1.0,0.729094,-0.97621,-0.247115,0.729094,-1.115145,-0.38605,0.729094,-0.97621,-0.247115,0.729094,-1.115145,-0.38605,10.949335,2.0,
binance_um,TOMOUSDT,20230630,58373,1.0,1.133564,-1.592956,-0.459392,1.133564,-1.913128,-0.779563,1.133564,-1.592956,-0.459392,1.133564,-1.913128,-0.779563,17.518088,2.0,
binance_um,TOMOUSDT,20230701,17421,1.0,0.613608,-1.253407,-0.639799,0.613608,-1.35475,-0.741142,0.613608,-1.253407,-0.639799,0.613608,-1.35475,-0.741142,7.245048,2.0,
binance_um,TOMOUSDT,20230702,20875,1.0,0.711332,-1.278607,-0.567275,0.711332,-1.322481,-0.611149,0.711332,-1.278607,-0.567275,0.711332,-1.322481,-0.611149,7.83771,2.0,
binance_um,TOMOUSDT,20230703,12281,1.0,0.611316,-1.216937,-0.605621,0.611316,-1.157155,-0.545839,0.611316,-1.216937,-0.605621,0.611316,-1.157155,-0.545839,5.620262,2.0,
binance_um,TOMOUSDT,20230704,15736,1.0,0.693524,-1.258243,-0.56472,0.693524,-0.909197,-0.215673,0.693524,-1.258243,-0.56472,0.693524,-0.909197,-0.215673,7.033963,2.0,
binance_um,TOMOUSDT,20230705,15905,1.0,0.833692,-2.028709,-1.195017,0.833692,-1.502128,-0.668436,0.833692,-2.028709,-1.195017,0.833692,-1.502128,-0.668436,8.153102,2.0,
binance_um,TOMOUSDT,20230706,25553,1.0,0.724081,-0.974084,-0.250003,0.724081,-1.01905,-0.294968,0.724081,-0.974084,-0.250003,0.724081,-1.01905,-0.294968,8.656828,2.0,
binance_um,TOMOUSDT,20230707,15120,1.0,0.706211,-1.156241,-0.45003,0.706211,-1.023824,-0.317613,0.706211,-1.156241,-0.45003,0.706211,-1.023824,-0.317613,6.747299,2.0,
binance_um,TOMOUSDT,20230708,15605,1.0,0.63841,-1.047285,-0.408875,0.63841,-1.124768,-0.486357,0.63841,-1.047285,-0.408875,0.63841,-1.124768,-0.486357,5.699187,2.0,
binance_um,TOMOUSDT,20230709,28322,1.0,0.651577,-0.902491,-0.250914,0.651577,-0.788832,-0.137255,0.651577,-0.902491,-0.250914,0.651577,-0.788832,-0.137255,6.924303,2.0,
binance_um,TOMOUSDT,20230710,23499,1.0,0.632795,-1.135414,-0.502619,0.632795,-1.113036,-0.480241,0.632795,-1.135414,-0.502619,0.632795,-1.113036,-0.480241,8.178444,2.0,
binance_um,TOMOUSDT,20230711,10443,1.0,0.559263,-1.164609,-0.605346,0.559263,-1.175276,-0.616013,0.559263,-1.164609,-0.605346,0.559263,-1.175276,-0.616013,4.649721,2.0,
binance_um,TOMOUSDT,20230712,12122,1.0,0.645798,-1.032284,-0.386487,0.645798,-1.117464,-0.471666,0.645798,-1.032284,-0.386487,0.645798,-1.117464,-0.471666,5.542857,2.0,
binance_um,TOMOUSDT,20230713,12436,1.0,0.663435,-1.303073,-0.639638,0.663435,-1.222367,-0.558931,0.663435,-1.303073,-0.639638,0.663435,-1.222367,-0.558931,5.386206,2.0,
binance_um,TOMOUSDT,20230714,12763,1.0,0.761294,-1.602892,-0.841598,0.761294,-1.63452,-0.873227,0.761294,-1.602892,-0.841598,0.761294,-1.63452,-0.873227,6.48103,2.0,
binance_um,TOMOUSDT,20230715,8292,1.0,0.585528,-1.005198,-0.419669,0.585528,-1.048206,-0.462678,0.585528,-1.005198,-0.419669,0.585528,-1.048206,-0.462678,3.770748,2.0,
binance_um,TOMOUSDT,20230716,7310,1.0,0.6507,-1.38861,-0.73791,0.6507,-1.525078,-0.874378,0.6507,-1.38861,-0.73791,0.6507,-1.525078,-0.874378,4.520295,2.0,
binance_um,TOMOUSDT,20230717,12031,1.0,0.647055,-1.103701,-0.456646,0.647055,-1.086004,-0.438949,0.647055,-1.103701,-0.456646,0.647055,-1.086004,-0.438949,5.268906,2.0,
binance_um,TOMOUSDT,20230718,14231,1.0,0.608741,-1.051975,-0.443234,0.608741,-1.121449,-0.512708,0.608741,-1.051975,-0.443234,0.608741,-1.121449,-0.512708,5.464853,2.0,
binance_um,TOMOUSDT,20230719,21059,1.0,0.622677,-1.015967,-0.393291,0.622677,-1.039874,-0.417198,0.622677,-1.015967,-0.393291,0.622677,-1.039874,-0.417198,6.59984,2.0,
binance_um,TOMOUSDT,20230720,7728,1.0,0.549601,-1.190667,-0.641067,0.549601,-1.14263,-0.593029,0.549601,-1.190667,-0.641067,0.549601,-1.14263,-0.593029,4.240422,2.0,
binance_um,TOMOUSDT,20230721,7515,1.0,0.543522,-1.065963,-0.522442,0.543522,-0.962557,-0.419035,0.543522,-1.065963,-0.522442,0.543522,-0.962557,-0.419035,3.931041,2.0,
binance_um,TOMOUSDT,20230722,7833,1.0,0.565131,-1.191582,-0.626451,0.565131,-1.265143,-0.700012,0.565131,-1.191582,-0.626451,0.565131,-1.265143,-0.700012,4.339394,2.0,
binance_um,TOMOUSDT,20230723,12040,1.0,0.574565,-1.212167,-0.637601,0.574565,-1.425959,-0.851394,0.574565,-1.212167,-0.637601,0.574565,-1.425959,-0.851394,5.802422,2.0,
binance_um,TOMOUSDT,20230724,27928,1.0,0.749667,-1.401282,-0.651615,0.749667,-1.475201,-0.725534,0.749667,-1.401282,-0.651615,0.749667,-1.475201,-0.725534,10.337278,2.0,
binance_um,TOMOUSDT,20230725,25552,1.0,0.555912,-0.991019,-0.435107,0.555912,-0.924387,-0.368475,0.555912,-0.991019,-0.435107,0.555912,-0.924387,-0.368475,7.170853,2.0,
binance_um,TOMOUSDT,20230726,17377,1.0,0.552093,-1.139435,-0.587342,0.552093,-1.364959,-0.812866,0.552093,-1.139435,-0.587342,0.552093,-1.364959,-0.812866,6.406258,2.0,
binance_um,TOMOUSDT,20230727,9171,1.0,0.511695,-1.153452,-0.641757,0.511695,-1.137043,-0.625348,0.511695,-1.153452,-0.641757,0.511695,-1.137043,-0.625348,4.481804,2.0,
binance_um,TOMOUSDT,20230728,8173,1.0,0.519941,-1.069063,-0.549122,0.519941,-1.14903,-0.629089,0.519941,-1.069063,-0.549122,0.519941,-1.14903,-0.629089,4.032444,2.0,
binance_um,TOMOUSDT,20230729,27351,1.0,0.554571,-0.909209,-0.354638,0.554571,-1.191152,-0.636581,0.554571,-0.909209,-0.354638,0.554571,-1.191152,-0.636581,7.650182,2.0,
binance_um,TOMOUSDT,20230730,19612,1.0,0.481029,-0.895204,-0.414175,0.481029,-0.998795,-0.517766,0.481029,-0.895204,-0.414175,0.481029,-0.998795,-0.517766,4.88783,2.0,
binance_um,TOMOUSDT,20230731,28069,1.0,0.693093,-1.047244,-0.354151,0.693093,-1.565233,-0.87214,0.693093,-1.047244,-0.354151,0.693093,-1.565233,-0.87214,11.621175,2.0,
binance_um,TOMOUSDT,20230801,17525,1.0,0.569553,-1.101368,-0.531815,0.569553,-1.096797,-0.527244,0.569553,-1.101368,-0.531815,0.569553,-1.096797,-0.527244,6.534275,2.0,
binance_um,TOMOUSDT,20230802,11468,1.0,0.508865,-1.071123,-0.562258,0.508865,-1.242699,-0.733834,0.508865,-1.071123,-0.562258,0.508865,-1.242699,-0.733834,4.755315,2.0,
binance_um,TOMOUSDT,20230803,19774,1.0,0.462411,-0.916769,-0.454357,0.462411,-0.917496,-0.455085,0.462411,-0.916769,-0.454357,0.462411,-0.917496,-0.455085,5.289285,2.0,
binance_um,TOMOUSDT,20230804,18150,1.0,0.470059,-1.02186,-0.551801,0.470059,-0.943199,-0.47314,0.470059,-1.02186,-0.551801,0.470059,-0.943199,-0.47314,5.444163,2.0,
binance_um,TOMOUSDT,20230805,11221,1.0,0.433388,-0.96283,-0.529442,0.433388,-0.819683,-0.386295,0.433388,-0.96283,-0.529442,0.433388,-0.819683,-0.386295,4.573198,2.0,
binance_um,TOMOUSDT,20230806,7457,1.0,0.448681,-1.243013,-0.794332,0.448681,-1.369032,-0.920351,0.448681,-1.243013,-0.794332,0.448681,-1.369032,-0.920351,3.889285,2.0,
binance_um,TOMOUSDT,20230807,16637,1.0,0.516797,-0.940604,-0.423807,0.516797,-0.962764,-0.445967,0.516797,-0.940604,-0.423807,0.516797,-0.962764,-0.445967,5.683356,2.0,
binance_um,TOMOUSDT,20230808,13025,1.0,0.476498,-1.046993,-0.570495,0.476498,-1.112358,-0.635859,0.476498,-1.046993,-0.570495,0.476498,-1.112358,-0.635859,4.896074,2.0,
binance_um,TOMOUSDT,20230809,8671,1.0,0.483598,-1.148042,-0.664444,0.483598,-0.959019,-0.475421,0.483598,-1.148042,-0.664444,0.483598,-0.959019,-0.475421,3.999507,2.0,
binance_um,TOMOUSDT,20230810,6435,1.0,0.488025,-0.973221,-0.485196,0.488025,-1.199743,-0.711718,0.488025,-0.973221,-0.485196,0.488025,-1.199743,-0.711718,3.223289,2.0,
binance_um,TOMOUSDT,20230811,8515,1.0,0.468802,-0.988437,-0.519635,0.468802,-1.178876,-0.710074,0.468802,-0.988437,-0.519635,0.468802,-1.178876,-0.710074,3.460226,2.0,
binance_um,TOMOUSDT,20230812,7657,1.0,0.451505,-1.116252,-0.664747,0.451505,-1.113768,-0.662263,0.451505,-1.116252,-0.664747,0.451505,-1.113768,-0.662263,3.346418,2.0,
binance_um,TOMOUSDT,20230813,10192,1.0,0.476626,-1.139644,-0.663018,0.476626,-1.190071,-0.713446,0.476626,-1.139644,-0.663018,0.476626,-1.190071,-0.713446,4.343383,2.0,
binance_um,TOMOUSDT,20230814,10761,1.0,0.460603,-1.047382,-0.586778,0.460603,-0.961475,-0.500872,0.460603,-1.047382,-0.586778,0.460603,-0.961475,-0.500872,4.306606,2.0,
binance_um,TOMOUSDT,20230815,22484,1.0,0.670304,-1.310234,-0.63993,0.670304,-1.851795,-1.18149,0.670304,-1.310234,-0.63993,0.670304,-1.851795,-1.18149,7.129341,2.0,
binance_um,TOMOUSDT,20230816,17974,1.0,0.671663,-1.526544,-0.854881,0.671663,-1.874266,-1.202603,0.671663,-1.526544,-0.854881,0.671663,-1.874266,-1.202603,7.76499,2.0,
binance_um,TOMOUSDT,20230817,38043,1.0,0.788631,-1.050103,-0.261472,0.788631,-1.239903,-0.451272,0.788631,-1.050103,-0.261472,0.788631,-1.239903,-0.451272,10.073432,2.0,
binance_um,TOMOUSDT,20230818,30206,1.0,0.624453,-0.94017,-0.315717,0.624453,-1.132685,-0.508232,0.624453,-0.94017,-0.315717,0.624453,-1.132685,-0.508232,8.788214,2.0,
binance_um,TOMOUSDT,20230819,22126,1.0,0.567469,-1.137549,-0.57008,0.567469,-1.321936,-0.754467,0.567469,-1.137549,-0.57008,0.567469,-1.321936,-0.754467,8.207298,2.0,
binance_um,TOMOUSDT,20230820,15020,1.0,0.492294,-1.185879,-0.693586,0.492294,-1.074474,-0.58218,0.492294,-1.185879,-0.693586,0.492294,-1.074474,-0.58218,6.251564,2.0,
binance_um,TOMOUSDT,20230821,14782,1.0,0.538037,-0.976339,-0.438303,0.538037,-0.751289,-0.213252,0.538037,-0.976339,-0.438303,0.538037,-0.751289,-0.213252,6.191862,2.0,
binance_um,TOMOUSDT,20230822,15535,1.0,0.526085,-1.047568,-0.521483,0.526085,-1.128828,-0.602743,0.526085,-1.047568,-0.521483,0.526085,-1.128828,-0.602743,5.895642,2.0,
binance_um,TOMOUSDT,20230823,14334,1.0,0.513456,-0.957082,-0.443626,0.513456,-0.978759,-0.465303,0.513456,-0.957082,-0.443626,0.513456,-0.978759,-0.465303,5.46766,2.0,
binance_um,TOMOUSDT,20230824,33115,1.0,0.697395,-0.813708,-0.116313,0.697395,-0.545784,0.15161,0.697395,-0.813708,-0.116313,0.697395,-0.545784,0.15161,11.70013,2.0,
binance_um,TOMOUSDT,20230825,48739,1.0,0.740434,-0.975775,-0.235341,0.740434,-1.078069,-0.337635,0.740434,-0.975775,-0.235341,0.740434,-1.078069,-0.337635,11.701282,2.0,
binance_um,TOMOUSDT,20230826,30215,1.0,0.721672,-0.866527,-0.144855,0.721672,-0.797798,-0.076126,0.721672,-0.866527,-0.144855,0.721672,-0.797798,-0.076126,8.881917,2.0,
binance_um,TOMOUSDT,20230827,24565,1.0,0.638588,-0.856692,-0.218104,0.638588,-0.765395,-0.126807,0.638588,-0.856692,-0.218104,0.638588,-0.765395,-0.126807,7.247621,2.0,
binance_um,TOMOUSDT,20230828,17895,1.0,0.620421,-0.845448,-0.225027,0.620421,-0.843425,-0.223004,0.620421,-0.845448,-0.225027,0.620421,-0.843425,-0.223004,6.732908,2.0,
binance_um,TOMOUSDT,20230829,41300,1.0,0.933089,-1.431396,-0.498307,0.933089,-1.452458,-0.519369,0.933089,-1.431396,-0.498307,0.933089,-1.452458,-0.519369,13.319124,2.0,
binance_um,TOMOUSDT,20230830,19627,1.0,0.655392,-0.902191,-0.246799,0.655392,-0.670387,-0.014996,0.655392,-0.902191,-0.246799,0.655392,-0.670387,-0.014996,7.344001,2.0,
binance_um,TOMOUSDT,20230831,14577,1.0,0.710773,-1.236709,-0.525937,0.710773,-1.170767,-0.459994,0.710773,-1.236709,-0.525937,0.710773,-1.170767,-0.459994,7.563373,2.0,
binance_um,TOMOUSDT,20230901,14746,1.0,0.650649,-1.152027,-0.501377,0.650649,-1.3906,-0.73995,0.650649,-1.152027,-0.501377,0.650649,-1.3906,-0.73995,6.360474,2.0,
binance_um,TOMOUSDT,20230902,11708,1.0,0.550916,-0.98445,-0.433534,0.550916,-1.050175,-0.499259,0.550916,-0.98445,-0.433534,0.550916,-1.050175,-0.499259,5.582921,2.0,
binance_um,TOMOUSDT,20230903,8972,1.0,0.514835,-0.815829,-0.300994,0.514835,-0.783959,-0.269124,0.514835,-0.815829,-0.300994,0.514835,-0.783959,-0.269124,4.372831,2.0,
binance_um,TOMOUSDT,20230904,14948,1.0,0.580226,-1.04956,-0.469334,0.580226,-1.036406,-0.45618,0.580226,-1.04956,-0.469334,0.580226,-1.036406,-0.45618,6.57973,2.0,
binance_um,TOMOUSDT,20230905,11054,1.0,0.619498,-1.009491,-0.389993,0.619498,-0.785102,-0.165604,0.619498,-1.009491,-0.389993,0.619498,-0.785102,-0.165604,5.454624,2.0,
binance_um,TOMOUSDT,20230906,14116,1.0,0.721191,-1.074208,-0.353017,0.721191,-0.910871,-0.18968,0.721191,-1.074208,-0.353017,0.721191,-0.910871,-0.18968,6.219008,2.0,
binance_um,TOMOUSDT,20230907,16241,1.0,0.704928,-1.09465,-0.389721,0.704928,-1.09189,-0.386961,0.704928,-1.09465,-0.389721,0.704928,-1.09189,-0.386961,6.995923,2.0,
binance_um,TOMOUSDT,20230908,8043,1.0,0.544464,-0.837694,-0.29323,0.544464,-0.763847,-0.219383,0.544464,-0.837694,-0.29323,0.544464,-0.763847,-0.219383,4.350626,2.0,
binance_um,TOMOUSDT,20230909,11057,1.0,0.675687,-1.03248,-0.356793,0.675687,-0.973384,-0.297698,0.675687,-1.03248,-0.356793,0.675687,-0.973384,-0.297698,5.030982,2.0,
binance_um,TOMOUSDT,20230910,11246,1.0,0.773547,-1.620049,-0.846502,0.773547,-2.542931,-1.769384,0.773547,-1.620049,-0.846502,0.773547,-2.542931,-1.769384,6.088899,2.0,
binance_um,TOMOUSDT,20230911,10483,1.0,0.767811,-1.183351,-0.41554,0.767811,-1.480734,-0.712923,0.767811,-1.183351,-0.41554,0.767811,-1.480734,-0.712923,6.251058,2.0,
binance_um,TOMOUSDT,20230912,9493,1.0,0.768229,-0.991245,-0.223017,0.768229,-0.704435,0.063794,0.768229,-0.991245,-0.223017,0.768229,-0.704435,0.063794,5.650825,2.0,
binance_um,TOMOUSDT,20230913,7165,1.0,0.624168,-1.03766,-0.413491,0.624168,-0.830693,-0.206525,0.624168,-1.03766,-0.413491,0.624168,-0.830693,-0.206525,4.251591,2.0,
binance_um,TOMOUSDT,20230914,7667,1.0,0.61783,-0.939913,-0.322083,0.61783,-1.111142,-0.493312,0.61783,-0.939913,-0.322083,0.61783,-1.111142,-0.493312,3.908635,2.0,
binance_um,TOMOUSDT,20230915,5780,1.0,0.599082,-0.863041,-0.263959,0.599082,-0.414508,0.184574,0.599082,-0.863041,-0.263959,0.599082,-0.414508,0.184574,3.518829,2.0,
binance_um,TOMOUSDT,20230916,5297,1.0,0.577554,-1.025092,-0.447538,0.577554,-0.852431,-0.274877,0.577554,-1.025092,-0.447538,0.577554,-0.852431,-0.274877,3.445042,2.0,
binance_um,TOMOUSDT,20230917,7181,1.0,0.927551,-1.374396,-0.446845,0.927551,-1.282741,-0.35519,0.927551,-1.374396,-0.446845,0.927551,-1.282741,-0.35519,4.197705,2.0,
binance_um,TOMOUSDT,20230918,8579,1.0,0.846615,-1.039403,-0.192788,0.846615,-1.005908,-0.159294,0.846615,-1.039403,-0.192788,0.846615,-1.005908,-0.159294,4.237828,2.0,
binance_um,TOMOUSDT,20230919,5655,1.0,0.764007,-1.019651,-0.255644,0.764007,-0.630549,0.133458,0.764007,-1.019651,-0.255644,0.764007,-0.630549,0.133458,3.291571,2.0,
binance_um,TOMOUSDT,20230920,5417,1.0,0.770917,-1.032582,-0.261665,0.770917,-1.060178,-0.289261,0.770917,-1.032582,-0.261665,0.770917,-1.060178,-0.289261,3.360781,2.0,
binance_um,TOMOUSDT,20230921,5672,1.0,0.687921,-1.059934,-0.372014,0.687921,-1.026492,-0.338571,0.687921,-1.059934,-0.372014,0.687921,-1.026492,-0.338571,3.476728,2.0,
binance_um,TOMOUSDT,20230922,4573,1.0,0.59837,-1.125181,-0.526811,0.59837,-0.891606,-0.293235,0.59837,-1.125181,-0.526811,0.59837,-0.891606,-0.293235,3.602742,2.0,
binance_um,TOMOUSDT,20230923,7559,1.0,0.618613,-0.762226,-0.143613,0.618613,-0.849028,-0.230415,0.618613,-0.762226,-0.143613,0.618613,-0.849028,-0.230415,3.833571,2.0,
binance_um,TOMOUSDT,20230924,7344,1.0,0.595519,-1.035244,-0.439726,0.595519,-0.973677,-0.378159,0.595519,-1.035244,-0.439726,0.595519,-0.973677,-0.378159,4.142519,2.0,
binance_um,TOMOUSDT,20230925,7209,1.0,0.892297,-1.357551,-0.465254,0.892297,-1.37847,-0.486172,0.892297,-1.357551,-0.465254,0.892297,-1.37847,-0.486172,5.002303,2.0,
binance_um,TOMOUSDT,20230926,4572,1.0,0.723474,-1.020027,-0.296553,0.723474,-0.715975,0.007498,0.723474,-1.020027,-0.296553,0.723474,-0.715975,0.007498,3.369841,2.0,
binance_um,TOMOUSDT,20230927,5462,1.0,0.86601,-1.022283,-0.156273,0.86601,-0.891199,-0.02519,0.86601,-1.022283,-0.156273,0.86601,-0.891199,-0.02519,3.257072,2.0,
binance_um,TOMOUSDT,20230928,5987,1.0,0.877343,-1.245575,-0.368232,0.877343,-1.076973,-0.19963,0.877343,-1.245575,-0.368232,0.877343,-1.076973,-0.19963,3.462429,2.0,
binance_um,TOMOUSDT,20230929,4657,1.0,0.78874,-0.902444,-0.113704,0.78874,-0.701154,0.087586,0.78874,-0.902444,-0.113704,0.78874,-0.701154,0.087586,2.989486,2.0,
binance_um,TOMOUSDT,20230930,3309,1.0,0.732203,-0.938674,-0.206471,0.732203,-0.727744,0.004458,0.732203,-0.938674,-0.206471,0.732203,-0.727744,0.004458,2.892332,2.0,
binance_um,TOMOUSDT,20231001,4524,1.0,0.929907,-1.002339,-0.072432,0.929907,-1.469021,-0.539114,0.929907,-1.002339,-0.072432,0.929907,-1.469021,-0.539114,3.281766,2.0,
binance_um,TOMOUSDT,20231002,25496,1.0,1.151689,-1.304502,-0.152813,1.151689,-1.489727,-0.338037,1.151689,-1.304502,-0.152813,1.151689,-1.489727,-0.338037,9.785493,2.0,
binance_um,TOMOUSDT,20231003,14011,1.0,0.896398,-1.101363,-0.204965,0.896398,-0.896541,-0.000143,0.896398,-1.101363,-0.204965,0.896398,-0.896541,-0.000143,5.139529,2.0,
binance_um,TOMOUSDT,20231004,8836,1.0,0.954494,-1.895582,-0.941088,0.954494,-2.201486,-1.246992,0.954494,-1.895582,-0.941088,0.954494,-2.201486,-1.246992,5.108304,2.0,
binance_um,TOMOUSDT,20231005,7355,1.0,0.839693,-1.135389,-0.295696,0.839693,-1.21946,-0.379767,0.839693,-1.135389,-0.295696,0.839693,-1.21946,-0.379767,3.731272,2.0,
binance_um,TOMOUSDT,20231006,7131,1.0,0.807718,-1.121244,-0.313525,0.807718,-1.258823,-0.451105,0.807718,-1.121244,-0.313525,0.807718,-1.258823,-0.451105,3.266362,2.0,
binance_um,TOMOUSDT,20231007,8918,1.0,0.845005,-1.09236,-0.247354,0.845005,-1.124874,-0.279869,0.845005,-1.09236,-0.247354,0.845005,-1.124874,-0.279869,3.321767,2.0,
binance_um,TOMOUSDT,20231008,6553,1.0,0.804106,-1.190299,-0.386193,0.804106,-1.182081,-0.377974,0.804106,-1.190299,-0.386193,0.804106,-1.182081,-0.377974,3.258977,2.0,
binance_um,TOMOUSDT,20231009,8124,1.0,1.019803,-1.345082,-0.325279,1.019803,-1.429765,-0.409962,1.019803,-1.345082,-0.325279,1.019803,-1.429765,-0.409962,4.329136,2.0,
binance_um,TOMOUSDT,20231010,9607,1.0,0.953406,-1.228034,-0.274628,0.953406,-1.294246,-0.34084,0.953406,-1.228034,-0.274628,0.953406,-1.294246,-0.34084,4.906104,2.0,
binance_um,TOMOUSDT,20231011,10722,1.0,0.907915,-0.937695,-0.02978,0.907915,-0.990845,-0.08293,0.907915,-0.937695,-0.02978,0.907915,-0.990845,-0.08293,4.193488,2.0,
binance_um,TOMOUSDT,20231012,7695,1.0,0.81725,-1.177885,-0.360635,0.81725,-1.255712,-0.438462,0.81725,-1.177885,-0.360635,0.81725,-1.255712,-0.438462,3.649338,2.0,
binance_um,TOMOUSDT,20231013,8204,1.0,0.84757,-1.074866,-0.227297,0.84757,-1.061205,-0.213635,0.84757,-1.074866,-0.227297,0.84757,-1.061205,-0.213635,3.736744,2.0,
binance_um,TOMOUSDT,20231014,8881,1.0,0.812491,-1.139658,-0.327166,0.812491,-1.487431,-0.674939,0.812491,-1.139658,-0.327166,0.812491,-1.487431,-0.674939,4.020148,2.0,
binance_um,TOMOUSDT,20231015,13562,1.0,1.038908,-0.894016,0.144892,1.038908,-0.41028,0.628628,1.038908,-0.894016,0.144892,1.038908,-0.41028,0.628628,8.453583,2.0,
binance_um,TOMOUSDT,20231016,10411,1.0,0.903731,-1.259196,-0.355464,0.903731,-1.217918,-0.314186,0.903731,-1.259196,-0.355464,0.903731,-1.217918,-0.314186,4.547057,2.0,
binance_um,TOMOUSDT,20231017,9193,1.0,0.87432,-1.531429,-0.657109,0.87432,-1.296944,-0.422624,0.87432,-1.531429,-0.657109,0.87432,-1.296944,-0.422624,4.485911,2.0,
binance_um,TOMOUSDT,20231018,7869,1.0,0.836309,-1.196507,-0.360198,0.836309,-1.276254,-0.439945,0.836309,-1.196507,-0.360198,0.836309,-1.276254,-0.439945,3.900226,2.0,
binance_um,TOMOUSDT,20231019,5681,1.0,0.816362,-1.161019,-0.344657,0.816362,-0.979553,-0.163191,0.816362,-1.161019,-0.344657,0.816362,-0.979553,-0.163191,3.384538,2.0,
binance_um,TOMOUSDT,20231020,5642,1.0,0.815153,-1.346928,-0.531775,0.815153,-1.452773,-0.637621,0.815153,-1.346928,-0.531775,0.815153,-1.452773,-0.637621,4.610669,2.0,
binance_um,TOMOUSDT,20231021,8016,1.0,0.944629,-1.492784,-0.548155,0.944629,-1.393932,-0.449303,0.944629,-1.492784,-0.548155,0.944629,-1.393932,-0.449303,4.45,2.0,
binance_um,TOMOUSDT,20231022,6068,1.0,0.882963,-1.327491,-0.444528,0.882963,-1.303669,-0.420706,0.882963,-1.327491,-0.444528,0.882963,-1.303669,-0.420706,3.587658,2.0,
binance_um,TOMOUSDT,20231023,8479,1.0,1.119342,-1.480404,-0.361062,1.119342,-1.45005,-0.330708,1.119342,-1.480404,-0.361062,1.119342,-1.45005,-0.330708,5.105019,2.0,
binance_um,TOMOUSDT,20231024,27110,1.0,1.350518,-1.77654,-0.426022,1.350518,-1.476535,-0.126018,1.350518,-1.77654,-0.426022,1.350518,-1.476535,-0.126018,11.183223,2.0,
binance_um,TOMOUSDT,20231025,21179,1.0,1.236159,-1.380062,-0.143904,1.236159,-1.33847,-0.102311,1.236159,-1.380062,-0.143904,1.236159,-1.33847,-0.102311,9.711428,2.0,
binance_um,TOMOUSDT,20231026,16362,1.0,1.130653,-1.312348,-0.181696,1.130653,-1.096652,0.034,1.130653,-1.312348,-0.181696,1.130653,-1.096652,0.034,7.857108,2.0,
binance_um,TOMOUSDT,20231027,11800,1.0,1.024066,-1.393915,-0.369849,1.024066,-1.422882,-0.398816,1.024066,-1.393915,-0.369849,1.024066,-1.422882,-0.398816,5.83776,2.0,
binance_um,TOMOUSDT,20231028,8110,1.0,0.934776,-1.25525,-0.320474,0.934776,-1.219056,-0.28428,0.934776,-1.25525,-0.320474,0.934776,-1.219056,-0.28428,5.04291,2.0,
binance_um,TOMOUSDT,20231029,8543,1.0,0.970964,-1.265867,-0.294903,0.970964,-1.076697,-0.105734,0.970964,-1.265867,-0.294903,0.970964,-1.076697,-0.105734,5.299376,2.0,
binance_um,TOMOUSDT,20231030,10513,1.0,0.997896,-1.328828,-0.330932,0.997896,-1.212761,-0.214865,0.997896,-1.328828,-0.330932,0.997896,-1.212761,-0.214865,5.178806,2.0,
binance_um,TOMOUSDT,20231031,8582,1.0,0.998033,-1.3509,-0.352867,0.998033,-1.164604,-0.166571,0.998033,-1.3509,-0.352867,0.998033,-1.164604,-0.166571,4.923901,2.0,
binance_um,TOMOUSDT,20231101,16569,1.0,1.244114,-1.445186,-0.201072,1.244114,-1.012264,0.23185,1.244114,-1.445186,-0.201072,1.244114,-1.012264,0.23185,8.574545,2.0,
binance_um,TOMOUSDT,20231102,13868,1.0,1.132345,-1.299579,-0.167234,1.132345,-1.046966,0.085378,1.132345,-1.299579,-0.167234,1.132345,-1.046966,0.085378,6.837009,2.0,
binance_um,TOMOUSDT,20231103,35673,1.0,1.732782,-2.1736,-0.440818,1.732782,-2.777896,-1.045114,1.732782,-2.1736,-0.440818,1.732782,-2.777896,-1.045114,16.939683,2.0,
binance_um,TOMOUSDT,20231104,12402,1.0,1.328263,-1.327843,0.000421,1.328263,-1.456949,-0.128686,1.328263,-1.327843,0.000421,1.328263,-1.456949,-0.128686,6.530916,2.0,
binance_um,TOMOUSDT,20231105,10667,1.0,1.255044,-1.623181,-0.368137,1.255044,-1.517739,-0.262694,1.255044,-1.623181,-0.368137,1.255044,-1.517739,-0.262694,5.826005,2.0,
binance_um,TOMOUSDT,20231106,15068,1.0,1.527773,-1.338081,0.189692,1.527773,-0.600319,0.927454,1.527773,-1.338081,0.189692,1.527773,-0.600319,0.927454,11.696922,2.0,
binance_um,TOMOUSDT,20231108,7238,1.0,0.976323,-1.375116,-0.398793,0.976323,-1.580236,-0.603913,0.976323,-1.375116,-0.398793,0.976323,-1.580236,-0.603913,3.843089,2.0,
binance_um,TOMOUSDT,20231109,14622,1.0,1.984023,-2.34398,-0.359957,1.984023,-2.411549,-0.427526,1.984023,-2.34398,-0.359957,1.984023,-2.411549,-0.427526,12.558246,2.0,
binance_um,TOMOUSDT,20231110,10744,1.0,1.518418,-1.82555,-0.307132,1.518418,-1.826626,-0.308208,1.518418,-1.82555,-0.307132,1.518418,-1.826626,-0.308208,6.518455,2.0,
binance_um,TOMOUSDT,20231111,7516,1.0,1.485685,-1.753031,-0.267346,1.485685,-1.800831,-0.315146,1.485685,-1.753031,-0.267346,1.485685,-1.800831,-0.315146,5.63699,2.0,
binance_um,TOMOUSDT,20231112,7712,1.0,1.537165,-1.917737,-0.380572,1.537165,-2.354134,-0.816969,1.537165,-1.917737,-0.380572,1.537165,-2.354134,-0.816969,6.399679,2.0,
binance_um,TOMOUSDT,20231113,11173,1.0,1.662021,-2.320726,-0.658706,1.662021,-2.388145,-0.726125,1.662021,-2.320726,-0.658706,1.662021,-2.388145,-0.726125,8.009003,2.0,
binance_um,TOMOUSDT,20231114,5889,1.0,2.804526,-2.593888,0.210638,2.804526,-1.894677,0.90985,2.804526,-2.593888,0.210638,2.804526,-1.894677,0.90985,17.533719,2.0,
bybit_perp,BALUSDT,20230401,131,0.982595,3.637976,-6.432052,-2.794076,3.637976,-7.064574,-3.426598,3.63908,-6.524177,-2.885097,3.63908,-7.223573,-3.584493,2.851578,2.0,publish
bybit_perp,BALUSDT,20230404,258,0.953876,3.66061,-5.321754,-1.661144,3.66061,-5.49375,-1.83314,3.662106,-5.498133,-1.836028,3.662106,-5.698148,-2.036042,3.07048,2.0,publish
bybit_perp,BALUSDT,20230407,119,0.970588,3.59295,-6.048696,-2.455747,3.59295,-6.108525,-2.515575,3.594526,-6.106333,-2.511808,3.594526,-6.107153,-2.512627,2.922316,2.0,publish
bybit_perp,BALUSDT,20230410,299,0.967157,3.524233,-7.136488,-3.612255,3.524233,-2.778495,0.745738,3.525117,-7.089676,-3.564559,3.525117,-2.812249,0.712868,4.023955,2.0,publish
bybit_perp,BALUSDT,20230413,228,0.931096,3.575898,-5.597201,-2.021302,3.575898,-5.198108,-1.622209,3.580204,-5.498388,-1.918184,3.580204,-5.29775,-1.717546,3.469387,2.0,publish
bybit_perp,BALUSDT,20230416,140,0.905286,3.518399,-6.413998,-2.895599,3.518399,-8.333238,-4.814838,3.522672,-6.273158,-2.750487,3.522672,-7.899061,-4.376389,3.060257,2.0,publish
bybit_perp,BALUSDT,20230419,599,0.915543,3.94908,-6.464969,-2.515889,3.94908,-7.466528,-3.517448,3.961093,-6.868281,-2.907188,3.961093,-8.087004,-4.12591,4.904787,2.0,publish
bybit_perp,BALUSDT,20230422,63,0.897937,4.073418,-5.236327,-1.162909,4.073418,-4.919093,-0.845675,4.072227,-4.903123,-0.830896,4.072227,-4.442835,-0.370608,2.840737,2.0,publish
bybit_perp,BALUSDT,20230425,74,0.949595,4.165923,-5.235087,-1.069164,4.165923,-3.227569,0.938354,4.167514,-5.073891,-0.906376,4.167514,-3.314535,0.852979,3.269717,2.0,publish
bybit_perp,BALUSDT,20230428,137,0.884015,4.10021,-6.590572,-2.490362,4.10021,-6.6013,-2.501089,4.102985,-6.994235,-2.89125,4.102985,-7.138374,-3.03539,3.032861,2.0,publish
bybit_perp,BALUSDT,20230501,167,0.953713,4.377695,-6.722124,-2.344429,4.377695,-8.011353,-3.633658,4.383812,-6.682461,-2.29865,4.383812,-8.095041,-3.711229,3.358959,2.0,publish
bybit_perp,BALUSDT,20230504,82,0.871463,4.106658,-5.564251,-1.457593,4.106658,-5.957236,-1.850578,4.107783,-5.748321,-1.640538,4.107783,-6.550415,-2.442632,2.57205,2.0,publish
bybit_perp,BALUSDT,20230507,106,0.94,4.135307,-4.52212,-0.386813,4.135307,-5.099845,-0.964539,4.135688,-4.569999,-0.434311,4.135688,-5.214595,-1.078907,2.886147,2.0,publish
bybit_perp,BALUSDT,20230510,446,0.959821,4.717409,-9.031653,-4.314244,4.717409,-3.244252,1.473157,4.719821,-9.105398,-4.385577,4.719821,-3.456983,1.262839,4.959638,2.0,publish
bybit_perp,BALUSDT,20230513,77,0.878831,4.554309,-5.200356,-0.646047,4.554309,-5.388411,-0.834102,4.555288,-5.423272,-0.867984,4.555288,-5.373945,-0.818657,2.906812,2.0,publish
bybit_perp,BALUSDT,20230516,121,0.922314,4.556788,-6.197321,-1.640532,4.556788,-7.209657,-2.652869,4.559655,-6.321856,-1.762201,4.559655,-7.349181,-2.789527,3.145841,2.0,publish
bybit_perp,BALUSDT,20230519,111,0.90991,4.539746,-6.379013,-1.839267,4.539746,-7.72253,-3.182784,4.540024,-6.291317,-1.751293,4.540024,-7.231456,-2.691432,2.866669,2.0,publish
bybit_perp,BALUSDT,20230522,155,0.962,4.686987,-7.557038,-2.870051,4.686987,-7.741238,-3.054251,4.686943,-7.636355,-2.949413,4.686943,-7.810168,-3.123226,3.134925,2.0,publish
bybit_perp,BALUSDT,20230525,122,0.929344,4.891321,-5.920439,-1.029117,4.891321,-6.398072,-1.506751,4.898746,-6.106236,-1.20749,4.898746,-7.104902,-2.206156,2.99005,2.0,publish
bybit_perp,BALUSDT,20230528,81,0.818395,4.842615,-3.322336,1.520279,4.842615,-2.303522,2.539093,4.800086,-3.507208,1.292878,4.800086,-2.57067,2.229416,2.311998,2.0,publish
bybit_perp,BALUSDT,20230531,114,0.925,4.896516,-7.178043,-2.281527,4.896516,-7.349246,-2.45273,4.907587,-7.601253,-2.693666,4.907587,-8.130365,-3.222778,2.973646,2.0,publish
bybit_perp,BALUSDT,20230603,42,0.932619,5.09843,-4.962154,0.136277,5.09843,-6.569425,-1.470995,4.99957,-4.264549,0.735022,4.99957,-6.721206,-1.721636,1.672613,2.0,publish
bybit_perp,BALUSDT,20230606,86,0.953488,5.019625,-6.923058,-1.903433,5.019625,-6.530562,-1.510937,5.018056,-7.078535,-2.06048,5.018056,-6.786747,-1.768691,2.950162,2.0,publish
bybit_perp,BALUSDT,20230609,52,0.8525,5.090472,-6.179554,-1.089082,5.090472,-7.348057,-2.257585,5.089884,-6.758327,-1.668443,5.089884,-8.129005,-3.039121,2.36996,2.0,publish
bybit_perp,BALUSDT,20230612,78,0.917821,5.660624,-9.670598,-4.009974,5.660624,-9.802679,-4.142055,5.664434,-9.76414,-4.099706,5.664434,-9.673284,-4.00885,3.872072,2.0,publish
bybit_perp,BALUSDT,20230615,139,0.802302,5.917858,-7.42273,-1.504872,5.917858,-8.572647,-2.654788,5.925281,-7.689936,-1.764656,5.925281,-8.913721,-2.988441,3.744974,2.0,publish
bybit_perp,BALUSDT,20230618,84,0.855595,5.721133,-6.950012,-1.228879,5.721133,-7.90598,-2.184847,5.731357,-6.508402,-0.777045,5.731357,-7.453394,-1.722036,2.584388,2.0,publish
bybit_perp,BALUSDT,20230621,166,0.850361,5.388179,-7.971411,-2.583232,5.388179,-9.349499,-3.961321,5.393791,-7.625569,-2.231778,5.393791,-8.390145,-2.996354,4.146566,2.0,publish
bybit_perp,BALUSDT,20230624,102,0.728529,5.298713,-6.746394,-1.447681,5.298713,-5.677912,-0.379199,5.316919,-5.87429,-0.557371,5.316919,-4.468393,0.848527,3.779965,2.0,publish
bybit_perp,BALUSDT,20230627,108,0.827963,5.304822,-6.391703,-1.086881,5.304822,-7.424473,-2.119651,5.301206,-6.124917,-0.823711,5.301206,-7.223048,-1.921842,3.285968,2.0,publish
bybit_perp,BALUSDT,20230630,307,0.843322,5.604579,-5.040909,0.563669,5.604579,-2.452323,3.152256,5.633497,-4.705825,0.927672,5.633497,-1.943188,3.690309,5.760735,2.0,publish
bybit_perp,BALUSDT,20230703,172,0.838023,5.135564,-5.875487,-0.739923,5.135564,-6.64078,-1.505217,5.147398,-5.923617,-0.776219,5.147398,-6.967879,-1.82048,3.669808,2.0,publish
bybit_perp,BALUSDT,20230706,181,0.671215,5.267782,-6.227895,-0.960113,5.267782,-5.407084,-0.139302,5.26571,-6.368982,-1.103273,5.26571,-4.863744,0.401966,4.486008,2.0,publish
bybit_perp,BALUSDT,20230709,64,0.619219,5.449556,-6.557633,-1.108076,5.449556,-5.616831,-0.167275,5.450491,-5.999427,-0.548936,5.450491,-4.41842,1.032071,2.443159,2.0,publish
bybit_perp,BALUSDT,20230712,62,0.786935,5.517468,-5.865738,-0.34827,5.517468,-4.468459,1.049009,5.540639,-5.718316,-0.177677,5.540639,-4.688301,0.852337,2.806937,2.0,publish
bybit_perp,BALUSDT,20230715,66,0.852273,5.203759,-6.212068,-1.008309,5.203759,-5.570949,-0.36719,5.203113,-6.860922,-1.657809,5.203113,-6.596632,-1.393519,3.904183,2.0,publish
bybit_perp,BALUSDT,20230718,65,0.925231,5.307235,-7.462957,-2.155722,5.307235,-12.656327,-7.349092,5.309363,-7.245467,-1.936104,5.309363,-13.211164,-7.901801,4.227206,2.0,publish
bybit_perp,BALUSDT,20230721,118,0.910932,5.568933,-6.573332,-1.0044,5.568933,-7.054424,-1.485492,5.589108,-6.683042,-1.093933,5.589108,-6.894006,-1.304898,3.247883,2.0,publish
bybit_perp,BALUSDT,20230724,343,0.949942,5.721285,-5.949489,-0.228204,5.721285,-9.873834,-4.152549,5.729633,-5.757357,-0.027724,5.729633,-9.59253,-3.862897,5.352229,2.0,publish
bybit_perp,BALUSDT,20230727,60,0.889667,5.544713,-5.727378,-0.182665,5.544713,-7.577028,-2.032315,5.54358,-5.662845,-0.119265,5.54358,-7.44556,-1.90198,2.478294,2.0,publish
bybit_perp,BALUSDT,20230730,107,0.96972,5.933072,-8.320413,-2.387341,5.933072,-4.403526,1.529546,5.941508,-9.048651,-3.107143,5.941508,-5.584219,0.357288,2.903006,2.0,publish
bybit_perp,BALUSDT,20230802,88,0.982045,5.99867,-2.713555,3.285115,5.99867,-3.5829,2.41577,6.002665,-2.551811,3.450854,6.002665,-3.704134,2.298531,2.920964,2.0,publish
bybit_perp,BALUSDT,20230805,45,0.959333,5.880961,-9.38676,-3.505799,5.880961,-11.216471,-5.335511,5.88007,-9.284294,-3.404224,5.88007,-11.191568,-5.311498,2.69601,2.0,publish
bybit_perp,BALUSDT,20230808,83,0.942169,5.941142,-8.04096,-2.099817,5.941142,-9.711367,-3.770225,5.951071,-8.105724,-2.154653,5.951071,-9.65772,-3.706649,3.341441,2.0,publish
bybit_perp,BALUSDT,20230811,54,0.855556,6.05058,-7.702665,-1.652084,6.05058,-7.156365,-1.105785,6.068884,-7.493409,-1.424525,6.068884,-6.854877,-0.785993,1.654199,2.0,publish
bybit_perp,BALUSDT,20230814,60,0.909833,5.972381,-7.834944,-1.862563,5.972381,-8.417497,-2.445116,5.983466,-8.309856,-2.32639,5.983466,-8.841564,-2.858098,2.284457,2.0,publish
bybit_perp,BALUSDT,20230817,444,0.973896,7.973683,-10.078796,-2.105113,7.973683,-8.552214,-0.578531,8.008494,-9.452441,-1.443948,8.008494,-6.844106,1.164388,8.462793,2.0,publish
bybit_perp,BALUSDT,20230820,36,0.838889,6.826842,-11.567431,-4.740589,6.826842,-9.48634,-2.659498,6.827548,-11.565975,-4.738427,6.827548,-9.13945,-2.311902,2.48306,2.0,publish
bybit_perp,BALUSDT,20230823,220,0.903182,7.056312,-7.549135,-0.492823,7.056312,-7.029239,0.027073,7.06089,-7.658719,-0.597829,7.06089,-6.752213,0.308677,3.991641,2.0,publish
bybit_perp,BALUSDT,20230826,88,0.823864,7.246042,-11.037325,-3.791283,7.246042,-11.779185,-4.533142,7.248547,-10.87984,-3.631293,7.248547,-11.82685,-4.578303,2.525517,2.0,publish
bybit_perp,BALUSDT,20230829,103,0.990291,7.212099,-10.116375,-2.904276,7.212099,-7.365882,-0.153783,7.214865,-10.215555,-3.00069,7.214865,-7.573979,-0.359115,3.938012,2.0,publish
bybit_perp,BALUSDT,20230901,27,0.948889,7.340838,-10.641106,-3.300268,7.340838,-16.711644,-9.370806,7.335696,-10.413181,-3.077484,7.335696,-16.810703,-9.475007,3.200636,2.0,publish
bybit_perp,BALUSDT,20230904,24,0.85625,7.484839,-10.598611,-3.113772,7.484839,-9.056821,-1.571982,7.480009,-11.224227,-3.744217,7.480009,-9.423596,-1.943586,2.704838,2.0,publish
bybit_perp,BALUSDT,20230907,42,0.922619,7.340475,-6.984083,0.356391,7.340475,-8.037071,-0.696596,7.346396,-6.63959,0.706806,7.346396,-7.829515,-0.483119,2.800732,2.0,publish
bybit_perp,BALUSDT,20230910,68,0.971029,7.9718,-6.564791,1.407009,7.9718,-24.726037,-16.754237,7.980022,-5.013318,2.966704,7.980022,-22.162666,-14.182644,4.059523,2.0,publish
bybit_perp,BALUSDT,20230913,39,0.934615,7.816007,-2.606264,5.209743,7.816007,1.412704,9.228712,7.814867,-2.578054,5.236813,7.814867,2.360953,10.175821,3.996721,2.0,publish
bybit_perp,BALUSDT,20230916,52,0.786346,7.6267,-8.77437,-1.14767,7.6267,-6.906166,0.720534,7.663652,-8.49464,-0.830988,7.663652,-6.656005,1.007647,3.260634,2.0,publish
bybit_perp,BALUSDT,20230919,39,0.903333,7.755701,-7.943322,-0.187621,7.755701,-8.334233,-0.578533,7.782421,-7.784537,-0.002116,7.782421,-8.424454,-0.642032,3.116416,2.0,publish
bybit_perp,BALUSDT,20230922,44,0.832273,7.944606,-5.752781,2.191824,7.944606,-3.939155,4.00545,7.952426,-4.798018,3.154408,7.952426,-2.977671,4.974755,2.869137,2.0,publish
bybit_perp,BALUSDT,20230925,33,0.745455,7.998474,-8.950433,-0.951959,7.998474,-8.465104,-0.46663,7.99695,-8.257476,-0.260526,7.99695,-7.279916,0.717035,2.823422,2.0,publish
bybit_perp,BALUSDT,20230928,47,0.859574,7.802009,-8.625701,-0.823692,7.802009,-9.102182,-1.300173,7.827413,-8.554121,-0.726707,7.827413,-8.849085,-1.021672,3.086626,2.0,publish
bybit_perp,BALUSDT,20231001,74,0.897838,7.386811,-11.995275,-4.608464,7.386811,-7.75834,-0.371529,7.39485,-11.679298,-4.284448,7.39485,-8.658841,-1.263992,3.522524,2.0,publish
bybit_perp,BALUSDT,20231004,68,0.913971,7.873346,-11.109295,-3.235949,7.873346,-11.454176,-3.58083,7.889509,-11.422521,-3.533012,7.889509,-11.329052,-3.439543,3.529634,2.0,publish
bybit_perp,BALUSDT,20231007,30,0.91,7.642969,-15.03495,-7.391981,7.642969,-13.779403,-6.136434,7.643276,-15.261061,-7.617785,7.643276,-13.63102,-5.987743,2.373219,2.0,publish
bybit_perp,BALUSDT,20231010,71,0.767324,8.124072,-12.013734,-3.889663,8.124072,-10.195679,-2.071607,8.125091,-11.352104,-3.227013,8.125091,-10.10145,-1.976359,3.313323,2.0,publish
bybit_perp,BALUSDT,20231013,56,0.807857,8.285324,-11.869162,-3.583838,8.285324,-11.286186,-3.000862,8.287433,-12.148535,-3.861102,8.287433,-11.223979,-2.936545,3.106242,2.0,publish
bybit_perp,BALUSDT,20231016,59,0.817288,8.497912,-9.877162,-1.37925,8.497912,-8.551274,-0.053363,8.418645,-9.942047,-1.523401,8.418645,-8.214156,0.20449,3.715727,2.0,publish
bybit_perp,BALUSDT,20231019,97,0.833711,8.940942,-10.454204,-1.513261,8.940942,-12.135904,-3.194962,9.02864,-9.873014,-0.844374,9.02864,-11.742195,-2.713555,3.39323,2.0,publish
bybit_perp,BALUSDT,20231022,113,0.780796,8.222374,-9.226375,-1.004001,8.222374,-9.451581,-1.229207,8.246389,-8.717091,-0.470702,8.246389,-9.290322,-1.043933,4.096699,2.0,publish
bybit_perp,BALUSDT,20231025,95,0.752,7.178494,-8.617496,-1.439002,7.178494,-5.202938,1.975557,7.139202,-7.246069,-0.106867,7.139202,-3.612928,3.526274,4.50616,2.0,publish
bybit_perp,BALUSDT,20231028,47,0.923617,3.799309,-2.672511,1.126799,3.799309,-2.588513,1.210796,3.947093,-2.614745,1.332348,3.947093,-2.428779,1.518314,2.237576,2.0,publish
bybit_perp,BALUSDT,20231031,209,0.824115,2.996046,-6.531015,-3.534969,2.996046,-3.211758,-0.215712,3.221841,-5.967543,-2.745702,3.221841,-3.095664,0.126177,4.146589,2.0,publish
bybit_perp,BALUSDT,20231103,272,0.81864,2.27558,-4.646349,-2.370769,2.27558,-5.61679,-3.341209,2.336585,-4.61694,-2.280355,2.336585,-5.644343,-3.307758,4.640952,2.0,publish
bybit_perp,BALUSDT,20231106,320,0.848406,2.169751,-5.504383,-3.334632,2.169751,-5.244482,-3.074731,2.262272,-5.191848,-2.929575,2.262272,-4.945509,-2.683236,4.894099,2.0,publish
bybit_perp,BALUSDT,20231109,1105,0.832271,4.362885,-6.62382,-2.260936,4.362885,4.442056,8.80494,4.462868,-6.427297,-1.964429,4.462868,1.85125,6.314118,12.31738,2.0,publish
bybit_perp,BALUSDT,20231112,310,0.901226,2.383747,-4.125634,-1.741887,2.383747,-2.798332,-0.414585,2.462027,-4.261748,-1.799721,2.462027,-2.748438,-0.286411,5.57778,2.0,publish
bybit_perp,BALUSDT,20231115,275,0.633673,2.263339,-2.940353,-0.677014,2.263339,-3.982615,-1.719276,2.457454,-2.772716,-0.315261,2.457454,-3.872457,-1.415003,4.116912,2.0,publish
bybit_perp,BALUSDT,20231118,207,0.817005,1.673179,-4.14351,-2.470331,1.673179,-4.983566,-3.310387,1.735506,-4.029201,-2.293695,1.735506,-4.33995,-2.604444,3.94756,2.0,publish
bybit_perp,BALUSDT,20231121,212,0.826226,2.458977,-3.975168,-1.516191,2.458977,-5.440125,-2.981148,2.48617,-4.309449,-1.823279,2.48617,-5.51381,-3.02764,5.927308,2.0,publish
bybit_perp,BALUSDT,20231124,94,0.910319,2.146961,-3.191134,-1.044173,2.146961,-3.916704,-1.769743,2.189166,-3.202938,-1.013773,2.189166,-3.780495,-1.591329,3.12773,2.0,publish
bybit_perp,BALUSDT,20231127,155,0.823548,1.971742,-4.019266,-2.047523,1.971742,-6.347602,-4.37586,2.041346,-3.876004,-1.834658,2.041346,-6.562225,-4.520879,3.773186,2.0,publish
bybit_perp,BALUSDT,20231130,59,0.74322,1.855989,-2.912816,-1.056827,1.855989,-3.073001,-1.217012,1.834808,-2.684959,-0.850151,1.834808,-3.324438,-1.48963,2.794696,2.0,publish
bybit_perp,BALUSDT,20231203,189,0.845132,1.997886,-3.246285,-1.248399,1.997886,-3.937677,-1.939791,1.957736,-3.322223,-1.364487,1.957736,-3.661574,-1.703837,2.896953,2.0,publish
bybit_perp,BALUSDT,20231206,576,0.888403,1.689912,-5.264392,-3.57448,1.689912,-5.931709,-4.241797,1.730528,-5.108747,-3.378219,1.730528,-5.58739,-3.856862,4.95824,2.0,publish
bybit_perp,BALUSDT,20231209,590,0.874932,1.427294,-4.504871,-3.077577,1.427294,-2.900036,-1.472742,1.4637,-4.356694,-2.892994,1.4637,-2.696101,-1.232401,4.423884,2.0,publish
bybit_perp,BALUSDT,20231212,620,0.795887,1.556893,-3.707852,-2.150959,1.556893,-3.982493,-2.4256,1.587193,-3.453621,-1.866428,1.587193,-3.81513,-2.227937,4.770389,2.0,publish
bybit_perp,BALUSDT,20231215,672,0.807783,1.363645,-4.590803,-3.227158,1.363645,-4.363022,-2.999377,1.375543,-4.539461,-3.163917,1.375543,-4.383371,-3.007828,3.792572,2.0,publish
bybit_perp,BALUSDT,20231218,606,0.896073,1.670512,-4.229725,-2.559213,1.670512,-3.66759,-1.997078,1.689642,-4.30033,-2.610688,1.689642,-4.153846,-2.464204,4.837209,2.0,publish
bybit_perp,BALUSDT,20231221,562,0.888452,1.534092,-2.933463,-1.399371,1.534092,-2.720139,-1.186047,1.552695,-2.901839,-1.349144,1.552695,-2.629733,-1.077038,4.136621,2.0,publish
bybit_perp,BALUSDT,20231224,602,0.81309,1.830834,-4.118713,-2.287879,1.830834,-3.8017,-1.970866,1.868322,-4.207256,-2.338934,1.868322,-3.696663,-1.828342,4.391319,2.0,publish
bybit_perp,BALUSDT,20231227,2598,0.909888,1.537519,-3.599602,-2.062082,1.537519,-4.1224,-2.584881,1.560312,-3.481536,-1.921225,1.560312,-4.015006,-2.454694,8.498498,2.0,publish
bybit_perp,BALUSDT,20231230,871,0.674512,1.225963,-3.545966,-2.320003,1.225963,-3.501921,-2.275958,1.242923,-3.493608,-2.250684,1.242923,-3.340944,-2.09802,3.178569,2.0,publish
bybit_perp,BALUSDT,20240102,1141,0.777686,1.342492,-3.512737,-2.170246,1.342492,-2.69604,-1.353548,1.382591,-3.55142,-2.168829,1.382591,-2.61985,-1.237259,4.523013,2.0,publish
bybit_perp,BALUSDT,20240105,1337,0.749978,1.621218,-5.547028,-3.925811,1.621218,-5.159233,-3.538015,1.735561,-5.796602,-4.061042,1.735561,-5.394612,-3.659051,6.013034,2.0,publish
bybit_perp,BALUSDT,20240108,1926,0.820374,1.515325,-3.917257,-2.401932,1.515325,-4.204335,-2.68901,1.546682,-3.910996,-2.364314,1.546682,-4.229586,-2.682904,5.672639,2.0,publish
bybit_perp,BALUSDT,20240111,2200,0.713286,1.407671,-3.780282,-2.372611,1.407671,-3.891771,-2.4841,1.482086,-3.585891,-2.103805,1.482086,-3.37634,-1.894254,5.738596,2.0,publish
bybit_perp,BALUSDT,20240114,1095,0.652475,1.34585,-3.823624,-2.477774,1.34585,-4.571137,-3.225287,1.399883,-3.622403,-2.222521,1.399883,-4.647896,-3.248013,4.274349,2.0,publish
bybit_perp,BALUSDT,20240117,935,0.607636,1.274055,-3.851043,-2.576988,1.274055,-4.005408,-2.731352,1.307914,-3.729095,-2.42118,1.307914,-3.717327,-2.409413,3.493195,2.0,publish
bybit_perp,BALUSDT,20240120,934,0.588148,1.368505,-3.559437,-2.190932,1.368505,-3.295803,-1.927298,1.416792,-3.411168,-1.994376,1.416792,-3.1201,-1.703307,3.228643,2.0,publish
bybit_perp,BALUSDT,20240123,760,0.677197,1.676113,-4.25088,-2.574767,1.676113,-3.895743,-2.21963,1.767037,-4.056105,-2.289068,1.767037,-3.444634,-1.677597,5.187024,2.0,publish
bybit_perp,BALUSDT,20240126,234,0.617009,1.474912,-3.472436,-1.997524,1.474912,-3.740224,-2.265312,1.515865,-3.151498,-1.635633,1.515865,-3.332634,-1.816769,2.967491,2.0,publish
bybit_perp,BALUSDT,20240129,481,0.45343,1.481261,-3.815146,-2.333885,1.481261,-3.509551,-2.02829,1.527086,-3.403356,-1.87627,1.527086,-2.892742,-1.365656,2.945833,2.0,publish
bybit_perp,BALUSDT,20240201,530,0.522094,1.470638,-4.120133,-2.649495,1.470638,-4.21222,-2.741582,1.474272,-3.635037,-2.160765,1.474272,-3.89253,-2.418258,3.186774,2.0,publish
bybit_perp,BALUSDT,20240204,359,0.305627,1.495956,-4.55258,-3.056625,1.495956,-5.584455,-4.088499,1.597735,-3.852467,-2.254732,1.597735,-4.279949,-2.682214,2.526169,2.0,publish
bybit_perp,BALUSDT,20240207,385,0.441351,1.509346,-3.808941,-2.299595,1.509346,-4.060205,-2.550859,1.624789,-3.486807,-1.862018,1.624789,-4.228637,-2.603848,2.597706,2.0,publish
bybit_perp,BALUSDT,20240210,301,0.525648,1.457392,-3.176884,-1.719493,1.457392,-3.0732,-1.615808,1.533935,-2.877765,-1.343829,1.533935,-3.054243,-1.520308,1.989948,2.0,publish
bybit_perp,BALUSDT,20240213,666,0.59506,1.563595,-3.30792,-1.744325,1.563595,-2.778837,-1.215242,1.682868,-3.355835,-1.672967,1.682868,-2.882257,-1.199389,3.542748,2.0,publish
bybit_perp,BALUSDT,20240216,620,0.681677,1.480991,-2.449691,-0.968701,1.480991,-2.36607,-0.88508,1.554998,-2.263134,-0.708136,1.554998,-1.964193,-0.409195,3.296921,2.0,publish
bybit_perp,BALUSDT,20240219,856,0.592757,1.367187,-3.932786,-2.565599,1.367187,-4.117374,-2.750187,1.444288,-3.759675,-2.315387,1.444288,-4.416393,-2.972105,3.664184,2.0,publish
bybit_perp,BALUSDT,20240222,846,0.621087,1.307444,-3.295919,-1.988476,1.307444,-3.273629,-1.966185,1.339816,-3.198791,-1.858975,1.339816,-3.414124,-2.074308,4.028851,2.0,publish
bybit_perp,BALUSDT,20240225,1492,0.69368,1.488161,-2.847138,-1.358976,1.488161,-2.752161,-1.264,1.573907,-2.417963,-0.844056,1.573907,-2.250612,-0.676705,4.254245,2.0,publish
bybit_perp,BALUSDT,20240228,1448,0.812728,2.456007,-2.941558,-0.485551,2.456007,-1.133232,1.322775,2.395388,-3.354585,-0.959197,2.395388,-1.9623,0.433088,10.807843,2.0,publish
bybit_perp,BALUSDT,20240302,777,0.657181,1.12926,-3.108477,-1.979217,1.12926,-3.848465,-2.719205,1.18398,-2.94675,-1.76277,1.18398,-3.77573,-2.59175,4.160989,2.0,publish
bybit_perp,BALUSDT,20240305,2730,0.860249,2.304127,-3.853372,-1.549245,2.304127,-0.323996,1.980131,2.349492,-3.967914,-1.618422,2.349492,-0.816751,1.532741,14.953806,2.0,publish
bybit_perp,BALUSDT,20240308,1767,0.724007,1.267659,-3.002432,-1.734774,1.267659,-7.086474,-5.818815,1.352592,-2.77943,-1.426838,1.352592,-8.239801,-6.88721,6.023095,2.0,publish
bybit_perp,BALUSDT,20240311,1282,0.757309,1.206474,-3.248385,-2.041911,1.206474,-3.491411,-2.284937,1.264971,-3.200748,-1.935777,1.264971,-3.613832,-2.348861,5.005747,2.0,publish
bybit_perp,BALUSDT,20240314,1288,0.768377,1.269479,-3.887048,-2.617569,1.269479,-3.525623,-2.256144,1.286543,-4.012224,-2.725681,1.286543,-3.83475,-2.548207,5.737514,2.0,publish
bybit_perp,BALUSDT,20240317,724,0.690718,1.279655,-3.403966,-2.124311,1.279655,-3.223892,-1.944237,1.36758,-3.331935,-1.964354,1.36758,-3.698176,-2.330596,5.337096,2.0,publish
bybit_perp,BALUSDT,20240320,903,0.859302,1.695936,-4.106275,-2.410338,1.695936,-4.989148,-3.293211,1.752903,-3.889748,-2.136846,1.752903,-4.631344,-2.878441,7.43059,2.0,publish
bybit_perp,BALUSDT,20240323,595,0.60605,1.235889,-3.106537,-1.870648,1.235889,-4.015523,-2.779634,1.316875,-2.898826,-1.581951,1.316875,-4.111585,-2.79471,3.990635,2.0,publish
bybit_perp,BALUSDT,20240326,569,0.600492,1.196453,-3.114189,-1.917736,1.196453,-3.415078,-2.218625,1.318494,-2.870459,-1.551965,1.318494,-3.992597,-2.674103,4.173308,2.0,publish
bybit_perp,BALUSDT,20240329,377,0.771565,1.201708,-3.359376,-2.157668,1.201708,-3.728788,-2.52708,1.255264,-2.998422,-1.743158,1.255264,-3.317757,-2.062493,3.693052,2.0,publish
bybit_perp,BALUSDT,20240401,927,0.806095,1.703007,-3.886491,-2.183485,1.703007,-5.238398,-3.535392,1.838177,-3.861589,-2.023412,1.838177,-5.200711,-3.362534,5.263628,2.0,publish
bybit_perp,BALUSDT,20240404,359,0.728997,1.279051,-2.868638,-1.589587,1.279051,-2.429836,-1.150785,1.33854,-2.630187,-1.291647,1.33854,-1.903034,-0.564493,3.95,2.0,publish
bybit_perp,BALUSDT,20240407,248,0.712661,1.238801,-2.371967,-1.133166,1.238801,-3.044255,-1.805454,1.267163,-2.173188,-0.906025,1.267163,-2.767879,-1.500716,2.767533,2.0,publish
bybit_perp,BALUSDT,20240410,496,0.780847,1.358334,-2.714932,-1.356598,1.358334,-5.052117,-3.693783,1.41067,-2.137911,-0.727241,1.41067,-4.523247,-3.112577,4.636616,2.0,publish
bybit_perp,BALUSDT,20240413,2364,0.911684,3.305091,-5.376052,-2.070961,3.305091,-3.936043,-0.630951,3.406927,-5.569703,-2.162776,3.406927,-3.539467,-0.132539,15.213796,2.0,publish
bybit_perp,BALUSDT,20240416,1395,0.859183,1.568616,-4.447089,-2.878473,1.568616,-5.03309,-3.464474,1.585889,-4.316997,-2.731108,1.585889,-4.712434,-3.126545,6.739242,2.0,publish
bybit_perp,BALUSDT,20240419,630,0.904857,1.663375,-2.621802,-0.958427,1.663375,-3.44565,-1.782275,1.685599,-2.481304,-0.795705,1.685599,-3.351211,-1.665613,6.573878,2.0,publish
bybit_perp,BALUSDT,20240422,281,0.900783,1.381878,-2.953868,-1.57199,1.381878,-2.213821,-0.831943,1.392096,-2.896233,-1.504137,1.392096,-2.052632,-0.660536,4.207765,2.0,publish
bybit_perp,BALUSDT,20240425,364,0.755082,1.50322,-2.598586,-1.095366,1.50322,-2.298083,-0.794863,1.551726,-2.273134,-0.721408,1.551726,-1.782234,-0.230508,4.578415,2.0,publish
bybit_perp,BALUSDT,20240428,556,0.832338,1.46807,-3.327569,-1.859499,1.46807,-2.68524,-1.21717,1.494709,-3.150149,-1.655439,1.494709,-2.413753,-0.919044,3.557342,2.0,publish
bybit_perp,BALUSDT,20240501,732,0.823866,2.002216,-3.837698,-1.835482,2.002216,-4.034534,-2.032318,2.092447,-3.616782,-1.524335,2.092447,-3.818208,-1.72576,6.278038,2.0,publish
bybit_perp,BALUSDT,20240504,310,0.717387,1.436419,-3.114545,-1.678127,1.436419,-3.066061,-1.629643,1.447307,-2.872953,-1.425646,1.447307,-2.622829,-1.175522,2.82803,2.0,publish
bybit_perp,BALUSDT,20240507,427,0.91178,1.574436,-3.692815,-2.118379,1.574436,-3.476378,-1.901943,1.588856,-3.585929,-1.997073,1.588856,-3.619325,-2.030469,3.772258,2.0,publish
bybit_perp,BALUSDT,20240510,297,0.858687,1.567207,-2.907115,-1.339908,1.567207,-2.585033,-1.017825,1.590599,-2.881895,-1.291296,1.590599,-2.323496,-0.732897,3.87527,2.0,publish
bybit_perp,BALUSDT,20240513,509,0.84277,1.58323,-2.617238,-1.034008,1.58323,-3.508945,-1.925715,1.600349,-2.402271,-0.801922,1.600349,-3.407726,-1.807377,3.779937,2.0,publish
bybit_perp,BALUSDT,20240516,326,0.750982,1.582978,-3.106558,-1.523581,1.582978,-2.966908,-1.383931,1.617014,-2.748129,-1.131115,1.617014,-2.440987,-0.823973,3.167637,2.0,publish
bybit_perp,BALUSDT,20240519,387,0.767804,1.536589,-3.834312,-2.297723,1.536589,-4.110797,-2.574208,1.563345,-3.414636,-1.851292,1.563345,-3.502255,-1.93891,2.524377,2.0,publish
bybit_perp,BALUSDT,20240522,444,0.738919,1.552239,-3.689317,-2.137078,1.552239,-3.219704,-1.667466,1.625198,-3.125991,-1.500793,1.625198,-2.466263,-0.841065,3.997302,2.0,publish
bybit_perp,BALUSDT,20240525,508,0.84937,1.381935,-2.045658,-0.663723,1.381935,-2.122455,-0.74052,1.389561,-1.957976,-0.568416,1.389561,-2.121254,-0.731693,2.557574,2.0,publish
bybit_perp,BALUSDT,20240528,447,0.818076,1.424148,-3.115404,-1.691256,1.424148,-4.503942,-3.079794,1.456384,-2.793929,-1.337545,1.456384,-4.018972,-2.562588,4.153094,2.0,publish
bybit_perp,BALUSDT,20240531,501,0.828283,1.384685,-2.52431,-1.139625,1.384685,-2.072809,-0.688124,1.398162,-2.153613,-0.755451,1.398162,-1.710974,-0.312812,3.109036,2.0,publish
bybit_perp,BALUSDT,20240603,347,0.796081,1.278628,-3.033219,-1.754591,1.278628,-3.959759,-2.681131,1.285089,-3.02978,-1.744691,1.285089,-4.295364,-3.010275,2.635911,2.0,publish
bybit_perp,BALUSDT,20240606,320,0.72475,1.273175,-2.576409,-1.303234,1.273175,-2.384933,-1.111758,1.281827,-2.425869,-1.144042,1.281827,-2.277661,-0.995833,2.14385,2.0,publish
bybit_perp,BALUSDT,20240609,149,0.946779,1.453309,-2.300832,-0.847522,1.453309,-2.33628,-0.882971,1.457093,-2.340169,-0.883076,1.457093,-2.360613,-0.903519,2.11241,2.0,publish
bybit_perp,BALUSDT,20240612,419,0.971933,1.905323,-3.387989,-1.482666,1.905323,-4.567393,-2.662069,1.918234,-3.403298,-1.485064,1.918234,-4.573562,-2.655328,4.351417,2.0,publish
bybit_perp,BALUSDT,20240615,104,0.890769,1.567217,-2.905527,-1.338309,1.567217,-4.593731,-3.026513,1.579553,-2.854866,-1.275313,1.579553,-4.066115,-2.486562,2.594077,2.0,publish
bybit_perp,BALUSDT,20240618,733,0.953015,3.099053,-7.953017,-4.853964,3.099053,-7.983492,-4.884439,3.115214,-8.333247,-5.218032,3.115214,-7.649277,-4.534063,7.882856,2.0,publish
bybit_perp,BALUSDT,20240621,207,0.854831,1.753505,-3.378416,-1.624911,1.753505,-4.675133,-2.921628,1.780725,-3.391104,-1.610379,1.780725,-4.022743,-2.242019,3.942699,2.0,publish
bybit_perp,BALUSDT,20240624,549,0.928925,1.999525,-4.246536,-2.247011,1.999525,-3.861433,-1.861907,2.023727,-4.225655,-2.201928,2.023727,-3.874139,-1.850412,5.232611,2.0,publish
bybit_perp,BALUSDT,20240627,164,0.931402,1.726017,-3.182693,-1.456676,1.726017,-2.987319,-1.261302,1.732317,-3.152662,-1.420345,1.732317,-3.065167,-1.332849,2.700702,2.0,publish
bybit_perp,BALUSDT,20240630,246,0.930285,1.807664,-3.790854,-1.98319,1.807664,-4.339201,-2.531537,1.813858,-3.744283,-1.930425,1.813858,-4.234756,-2.420898,2.739885,2.0,publish
bybit_perp,BALUSDT,20240703,1574,0.831315,1.992902,-5.05765,-3.064747,1.992902,-5.345965,-3.353063,1.999928,-4.890772,-2.890844,1.999928,-5.339779,-3.339851,5.18339,2.0,publish
bybit_perp,BALUSDT,20240706,418,0.886507,2.182381,-4.696617,-2.514235,2.182381,-3.664939,-1.482557,2.191232,-4.738839,-2.547608,2.191232,-3.776738,-1.585506,4.012062,2.0,publish
bybit_perp,BALUSDT,20240709,221,0.94009,2.15084,-4.183,-2.03216,2.15084,-4.064081,-1.913241,2.150377,-4.102127,-1.95175,2.150377,-3.894226,-1.74385,4.58824,2.0,publish
bybit_perp,BALUSDT,20240712,170,0.944235,2.101405,-4.016793,-1.915388,2.101405,-3.394344,-1.292939,2.106987,-3.984162,-1.877175,2.106987,-3.494913,-1.387927,3.661759,2.0,publish
bybit_perp,BALUSDT,20240715,130,0.852154,2.094178,-3.231096,-1.136918,2.094178,-4.720815,-2.626637,2.129965,-2.938673,-0.808708,2.129965,-4.520934,-2.390969,3.553079,2.0,publish
bybit_perp,BALUSDT,20240718,163,0.896626,2.037664,-3.25366,-1.215996,2.037664,-4.478086,-2.440422,2.044599,-3.179808,-1.135209,2.044599,-4.323368,-2.278769,3.520741,2.0,publish
bybit_perp,BALUSDT,20240721,137,0.897299,1.955784,-3.600597,-1.644813,1.955784,-3.378742,-1.422959,1.965712,-3.180901,-1.215189,1.965712,-2.565195,-0.599483,3.340946,2.0,publish
bybit_perp,BALUSDT,20240724,580,0.855759,2.338745,-3.860356,-1.521612,2.338745,-3.616107,-1.277363,2.411174,-3.392635,-0.981461,2.411174,-3.320456,-0.909282,4.861504,2.0,publish
bybit_perp,BALUSDT,20240727,213,0.873427,2.074626,-3.407472,-1.332846,2.074626,-3.182692,-1.108066,2.095099,-3.202593,-1.107493,2.095099,-2.945132,-0.850032,3.684166,2.0,publish
bybit_perp,BALUSDT,20240730,158,0.916899,2.173365,-3.652834,-1.479469,2.173365,-3.102599,-0.929234,2.174785,-3.572693,-1.397908,2.174785,-3.210633,-1.035848,3.846714,2.0,publish
bybit_perp,BALUSDT,20240802,156,0.897436,2.379331,-5.191442,-2.812111,2.379331,-6.971122,-4.591791,2.398017,-4.440818,-2.0428,2.398017,-5.998622,-3.600605,5.433586,2.0,publish
bybit_perp,BALUSDT,20240805,810,0.962074,3.81243,-6.998168,-3.185738,3.81243,-2.175792,1.636638,3.814959,-6.915524,-3.100564,3.814959,-1.688101,2.126858,14.881872,2.0,publish
bybit_perp,BALUSDT,20240808,208,0.932308,2.869428,-3.52212,-0.652692,2.869428,-4.422044,-1.552617,2.873961,-3.372491,-0.49853,2.873961,-3.88487,-1.010909,5.588606,2.0,publish
bybit_perp,BALUSDT,20240811,188,0.941064,2.886561,-3.814328,-0.927767,2.886561,-2.808991,0.07757,2.903357,-3.595014,-0.691657,2.903357,-2.761756,0.141601,3.930588,2.0,publish
bybit_perp,BALUSDT,20240814,126,0.933571,2.92376,-2.716977,0.206784,2.92376,-3.550308,-0.626548,2.950638,-2.355256,0.595383,2.950638,-3.568522,-0.617883,4.396038,2.0,publish
bybit_perp,BALUSDT,20240817,79,0.966076,2.920597,-3.881889,-0.961292,2.920597,-4.415674,-1.495077,2.930388,-3.700879,-0.770491,2.930388,-4.192898,-1.262511,2.659823,2.0,publish
bybit_perp,BALUSDT,20240820,118,0.846017,2.71185,-2.840111,-0.128262,2.71185,-2.780996,-0.069146,2.747998,-2.237857,0.510141,2.747998,-2.241821,0.506177,3.209655,2.0,publish
bybit_perp,BALUSDT,20240823,116,0.889914,2.776682,-3.273416,-0.496734,2.776682,-3.867131,-1.09045,2.804332,-3.148384,-0.344052,2.804332,-3.912642,-1.10831,3.549574,2.0,publish
bybit_perp,BALUSDT,20240826,144,0.932986,3.005127,-3.214817,-0.209689,3.005127,-2.652335,0.352793,3.050486,-2.912792,0.137694,3.050486,-2.345948,0.704538,4.244807,2.0,publish
bybit_perp,BALUSDT,20240829,89,0.937079,2.823848,-4.175772,-1.351924,2.823848,-3.763427,-0.939578,2.839056,-3.909703,-1.070647,2.839056,-3.552498,-0.713442,3.875499,2.0,publish
bybit_perp,BALUSDT,20240901,106,0.959057,2.998708,-2.997205,0.001503,2.998708,-0.833636,2.165072,3.008,-3.101946,-0.093946,3.008,-1.015585,1.992415,4.044075,2.0,publish
bybit_perp,BALUSDT,20240904,132,0.88803,3.739754,-3.749803,-0.010049,3.739754,1.477163,5.216917,3.866926,-3.513238,0.353688,3.866926,2.302989,6.169915,4.674155,2.0,publish
bybit_perp,BALUSDT,20240907,75,1.0,3.273822,-5.256968,-1.983146,3.273822,-5.646109,-2.372287,3.273822,-5.256968,-1.983146,3.273822,-5.646109,-2.372287,3.350062,2.0,publish
bybit_perp,BALUSDT,20240910,835,0.890048,3.584679,-4.33466,-0.749982,3.584679,-4.295967,-0.711288,3.683954,-4.070358,-0.386404,3.683954,-3.952717,-0.268763,6.504037,2.0,publish
bybit_perp,BALUSDT,20240913,154,0.913377,2.750272,-4.53617,-1.785898,2.750272,-5.561147,-2.810875,2.725597,-4.224862,-1.499265,2.725597,-5.506976,-2.781379,3.487428,2.0,publish
bybit_perp,BALUSDT,20240916,138,0.843261,2.903517,-3.229225,-0.325708,2.903517,-4.53855,-1.635033,2.917879,-3.239428,-0.321548,2.917879,-4.586205,-1.668326,3.813947,2.0,publish
bybit_perp,BALUSDT,20240919,115,0.891043,2.789958,-4.046189,-1.256231,2.789958,-6.052553,-3.262596,2.808275,-4.097652,-1.289377,2.808275,-6.320767,-3.512491,3.738603,2.0,publish
bybit_perp,BALUSDT,20240922,137,0.887956,2.83052,-3.619909,-0.789389,2.83052,-3.54314,-0.71262,2.834299,-3.543107,-0.708808,2.834299,-3.466032,-0.631733,3.379747,2.0,publish
bybit_perp,BALUSDT,20240925,102,0.854804,2.626023,-3.63393,-1.007906,2.626023,-4.54941,-1.923387,2.657987,-3.106586,-0.448599,2.657987,-4.157106,-1.499119,3.467157,2.0,publish
bybit_perp,BALUSDT,20240928,164,0.872012,2.464108,-4.315274,-1.851165,2.464108,-4.447643,-1.983535,2.481719,-4.268729,-1.78701,2.481719,-4.10036,-1.618641,3.389355,2.0,publish
bybit_perp,BALUSDT,20241001,1129,0.943401,3.163594,-3.728038,-0.564444,3.163594,-3.202848,-0.039255,3.18484,-3.90526,-0.72042,3.18484,-3.187348,-0.002508,7.891901,2.0,publish
bybit_perp,BALUSDT,20241004,272,0.912279,2.713363,-3.383068,-0.669706,2.713363,-2.283814,0.429549,2.724153,-3.192353,-0.4682,2.724153,-2.114393,0.60976,4.844712,2.0,publish
bybit_perp,BALUSDT,20241007,190,0.919158,2.554344,-3.420317,-0.865973,2.554344,-3.617795,-1.06345,2.560611,-3.122041,-0.56143,2.560611,-3.112533,-0.551922,4.635752,2.0,publish
bybit_perp,BALUSDT,20241010,131,0.908931,2.680485,-3.070853,-0.390368,2.680485,-2.975308,-0.294823,2.684554,-2.793491,-0.108937,2.684554,-2.620277,0.064277,4.264945,2.0,publish
bybit_perp,BALUSDT,20241013,88,0.795227,2.606289,-4.181811,-1.575522,2.606289,-3.183422,-0.577133,2.615231,-4.095256,-1.480025,2.615231,-2.954578,-0.339347,2.75241,2.0,publish
bybit_perp,BALUSDT,20241016,64,0.91,2.610453,-3.726815,-1.116362,2.610453,-4.678073,-2.06762,2.625537,-3.765124,-1.139587,2.625537,-4.519256,-1.893719,3.693413,2.0,publish
bybit_perp,BALUSDT,20241019,82,0.854512,2.745547,-3.100116,-0.354569,2.745547,-3.332294,-0.586747,2.72898,-2.787648,-0.058667,2.72898,-3.180089,-0.451108,2.08962,2.0,publish
bybit_perp,BALUSDT,20241022,88,0.892727,2.574118,-4.406221,-1.832103,2.574118,-4.154437,-1.580319,2.590615,-4.440061,-1.849447,2.590615,-4.286634,-1.696019,3.238686,2.0,publish
bybit_perp,BALUSDT,20241025,124,0.836774,4.077441,-10.377161,-6.29972,4.077441,-13.813154,-9.735714,4.141071,-10.044033,-5.902962,4.141071,-12.273934,-8.132863,4.888803,2.0,publish
bybit_perp,BALUSDT,20241028,65,0.821385,3.02349,-4.895265,-1.871775,3.02349,-5.528429,-2.50494,3.01545,-4.336168,-1.320718,3.01545,-4.061022,-1.045572,3.497689,2.0,publish
bybit_perp,BALUSDT,20241031,111,0.824865,2.798341,-3.346294,-0.547953,2.798341,-3.231371,-0.433029,2.77872,-3.445508,-0.666788,2.77872,-4.061928,-1.283208,3.296075,2.0,publish
bybit_perp,BALUSDT,20241103,74,0.806892,3.176727,-4.459637,-1.28291,3.176727,-6.597636,-3.420909,3.213777,-3.719735,-0.505959,3.213777,-6.088413,-2.874637,4.019593,2.0,publish
bybit_perp,BALUSDT,20241106,181,0.947072,3.546583,-3.700569,-0.153986,3.546583,-3.172941,0.373641,3.571118,-3.741016,-0.169898,3.571118,-3.152038,0.41908,4.774049,2.0,publish
bybit_perp,BALUSDT,20241109,107,0.970935,3.183941,-5.450191,-2.26625,3.183941,-3.424266,-0.240325,3.184619,-5.428211,-2.243592,3.184619,-3.506887,-0.322267,3.389315,2.0,publish
bybit_perp,BALUSDT,20241112,377,0.907215,3.76079,-5.46178,-1.70099,3.76079,-4.143411,-0.382621,3.801605,-5.461782,-1.660177,3.801605,-3.888514,-0.086909,8.553968,2.0,publish
bybit_perp,BALUSDT,20241115,288,0.880278,2.8884,-4.039257,-1.150857,2.8884,-5.349535,-2.461135,2.89204,-3.831441,-0.939401,2.89204,-4.791031,-1.898991,5.427908,2.0,publish
bybit_perp,BALUSDT,20241118,285,0.963439,2.671034,-3.949247,-1.278213,2.671034,-3.227751,-0.556717,2.688612,-3.947183,-1.258571,2.688612,-3.33506,-0.646448,4.965143,2.0,publish
bybit_perp,BALUSDT,20241121,491,0.930244,2.98999,-3.871318,-0.881328,2.98999,-3.568967,-0.578976,3.012463,-3.766673,-0.75421,3.012463,-3.65523,-0.642767,6.960091,2.0,publish
bybit_perp,BALUSDT,20241124,426,0.839883,2.61772,-3.461339,-0.843619,2.61772,-2.563773,0.053947,2.658302,-2.877258,-0.218955,2.658302,-1.710563,0.947739,7.137967,2.0,publish
bybit_perp,BALUSDT,20241127,384,0.836641,2.473311,-4.083391,-1.610079,2.473311,-4.804354,-2.331043,2.525491,-3.708819,-1.183328,2.525491,-4.81947,-2.29398,5.376396,2.0,publish
bybit_perp,BALUSDT,20241130,300,0.7701,2.015198,-4.570746,-2.555548,2.015198,-4.972037,-2.956839,2.074299,-3.805447,-1.731148,2.074299,-4.263611,-2.189312,3.96332,2.0,publish
bybit_perp,BALUSDT,20241203,553,0.792333,2.263007,-3.56488,-1.301874,2.263007,-3.464058,-1.201051,2.352572,-2.637182,-0.28461,2.352572,-1.756208,0.596364,7.234766,2.0,publish
bybit_perp,BALUSDT,20241206,729,0.775652,1.916744,-4.627144,-2.7104,1.916744,-5.498785,-3.582041,1.996989,-4.246928,-2.249939,1.996989,-4.561685,-2.564696,6.124497,2.0,publish
bybit_perp,BALUSDT,20241209,829,0.887358,3.774218,-7.205093,-3.430876,3.774218,-11.31978,-7.545562,4.002674,-7.611669,-3.608995,4.002674,-11.691327,-7.688653,12.085177,2.0,publish
bybit_perp,BALUSDT,20241212,1257,0.870589,1.53722,-2.844647,-1.307427,1.53722,-2.661228,-1.124009,1.555833,-2.613112,-1.057279,1.555833,-2.372301,-0.816468,6.982008,2.0,publish
bybit_perp,BALUSDT,20241215,591,0.791861,1.703173,-3.677638,-1.974465,1.703173,-3.065168,-1.361996,1.741698,-3.353524,-1.611826,1.741698,-2.822872,-1.081174,4.687741,2.0,publish
bybit_perp,BALUSDT,20241218,1158,0.839741,2.813642,-3.885846,-1.072204,2.813642,-7.309215,-4.495573,3.033537,-3.830306,-0.796768,3.033537,-8.128408,-5.094871,9.062022,2.0,publish
bybit_perp,BALUSDT,20241221,678,0.783953,2.071529,-4.735117,-2.663589,2.071529,-5.679041,-3.607512,2.072277,-4.141797,-2.06952,2.072277,-4.917315,-2.845037,6.959121,2.0,publish
bybit_perp,BALUSDT,20241224,326,0.844877,2.020214,-3.097249,-1.077035,2.020214,-3.743055,-1.722841,2.036135,-2.66421,-0.628075,2.036135,-3.118057,-1.081922,4.639691,2.0,publish
bybit_perp,BALUSDT,20241227,205,0.871415,2.040558,-4.113716,-2.073159,2.040558,-4.642803,-2.602245,2.045884,-3.919153,-1.873268,2.045884,-4.07857,-2.032685,5.038344,2.0,publish
bybit_perp,BALUSDT,20241230,209,0.791244,2.325416,-6.115308,-3.789892,2.325416,-5.140335,-2.814919,2.366221,-5.705068,-3.338847,2.366221,-4.957279,-2.591058,4.911059,2.0,publish
bybit_perp,BALUSDT,20250102,163,0.876074,2.288326,-3.900613,-1.612287,2.288326,-7.206213,-4.917888,2.314673,-3.729432,-1.414759,2.314673,-7.195291,-4.880618,3.691045,2.0,publish
bybit_perp,BALUSDT,20250105,132,0.759091,2.033287,-3.760297,-1.72701,2.033287,-5.806432,-3.773145,2.046702,-3.495864,-1.449161,2.046702,-5.360504,-3.313802,2.835512,2.0,publish
bybit_perp,BALUSDT,20250108,324,0.860864,2.598192,-3.079742,-0.481551,2.598192,-3.914993,-1.316801,2.605582,-2.816374,-0.210792,2.605582,-3.590043,-0.984461,5.771598,2.0,publish
bybit_perp,BALUSDT,20250111,166,0.663675,2.280935,-3.883129,-1.602194,2.280935,-3.96878,-1.687846,2.374395,-3.007895,-0.6335,2.374395,-2.652441,-0.278046,2.909751,2.0,publish
bybit_perp,BALUSDT,20250114,221,0.914434,2.549855,-6.208966,-3.659111,2.549855,-8.584275,-6.03442,2.586426,-6.247477,-3.661051,2.586426,-8.779446,-6.19302,4.800814,2.0,publish
bybit_perp,BALUSDT,20250117,2578,0.968185,3.0206,-2.760004,0.260596,3.0206,0.243233,3.263833,3.031408,-2.846793,0.184615,3.031408,0.118973,3.150381,11.202286,2.0,publish
bybit_perp,BALUSDT,20250120,1352,0.935791,2.075528,-5.280273,-3.204746,2.075528,-6.499137,-4.42361,2.087298,-5.185957,-3.09866,2.087298,-6.643709,-4.556411,9.355695,2.0,publish
bybit_perp,BALUSDT,20250123,322,0.907329,2.080966,-6.144918,-4.063952,2.080966,-6.297535,-4.216569,2.080235,-6.125768,-4.045533,2.080235,-6.045938,-3.965702,5.718738,2.0,publish
bybit_perp,BALUSDT,20250126,105,0.957905,2.030823,-3.35083,-1.320006,2.030823,-3.051086,-1.020262,2.034589,-3.295453,-1.260863,2.034589,-3.324692,-1.290103,3.171589,2.0,publish
bybit_perp,BALUSDT,20250129,186,0.948333,2.305733,-4.178602,-1.872869,2.305733,-4.73496,-2.429227,2.278665,-4.000469,-1.721804,2.278665,-4.19187,-1.913205,5.171911,2.0,publish
bybit_perp,BALUSDT,20250201,174,0.947299,2.342343,-3.48196,-1.139617,2.342343,-3.459282,-1.116939,2.337798,-3.467427,-1.129629,2.337798,-3.79102,-1.453222,4.157713,2.0,publish
bybit_perp,BALUSDT,20250204,320,0.976844,2.831187,-5.219204,-2.388016,2.831187,-2.213507,0.61768,2.833078,-5.168438,-2.33536,2.833078,-2.149359,0.683719,8.09224,2.0,publish
bybit_perp,BALUSDT,20250207,175,0.938114,2.828575,-4.917226,-2.088652,2.828575,-3.19493,-0.366356,2.800037,-5.004443,-2.204407,2.800037,-3.207943,-0.407906,5.632699,2.0,publish
bybit_perp,BALUSDT,20250210,190,0.889211,2.613918,-3.621762,-1.007844,2.613918,-1.646767,0.96715,2.613336,-3.490638,-0.877302,2.613336,-2.122138,0.491198,4.73612,2.0,publish
bybit_perp,BALUSDT,20250213,112,0.922768,2.933854,-6.55102,-3.617166,2.933854,-4.222469,-1.288615,2.893726,-5.870913,-2.977187,2.893726,-4.248664,-1.354938,4.624205,2.0,publish
bybit_perp,BALUSDT,20250216,132,0.924924,2.639212,-4.853261,-2.214049,2.639212,-4.30122,-1.662008,2.62864,-4.724274,-2.095635,2.62864,-4.110914,-1.482275,3.645558,2.0,publish
bybit_perp,BALUSDT,20250219,104,0.955385,2.61718,-4.195771,-1.578591,2.61718,-5.819187,-3.202007,2.618989,-4.204202,-1.585214,2.618989,-5.805964,-3.186975,3.536474,2.0,publish
bybit_perp,BALUSDT,20250222,117,0.974017,3.189384,-3.585006,-0.395622,3.189384,-3.776582,-0.587198,3.185546,-3.524228,-0.338682,3.185546,-3.586257,-0.400711,3.855827,2.0,publish
bybit_perp,BALUSDT,20250225,404,0.916881,3.051453,-4.522882,-1.471428,3.051453,-4.543659,-1.492205,3.077862,-4.553242,-1.475379,3.077862,-3.70887,-0.631007,8.349965,2.0,publish
bybit_perp,BALUSDT,20250228,273,0.944322,3.188919,-3.884752,-0.695833,3.188919,-1.337278,1.851641,3.19021,-3.924147,-0.733937,3.19021,-1.438862,1.751347,7.634886,2.0,publish
bybit_perp,BALUSDT,20250303,359,0.954178,2.974865,-4.024182,-1.049316,2.974865,-3.805562,-0.830696,2.97043,-4.239029,-1.268599,2.97043,-4.626201,-1.655771,7.393189,2.0,publish
bybit_perp,BALUSDT,20250306,245,0.96551,3.094411,-5.389234,-2.294823,3.094411,-4.025701,-0.931291,3.088051,-5.372152,-2.284101,3.088051,-4.156028,-1.067976,5.534638,2.0,publish
bybit_perp,BALUSDT,20250309,209,0.949426,3.353193,-5.214251,-1.861059,3.353193,-4.615503,-1.262311,3.355259,-5.250086,-1.894828,3.355259,-4.136442,-0.781183,5.343869,2.0,publish
bybit_perp,BALUSDT,20250312,167,0.964072,3.551899,-7.7062,-4.154301,3.551899,-8.266973,-4.715074,3.553813,-7.910189,-4.356376,3.553813,-8.59631,-5.042497,6.674679,2.0,publish
bybit_perp,BALUSDT,20250315,112,0.948929,3.521019,-4.940749,-1.41973,3.521019,-4.510253,-0.989234,3.524134,-5.081751,-1.557617,3.524134,-4.5138,-0.989667,3.1003,2.0,publish
bybit_perp,BALUSDT,20250318,192,0.987188,3.618319,-6.367139,-2.74882,3.618319,-5.289545,-1.671226,3.619192,-6.428587,-2.809395,3.619192,-5.417691,-1.7985,4.445276,2.0,publish
bybit_perp,BALUSDT,20250321,124,0.970968,3.427133,-4.749498,-1.322365,3.427133,-4.142958,-0.715825,3.427264,-4.749394,-1.322131,3.427264,-4.170617,-0.743353,3.764095,2.0,publish
bybit_perp,BALUSDT,20250324,78,0.961538,3.325887,-4.81114,-1.485252,3.325887,-3.694855,-0.368967,3.327754,-4.915314,-1.58756,3.327754,-4.017697,-0.689943,3.41591,2.0,publish
bybit_perp,BALUSDT,20250327,176,0.948864,3.834216,-4.428085,-0.593869,3.834216,-4.435664,-0.601447,3.847661,-4.160219,-0.312558,3.847661,-3.942627,-0.094966,3.400849,2.0,publish
bybit_perp,BALUSDT,20250330,49,0.981633,4.062133,-5.214648,-1.152515,4.062133,-2.35428,1.707853,4.067665,-5.100795,-1.03313,4.067665,-1.975483,2.092182,3.539941,2.0,publish
bybit_perp,BALUSDT,20250402,441,0.94932,4.060263,-3.495839,0.564424,4.060263,-6.375351,-2.315088,4.064136,-3.625506,0.43863,4.064136,-6.684467,-2.620332,6.223494,2.0,publish
bybit_perp,BALUSDT,20250405,53,0.936792,4.128123,-7.662448,-3.534324,4.128123,-6.054704,-1.926581,4.131559,-7.562496,-3.430937,4.131559,-5.564714,-1.433155,2.71034,2.0,publish
bybit_perp,BALUSDT,20250408,3499,0.978537,6.763705,-8.567524,-1.803819,6.763705,-13.890246,-7.126541,6.759795,-8.688587,-1.928792,6.759795,-14.120603,-7.360808,20.625399,2.0,publish
bybit_perp,BALUSDT,20250411,557,0.942944,6.022549,-6.986007,-0.963459,6.022549,-7.518794,-1.496245,6.031884,-6.872361,-0.840477,6.031884,-7.417154,-1.38527,5.536701,2.0,publish
bybit_perp,BALUSDT,20250414,3179,0.956106,7.91264,-13.517112,-5.604471,7.91264,-11.626639,-3.713998,7.96574,-14.17601,-6.21027,7.96574,-11.866779,-3.901039,19.092161,2.0,publish
bybit_perp,BALUSDT,20250417,685,0.938905,5.786175,-7.11783,-1.331655,5.786175,-6.513788,-0.727613,5.789173,-6.978849,-1.189676,5.789173,-6.467403,-0.67823,5.45334,2.0,publish
bybit_perp,BALUSDT,20250420,469,0.933284,5.872644,-8.978888,-3.106244,5.872644,-8.385201,-2.512557,5.820473,-9.031586,-3.211113,5.820473,-8.428407,-2.607934,4.258333,2.0,publish
bybit_perp,BALUSDT,20250423,605,0.937471,6.36305,-7.968558,-1.605508,6.36305,-9.537385,-3.174335,6.400011,-8.223729,-1.823718,6.400011,-9.810553,-3.410542,5.614302,2.0,publish
bybit_perp,BALUSDT,20250426,477,0.948239,6.688352,-6.457387,0.230966,6.688352,-6.214446,0.473906,6.72417,-6.520537,0.203633,6.72417,-6.26907,0.4551,5.662378,2.0,publish
bybit_perp,BALUSDT,20250429,346,0.917514,7.627721,-6.742157,0.885563,7.627721,-6.534415,1.093305,7.610878,-6.557861,1.053017,7.610878,-6.471112,1.139766,4.701385,2.0,publish
bybit_perp,BALUSDT,20250502,3639,0.95277,4.958579,-6.402497,-1.443918,4.958579,-6.689255,-1.730676,4.940585,-6.371965,-1.43138,4.940585,-6.897182,-1.956598,10.836463,2.0,publish
bybit_perp,BALUSDT,20250505,999,0.828679,5.366347,-6.170772,-0.804425,5.366347,-6.137866,-0.771519,5.446934,-6.118429,-0.671495,5.446934,-6.080691,-0.633757,5.117329,2.0,publish
bybit_perp,BALUSDT,20250508,897,0.916633,5.037803,-6.570034,-1.53223,5.037803,-6.356044,-1.318241,5.069033,-6.635808,-1.566775,5.069033,-6.256512,-1.187479,6.278199,2.0,publish
bybit_perp,BALUSDT,20250511,1000,0.93588,4.57306,-5.931067,-1.358008,4.57306,-7.470118,-2.897058,4.583426,-5.894036,-1.31061,4.583426,-7.27217,-2.688744,5.216018,2.0,publish
bybit_perp,BALUSDT,20250514,670,0.957985,4.646917,-5.584175,-0.937258,4.646917,-7.163202,-2.516285,4.645983,-5.601586,-0.955603,4.645983,-7.256631,-2.610648,4.137891,2.0,publish
bybit_perp,BALUSDT,20250517,4674,0.944998,5.962708,-5.396403,0.566305,5.962708,-8.454488,-2.49178,5.957019,-5.336236,0.620783,5.957019,-8.473491,-2.516471,16.854137,2.0,publish
bybit_perp,BALUSDT,20250520,1136,0.938239,5.934808,-6.265548,-0.33074,5.934808,-6.712714,-0.777906,5.992121,-6.236338,-0.244216,5.992121,-6.634908,-0.642787,7.599754,2.0,publish
bybit_perp,BALUSDT,20250523,609,0.899179,5.354074,-6.870334,-1.51626,5.354074,-6.446741,-1.092667,5.420333,-6.66602,-1.245686,5.420333,-6.466774,-1.046441,5.532394,2.0,publish
bybit_perp,BALUSDT,20250526,1119,0.938829,5.116288,-5.773011,-0.656724,5.116288,-5.852794,-0.736507,5.137835,-5.677322,-0.539487,5.137835,-5.969032,-0.831197,6.505651,2.0,publish
bybit_perp,BALUSDT,20250529,570,0.861684,4.756503,-5.738677,-0.982174,4.756503,-4.937519,-0.181015,4.772876,-5.619264,-0.846388,4.772876,-4.895907,-0.123031,4.602773,2.0,publish
bybit_perp,BALUSDT,20250601,271,0.90679,5.502521,-7.484297,-1.981776,5.502521,-7.058008,-1.555487,5.504916,-7.463932,-1.959016,5.504916,-6.774785,-1.269869,4.346199,2.0,publish
bybit_perp,BALUSDT,20250604,274,0.983723,5.290273,-5.533777,-0.243504,5.290273,-4.668806,0.621467,5.277242,-5.441086,-0.163844,5.277242,-4.533547,0.743695,4.764165,2.0,publish
bybit_perp,BALUSDT,20250607,299,0.946455,5.496606,-5.081086,0.41552,5.496606,-4.575412,0.921195,5.520346,-5.168961,0.351385,5.520346,-4.544625,0.975721,3.214925,2.0,publish
bybit_perp,BALUSDT,20250610,510,0.938529,5.588735,-4.728964,0.859771,5.588735,-4.851533,0.737202,5.576107,-4.663747,0.91236,5.576107,-4.774408,0.801699,4.459711,2.0,publish
bybit_perp,BALUSDT,20250613,358,0.916955,5.480033,-7.312904,-1.832871,5.480033,-9.069426,-3.589393,5.456245,-7.243452,-1.787206,5.456245,-8.304763,-2.848517,5.77282,2.0,publish
bybit_perp,BALUSDT,20250616,172,0.93657,5.188729,-6.610696,-1.421966,5.188729,-6.993259,-1.80453,5.203414,-6.764488,-1.561074,5.203414,-7.512113,-2.308699,3.296672,2.0,publish
bybit_perp,BALUSDT,20250619,200,0.926,5.356851,-6.422672,-1.065821,5.356851,-6.304471,-0.94762,5.360678,-6.234761,-0.874082,5.360678,-6.489929,-1.12925,3.014722,2.0,publish
bybit_perp,BALUSDT,20250622,494,0.944109,6.569286,-5.160196,1.40909,6.569286,-6.396648,0.172638,6.508076,-5.166885,1.341191,6.508076,-6.356517,0.151559,5.053929,2.0,publish
bybit_perp,BALUSDT,20250625,556,0.93705,5.62697,-3.473834,2.153137,5.62697,-4.662113,0.964857,5.633453,-3.541103,2.09235,5.633453,-4.982766,0.650687,4.027679,2.0,publish
bybit_perp,BALUSDT,20250628,81,0.944938,5.197571,-5.641115,-0.443544,5.197571,-5.640805,-0.443234,5.19759,-5.734741,-0.537151,5.19759,-5.800459,-0.602869,1.639703,2.0,publish
bybit_perp,BALUSDT,20250701,199,0.920754,6.228225,-6.016375,0.21185,6.228225,-5.220885,1.00734,6.207816,-5.822266,0.38555,6.207816,-5.038521,1.169295,3.071528,2.0,publish
bybit_perp,BALUSDT,20250704,219,0.950731,6.023234,-4.503279,1.519955,6.023234,-3.454669,2.568566,5.991298,-4.626491,1.364808,5.991298,-3.706342,2.284956,2.807582,2.0,publish
bybit_perp,BALUSDT,20250707,110,0.961455,5.48559,-3.469043,2.016547,5.48559,-3.377921,2.107668,5.498956,-3.42473,2.074226,5.498956,-3.439606,2.05935,2.239553,2.0,publish
bybit_perp,BALUSDT,20250710,346,0.943671,5.362721,-4.892561,0.47016,5.362721,-6.526529,-1.163807,5.333213,-4.967222,0.365991,5.333213,-6.606267,-1.273055,3.464167,2.0,publish
bybit_perp,BALUSDT,20250713,199,0.98191,5.056244,-6.263022,-1.206778,5.056244,-6.135143,-1.078899,5.065546,-6.262339,-1.196793,5.065546,-6.131806,-1.06626,3.382707,2.0,publish
bybit_perp,BALUSDT,20250716,660,0.959242,6.371321,-3.94883,2.422491,6.371321,-4.964335,1.406986,6.374355,-3.751868,2.622487,6.374355,-4.779803,1.594553,4.938155,2.0,publish
bybit_perp,BALUSDT,20250719,188,0.974894,4.121258,-5.712969,-1.591711,4.121258,-4.795228,-0.67397,4.12637,-5.898875,-1.772504,4.12637,-4.893195,-0.766825,4.778575,2.0,publish
bybit_perp,BALUSDT,20250722,822,0.914854,4.198355,-5.140385,-0.94203,4.198355,-4.699299,-0.500944,4.23722,-5.020089,-0.782868,4.23722,-4.702981,-0.465761,5.50086,2.0,publish
bybit_perp,BALUSDT,20250725,1289,0.933088,4.129499,-3.065837,1.063662,4.129499,-3.527901,0.601598,4.143349,-2.949111,1.194238,4.143349,-3.402856,0.740493,5.276779,2.0,publish
bybit_perp,BALUSDT,20250727,354,0.883644,3.672469,-7.919984,-4.247515,3.672469,-9.458898,-5.786429,3.681699,-7.894197,-4.212498,3.681699,-9.323026,-5.641327,3.684384,2.0,publish
bybit_perp,BALUSDT,20250728,635,0.627921,3.832888,-8.442976,-4.610088,3.832888,-9.118647,-5.28576,3.92482,-9.033849,-5.109029,3.92482,-9.517213,-5.592393,4.318657,2.0,publish
bybit_perp,BNXUSDT,20230401,246,0.98252,5.241256,-6.252616,-1.01136,5.241256,-6.107233,-0.865977,5.254265,-6.193814,-0.939549,5.254265,-6.017855,-0.763589,3.037251,2.0,publish
bybit_perp,BNXUSDT,20230404,369,0.991599,4.8426,-4.847284,-0.004684,4.8426,-5.496312,-0.653711,4.834873,-4.835992,-0.001119,4.834873,-5.479879,-0.645006,4.221283,2.0,publish
bybit_perp,BNXUSDT,20230407,243,0.986831,4.739626,-6.212125,-1.472499,4.739626,-6.907682,-2.168056,4.724918,-6.198531,-1.473613,4.724918,-6.911028,-2.18611,3.243272,2.0,publish
bybit_perp,BNXUSDT,20230410,402,0.977363,4.789277,-4.779876,0.009401,4.789277,-6.024389,-1.235112,4.799172,-4.785271,0.013902,4.799172,-5.99992,-1.200748,3.361065,2.0,publish
bybit_perp,BNXUSDT,20230413,383,0.984856,4.583114,-6.470928,-1.887813,4.583114,-8.232707,-3.649593,4.587869,-6.473306,-1.885437,4.587869,-8.182214,-3.594345,3.994809,2.0,publish
bybit_perp,BNXUSDT,20230416,1836,0.955773,4.124592,-5.514254,-1.389662,4.124592,-5.233956,-1.109363,4.141952,-5.664191,-1.522239,4.141952,-5.97002,-1.828068,9.971793,2.0,publish
bybit_perp,BNXUSDT,20230419,735,0.942993,4.462924,-8.692975,-4.23005,4.462924,-18.452649,-13.989724,4.473855,-8.958905,-4.48505,4.473855,-15.833115,-11.35926,7.580189,2.0,publish
bybit_perp,BNXUSDT,20230422,264,0.982955,4.580159,-8.802431,-4.222272,4.580159,-9.12546,-4.545301,4.581923,-9.003909,-4.421986,4.581923,-9.33603,-4.754108,4.490726,2.0,publish
bybit_perp,BNXUSDT,20230425,1831,0.929055,3.994962,-4.874808,-0.879846,3.994962,-4.316511,-0.321549,3.998508,-4.887118,-0.888609,3.998508,-4.356268,-0.35776,6.428121,2.0,publish
bybit_perp,BNXUSDT,20230428,857,0.72112,4.230586,-4.686309,-0.455723,4.230586,-4.707019,-0.476433,4.246746,-5.583889,-1.337143,4.246746,-5.73531,-1.488564,4.788219,2.0,publish
bybit_perp,BNXUSDT,20230501,359,0.917827,4.384498,-5.548036,-1.163538,4.384498,-6.47533,-2.090831,4.385977,-5.803426,-1.417449,4.385977,-7.487631,-3.101654,4.330306,2.0,publish
bybit_perp,BNXUSDT,20230504,218,0.962844,4.352984,-7.305215,-2.952231,4.352984,-6.960547,-2.607563,4.35688,-7.258174,-2.901294,4.35688,-6.795538,-2.438658,3.462574,2.0,publish
bybit_perp,BNXUSDT,20230507,186,0.970968,4.484171,-6.981043,-2.496872,4.484171,-7.593194,-3.109023,4.486773,-7.013859,-2.527086,4.486773,-7.518945,-3.032171,3.62731,2.0,publish
bybit_perp,BNXUSDT,20230510,793,0.961412,5.673788,-15.397813,-9.724025,5.673788,-14.402864,-8.729076,5.681581,-15.464142,-9.782561,5.681581,-14.72457,-9.042989,13.325192,2.0,publish
bybit_perp,BNXUSDT,20230513,189,0.951852,5.201993,-8.65322,-3.451227,5.201993,-9.607485,-4.405492,5.20762,-8.639744,-3.432124,5.20762,-9.67128,-4.46366,4.420695,2.0,publish
bybit_perp,BNXUSDT,20230516,244,0.947951,5.221063,-7.74632,-2.525258,5.221063,-8.630427,-3.409365,5.2364,-7.716976,-2.480577,5.2364,-8.574315,-3.337915,4.502311,2.0,publish
bybit_perp,BNXUSDT,20230519,141,0.974468,4.852293,-8.367802,-3.515509,4.852293,-8.574616,-3.722324,4.85292,-8.362105,-3.509186,4.85292,-8.574338,-3.721418,4.019054,2.0,publish
bybit_perp,BNXUSDT,20230522,130,0.968462,4.996936,-7.500549,-2.503613,4.996936,-7.412663,-2.415727,4.997607,-7.389231,-2.391624,4.997607,-7.36045,-2.362843,3.564199,2.0,publish
bybit_perp,BNXUSDT,20230525,158,0.955696,5.26868,-8.50212,-3.23344,5.26868,-10.784668,-5.515988,5.275903,-8.446098,-3.170195,5.275903,-10.752822,-5.476919,4.094798,2.0,publish
bybit_perp,BNXUSDT,20230528,92,0.996739,4.961959,-4.640499,0.321459,4.961959,-5.335415,-0.373457,4.962004,-4.639493,0.322511,4.962004,-5.336683,-0.374678,2.781032,2.0,publish
bybit_perp,BNXUSDT,20230531,80,0.98625,5.1495,-7.058828,-1.909329,5.1495,-6.745327,-1.595827,5.151611,-7.061863,-1.910253,5.151611,-6.6926,-1.54099,3.852134,2.0,publish
bybit_perp,BNXUSDT,20230603,102,0.990196,5.072854,-7.134964,-2.06211,5.072854,-7.381739,-2.308884,5.073451,-7.106349,-2.032898,5.073451,-7.454825,-2.381374,3.290574,2.0,publish
bybit_perp,BNXUSDT,20230606,139,1.0,5.838183,-6.537741,-0.699558,5.838183,-3.274313,2.56387,5.838183,-6.537741,-0.699558,5.838183,-3.274313,2.56387,4.646175,2.0,publish
bybit_perp,BNXUSDT,20230609,86,1.0,6.201912,-9.134204,-2.932293,6.201912,-8.291202,-2.089291,6.201912,-9.134204,-2.932293,6.201912,-8.291202,-2.089291,4.135457,2.0,publish
bybit_perp,BNXUSDT,20230612,252,1.0,9.569028,-11.930336,-2.361308,9.569028,-11.488514,-1.919487,9.569028,-11.930336,-2.361308,9.569028,-11.488514,-1.919487,7.736553,2.0,publish
bybit_perp,BNXUSDT,20230615,120,1.0,9.550714,-13.425181,-3.874467,9.550714,-11.860797,-2.310083,9.550714,-13.425181,-3.874467,9.550714,-11.860797,-2.310083,5.605627,2.0,publish
bybit_perp,BNXUSDT,20230618,71,0.985915,8.993699,-11.030184,-2.036484,8.993699,-13.335044,-4.341344,8.992193,-10.927781,-1.935588,8.992193,-13.265568,-4.273375,4.452764,2.0,publish
bybit_perp,BNXUSDT,20230621,113,1.0,8.428271,-10.060293,-1.632022,8.428271,-7.524679,0.903592,8.428271,-10.060293,-1.632022,8.428271,-7.524679,0.903592,5.510428,2.0,publish
bybit_perp,BNXUSDT,20230624,171,0.990643,8.242654,-12.289834,-4.04718,8.242654,-14.007703,-5.765049,8.213504,-12.278436,-4.064932,8.213504,-13.856212,-5.642708,7.428269,2.0,publish
bybit_perp,BNXUSDT,20230627,93,0.963441,8.323437,-7.885428,0.438008,8.323437,-7.34172,0.981717,8.321883,-8.03697,0.284913,8.321883,-8.181525,0.140358,4.802994,2.0,publish
bybit_perp,BNXUSDT,20230630,365,0.809041,9.590574,-12.962484,-3.37191,9.590574,-17.643925,-8.053351,9.652431,-13.944652,-4.292221,9.652431,-23.317477,-13.665046,8.56681,2.0,publish
bybit_perp,BNXUSDT,20230703,134,0.969403,9.101264,-12.356408,-3.255143,9.101264,-11.749923,-2.648659,9.102153,-12.315047,-3.212894,9.102153,-11.555094,-2.452941,4.558765,2.0,publish
bybit_perp,BNXUSDT,20230706,273,0.972894,10.211857,-11.975558,-1.763701,10.211857,-10.016746,0.195111,10.226565,-11.794097,-1.567532,10.226565,-9.835734,0.390831,6.728279,2.0,publish
bybit_perp,BNXUSDT,20230709,85,0.969412,10.12066,-12.147261,-2.0266,10.12066,-12.397779,-2.277119,10.121201,-12.211151,-2.08995,10.121201,-12.617623,-2.496421,3.895909,2.0,publish
bybit_perp,BNXUSDT,20230712,83,1.0,10.445908,-12.784933,-2.339025,10.445908,-11.064874,-0.618966,10.445908,-12.784933,-2.339025,10.445908,-11.064874,-0.618966,4.586765,2.0,publish
bybit_perp,BNXUSDT,20230715,26,0.961538,9.331371,-10.740521,-1.409151,9.331371,-10.370585,-1.039214,9.329743,-11.170142,-1.8404,9.329743,-11.535174,-2.205431,4.860311,2.0,publish
bybit_perp,BNXUSDT,20230718,69,0.924638,9.73052,-10.145098,-0.414578,9.73052,-9.889061,-0.158541,9.733389,-9.702226,0.031163,9.733389,-9.223939,0.50945,5.974158,2.0,publish
bybit_perp,BNXUSDT,20230721,75,1.0,10.253059,-12.826221,-2.573161,10.253059,-13.633241,-3.380182,10.253059,-12.826221,-2.573161,10.253059,-13.633241,-3.380182,4.394766,2.0,publish
bybit_perp,BNXUSDT,20230724,97,1.0,10.592198,-19.709269,-9.117071,10.592198,-17.086386,-6.494188,10.592198,-19.709269,-9.117071,10.592198,-17.086386,-6.494188,5.277687,2.0,publish
bybit_perp,BNXUSDT,20230727,68,1.0,10.396068,-14.487569,-4.091501,10.396068,-14.965978,-4.56991,10.396068,-14.487569,-4.091501,10.396068,-14.965978,-4.56991,3.530913,2.0,publish
bybit_perp,BNXUSDT,20230730,50,0.98,11.94236,0.392083,12.334444,11.94236,1.270273,13.212634,11.972384,-0.027311,11.945073,11.972384,-0.627085,11.345299,3.71588,2.0,publish
bybit_perp,BNXUSDT,20230802,42,1.0,10.913756,-11.4208,-0.507044,10.913756,-12.741534,-1.827778,10.913756,-11.4208,-0.507044,10.913756,-12.741534,-1.827778,3.785579,2.0,publish
bybit_perp,BNXUSDT,20230805,73,1.0,10.98462,-14.120674,-3.136054,10.98462,-15.011828,-4.027208,10.98462,-14.120674,-3.136054,10.98462,-15.011828,-4.027208,4.651632,2.0,publish
bybit_perp,BNXUSDT,20230808,154,0.975325,10.268733,-11.448859,-1.180126,10.268733,-11.839957,-1.571224,10.269123,-11.356553,-1.087429,10.269123,-11.647612,-1.378489,4.837824,2.0,publish
bybit_perp,BNXUSDT,20230811,131,0.984733,9.884257,-9.951363,-0.067106,9.884257,-12.511645,-2.627388,9.886095,-10.105648,-0.219553,9.886095,-12.705624,-2.81953,4.46814,2.0,publish
bybit_perp,BNXUSDT,20230814,74,0.956757,9.977816,-12.773914,-2.796098,9.977816,-13.174365,-3.196549,9.985056,-12.463797,-2.478741,9.985056,-12.877978,-2.892922,4.118457,2.0,publish
bybit_perp,BNXUSDT,20230817,164,0.980488,13.575502,-27.38027,-13.804768,13.575502,-65.409173,-51.833671,13.615276,-27.881705,-14.266429,13.615276,-66.682086,-53.06681,9.842488,2.0,publish
bybit_perp,BNXUSDT,20230820,64,0.957812,12.353796,-13.914264,-1.560468,12.353796,-15.832601,-3.478805,12.354327,-14.245518,-1.891192,12.354327,-16.248349,-3.894023,4.471803,2.0,publish
bybit_perp,BNXUSDT,20230823,134,1.0,12.767109,-14.718643,-1.951534,12.767109,-13.370599,-0.60349,12.767109,-14.718643,-1.951534,12.767109,-13.370599,-0.60349,5.734487,2.0,publish
bybit_perp,BNXUSDT,20230826,32,0.95625,12.693045,-17.444874,-4.751828,12.693045,-17.051873,-4.358828,12.691981,-17.243847,-4.551867,12.691981,-16.66844,-3.97646,3.010551,2.0,publish
bybit_perp,BNXUSDT,20230829,62,0.985484,12.654465,-13.642749,-0.988284,12.654465,-8.756882,3.897583,12.652261,-13.466499,-0.814238,12.652261,-8.508663,4.143598,5.447323,2.0,publish
bybit_perp,BNXUSDT,20230901,47,0.96383,13.235915,-15.779073,-2.543159,13.235915,-14.36362,-1.127705,13.241008,-15.387987,-2.146979,13.241008,-13.919415,-0.678407,4.753942,2.0,publish
bybit_perp,BNXUSDT,20230904,71,0.976056,12.921993,-17.416754,-4.494761,12.921993,-14.566745,-1.644752,12.923822,-16.848828,-3.925006,12.923822,-14.293761,-1.369938,5.512825,2.0,publish
bybit_perp,BNXUSDT,20230907,128,0.98125,12.764533,-7.158959,5.605574,12.764533,-9.548425,3.216108,12.768113,-7.093934,5.674178,12.768113,-9.437423,3.330689,6.331862,2.0,publish
bybit_perp,BNXUSDT,20230910,376,0.945745,12.80469,-21.357795,-8.553106,12.80469,-16.597776,-3.793087,12.838324,-21.641185,-8.802861,12.838324,-16.919496,-4.081172,9.083414,2.0,publish
bybit_perp,BNXUSDT,20230913,188,0.965957,12.221127,-14.780117,-2.55899,12.221127,-15.971542,-3.750415,12.22301,-14.58795,-2.36494,12.22301,-15.756037,-3.533027,7.17905,2.0,publish
bybit_perp,BNXUSDT,20230916,57,0.985965,12.021964,-12.458384,-0.43642,12.021964,-10.516531,1.505433,12.03052,-12.310578,-0.280057,12.03052,-10.500132,1.530389,5.645129,2.0,publish
bybit_perp,BNXUSDT,20230919,63,0.966667,11.480831,-12.741352,-1.260521,11.480831,-10.631846,0.848985,11.487458,-12.216222,-0.728764,11.487458,-10.217424,1.270034,5.392106,2.0,publish
bybit_perp,BNXUSDT,20230922,14,0.885714,12.18028,-10.574606,1.605674,12.18028,-17.098011,-4.917731,12.290635,-9.016483,3.274152,12.290635,-16.381618,-4.090983,3.971111,2.0,publish
bybit_perp,BNXUSDT,20230925,21,0.909524,13.133593,-12.592355,0.541238,13.133593,-13.207092,-0.073499,13.243832,-12.721745,0.522086,13.243832,-12.128397,1.115434,3.8636,2.0,publish
bybit_perp,BNXUSDT,20230928,66,0.94697,12.011714,-11.325415,0.686298,12.011714,-10.575012,1.436701,11.995541,-10.581983,1.413559,11.995541,-9.789557,2.205985,5.116431,2.0,publish
bybit_perp,BNXUSDT,20231001,103,0.773786,11.663261,-13.153614,-1.490353,11.663261,-9.979549,1.683712,11.729177,-11.262331,0.466846,11.729177,-7.888017,3.84116,4.565118,2.0,publish
bybit_perp,BNXUSDT,20231004,54,0.909259,12.335167,-14.197586,-1.862419,12.335167,-17.194064,-4.858897,12.329303,-13.899108,-1.569805,12.329303,-16.938491,-4.609188,5.235076,2.0,publish
bybit_perp,BNXUSDT,20231007,263,0.99924,11.191287,-9.835696,1.355591,11.191287,-10.210559,0.980728,11.191395,-9.826363,1.365032,11.191395,-10.201511,0.989883,8.730677,2.0,publish
bybit_perp,BNXUSDT,20231010,838,0.997613,9.762118,-8.734932,1.027186,9.762118,-8.679481,1.082637,9.761912,-8.687929,1.073983,9.761912,-8.564445,1.197467,12.18396,2.0,publish
bybit_perp,BNXUSDT,20231013,199,0.994975,9.489552,-9.831719,-0.342167,9.489552,-10.417277,-0.927725,9.489056,-9.784529,-0.295472,9.489056,-10.373044,-0.883988,8.019692,2.0,publish
bybit_perp,BNXUSDT,20231016,720,0.996944,8.299023,-10.62706,-2.328037,8.299023,-13.540991,-5.241968,8.299284,-10.669116,-2.369832,8.299284,-13.58601,-5.286727,13.817422,2.0,publish
bybit_perp,BNXUSDT,20231019,146,0.986301,10.297945,-11.856736,-1.558791,10.297945,-8.389499,1.908447,10.297458,-11.880122,-1.582665,10.297458,-8.510467,1.78699,7.95444,2.0,publish
bybit_perp,BNXUSDT,20231022,175,0.986857,9.694704,-10.495566,-0.800862,9.694704,-12.946037,-3.251333,9.696325,-10.425819,-0.729495,9.696325,-12.998612,-3.302288,8.054014,2.0,publish
bybit_perp,BNXUSDT,20231025,156,0.934615,9.34098,-11.344043,-2.003063,9.34098,-8.973338,0.367641,9.342266,-11.093803,-1.751537,9.342266,-8.717085,0.625181,7.159782,2.0,publish
bybit_perp,BNXUSDT,20231028,59,0.89661,10.173743,-12.434094,-2.260351,10.173743,-12.412957,-2.239214,10.169292,-11.820998,-1.651706,10.169292,-12.18759,-2.018298,4.529977,2.0,publish
bybit_perp,BNXUSDT,20231031,158,0.906962,10.101898,-13.981951,-3.880053,10.101898,-15.021769,-4.919871,10.098961,-14.109114,-4.010153,10.098961,-14.822078,-4.723117,7.503867,2.0,publish
bybit_perp,BNXUSDT,20231103,277,0.898195,10.35145,-13.479065,-3.127615,10.35145,-11.150764,-0.799314,10.351071,-12.995366,-2.644295,10.351071,-11.314835,-0.963764,7.000002,2.0,publish
bybit_perp,BNXUSDT,20231106,224,0.925446,9.324855,-12.674447,-3.349592,9.324855,-11.340889,-2.016034,9.334705,-12.320564,-2.985859,9.334705,-11.267185,-1.93248,6.091266,2.0,publish
bybit_perp,BNXUSDT,20231109,1017,0.83176,9.245868,-12.023933,-2.778065,9.245868,-10.867399,-1.621531,9.274578,-11.924749,-2.650171,9.274578,-10.852781,-1.578204,12.523861,2.0,publish
bybit_perp,BNXUSDT,20231112,157,0.843312,9.07098,-11.291723,-2.220743,9.07098,-9.582011,-0.511031,9.066573,-10.530351,-1.463777,9.066573,-8.345005,0.721568,6.723288,2.0,publish
bybit_perp,BNXUSDT,20231115,704,0.949858,7.661935,-8.418155,-0.756219,7.661935,-8.870918,-1.208983,7.661714,-8.363387,-0.701673,7.661714,-8.455772,-0.794058,10.542303,2.0,publish
bybit_perp,BNXUSDT,20231118,155,0.893548,8.996651,-11.416045,-2.419393,8.996651,-11.416951,-2.4203,9.007621,-11.370017,-2.362397,9.007621,-11.458542,-2.450921,6.066363,2.0,publish
bybit_perp,BNXUSDT,20231121,609,0.930542,8.684941,-10.701683,-2.016742,8.684941,-7.820435,0.864506,8.676513,-10.644035,-1.967521,8.676513,-8.068763,0.60775,9.192615,2.0,publish
bybit_perp,BNXUSDT,20231124,313,0.849201,2.730875,-4.891411,-2.160536,2.730875,-3.019423,-0.288548,2.724784,-4.501848,-1.777064,2.724784,-2.495773,0.229011,4.635979,2.0,publish
bybit_perp,BNXUSDT,20231127,367,0.692371,2.72448,-4.393441,-1.668962,2.72448,-5.455528,-2.731048,2.829446,-4.040713,-1.211267,2.829446,-4.235154,-1.405709,4.309122,2.0,publish
bybit_perp,BNXUSDT,20231130,376,0.791223,1.785947,-4.637648,-2.851701,1.785947,-4.221627,-2.43568,1.78066,-4.436449,-2.655788,1.78066,-3.917708,-2.137048,3.000336,2.0,publish
bybit_perp,BNXUSDT,20231203,229,0.815284,2.0349,-3.985752,-1.950852,2.0349,-4.314955,-2.280055,2.008476,-3.944635,-1.936159,2.008476,-4.489701,-2.481225,2.273935,2.0,publish
bybit_perp,BNXUSDT,20231206,401,0.884788,1.930848,-5.667353,-3.736505,1.930848,-2.783789,-0.852941,1.955408,-5.705863,-3.750455,1.955408,-3.076084,-1.120676,4.164985,2.0,publish
bybit_perp,BNXUSDT,20231209,279,0.857348,2.201169,-4.37823,-2.177061,2.201169,-1.207433,0.993736,2.243217,-4.145685,-1.902468,2.243217,-0.928903,1.314314,3.300744,2.0,publish
bybit_perp,BNXUSDT,20231212,197,0.859898,1.952151,-3.573816,-1.621665,1.952151,-3.210562,-1.258411,1.956142,-3.428909,-1.472767,1.956142,-3.162959,-1.206817,2.300414,2.0,publish
bybit_perp,BNXUSDT,20231215,115,0.769565,2.050715,-3.003403,-0.952689,2.050715,-2.349775,-0.299061,2.031587,-3.032441,-1.000854,2.031587,-2.582314,-0.550727,2.209384,2.0,publish
bybit_perp,BNXUSDT,20231218,217,0.841014,2.199149,-3.151299,-0.95215,2.199149,-3.131529,-0.932381,2.196025,-2.902787,-0.706762,2.196025,-2.800797,-0.604772,2.455419,2.0,publish
bybit_perp,BNXUSDT,20231221,173,0.828324,2.049505,-2.909798,-0.860292,2.049505,-2.617468,-0.567962,2.044343,-2.685652,-0.64131,2.044343,-2.983224,-0.938882,2.073761,2.0,publish
bybit_perp,BNXUSDT,20231224,319,0.821003,2.487824,-3.109734,-0.62191,2.487824,-2.861171,-0.373348,2.520679,-2.921079,-0.4004,2.520679,-2.571907,-0.051228,3.756403,2.0,publish
bybit_perp,BNXUSDT,20231227,1015,0.861773,2.509946,-5.353567,-2.843621,2.509946,-7.910571,-5.400625,2.556361,-5.391797,-2.835437,2.556361,-7.982832,-5.426471,8.471464,2.0,publish
bybit_perp,BNXUSDT,20231230,207,0.670048,2.346174,-4.172326,-1.826152,2.346174,-4.83115,-2.484976,2.203671,-4.014952,-1.811281,2.203671,-4.472327,-2.268656,2.055458,2.0,publish
bybit_perp,BNXUSDT,20240102,232,0.75819,2.977525,-2.692494,0.285032,2.977525,-2.768226,0.209299,2.974836,-2.46051,0.514326,2.974836,-2.3228,0.652037,2.213219,2.0,publish
bybit_perp,BNXUSDT,20240105,190,0.568421,5.120032,-5.51735,-0.397319,5.120032,-7.109872,-1.98984,5.78152,-6.489479,-0.707959,5.78152,-10.720115,-4.938595,3.18899,2.0,publish
bybit_perp,BNXUSDT,20240108,230,0.68913,3.909793,-3.818642,0.09115,3.909793,-3.819796,0.089997,4.142062,-3.43003,0.712032,4.142062,-3.1008,1.041262,2.505208,2.0,publish
bybit_perp,BNXUSDT,20240111,126,0.994444,4.182021,-2.581594,1.600426,4.182021,-2.848098,1.333923,4.1677,-2.586596,1.581105,4.1677,-2.882851,1.284849,3.236607,2.0,publish
bybit_perp,BNXUSDT,20240114,68,1.0,2.819795,-2.121318,0.698477,2.819795,-2.87124,-0.051445,2.819795,-2.121318,0.698477,2.819795,-2.87124,-0.051445,1.837052,2.0,publish
bybit_perp,BNXUSDT,20240117,36,1.0,1.798161,-2.744557,-0.946396,1.798161,-1.467218,0.330943,1.798161,-2.744557,-0.946396,1.798161,-1.467218,0.330943,1.716366,2.0,publish
bybit_perp,BNXUSDT,20240120,145,0.983448,1.825019,-2.129001,-0.303982,1.825019,-1.860026,-0.035008,1.827204,-2.150543,-0.32334,1.827204,-1.900729,-0.073525,1.682982,2.0,publish
bybit_perp,BNXUSDT,20240123,206,0.995631,1.842905,-2.662785,-0.81988,1.842905,-2.695352,-0.852447,1.843208,-2.658901,-0.815693,1.843208,-2.69161,-0.848403,2.377663,2.0,publish
bybit_perp,BNXUSDT,20240126,174,0.967241,2.244783,-5.181994,-2.937211,2.244783,-7.294225,-5.049442,2.262034,-5.257344,-2.99531,2.262034,-7.42757,-5.165535,1.970496,2.0,publish
bybit_perp,BNXUSDT,20240129,119,0.969748,1.885905,-3.28998,-1.404075,1.885905,-3.525626,-1.639721,1.890459,-3.26898,-1.37852,1.890459,-3.511945,-1.621486,1.575296,2.0,publish
bybit_perp,BNXUSDT,20240201,131,0.935115,1.943291,-5.559188,-3.615897,1.943291,-6.511748,-4.568457,1.942348,-5.623217,-3.680869,1.942348,-6.634869,-4.692521,1.705208,2.0,publish
bybit_perp,BNXUSDT,20240204,63,0.984127,1.832715,-2.508213,-0.675497,1.832715,-2.199522,-0.366807,1.833723,-2.520116,-0.686393,1.833723,-2.263551,-0.429828,1.404335,2.0,publish
bybit_perp,BNXUSDT,20240207,64,0.984375,1.936392,-2.442067,-0.505674,1.936392,-1.347245,0.589148,1.938596,-2.48083,-0.542234,1.938596,-1.340096,0.598499,1.469322,2.0,publish
bybit_perp,BNXUSDT,20240210,63,1.0,1.77394,-2.621819,-0.847879,1.77394,-2.763216,-0.989276,1.77394,-2.621819,-0.847879,1.77394,-2.763216,-0.989276,1.003008,2.0,publish
bybit_perp,BNXUSDT,20240213,195,0.985128,2.033565,-3.665114,-1.631549,2.033565,-4.234401,-2.200836,2.037666,-3.683823,-1.646157,2.037666,-4.261691,-2.224025,2.272341,2.0,publish
bybit_perp,BNXUSDT,20240216,166,0.987952,1.810138,-3.165983,-1.355846,1.810138,-3.375351,-1.565214,1.800751,-3.18349,-1.38274,1.800751,-3.447688,-1.646938,1.831374,2.0,publish
bybit_perp,BNXUSDT,20240219,137,0.981022,1.922358,-2.331244,-0.408885,1.922358,-2.405097,-0.482738,1.915259,-2.371497,-0.456238,1.915259,-2.405363,-0.490104,1.736756,2.0,publish
bybit_perp,BNXUSDT,20240222,415,0.962169,1.967442,-1.997142,-0.0297,1.967442,-4.013463,-2.046021,1.951593,-2.027424,-0.075831,1.951593,-4.148402,-2.196809,2.639429,2.0,publish
bybit_perp,BNXUSDT,20240225,135,1.0,1.668293,-3.373537,-1.705243,1.668293,-2.134854,-0.46656,1.668293,-3.373537,-1.705243,1.668293,-2.134854,-0.46656,2.230083,2.0,publish
bybit_perp,BNXUSDT,20240228,594,0.985859,2.937234,-10.039237,-7.102003,2.937234,-11.339616,-8.402382,2.952094,-10.727342,-7.775248,2.952094,-11.424268,-8.472174,12.733671,2.0,publish
bybit_perp,BNXUSDT,20240302,1489,0.986165,1.750237,-4.800113,-3.049877,1.750237,-2.880441,-1.130204,1.753524,-4.769169,-3.015645,1.753524,-2.838218,-1.084694,6.676903,2.0,publish
bybit_perp,BNXUSDT,20240305,2241,0.993039,2.074689,-4.461109,-2.38642,2.074689,-3.056248,-0.981559,2.075103,-4.449049,-2.373946,2.075103,-3.06167,-0.986567,10.491484,2.0,publish
bybit_perp,BNXUSDT,20240308,1215,0.982222,1.872966,-4.377929,-2.504963,1.872966,-5.305594,-3.432628,1.877844,-4.29071,-2.412866,1.877844,-5.463774,-3.58593,8.07344,2.0,publish
bybit_perp,BNXUSDT,20240311,9511,0.987509,2.443722,-3.613497,-1.169775,2.443722,-2.374633,0.06909,2.445189,-3.584043,-1.138854,2.445189,-2.201131,0.244058,21.954532,2.0,publish
bybit_perp,BNXUSDT,20240314,2475,0.961657,1.606398,-3.080376,-1.473978,1.606398,-2.590667,-0.98427,1.62407,-3.06329,-1.43922,1.62407,-2.627209,-1.003139,5.634463,2.0,publish
bybit_perp,BNXUSDT,20240317,1838,0.981882,1.288506,-2.638961,-1.350455,1.288506,-2.376814,-1.088308,1.289441,-2.61624,-1.326799,1.289441,-2.356226,-1.066785,3.698213,2.0,publish
bybit_perp,BNXUSDT,20240320,2665,0.990056,1.77449,-2.86248,-1.08799,1.77449,-3.34883,-1.57434,1.777514,-2.866718,-1.089204,1.777514,-3.38257,-1.605056,5.616058,2.0,publish
bybit_perp,BNXUSDT,20240323,725,0.977517,1.328777,-3.139548,-1.810771,1.328777,-2.963651,-1.634874,1.331123,-3.14322,-1.812097,1.331123,-2.993124,-1.662001,3.015385,2.0,publish
bybit_perp,BNXUSDT,20240326,3134,0.982195,2.817328,-4.350874,-1.533547,2.817328,-3.119568,-0.30224,2.840523,-4.374488,-1.533965,2.840523,-3.22691,-0.386388,13.574385,2.0,publish
bybit_perp,BNXUSDT,20240329,1072,0.980877,2.480176,-3.552424,-1.072248,2.480176,-2.45307,0.027106,2.477682,-3.583201,-1.105519,2.477682,-2.639162,-0.16148,6.580624,2.0,publish
bybit_perp,BNXUSDT,20240401,1345,0.902974,2.269466,-5.41285,-3.143384,2.269466,-5.849449,-3.579984,2.392765,-5.074546,-2.681781,2.392765,-4.968096,-2.575331,6.969949,2.0,publish
bybit_perp,BNXUSDT,20240404,2028,0.985355,1.04194,-2.624469,-1.582528,1.04194,-2.740977,-1.699036,1.042849,-2.614649,-1.5718,1.042849,-2.717982,-1.675133,4.382122,2.0,publish
bybit_perp,BNXUSDT,20240407,1289,0.979441,0.811628,-2.453964,-1.642336,0.811628,-2.815639,-2.004011,0.811931,-2.45505,-1.643119,0.811931,-2.838622,-2.026691,2.433086,2.0,publish
bybit_perp,BNXUSDT,20240410,1471,0.981509,0.863461,-2.527918,-1.664456,0.863461,-2.466021,-1.60256,0.861274,-2.526537,-1.665263,0.861274,-2.415983,-1.554708,2.6742,2.0,publish
bybit_perp,BNXUSDT,20240413,3362,0.986585,2.357617,-4.438353,-2.080736,2.357617,-3.3524,-0.994783,2.336052,-4.418339,-2.082286,2.336052,-3.32704,-0.990988,15.75774,2.0,publish
bybit_perp,BNXUSDT,20240416,3867,0.995138,1.821556,-4.271989,-2.450433,1.821556,-4.809825,-2.988269,1.822734,-4.294413,-2.471679,1.822734,-4.778632,-2.955898,10.477457,2.0,publish
bybit_perp,BNXUSDT,20240419,5354,0.985805,1.10342,-3.446702,-2.343282,1.10342,-3.236472,-2.133052,1.106704,-3.422332,-2.315629,1.106704,-3.208633,-2.101929,8.084044,2.0,publish
bybit_perp,BNXUSDT,20240422,3929,0.987274,1.570758,-3.702591,-2.131833,1.570758,-3.339175,-1.768417,1.570129,-3.697753,-2.127624,1.570129,-3.358669,-1.788541,9.26345,2.0,publish
bybit_perp,BNXUSDT,20240425,8468,0.986703,1.508172,-2.795829,-1.287657,1.508172,-2.505569,-0.997397,1.508706,-2.802415,-1.293708,1.508706,-2.55218,-1.043474,12.954445,2.0,publish
bybit_perp,BNXUSDT,20240428,8234,0.984916,0.875874,-2.187892,-1.312018,0.875874,-1.707467,-0.831593,0.875742,-2.152214,-1.276472,0.875742,-1.661819,-0.786077,9.540493,2.0,publish
bybit_perp,BNXUSDT,20240501,5115,0.985415,1.026732,-2.433501,-1.40677,1.026732,-3.172944,-2.146212,1.027434,-2.43664,-1.409207,1.027434,-3.200192,-2.172759,7.715425,2.0,publish
bybit_perp,BNXUSDT,20240504,4900,0.984265,0.9014,-2.273173,-1.371772,0.9014,-1.730234,-0.828834,0.903296,-2.261613,-1.358317,0.903296,-1.717869,-0.814573,6.367452,2.0,publish
bybit_perp,BNXUSDT,20240507,3872,0.978383,0.693804,-2.591161,-1.897357,0.693804,-1.934691,-1.240887,0.694668,-2.577747,-1.883079,0.694668,-1.907941,-1.213273,5.121926,2.0,publish
bybit_perp,BNXUSDT,20240510,2241,0.976216,0.764426,-2.426265,-1.66184,0.764426,-2.146695,-1.38227,0.766726,-2.410546,-1.64382,0.766726,-2.110336,-1.34361,4.039355,2.0,publish
bybit_perp,BNXUSDT,20240513,1619,0.97344,1.068667,-3.009124,-1.940457,1.068667,-3.818295,-2.749628,1.071308,-3.029543,-1.958235,1.071308,-3.738371,-2.667062,4.958228,2.0,publish
bybit_perp,BNXUSDT,20240516,2109,0.99175,0.945764,-2.597762,-1.651998,0.945764,-3.068426,-2.122662,0.94771,-2.608361,-1.660651,0.94771,-3.028395,-2.080685,5.617755,2.0,publish
bybit_perp,BNXUSDT,20240519,4673,0.979906,1.193925,-1.969822,-0.775896,1.193925,-2.034046,-0.840121,1.197599,-1.9502,-0.752601,1.197599,-2.110228,-0.912629,9.072975,2.0,publish
bybit_perp,BNXUSDT,20240522,7170,0.97431,0.950953,-2.300752,-1.349799,0.950953,-2.211303,-1.260349,0.959519,-2.333702,-1.374182,0.959519,-2.192975,-1.233456,10.143968,2.0,publish
bybit_perp,BNXUSDT,20240525,3648,0.966365,0.868382,-2.276429,-1.408047,0.868382,-2.616226,-1.747844,0.868567,-2.23752,-1.368953,0.868567,-2.388786,-1.520219,7.357791,2.0,publish
bybit_perp,BNXUSDT,20240528,1596,0.971241,0.780679,-2.412649,-1.63197,0.780679,-2.651163,-1.870484,0.781211,-2.389523,-1.608312,0.781211,-2.637884,-1.856674,4.677569,2.0,publish
bybit_perp,BNXUSDT,20240531,1464,0.976434,0.920493,-2.666972,-1.746479,0.920493,-2.938451,-2.017958,0.924509,-2.636784,-1.712275,0.924509,-2.909209,-1.9847,4.780162,2.0,publish
bybit_perp,BNXUSDT,20240603,1417,0.95928,0.660937,-2.571494,-1.910557,0.660937,-2.681981,-2.021045,0.665345,-2.531419,-1.866074,0.665345,-2.577312,-1.911967,4.275331,2.0,publish
bybit_perp,BNXUSDT,20240606,1579,0.949272,0.660959,-2.406053,-1.745094,0.660959,-2.731588,-2.070629,0.666904,-2.382169,-1.715265,0.666904,-2.600832,-1.933928,4.287139,2.0,publish
bybit_perp,BNXUSDT,20240609,3762,0.98865,0.839194,-2.282848,-1.443654,0.839194,-2.64547,-1.806276,0.84142,-2.277254,-1.435834,0.84142,-2.677137,-1.835716,6.509224,2.0,publish
bybit_perp,BNXUSDT,20240612,3314,0.976041,0.771196,-2.108456,-1.337259,0.771196,-2.206132,-1.434936,0.775169,-2.094844,-1.319675,0.775169,-2.204066,-1.428896,5.392175,2.0,publish
bybit_perp,BNXUSDT,20240615,2394,0.960025,0.680964,-3.066055,-2.385091,0.680964,-2.572292,-1.891328,0.689004,-3.046339,-2.357334,0.689004,-2.514785,-1.825781,4.811446,2.0,publish
bybit_perp,BNXUSDT,20240618,3853,0.981002,1.215102,-3.006174,-1.791072,1.215102,-3.269133,-2.054031,1.222157,-3.015001,-1.792844,1.222157,-3.275145,-2.052987,6.486836,2.0,publish
bybit_perp,BNXUSDT,20240621,1196,0.948913,0.879159,-3.136884,-2.257725,0.879159,-2.708583,-1.829423,0.897762,-3.086488,-2.188726,0.897762,-2.669177,-1.771415,3.948878,2.0,publish
bybit_perp,BNXUSDT,20240624,1580,0.968797,1.222156,-2.563704,-1.341547,1.222156,-2.913375,-1.691218,1.236416,-2.56145,-1.325034,1.236416,-2.931056,-1.694641,4.99763,2.0,publish
bybit_perp,BNXUSDT,20240627,1687,0.962596,0.808378,-2.625351,-1.816974,0.808378,-2.344767,-1.536389,0.82051,-2.606553,-1.786044,0.82051,-2.258455,-1.437945,4.40889,2.0,publish
bybit_perp,BNXUSDT,20240630,17445,0.991923,0.996154,-2.292091,-1.295937,0.996154,-2.061023,-1.064868,0.997365,-2.288284,-1.290918,0.997365,-2.044079,-1.046713,11.677473,2.0,publish
bybit_perp,BNXUSDT,20240703,18774,0.991621,1.059974,-1.638779,-0.578805,1.059974,-1.266454,-0.20648,1.05957,-1.629288,-0.569718,1.05957,-1.234937,-0.175367,12.760842,2.0,publish
bybit_perp,BNXUSDT,20240706,9785,0.975933,0.997931,-2.6676,-1.669669,0.997931,-3.334517,-2.336586,1.007473,-2.657436,-1.649963,1.007473,-3.319818,-2.312345,9.813295,2.0,publish
bybit_perp,BNXUSDT,20240709,4179,0.957358,0.954311,-2.71654,-1.762229,0.954311,-3.12774,-2.173428,0.970637,-2.722978,-1.75234,0.970637,-3.183625,-2.212988,7.956963,2.0,publish
bybit_perp,BNXUSDT,20240712,8388,0.980544,0.942534,-2.207793,-1.265259,0.942534,-1.977518,-1.034984,0.947921,-2.205915,-1.257995,0.947921,-2.013671,-1.06575,10.236914,2.0,publish
bybit_perp,BNXUSDT,20240715,3943,0.952752,0.912696,-2.521805,-1.609109,0.912696,-2.245146,-1.332449,0.923264,-2.442107,-1.518843,0.923264,-2.179604,-1.25634,7.213822,2.0,publish
bybit_perp,BNXUSDT,20240718,4071,0.968214,1.040255,-2.615269,-1.575014,1.040255,-3.052626,-2.012372,1.051681,-2.624126,-1.572445,1.051681,-3.026574,-1.974893,8.001797,2.0,publish
bybit_perp,BNXUSDT,20240721,3455,0.957221,0.850071,-2.72071,-1.870639,0.850071,-2.479982,-1.629912,0.862464,-2.72885,-1.866386,0.862464,-2.53548,-1.673016,5.887028,2.0,publish
bybit_perp,BNXUSDT,20240724,3026,0.972042,0.919509,-2.732241,-1.812732,0.919509,-2.587007,-1.667499,0.927953,-2.760932,-1.832979,0.927953,-2.587135,-1.659182,7.042106,2.0,publish
bybit_perp,BNXUSDT,20240727,5118,0.959613,0.895886,-2.959575,-2.063689,0.895886,-2.982299,-2.086412,0.906804,-2.964605,-2.057801,0.906804,-2.960182,-2.053378,7.293241,2.0,publish
bybit_perp,BNXUSDT,20240730,5777,0.978051,1.274926,-1.929559,-0.654633,1.274926,-1.987799,-0.712873,1.284296,-1.924033,-0.639738,1.284296,-1.955924,-0.671628,8.674322,2.0,publish
bybit_perp,BNXUSDT,20240802,3198,0.969074,0.805835,-2.630239,-1.824404,0.805835,-3.015153,-2.209318,0.811601,-2.605612,-1.794012,0.811601,-3.092051,-2.28045,6.801464,2.0,publish
bybit_perp,BNXUSDT,20240805,7721,0.989108,2.099075,-4.15843,-2.059355,2.099075,-4.215862,-2.116788,2.094487,-4.02289,-1.928403,2.094487,-3.954546,-1.860059,19.844429,2.0,publish
bybit_perp,BNXUSDT,20240808,3796,0.954268,0.900954,-2.649299,-1.748345,0.900954,-3.143443,-2.242489,0.918447,-2.620498,-1.702052,0.918447,-3.113578,-2.195132,8.050392,2.0,publish
bybit_perp,BNXUSDT,20240811,3088,0.939896,0.676147,-2.723497,-2.04735,0.676147,-2.382456,-1.706308,0.682615,-2.741004,-2.058389,0.682615,-2.334665,-1.65205,5.158912,2.0,publish
bybit_perp,BNXUSDT,20240814,2596,0.945878,0.611314,-2.209763,-1.598449,0.611314,-2.410273,-1.798959,0.618873,-2.201129,-1.582256,0.618873,-2.416679,-1.797806,4.436126,2.0,publish
bybit_perp,BNXUSDT,20240817,3889,0.968244,0.821989,-2.424463,-1.602474,0.821989,-2.158848,-1.336859,0.828851,-2.413902,-1.585051,0.828851,-2.1582,-1.329349,5.414979,2.0,publish
bybit_perp,BNXUSDT,20240820,3477,0.975381,1.019055,-2.275649,-1.256594,1.019055,-1.904731,-0.885676,1.026219,-2.319116,-1.292897,1.026219,-1.958891,-0.932672,6.841792,2.0,publish
bybit_perp,BNXUSDT,20240823,2004,0.958583,0.823365,-2.302202,-1.478837,0.823365,-2.302114,-1.478749,0.831977,-2.276839,-1.444862,0.831977,-2.339537,-1.50756,5.185856,2.0,publish
bybit_perp,BNXUSDT,20240826,1655,0.97432,0.754539,-2.440338,-1.685799,0.754539,-2.308991,-1.554452,0.757927,-2.429078,-1.671151,0.757927,-2.260431,-1.502503,4.627443,2.0,publish
bybit_perp,BNXUSDT,20240829,1415,0.953286,0.960458,-2.657789,-1.697331,0.960458,-2.901755,-1.941298,0.977378,-2.644161,-1.666783,0.977378,-2.920948,-1.94357,6.042115,2.0,publish
bybit_perp,BNXUSDT,20240901,2006,0.95344,0.955859,-3.020136,-2.064276,0.955859,-2.282727,-1.326868,0.972911,-2.979283,-2.006372,0.972911,-2.188014,-1.215103,6.602091,2.0,publish
bybit_perp,BNXUSDT,20240904,1684,0.928563,0.856121,-3.036706,-2.180585,0.856121,-3.201758,-2.345637,0.87223,-3.075136,-2.202906,0.87223,-3.320971,-2.448742,4.36722,2.0,publish
bybit_perp,BNXUSDT,20240907,3745,0.979706,1.280693,-2.182989,-0.902296,1.280693,-0.979819,0.300874,1.289207,-2.187222,-0.898015,1.289207,-0.999478,0.289729,10.516081,2.0,publish
bybit_perp,BNXUSDT,20240910,2076,0.966185,0.850301,-2.451847,-1.601546,0.850301,-2.866622,-2.016321,0.853974,-2.48399,-1.630017,0.853974,-2.842657,-1.988683,4.612258,2.0,publish
bybit_perp,BNXUSDT,20240913,4252,0.98095,1.078168,-2.437659,-1.359491,1.078168,-2.467324,-1.389156,1.082514,-2.43064,-1.348126,1.082514,-2.452634,-1.37012,8.554608,2.0,publish
bybit_perp,BNXUSDT,20240916,1939,0.958277,0.641748,-2.458772,-1.817023,0.641748,-3.297134,-2.655385,0.645432,-2.427192,-1.78176,0.645432,-3.295725,-2.650293,4.03543,2.0,publish
bybit_perp,BNXUSDT,20240919,1751,0.958881,0.802957,-2.235983,-1.433025,0.802957,-2.203799,-1.400841,0.808227,-2.230522,-1.422295,0.808227,-2.215323,-1.407096,4.020041,2.0,publish
bybit_perp,BNXUSDT,20240922,2621,0.960168,0.987188,-2.565683,-1.578495,0.987188,-1.95011,-0.962922,0.995525,-2.533152,-1.537627,0.995525,-1.957182,-0.961657,5.573616,2.0,publish
bybit_perp,BNXUSDT,20240925,2427,0.97021,0.882785,-1.689482,-0.806697,0.882785,-1.515769,-0.632985,0.887069,-1.695416,-0.808347,0.887069,-1.583939,-0.69687,4.22216,2.0,publish
bybit_perp,BNXUSDT,20240928,2552,0.986168,0.959173,-1.762978,-0.803805,0.959173,-2.00145,-1.042278,0.96131,-1.789608,-0.828298,0.96131,-1.999544,-1.038233,5.169498,2.0,publish
bybit_perp,BNXUSDT,20241001,3587,0.988068,1.358441,-3.679014,-2.320573,1.358441,-2.448689,-1.090248,1.360098,-3.685105,-2.325007,1.360098,-2.374592,-1.014493,9.047569,2.0,publish
bybit_perp,BNXUSDT,20241004,3191,0.9911,1.327423,-2.760437,-1.433014,1.327423,-3.108975,-1.781552,1.329353,-2.769498,-1.440144,1.329353,-3.125256,-1.795903,8.201395,2.0,publish
bybit_perp,BNXUSDT,20241007,3439,0.990986,1.605854,-2.560223,-0.954369,1.605854,-2.874684,-1.26883,1.609106,-2.572254,-0.963148,1.609106,-2.899863,-1.290757,10.159388,2.0,publish
bybit_perp,BNXUSDT,20241010,2955,0.989306,1.333561,-3.234491,-1.90093,1.333561,-3.328783,-1.995222,1.33078,-3.232322,-1.901542,1.33078,-3.306571,-1.975792,6.517949,2.0,publish
bybit_perp,BNXUSDT,20241013,2582,0.988381,1.524673,-2.817822,-1.293149,1.524673,-3.091294,-1.56662,1.525771,-2.844983,-1.319212,1.525771,-3.105072,-1.579301,5.692648,2.0,publish
bybit_perp,BNXUSDT,20241016,2649,0.989392,1.775587,-2.429812,-0.654225,1.775587,-1.890472,-0.114885,1.780314,-2.444261,-0.663947,1.780314,-1.750741,0.029573,9.577503,2.0,publish
bybit_perp,BNXUSDT,20241019,2770,0.988051,1.582546,-2.589599,-1.007053,1.582546,-2.597215,-1.01467,1.585579,-2.566873,-0.981294,1.585579,-2.599683,-1.014105,6.977408,2.0,publish
bybit_perp,BNXUSDT,20241022,3041,0.989576,1.411286,-3.274914,-1.863627,1.411286,-3.549552,-2.138266,1.414348,-3.279326,-1.864977,1.414348,-3.550573,-2.136224,6.357432,2.0,publish
bybit_perp,BNXUSDT,20241025,3004,0.986218,1.674955,-5.021401,-3.346446,1.674955,-6.465511,-4.790556,1.682245,-5.02755,-3.345305,1.682245,-6.476389,-4.794144,8.825884,2.0,publish
bybit_perp,BNXUSDT,20241028,2273,0.983018,1.267271,-3.014171,-1.7469,1.267271,-2.606813,-1.339542,1.270271,-3.009678,-1.739408,1.270271,-2.60823,-1.33796,5.894004,2.0,publish
bybit_perp,BNXUSDT,20241031,1784,0.980774,1.592427,-2.816625,-1.224198,1.592427,-2.902839,-1.310412,1.60033,-2.783845,-1.183514,1.60033,-2.864469,-1.264138,5.709114,2.0,publish
bybit_perp,BNXUSDT,20241103,2098,0.974643,2.04164,-2.816375,-0.774735,2.04164,-4.060372,-2.018732,2.044746,-2.793809,-0.749063,2.044746,-4.074186,-2.02944,7.860953,2.0,publish
bybit_perp,BNXUSDT,20241106,1498,0.991856,2.134152,-3.052406,-0.918255,2.134152,-3.119106,-0.984954,2.136468,-3.054817,-0.91835,2.136468,-3.14749,-1.011022,6.230195,2.0,publish
bybit_perp,BNXUSDT,20241109,1540,0.993182,2.135625,-3.265376,-1.12975,2.135625,-2.064944,0.070681,2.136844,-3.259242,-1.122398,2.136844,-2.080537,0.056307,7.673156,2.0,publish
bybit_perp,BNXUSDT,20241112,3425,0.989285,2.755631,-5.060427,-2.304795,2.755631,-11.000543,-8.244912,2.759387,-5.060243,-2.300856,2.759387,-11.051008,-8.291621,11.644806,2.0,publish
bybit_perp,BNXUSDT,20241115,1469,0.988155,1.828156,-3.483797,-1.655642,1.828156,-3.560854,-1.732698,1.831783,-3.474692,-1.642909,1.831783,-3.540589,-1.708806,5.953568,2.0,publish
bybit_perp,BNXUSDT,20241118,1273,0.984918,2.125369,-3.313827,-1.188458,2.125369,-3.957605,-1.832237,2.126772,-3.307546,-1.180773,2.126772,-3.88384,-1.757067,5.755139,2.0,publish
bybit_perp,BNXUSDT,20241121,1317,0.987699,1.918472,-3.216662,-1.29819,1.918472,-3.354569,-1.436097,1.92264,-3.239207,-1.316567,1.92264,-3.405369,-1.482728,6.308321,2.0,publish
bybit_perp,BNXUSDT,20241124,1665,0.986486,2.691483,-4.578194,-1.886711,2.691483,-4.905026,-2.213543,2.699725,-4.596242,-1.896516,2.699725,-4.959867,-2.260141,9.506723,2.0,publish
bybit_perp,BNXUSDT,20241127,1638,0.98138,2.065977,-3.666968,-1.600991,2.065977,-3.807566,-1.741589,2.073411,-3.658145,-1.584734,2.073411,-3.716526,-1.643114,6.924335,2.0,publish
bybit_perp,BNXUSDT,20241130,1446,0.965975,1.742029,-3.309006,-1.566976,1.742029,-3.288682,-1.546653,1.756014,-3.287631,-1.531616,1.756014,-3.314323,-1.558309,5.334665,2.0,publish
bybit_perp,BNXUSDT,20241203,3135,0.9837,2.497501,-3.77316,-1.27566,2.497501,-2.092205,0.405296,2.505359,-3.766456,-1.261097,2.505359,-1.959478,0.545881,10.524678,2.0,publish
bybit_perp,BNXUSDT,20241206,1384,0.969725,2.416631,-4.088162,-1.671531,2.416631,-4.230309,-1.813678,2.422135,-4.063764,-1.641629,2.422135,-4.137474,-1.715339,7.172033,2.0,publish
bybit_perp,BNXUSDT,20241209,2416,0.978477,4.656995,-7.13669,-2.479695,4.656995,-3.869255,0.78774,4.653503,-6.737952,-2.084449,4.653503,-3.85269,0.800813,17.922391,2.0,publish
bybit_perp,BNXUSDT,20241212,1533,0.96758,2.786694,-4.350287,-1.563593,2.786694,-3.915176,-1.128482,2.799104,-4.348479,-1.549375,2.799104,-3.878002,-1.078898,6.604096,2.0,publish
bybit_perp,BNXUSDT,20241215,1108,0.950181,2.429133,-4.736244,-2.307111,2.429133,-6.216725,-3.787593,2.439867,-4.730376,-2.290509,2.439867,-6.240866,-3.800999,4.420905,2.0,publish
bybit_perp,BNXUSDT,20241218,1548,0.972933,3.566493,-6.141192,-2.574699,3.566493,-7.95317,-4.386677,3.595555,-6.080012,-2.484457,3.595555,-8.05482,-4.459265,8.735958,2.0,publish
bybit_perp,BNXUSDT,20241221,1154,0.965251,2.540052,-4.32915,-1.789098,2.540052,-3.926546,-1.386494,2.561534,-4.177851,-1.616318,2.561534,-3.660658,-1.099125,7.493076,2.0,publish
bybit_perp,BNXUSDT,20241224,1072,0.965392,1.877736,-3.844487,-1.966751,1.877736,-3.942336,-2.064599,1.880559,-3.820371,-1.939812,1.880559,-3.866309,-1.98575,4.376001,2.0,publish
bybit_perp,BNXUSDT,20241227,905,0.965525,2.318447,-4.242445,-1.923999,2.318447,-4.115439,-1.796992,2.320576,-4.20794,-1.887365,2.320576,-4.105722,-1.785147,4.743139,2.0,publish
bybit_perp,BNXUSDT,20241230,992,0.971774,2.03596,-3.812595,-1.776635,2.03596,-3.430373,-1.394413,2.04966,-3.828684,-1.779025,2.04966,-3.394549,-1.344889,4.981123,2.0,publish
bybit_perp,BNXUSDT,20250102,981,0.96106,1.605815,-3.731887,-2.126073,1.605815,-3.203376,-1.597561,1.61424,-3.699571,-2.085331,1.61424,-3.115037,-1.500797,4.167484,2.0,publish
bybit_perp,BNXUSDT,20250105,859,0.957043,1.716831,-3.849005,-2.132174,1.716831,-4.080036,-2.363205,1.72653,-3.854991,-2.128462,1.72653,-4.056427,-2.329898,3.655275,2.0,publish
bybit_perp,BNXUSDT,20250108,1429,0.959412,2.213863,-4.61957,-2.405707,2.213863,-5.064068,-2.850205,2.228185,-4.592456,-2.364271,2.228185,-5.02934,-2.801155,6.238838,2.0,publish
bybit_perp,BNXUSDT,20250111,919,0.964091,1.577942,-3.387921,-1.809978,1.577942,-3.616949,-2.039006,1.583829,-3.350039,-1.76621,1.583829,-3.499999,-1.916169,2.861724,2.0,publish
bybit_perp,BNXUSDT,20250114,624,0.974519,1.803713,-5.737297,-3.933584,1.803713,-7.266462,-5.462749,1.807318,-5.758691,-3.951373,1.807318,-7.331206,-5.523888,4.324606,2.0,publish
bybit_perp,BNXUSDT,20250117,1153,0.963747,1.791791,-4.25122,-2.459429,1.791791,-3.592029,-1.800239,1.794332,-4.212251,-2.417919,1.794332,-3.513505,-1.719173,4.914967,2.0,publish
bybit_perp,BNXUSDT,20250120,1697,0.970713,3.999442,-6.593059,-2.593617,3.999442,-6.797834,-2.798392,4.037913,-6.63548,-2.597566,4.037913,-6.882994,-2.84508,11.244971,2.0,publish
bybit_perp,BNXUSDT,20250123,926,0.957775,2.465621,-5.545527,-3.079906,2.465621,-5.86181,-3.396189,2.482289,-5.380836,-2.898547,2.482289,-5.521582,-3.039293,6.456336,2.0,publish
bybit_perp,BNXUSDT,20250126,464,0.962931,1.984927,-5.040711,-3.055783,1.984927,-6.04938,-4.064452,1.99259,-4.990908,-2.998318,1.99259,-5.985622,-3.993032,3.823303,2.0,publish
bybit_perp,BNXUSDT,20250129,820,0.947439,2.556994,-6.725331,-4.168338,2.556994,-7.078964,-4.521971,2.578331,-6.657286,-4.078954,2.578331,-6.869088,-4.290757,6.84204,2.0,publish
bybit_perp,BNXUSDT,20250201,649,0.972111,2.325596,-6.390041,-4.064445,2.325596,-7.108071,-4.782475,2.330299,-6.405658,-4.07536,2.330299,-7.141352,-4.811053,5.343946,2.0,publish
bybit_perp,BNXUSDT,20250204,895,0.941564,3.529183,-8.506429,-4.977246,3.529183,-7.356573,-3.827389,3.562791,-8.338167,-4.775376,3.562791,-7.021334,-3.458543,9.869302,2.0,publish
bybit_perp,BNXUSDT,20250207,641,0.95819,3.271542,-8.343588,-5.072046,3.271542,-9.837618,-6.566076,3.285292,-8.06818,-4.782888,3.285292,-9.642407,-6.357115,7.586441,2.0,publish
bybit_perp,BNXUSDT,20250210,50015,0.992688,1.111051,-2.644881,-1.53383,1.111051,-1.766859,-0.655808,1.109394,-2.679157,-1.569763,1.109394,-1.815481,-0.706087,29.678405,2.0,publish
bybit_perp,BNXUSDT,20250213,24219,0.990099,0.626623,-2.693083,-2.06646,0.626623,-2.683287,-2.056664,0.626451,-2.698448,-2.071997,0.626451,-2.691315,-2.064863,14.725044,2.0,publish
bybit_perp,BNXUSDT,20250216,9927,0.968702,0.552005,-2.308116,-1.756111,0.552005,-2.584777,-2.032772,0.552078,-2.306688,-1.75461,0.552078,-2.535225,-1.983147,8.207796,2.0,publish
bybit_perp,BNXUSDT,20250219,7922,0.984511,0.589593,-2.677361,-2.087768,0.589593,-2.204104,-1.61451,0.589528,-2.652611,-2.063083,0.589528,-2.180575,-1.591047,8.842202,2.0,publish
bybit_perp,BNXUSDT,20250222,4360,0.985917,0.613357,-3.439267,-2.82591,0.613357,-4.665045,-4.051688,0.613106,-3.456238,-2.843132,0.613106,-4.636574,-4.023468,10.461042,2.0,publish
bybit_perp,BNXUSDT,20250225,11481,0.989478,0.552517,-3.832004,-3.279487,0.552517,-3.758517,-3.206001,0.552338,-3.811144,-3.258805,0.552338,-3.732198,-3.179859,12.977812,2.0,publish
bybit_perp,BNXUSDT,20250228,14394,0.987175,0.496948,-3.112191,-2.615243,0.496948,-3.377778,-2.88083,0.497242,-3.113144,-2.615902,0.497242,-3.345548,-2.848306,12.906938,2.0,publish
bybit_perp,BNXUSDT,20250303,10248,0.986671,0.602362,-3.852445,-3.250083,0.602362,-3.337433,-2.73507,0.602759,-3.850606,-3.247847,0.602759,-3.273021,-2.670262,12.447664,2.0,publish
bybit_perp,BNXUSDT,20250306,4741,0.989285,0.808678,-3.783305,-2.974627,0.808678,-4.151736,-3.343058,0.808969,-3.7665,-2.957531,0.808969,-4.152811,-3.343841,10.432322,2.0,publish
bybit_perp,BNXUSDT,20250309,9341,0.983621,0.567648,-3.14434,-2.576692,0.567648,-3.342874,-2.775226,0.566238,-3.149262,-2.583024,0.566238,-3.333565,-2.767327,10.665199,2.0,publish
bybit_perp,BNXUSDT,20250312,7626,0.987464,0.716971,-3.168464,-2.451493,0.716971,-3.076583,-2.359613,0.717958,-3.158306,-2.440348,0.717958,-3.050561,-2.332603,10.579296,2.0,publish
bybit_perp,BNXUSDT,20250315,9442,0.980375,0.667692,-2.797049,-2.129357,0.667692,-3.387124,-2.719432,0.669319,-2.772847,-2.103528,0.669319,-3.387971,-2.718652,10.315827,2.0,publish
bybit_perp,EOSUSDT,20230401,72,1.0,4.322721,-3.568447,0.754274,4.322721,-4.791813,-0.469092,4.322721,-3.568447,0.754274,4.322721,-4.791813,-0.469092,2.70208,2.0,publish
bybit_perp,EOSUSDT,20230404,60,1.0,4.287592,-4.411445,-0.123853,4.287592,-3.087337,1.200256,4.287592,-4.411445,-0.123853,4.287592,-3.087337,1.200256,3.164655,2.0,publish
bybit_perp,EOSUSDT,20230407,99,1.0,4.235822,-3.813036,0.422786,4.235822,-4.028573,0.207249,4.235822,-3.813036,0.422786,4.235822,-4.028573,0.207249,2.669592,2.0,publish
bybit_perp,EOSUSDT,20230410,92,0.891304,4.116565,-2.950315,1.16625,4.116565,2.762935,6.8795,4.116147,-4.112662,0.003485,4.116147,-0.413817,3.70233,2.704589,2.0,publish
bybit_perp,EOSUSDT,20230413,138,0.957246,4.050823,-6.090437,-2.039614,4.050823,-4.210191,-0.159367,4.052488,-6.125712,-2.073225,4.052488,-3.995966,0.056521,3.632959,2.0,publish
bybit_perp,EOSUSDT,20230416,86,0.976744,4.034543,-4.413678,-0.379135,4.034543,-4.778877,-0.744334,4.034129,-4.228991,-0.194862,4.034129,-4.79513,-0.761001,2.710443,2.0,publish
bybit_perp,EOSUSDT,20230419,576,0.990972,4.776883,-9.380526,-4.603644,4.776883,-11.587221,-6.810338,4.778817,-9.493266,-4.714449,4.778817,-11.513501,-6.734684,5.890664,2.0,publish
bybit_perp,EOSUSDT,20230422,37,0.972973,4.722704,-5.359388,-0.636684,4.722704,-1.783395,2.93931,4.723784,-5.248047,-0.524263,4.723784,-2.093147,2.630637,2.402761,2.0,publish
bybit_perp,EOSUSDT,20230425,69,0.652174,4.826552,-4.833503,-0.006951,4.826552,-6.09092,-1.264368,4.817656,-5.376132,-0.558476,4.817656,-5.252389,-0.434733,3.238485,2.0,publish
bybit_perp,EOSUSDT,20230428,42,0.904762,4.856573,-5.566257,-0.709684,4.856573,-6.733332,-1.87676,4.856801,-5.895565,-1.038763,4.856801,-7.18549,-2.328688,3.102398,2.0,publish
bybit_perp,EOSUSDT,20230501,57,0.964912,4.948584,-8.184907,-3.236323,4.948584,-7.578165,-2.629582,4.948504,-7.956582,-3.008078,4.948504,-7.128276,-2.179772,3.583969,2.0,publish
bybit_perp,EOSUSDT,20230504,19,1.0,4.938022,-4.666618,0.271404,4.938022,-6.733458,-1.795436,4.938022,-4.666618,0.271404,4.938022,-6.733458,-1.795436,2.465235,2.0,publish
bybit_perp,EOSUSDT,20230507,20,1.0,5.103595,-4.577064,0.526531,5.103595,-1.492056,3.611539,5.103595,-4.577064,0.526531,5.103595,-1.492056,3.611539,2.964533,2.0,publish
bybit_perp,EOSUSDT,20230510,133,0.996241,5.606916,-13.360472,-7.753555,5.606916,-13.238301,-7.631385,5.607238,-13.660933,-8.053695,5.607238,-13.538301,-7.931064,5.248995,2.0,publish
bybit_perp,EOSUSDT,20230513,13,1.0,5.739799,-7.055168,-1.315369,5.739799,-5.288832,0.450967,5.739799,-7.055168,-1.315369,5.739799,-5.288832,0.450967,2.728742,2.0,publish
bybit_perp,EOSUSDT,20230516,20,1.0,5.630136,-10.708185,-5.078049,5.630136,-14.670024,-9.039888,5.630136,-10.708185,-5.078049,5.630136,-14.670024,-9.039888,3.167104,2.0,publish
bybit_perp,EOSUSDT,20230519,28,1.0,5.659427,-7.682432,-2.023005,5.659427,-7.68287,-2.023443,5.659427,-7.682432,-2.023005,5.659427,-7.68287,-2.023443,2.979825,2.0,publish
bybit_perp,EOSUSDT,20230522,15,1.0,5.860632,-9.406639,-3.546007,5.860632,-6.290461,-0.429829,5.860632,-9.406639,-3.546007,5.860632,-6.290461,-0.429829,2.974981,2.0,publish
bybit_perp,EOSUSDT,20230525,26,1.0,5.997648,-8.300734,-2.303087,5.997648,-7.343382,-1.345735,5.997648,-8.300734,-2.303087,5.997648,-7.343382,-1.345735,2.820385,2.0,publish
bybit_perp,EOSUSDT,20230528,71,1.0,5.49665,-9.428015,-3.931366,5.49665,-10.570096,-5.073447,5.49665,-9.428015,-3.931366,5.49665,-10.570096,-5.073447,4.232269,2.0,publish
bybit_perp,EOSUSDT,20230531,24,1.0,6.362575,-4.920102,1.442473,6.362575,-3.058761,3.303814,6.362575,-4.920102,1.442473,6.362575,-3.058761,3.303814,3.341444,2.0,publish
bybit_perp,EOSUSDT,20230603,13,1.0,5.496654,-4.228889,1.267766,5.496654,-3.381266,2.115389,5.496654,-4.228889,1.267766,5.496654,-3.381266,2.115389,1.922237,2.0,publish
bybit_perp,EOSUSDT,20230606,49,1.0,5.785366,-5.092745,0.692621,5.785366,-4.994261,0.791105,5.785366,-5.092745,0.692621,5.785366,-4.994261,0.791105,3.928029,2.0,publish
bybit_perp,EOSUSDT,20230609,129,1.0,5.641902,-5.681341,-0.039439,5.641902,-6.209634,-0.567732,5.641902,-5.681341,-0.039439,5.641902,-6.209634,-0.567732,2.941278,2.0,publish
bybit_perp,EOSUSDT,20230612,236,0.996186,7.488089,-8.71323,-1.225141,7.488089,-5.705385,1.782703,7.48825,-8.746585,-1.258336,7.48825,-5.841245,1.647005,5.269202,2.0,publish
bybit_perp,EOSUSDT,20230615,214,0.958879,7.86853,-10.839651,-2.97112,7.86853,-9.700628,-1.832098,7.869126,-10.706903,-2.837777,7.869126,-9.36421,-1.495083,4.913597,2.0,publish
bybit_perp,EOSUSDT,20230618,97,0.979381,8.0237,-8.921309,-0.897609,8.0237,-8.754624,-0.730923,8.025662,-8.775209,-0.749547,8.025662,-8.94105,-0.915388,4.126314,2.0,publish
bybit_perp,EOSUSDT,20230621,151,0.993377,7.52129,-9.485342,-1.964052,7.52129,-10.054884,-2.533595,7.521718,-9.449149,-1.927431,7.521718,-10.022489,-2.500771,6.344551,2.0,publish
bybit_perp,EOSUSDT,20230624,277,1.0,7.174866,-7.538264,-0.363399,7.174866,-9.902859,-2.727993,7.174866,-7.538264,-0.363399,7.174866,-9.902859,-2.727993,6.567785,2.0,publish
bybit_perp,EOSUSDT,20230627,232,0.978448,6.958976,-7.987893,-1.028916,6.958976,-6.84753,0.111446,6.959146,-7.833531,-0.874385,6.959146,-6.692986,0.26616,4.550702,2.0,publish
bybit_perp,EOSUSDT,20230630,1136,0.970775,7.10754,-9.116826,-2.009286,7.10754,-5.13902,1.96852,7.085904,-9.150291,-2.064387,7.085904,-5.615682,1.470221,10.263503,2.0,publish
bybit_perp,EOSUSDT,20230703,208,0.985577,6.555626,-6.111859,0.443767,6.555626,-4.600121,1.955505,6.555893,-6.201301,0.354592,6.555893,-4.731414,1.824478,4.65782,2.0,publish
bybit_perp,EOSUSDT,20230706,148,0.986486,6.912605,-8.259119,-1.346514,6.912605,-11.780724,-4.868118,6.912708,-8.279887,-1.367179,6.912708,-11.660551,-4.747843,6.156206,2.0,publish
bybit_perp,EOSUSDT,20230709,113,1.0,6.805647,-9.15251,-2.346863,6.805647,-11.598043,-4.792396,6.805647,-9.15251,-2.346863,6.805647,-11.598043,-4.792396,4.591492,2.0,publish
bybit_perp,EOSUSDT,20230712,149,0.993289,6.90823,-9.417298,-2.509069,6.90823,-11.085348,-4.177118,6.909036,-9.389187,-2.480151,6.909036,-11.068508,-4.159472,4.486452,2.0,publish
bybit_perp,EOSUSDT,20230715,127,1.0,6.452685,-10.57719,-4.124506,6.452685,-10.051033,-3.598348,6.452685,-10.57719,-4.124506,6.452685,-10.051033,-3.598348,5.199425,2.0,publish
bybit_perp,EOSUSDT,20230718,117,1.0,6.613676,-8.950782,-2.337107,6.613676,-7.225051,-0.611375,6.613676,-8.950782,-2.337107,6.613676,-7.225051,-0.611375,5.14678,2.0,publish
bybit_perp,EOSUSDT,20230721,158,1.0,6.435628,-9.819123,-3.383495,6.435628,-7.897203,-1.461575,6.435628,-9.819123,-3.383495,6.435628,-7.897203,-1.461575,5.047949,2.0,publish
bybit_perp,EOSUSDT,20230724,207,1.0,6.708765,-6.085195,0.62357,6.708765,-1.486271,5.222494,6.708765,-6.085195,0.62357,6.708765,-1.486271,5.222494,5.549488,2.0,publish
bybit_perp,EOSUSDT,20230727,82,1.0,6.748202,-9.877653,-3.129451,6.748202,-8.719934,-1.971732,6.748202,-9.877653,-3.129451,6.748202,-8.719934,-1.971732,3.219126,2.0,publish
bybit_perp,EOSUSDT,20230730,200,0.9955,6.7296,-7.545048,-0.815448,6.7296,-7.996154,-1.266554,6.729249,-7.332982,-0.603733,6.729249,-7.601498,-0.872249,4.220413,2.0,publish
bybit_perp,EOSUSDT,20230802,127,1.0,6.796128,-8.707014,-1.910886,6.796128,-5.976913,0.819215,6.796128,-8.707014,-1.910886,6.796128,-5.976913,0.819215,3.963636,2.0,publish
bybit_perp,EOSUSDT,20230805,27,1.0,6.931453,-9.241363,-2.30991,6.931453,-8.214599,-1.283145,6.931453,-9.241363,-2.30991,6.931453,-8.214599,-1.283145,2.835462,2.0,publish
bybit_perp,EOSUSDT,20230808,73,1.0,6.932136,-10.458947,-3.526811,6.932136,-10.261503,-3.329367,6.932136,-10.458947,-3.526811,6.932136,-10.261503,-3.329367,3.30431,2.0,publish
bybit_perp,EOSUSDT,20230811,48,1.0,7.000441,-8.454262,-1.453821,7.000441,-7.575015,-0.574573,7.000441,-8.454262,-1.453821,7.000441,-7.575015,-0.574573,2.149775,2.0,publish
bybit_perp,EOSUSDT,20230814,74,1.0,6.95602,-8.55278,-1.59676,6.95602,-7.898956,-0.942936,6.95602,-8.55278,-1.59676,6.95602,-7.898956,-0.942936,2.458845,2.0,publish
bybit_perp,EOSUSDT,20230817,621,0.997262,8.882114,-16.317972,-7.435858,8.882114,-26.577191,-17.695077,8.882354,-16.230019,-7.347665,8.882354,-26.031134,-17.14878,10.543037,2.0,publish
bybit_perp,EOSUSDT,20230820,67,1.0,8.555271,-11.493783,-2.938512,8.555271,-10.721662,-2.166391,8.555271,-11.493783,-2.938512,8.555271,-10.721662,-2.166391,3.901751,2.0,publish
bybit_perp,EOSUSDT,20230823,136,0.992647,8.539738,-12.065178,-3.52544,8.539738,-10.805824,-2.266086,8.539084,-12.15455,-3.615466,8.539084,-10.885868,-2.346784,4.473184,2.0,publish
bybit_perp,EOSUSDT,20230826,31,0.967742,8.554901,-12.149282,-3.594381,8.554901,-12.149282,-3.594381,8.553449,-12.554258,-4.000809,8.553449,-12.554258,-4.000809,2.590631,2.0,publish
bybit_perp,EOSUSDT,20230829,234,0.995726,8.278781,-8.651647,-0.372866,8.278781,-10.188263,-1.909482,8.278276,-8.688778,-0.410502,8.278276,-10.520274,-2.241998,5.22532,2.0,publish
bybit_perp,EOSUSDT,20230901,44,1.0,8.573051,-9.74022,-1.16717,8.573051,-7.418059,1.154992,8.573051,-9.74022,-1.16717,8.573051,-7.418059,1.154992,4.362713,2.0,publish
bybit_perp,EOSUSDT,20230904,32,1.0,8.614966,-11.850463,-3.235497,8.614966,-12.415859,-3.800893,8.614966,-11.850463,-3.235497,8.614966,-12.415859,-3.800893,4.127226,2.0,publish
bybit_perp,EOSUSDT,20230907,63,0.984127,8.600591,-10.385579,-1.784988,8.600591,-8.196992,0.403599,8.601337,-10.277143,-1.675805,8.601337,-8.053256,0.548082,3.236274,2.0,publish
bybit_perp,EOSUSDT,20230910,140,1.0,9.199169,-46.806723,-37.607554,9.199169,-48.581275,-39.382106,9.199169,-46.806723,-37.607554,9.199169,-48.581275,-39.382106,7.850614,2.0,publish
bybit_perp,EOSUSDT,20230913,160,0.99375,9.245593,-2.72133,6.524263,9.245593,1.079662,10.325254,9.246304,-2.738445,6.507859,9.246304,1.086452,10.332756,5.828672,2.0,publish
bybit_perp,EOSUSDT,20230916,35,1.0,8.680897,-9.422592,-0.741695,8.680897,-8.926123,-0.245226,8.680897,-9.422592,-0.741695,8.680897,-8.926123,-0.245226,2.952984,2.0,publish
bybit_perp,EOSUSDT,20230919,35,1.0,8.622292,-11.338273,-2.715981,8.622292,-9.85739,-1.235098,8.622292,-11.338273,-2.715981,8.622292,-9.85739,-1.235098,3.612478,2.0,publish
bybit_perp,EOSUSDT,20230922,35,1.0,8.698207,-11.936086,-3.237879,8.698207,-7.954854,0.743352,8.698207,-11.936086,-3.237879,8.698207,-7.954854,0.743352,3.236218,2.0,publish
bybit_perp,EOSUSDT,20230925,101,1.0,8.791631,-11.318599,-2.526968,8.791631,-10.798857,-2.007226,8.791631,-11.318599,-2.526968,8.791631,-10.798857,-2.007226,3.531251,2.0,publish
bybit_perp,EOSUSDT,20230928,84,1.0,8.788887,-11.619542,-2.830655,8.788887,-9.223635,-0.434748,8.788887,-11.619542,-2.830655,8.788887,-9.223635,-0.434748,4.015419,2.0,publish
bybit_perp,EOSUSDT,20231001,72,1.0,8.442087,-7.619108,0.822979,8.442087,-8.885157,-0.44307,8.442087,-7.619108,0.822979,8.442087,-8.885157,-0.44307,3.703981,2.0,publish
bybit_perp,EOSUSDT,20231004,174,0.994253,8.729363,-10.577506,-1.848143,8.729363,-10.948042,-2.218678,8.72925,-10.638648,-1.909398,8.72925,-10.505608,-1.776358,4.90427,2.0,publish
bybit_perp,EOSUSDT,20231007,125,0.992,8.731841,-10.614695,-1.882854,8.731841,-10.349136,-1.617294,8.732194,-10.700297,-1.968103,8.732194,-10.712858,-1.980664,3.374745,2.0,publish
bybit_perp,EOSUSDT,20231010,34,1.0,9.262557,-12.538334,-3.275777,9.262557,-12.524103,-3.261546,9.262557,-12.538334,-3.275777,9.262557,-12.524103,-3.261546,4.138717,2.0,publish
bybit_perp,EOSUSDT,20231013,33,1.0,9.216962,-13.412735,-4.195773,9.216962,-10.629986,-1.413024,9.216962,-13.412735,-4.195773,9.216962,-10.629986,-1.413024,3.670145,2.0,publish
bybit_perp,EOSUSDT,20231016,128,0.984375,8.915892,-7.437312,1.47858,8.915892,-8.830028,0.085864,8.91556,-7.983209,0.932351,8.91556,-8.691042,0.224518,4.487615,2.0,publish
bybit_perp,EOSUSDT,20231019,48,0.979167,9.424254,-13.965069,-4.540815,9.424254,-12.401576,-2.977322,9.425364,-14.262198,-4.836834,9.425364,-12.864845,-3.439481,4.032043,2.0,publish
bybit_perp,EOSUSDT,20231022,69,1.0,9.033656,-9.646076,-0.612419,9.033656,-11.232993,-2.199337,9.033656,-9.646076,-0.612419,9.033656,-11.232993,-2.199337,4.622305,2.0,publish
bybit_perp,EOSUSDT,20231025,849,0.956773,1.419517,-3.248272,-1.828755,1.419517,-2.383485,-0.963968,1.42866,-3.281665,-1.853005,1.42866,-2.486877,-1.058217,4.67121,2.0,publish
bybit_perp,EOSUSDT,20231028,1213,0.967766,0.858503,-3.110222,-2.25172,0.858503,-3.702109,-2.843606,0.858494,-3.120376,-2.261882,0.858494,-3.597198,-2.738704,3.503626,2.0,publish
bybit_perp,EOSUSDT,20231031,2147,0.981742,0.864502,-3.240449,-2.375948,0.864502,-4.314673,-3.450171,0.864601,-3.246369,-2.381768,0.864601,-4.351063,-3.486462,4.628663,2.0,publish
bybit_perp,EOSUSDT,20231103,2352,0.940009,0.842874,-3.160264,-2.317391,0.842874,-3.312495,-2.469622,0.845924,-3.106172,-2.260247,0.845924,-3.324021,-2.478097,4.204855,2.0,publish
bybit_perp,EOSUSDT,20231106,2555,0.952681,0.768358,-2.636242,-1.867885,0.768358,-2.475261,-1.706904,0.769102,-2.617926,-1.848824,0.769102,-2.449409,-1.680308,3.353431,2.0,publish
bybit_perp,EOSUSDT,20231109,4674,0.969555,1.050966,-3.117189,-2.066223,1.050966,-3.339453,-2.288488,1.058129,-3.122778,-2.064649,1.058129,-3.353923,-2.295794,7.047176,2.0,publish
bybit_perp,EOSUSDT,20231112,3082,0.940428,0.76773,-3.091307,-2.323576,0.76773,-2.493832,-1.726101,0.770023,-3.054354,-2.284331,0.770023,-2.500457,-1.730434,4.64609,2.0,publish
bybit_perp,EOSUSDT,20231115,3072,0.937793,0.789996,-2.621029,-1.831032,0.789996,-2.518607,-1.728611,0.792221,-2.600723,-1.808503,0.792221,-2.494555,-1.702335,3.783062,2.0,publish
bybit_perp,EOSUSDT,20231118,2570,0.950661,0.765461,-2.883841,-2.11838,0.765461,-3.010318,-2.244857,0.766741,-2.858843,-2.092102,0.766741,-2.945841,-2.1791,3.89379,2.0,publish
bybit_perp,EOSUSDT,20231121,4101,0.965423,0.917858,-2.769304,-1.851446,0.917858,-2.690294,-1.772436,0.922732,-2.788278,-1.865546,0.922732,-2.634501,-1.71177,5.859053,2.0,publish
bybit_perp,EOSUSDT,20231124,2064,0.938469,0.785083,-2.32981,-1.544727,0.785083,-2.291629,-1.506546,0.787689,-2.331165,-1.543476,0.787689,-2.278189,-1.4905,2.448042,2.0,publish
bybit_perp,EOSUSDT,20231127,2662,0.952216,0.781161,-2.788226,-2.007065,0.781161,-2.867311,-2.08615,0.781401,-2.765368,-1.983967,0.781401,-2.818799,-2.037398,3.397608,2.0,publish
bybit_perp,EOSUSDT,20231130,1447,0.946303,0.755745,-2.472002,-1.716257,0.755745,-2.651196,-1.895451,0.755704,-2.476702,-1.720998,0.755704,-2.68769,-1.931986,2.218749,2.0,publish
bybit_perp,EOSUSDT,20231203,1728,0.942303,0.749272,-2.182921,-1.433648,0.749272,-2.294882,-1.54561,0.748236,-2.168021,-1.419785,0.748236,-2.331165,-1.582929,2.079701,2.0,publish
bybit_perp,EOSUSDT,20231206,4389,0.94566,0.7616,-2.613043,-1.851443,0.7616,-2.869903,-2.108303,0.765168,-2.608595,-1.843427,0.765168,-2.863837,-2.098669,4.067828,2.0,publish
bybit_perp,EOSUSDT,20231209,6470,0.97456,0.849541,-2.640656,-1.791114,0.849541,-2.216326,-1.366785,0.852608,-2.670457,-1.817848,0.852608,-2.257219,-1.404611,6.546135,2.0,publish
bybit_perp,EOSUSDT,20231212,5395,0.951677,0.936501,-2.842023,-1.905523,0.936501,-2.665473,-1.728972,0.940447,-2.854083,-1.913636,0.940447,-2.764498,-1.824051,4.343839,2.0,publish
bybit_perp,EOSUSDT,20231215,4595,0.960609,0.858538,-2.857859,-1.999322,0.858538,-2.925426,-2.066888,0.861745,-2.823339,-1.961594,0.861745,-2.914502,-2.052757,4.04911,2.0,publish
bybit_perp,EOSUSDT,20231218,4515,0.953688,1.304258,-3.125151,-1.820893,1.304258,-3.08215,-1.777892,1.316402,-3.077446,-1.761043,1.316402,-2.858526,-1.542124,4.705288,2.0,publish
bybit_perp,EOSUSDT,20231221,4540,0.938568,0.760593,-2.590303,-1.82971,0.760593,-2.750372,-1.989779,0.76461,-2.569332,-1.804722,0.76461,-2.763938,-1.999328,3.787807,2.0,publish
bybit_perp,EOSUSDT,20231224,5709,0.947486,0.731839,-2.948633,-2.216794,0.731839,-2.832398,-2.100559,0.736052,-2.942515,-2.206463,0.736052,-2.804963,-2.068912,4.342762,2.0,publish
bybit_perp,EOSUSDT,20231227,6501,0.956807,0.700402,-2.583409,-1.883008,0.700402,-2.461155,-1.760753,0.70246,-2.587665,-1.885205,0.70246,-2.441939,-1.739479,4.794915,2.0,publish
bybit_perp,EOSUSDT,20231230,5048,0.950258,0.624683,-2.650526,-2.025843,0.624683,-2.62193,-1.997246,0.625507,-2.634544,-2.009037,0.625507,-2.602489,-1.976982,3.660705,2.0,publish
bybit_perp,EOSUSDT,20240102,5056,0.953402,0.61134,-2.147452,-1.536112,0.61134,-1.956583,-1.345243,0.611048,-2.163925,-1.552876,0.611048,-1.942445,-1.331397,3.274912,2.0,publish
bybit_perp,EOSUSDT,20240105,6862,0.963757,0.783278,-3.057988,-2.274711,0.783278,-2.901359,-2.118082,0.785894,-3.050514,-2.264619,0.785894,-2.844693,-2.058799,5.926228,2.0,publish
bybit_perp,EOSUSDT,20240108,8523,0.968661,0.791721,-2.73253,-1.940809,0.791721,-2.551138,-1.759417,0.792905,-2.736374,-1.94347,0.792905,-2.541938,-1.749033,5.685558,2.0,publish
bybit_perp,EOSUSDT,20240111,8359,0.979076,0.720245,-2.409815,-1.68957,0.720245,-2.716587,-1.996342,0.72131,-2.422818,-1.701507,0.72131,-2.690691,-1.96938,5.891744,2.0,publish
bybit_perp,EOSUSDT,20240114,4089,0.958327,0.692941,-2.558624,-1.865683,0.692941,-2.61661,-1.923669,0.692952,-2.560664,-1.867712,0.692952,-2.662404,-1.969452,3.567925,2.0,publish
bybit_perp,EOSUSDT,20240117,3852,0.954102,0.691178,-2.434261,-1.743083,0.691178,-2.120912,-1.429734,0.691527,-2.428005,-1.736477,0.691527,-2.115075,-1.423547,3.285436,2.0,publish
bybit_perp,EOSUSDT,20240120,3716,0.943515,0.743524,-2.18462,-1.441096,0.743524,-1.990488,-1.246964,0.745091,-2.189791,-1.444699,0.745091,-2.006957,-1.261866,2.746001,2.0,publish
bybit_perp,EOSUSDT,20240123,6342,0.956213,0.845006,-2.53042,-1.685414,0.845006,-2.854021,-2.009015,0.847997,-2.537895,-1.689899,0.847997,-2.8587,-2.010703,5.044953,2.0,publish
bybit_perp,EOSUSDT,20240126,3208,0.956141,0.7559,-2.115175,-1.359275,0.7559,-2.137891,-1.381992,0.756648,-2.091369,-1.334721,0.756648,-2.152608,-1.395959,2.615824,2.0,publish
bybit_perp,EOSUSDT,20240129,3374,0.92872,0.748817,-2.106886,-1.358069,0.748817,-2.356339,-1.607521,0.750373,-2.099762,-1.349389,0.750373,-2.300548,-1.550175,2.754814,2.0,publish
bybit_perp,EOSUSDT,20240201,3436,0.935914,0.764823,-2.181277,-1.416454,0.764823,-2.105095,-1.340272,0.765528,-2.145513,-1.379985,0.765528,-2.027204,-1.261676,3.228818,2.0,publish
bybit_perp,EOSUSDT,20240204,2846,0.908292,0.757579,-2.394632,-1.637053,0.757579,-2.416702,-1.659122,0.759092,-2.395835,-1.636743,0.759092,-2.470028,-1.710935,2.560209,2.0,publish
bybit_perp,EOSUSDT,20240207,2297,0.914062,0.726131,-1.721575,-0.995445,0.726131,-1.808898,-1.082767,0.727939,-1.721321,-0.993381,0.727939,-1.7849,-1.056961,2.240503,2.0,publish
bybit_perp,EOSUSDT,20240210,2169,0.919318,0.705565,-1.93944,-1.233875,0.705565,-1.953487,-1.247922,0.706977,-1.92697,-1.219992,0.706977,-1.882791,-1.175813,2.127872,2.0,publish
bybit_perp,EOSUSDT,20240213,3582,0.926801,0.724224,-1.755336,-1.031112,0.724224,-1.513147,-0.788924,0.727236,-1.691378,-0.964143,0.727236,-1.458096,-0.730861,3.081536,2.0,publish
bybit_perp,EOSUSDT,20240216,3481,0.90316,0.675938,-1.936014,-1.260076,0.675938,-1.797546,-1.121608,0.677248,-1.903882,-1.226634,0.677248,-1.804054,-1.126806,2.921294,2.0,publish
bybit_perp,EOSUSDT,20240219,3309,0.923874,0.658739,-1.817957,-1.159218,0.658739,-2.082652,-1.423913,0.659619,-1.846852,-1.187233,0.659619,-2.115179,-1.455559,2.850453,2.0,publish
bybit_perp,EOSUSDT,20240222,4874,0.916393,0.67796,-2.264753,-1.586792,0.67796,-2.545142,-1.867181,0.679568,-2.259717,-1.580149,0.679568,-2.528359,-1.848791,3.327581,2.0,publish
bybit_perp,EOSUSDT,20240225,3624,0.918157,0.66292,-2.152749,-1.48983,0.66292,-2.037799,-1.37488,0.664741,-2.142437,-1.477696,0.664741,-1.976708,-1.311967,2.730225,2.0,publish
bybit_perp,EOSUSDT,20240228,8382,0.962909,0.916795,-2.13223,-1.215435,0.916795,-1.076942,-0.160146,0.922764,-2.112902,-1.190138,0.922764,-0.928048,-0.005284,10.877631,2.0,publish
bybit_perp,EOSUSDT,20240302,11294,0.969736,0.700448,-2.247936,-1.547488,0.700448,-2.15227,-1.451822,0.702477,-2.22297,-1.520493,0.702477,-2.158459,-1.455981,8.750173,2.0,publish
bybit_perp,EOSUSDT,20240305,10525,0.973406,1.263263,-3.286312,-2.023049,1.263263,-3.833756,-2.570493,1.257646,-3.176863,-1.919217,1.257646,-3.890884,-2.633238,14.303862,2.0,publish
bybit_perp,EOSUSDT,20240308,9735,0.968824,0.656144,-2.139685,-1.483541,0.656144,-2.035915,-1.379771,0.657385,-2.157873,-1.500488,0.657385,-2.053982,-1.396597,8.367223,2.0,publish
bybit_perp,EOSUSDT,20240311,9034,0.945794,0.603857,-2.497507,-1.893649,0.603857,-2.323504,-1.719647,0.609988,-2.533115,-1.923126,0.609988,-2.364398,-1.75441,7.003761,2.0,publish
bybit_perp,EOSUSDT,20240314,7535,0.94008,0.566668,-2.235109,-1.668441,0.566668,-2.46661,-1.899942,0.571046,-2.2271,-1.656054,0.571046,-2.495889,-1.924843,6.679405,2.0,publish
bybit_perp,EOSUSDT,20240317,6442,0.945234,0.595778,-2.045387,-1.449609,0.595778,-1.860996,-1.265218,0.598348,-2.025531,-1.427183,0.598348,-1.822261,-1.223913,5.475861,2.0,publish
bybit_perp,EOSUSDT,20240320,7727,0.967271,0.711399,-2.293826,-1.582428,0.711399,-2.192536,-1.481138,0.714423,-2.314656,-1.600233,0.714423,-2.229097,-1.514674,7.409681,2.0,publish
bybit_perp,EOSUSDT,20240323,4865,0.927318,0.591132,-2.121209,-1.530077,0.591132,-1.954261,-1.363129,0.594228,-2.110827,-1.516599,0.594228,-1.950116,-1.355888,4.56828,2.0,publish
bybit_perp,EOSUSDT,20240326,4735,0.929419,0.549254,-2.186802,-1.637548,0.549254,-2.091405,-1.542151,0.552691,-2.181051,-1.62836,0.552691,-2.072623,-1.519931,4.20344,2.0,publish
bybit_perp,EOSUSDT,20240329,4947,0.925996,0.613825,-2.5565,-1.942675,0.613825,-2.512531,-1.898706,0.620685,-2.498497,-1.877812,0.620685,-2.415293,-1.794608,5.603551,2.0,publish
bybit_perp,EOSUSDT,20240401,5022,0.92738,0.905485,-2.841403,-1.935918,0.905485,-3.33447,-2.428985,0.932882,-2.866763,-1.933881,0.932882,-3.347605,-2.414724,6.600963,2.0,publish
bybit_perp,EOSUSDT,20240404,3896,0.92731,0.572125,-2.281319,-1.709194,0.572125,-2.086819,-1.514693,0.574284,-2.265229,-1.690944,0.574284,-2.085897,-1.511613,3.712836,2.0,publish
bybit_perp,EOSUSDT,20240407,1970,0.921878,0.526306,-1.934701,-1.408396,0.526306,-1.96075,-1.434445,0.528832,-1.953203,-1.42437,0.528832,-1.995354,-1.466521,2.363879,2.0,publish
bybit_perp,EOSUSDT,20240410,4351,0.936635,0.597683,-2.035392,-1.437709,0.597683,-1.54356,-0.945877,0.602871,-2.066089,-1.463218,0.602871,-1.513156,-0.910285,4.915099,2.0,publish
bybit_perp,EOSUSDT,20240413,9867,0.971359,2.018988,-3.51428,-1.495292,2.018988,-2.119772,-0.100784,2.044377,-3.465083,-1.420707,2.044377,-1.96428,0.080097,17.597591,2.0,publish
bybit_perp,EOSUSDT,20240416,4998,0.970188,0.900189,-2.954805,-2.054616,0.900189,-2.851728,-1.951539,0.90364,-2.955893,-2.052252,0.90364,-2.849358,-1.945718,7.083888,2.0,publish
bybit_perp,EOSUSDT,20240419,5098,0.968007,0.913052,-2.377578,-1.464526,0.913052,-2.483848,-1.570796,0.917631,-2.378212,-1.460582,0.917631,-2.438116,-1.520485,6.541671,2.0,publish
bybit_perp,EOSUSDT,20240422,3709,0.95457,0.701281,-2.337785,-1.636504,0.701281,-2.096472,-1.395191,0.703363,-2.327073,-1.623709,0.703363,-2.067162,-1.363799,4.298909,2.0,publish
bybit_perp,EOSUSDT,20240425,11654,0.987052,1.013048,-2.456907,-1.443859,1.013048,-2.386956,-1.373909,1.015436,-2.462633,-1.447197,1.015436,-2.384629,-1.369193,10.027031,2.0,publish
bybit_perp,EOSUSDT,20240428,5057,0.968776,0.681207,-2.210718,-1.529511,0.681207,-2.238982,-1.557775,0.682268,-2.222397,-1.540129,0.682268,-2.24848,-1.566211,3.614559,2.0,publish
bybit_perp,EOSUSDT,20240501,7489,0.986941,0.850508,-2.145426,-1.294918,0.850508,-2.046022,-1.195513,0.851827,-2.160659,-1.308832,0.851827,-2.100857,-1.24903,7.27758,2.0,publish
bybit_perp,EOSUSDT,20240504,2804,0.977603,0.635035,-2.076561,-1.441526,0.635035,-1.914576,-1.27954,0.634907,-2.07465,-1.439743,0.634907,-1.885037,-1.250131,2.52392,2.0,publish
bybit_perp,EOSUSDT,20240507,3864,0.974146,0.671263,-2.220957,-1.549694,0.671263,-2.156966,-1.485704,0.672152,-2.217822,-1.545671,0.672152,-2.165647,-1.493495,3.488322,2.0,publish
bybit_perp,EOSUSDT,20240510,3679,0.976706,0.678821,-2.291953,-1.613133,0.678821,-2.097565,-1.418744,0.679572,-2.29312,-1.613548,0.679572,-2.090005,-1.410433,4.0996,2.0,publish
bybit_perp,EOSUSDT,20240513,3299,0.96702,0.70713,-1.964323,-1.257192,0.70713,-1.866869,-1.159739,0.707952,-1.957471,-1.249519,0.707952,-1.886854,-1.178901,4.279561,2.0,publish
bybit_perp,EOSUSDT,20240516,2753,0.965674,0.660955,-2.171172,-1.510217,0.660955,-2.245894,-1.584938,0.662248,-2.154733,-1.492485,0.662248,-2.285941,-1.623693,3.048283,2.0,publish
bybit_perp,EOSUSDT,20240519,2208,0.959873,0.652149,-1.879352,-1.227203,0.652149,-1.735011,-1.082861,0.6526,-1.884207,-1.231607,0.6526,-1.786976,-1.134375,2.417832,2.0,publish
bybit_perp,EOSUSDT,20240522,4061,0.971756,0.615693,-2.154243,-1.538549,0.615693,-2.447298,-1.831605,0.616374,-2.133924,-1.51755,0.616374,-2.375964,-1.75959,3.577546,2.0,publish
bybit_perp,EOSUSDT,20240525,2529,0.97497,0.60703,-2.156818,-1.549788,0.60703,-2.158744,-1.551714,0.607313,-2.150269,-1.542956,0.607313,-2.140655,-1.533342,2.417604,2.0,publish
bybit_perp,EOSUSDT,20240528,4741,0.974035,0.703407,-2.286881,-1.583474,0.703407,-2.386273,-1.682866,0.704609,-2.316463,-1.611854,0.704609,-2.386676,-1.682067,4.560384,2.0,publish
bybit_perp,EOSUSDT,20240531,3029,0.979135,0.651342,-2.229415,-1.578073,0.651342,-2.065119,-1.413777,0.65188,-2.21307,-1.561191,0.65188,-2.017327,-1.365448,3.448117,2.0,publish
bybit_perp,EOSUSDT,20240603,2831,0.980784,0.632312,-1.877011,-1.244699,0.632312,-2.13762,-1.505308,0.632241,-1.877353,-1.245112,0.632241,-2.164139,-1.531897,2.82995,2.0,publish
bybit_perp,EOSUSDT,20240606,2462,0.979773,0.640364,-1.747048,-1.106684,0.640364,-1.858419,-1.218055,0.640579,-1.752751,-1.112172,0.640579,-1.858294,-1.217715,2.180028,2.0,publish
bybit_perp,EOSUSDT,20240609,1663,0.982802,0.713765,-2.046776,-1.333012,0.713765,-2.331655,-1.617891,0.713868,-2.045429,-1.331562,0.713868,-2.318983,-1.605115,2.044478,2.0,publish
bybit_perp,EOSUSDT,20240612,3163,0.986563,0.793945,-2.521391,-1.727446,0.793945,-2.642613,-1.848667,0.794462,-2.52612,-1.731658,0.794462,-2.686538,-1.892076,4.195103,2.0,publish
bybit_perp,EOSUSDT,20240615,1428,0.976751,0.766773,-2.216223,-1.44945,0.766773,-2.243841,-1.477068,0.766889,-2.197118,-1.430229,0.766889,-2.215544,-1.448655,2.058713,2.0,publish
bybit_perp,EOSUSDT,20240618,8198,0.988802,1.122993,-2.263907,-1.140914,1.122993,-1.761854,-0.638861,1.12279,-2.272954,-1.150164,1.12279,-1.78638,-0.66359,9.062793,2.0,publish
bybit_perp,EOSUSDT,20240621,2750,0.979455,0.891037,-2.544871,-1.653834,0.891037,-2.784897,-1.89386,0.891449,-2.538895,-1.647446,0.891449,-2.772463,-1.881014,3.803504,2.0,publish
bybit_perp,EOSUSDT,20240624,4379,0.983307,1.01112,-2.774681,-1.763561,1.01112,-2.519914,-1.508794,1.012285,-2.747761,-1.735477,1.012285,-2.447678,-1.435394,5.732684,2.0,publish
bybit_perp,EOSUSDT,20240627,1879,0.978659,0.911503,-1.897155,-0.985652,0.911503,-1.750937,-0.839434,0.912479,-1.892039,-0.97956,0.912479,-1.757383,-0.844903,3.480545,2.0,publish
bybit_perp,EOSUSDT,20240630,1814,0.985226,0.88854,-2.138919,-1.250379,0.88854,-2.287677,-1.399137,0.888715,-2.140874,-1.252158,0.888715,-2.253925,-1.36521,2.547819,2.0,publish
bybit_perp,EOSUSDT,20240703,2058,0.990914,0.901404,-2.06413,-1.162726,0.901404,-2.674856,-1.773452,0.901668,-2.061786,-1.160118,0.901668,-2.706543,-1.804875,3.379128,2.0,publish
bybit_perp,EOSUSDT,20240706,2798,0.970872,1.023304,-2.514648,-1.491344,1.023304,-2.208285,-1.184981,1.023882,-2.497548,-1.473666,1.023882,-2.219907,-1.196024,3.740203,2.0,publish
bybit_perp,EOSUSDT,20240709,3402,0.977337,0.988287,-2.072864,-1.084576,0.988287,-2.076842,-1.088554,0.988865,-2.040587,-1.051722,0.988865,-2.030602,-1.041737,4.210585,2.0,publish
bybit_perp,EOSUSDT,20240712,1639,0.984076,0.969125,-2.039841,-1.070715,0.969125,-2.010278,-1.041153,0.969274,-2.006609,-1.037335,0.969274,-1.989649,-1.020375,2.967333,2.0,publish
bybit_perp,EOSUSDT,20240715,1914,0.981348,0.875073,-1.86531,-0.990237,0.875073,-1.639494,-0.764421,0.87532,-1.858609,-0.98329,0.87532,-1.60259,-0.72727,3.060609,2.0,publish
bybit_perp,EOSUSDT,20240718,2213,0.973836,0.872199,-2.462614,-1.590415,0.872199,-2.503568,-1.631369,0.873011,-2.452884,-1.579873,0.873011,-2.536055,-1.663045,3.973149,2.0,publish
bybit_perp,EOSUSDT,20240721,1807,0.984892,0.847138,-1.952039,-1.104901,0.847138,-1.65166,-0.804521,0.847497,-1.933562,-1.086065,0.847497,-1.627976,-0.780479,3.441094,2.0,publish
bybit_perp,EOSUSDT,20240724,2556,0.981612,0.867118,-2.110027,-1.24291,0.867118,-2.056754,-1.189637,0.867552,-2.087222,-1.21967,0.867552,-2.041748,-1.174196,3.822122,2.0,publish
bybit_perp,EOSUSDT,20240727,1516,0.983773,0.87658,-2.118208,-1.241629,0.87658,-2.483112,-1.606533,0.876385,-2.103663,-1.227279,0.876385,-2.454054,-1.577669,3.042176,2.0,publish
bybit_perp,EOSUSDT,20240730,2790,0.982473,0.883422,-2.132572,-1.24915,0.883422,-2.163997,-1.280575,0.883728,-2.15581,-1.272081,0.883728,-2.208544,-1.324816,4.051125,2.0,publish
bybit_perp,EOSUSDT,20240802,4072,0.98998,0.964556,-2.557833,-1.593277,0.964556,-2.779454,-1.814898,0.964506,-2.553143,-1.588637,0.964506,-2.769025,-1.804518,6.493994,2.0,publish
bybit_perp,EOSUSDT,20240805,15065,0.995214,1.336166,-2.756799,-1.420633,1.336166,-2.341028,-1.004862,1.336832,-2.742764,-1.405932,1.336832,-2.346176,-1.009344,14.66552,2.0,publish
bybit_perp,EOSUSDT,20240808,3612,0.989258,1.079052,-2.206595,-1.127543,1.079052,-2.539322,-1.46027,1.079149,-2.208746,-1.129597,1.079149,-2.52037,-1.441222,4.88706,2.0,publish
bybit_perp,EOSUSDT,20240811,2281,0.992722,1.058707,-2.022417,-0.963711,1.058707,-2.314133,-1.255426,1.05881,-2.026127,-0.967316,1.05881,-2.330111,-1.2713,3.594893,2.0,publish
bybit_perp,EOSUSDT,20240814,2707,0.990912,1.001483,-2.13753,-1.136047,1.001483,-2.445175,-1.443692,1.001522,-2.124271,-1.122749,1.001522,-2.40383,-1.402308,4.055542,2.0,publish
bybit_perp,EOSUSDT,20240817,1820,0.986868,1.008837,-2.163212,-1.154375,1.008837,-2.219302,-1.210465,1.008978,-2.158882,-1.149904,1.008978,-2.187572,-1.178594,2.854453,2.0,publish
bybit_perp,EOSUSDT,20240820,1803,0.990738,1.018233,-1.875099,-0.856867,1.018233,-1.586285,-0.568053,1.018262,-1.870916,-0.852654,1.018262,-1.55707,-0.538808,2.946787,2.0,publish
bybit_perp,EOSUSDT,20240823,3959,0.991892,0.945085,-1.99069,-1.045605,0.945085,-2.144377,-1.199292,0.944844,-1.990297,-1.045453,0.944844,-2.161818,-1.216974,4.316208,2.0,publish
bybit_perp,EOSUSDT,20240826,3393,0.991306,0.95222,-1.984519,-1.032299,0.95222,-2.21944,-1.26722,0.952245,-1.981785,-1.02954,0.952245,-2.208097,-1.255853,3.548803,2.0,publish
bybit_perp,EOSUSDT,20240829,1979,0.994896,1.04061,-2.009851,-0.969241,1.04061,-2.232633,-1.192022,1.040747,-2.013863,-0.973117,1.040747,-2.228921,-1.188174,4.329628,2.0,publish
bybit_perp,EOSUSDT,20240901,1676,0.991826,1.075908,-2.067723,-0.991814,1.075908,-1.977748,-0.90184,1.075964,-2.073679,-0.997715,1.075964,-1.969273,-0.89331,3.778406,2.0,publish
bybit_perp,EOSUSDT,20240904,2257,0.991537,1.146392,-1.894978,-0.748586,1.146392,-2.149576,-1.003185,1.146842,-1.900814,-0.753972,1.146842,-2.159515,-1.012673,4.060519,2.0,publish
bybit_perp,EOSUSDT,20240907,1198,0.992154,1.090893,-1.606693,-0.5158,1.090893,-1.32574,-0.234848,1.090948,-1.60223,-0.511282,1.090948,-1.340861,-0.249913,2.479268,2.0,publish
bybit_perp,EOSUSDT,20240910,1363,0.991269,1.025038,-1.889033,-0.863995,1.025038,-1.890074,-0.865036,1.025088,-1.886951,-0.861863,1.025088,-1.898847,-0.873759,2.815493,2.0,publish
bybit_perp,EOSUSDT,20240913,1161,0.989836,1.003181,-1.630602,-0.627421,1.003181,-1.652917,-0.649735,1.003241,-1.614402,-0.611161,1.003241,-1.63009,-0.626849,2.168113,2.0,publish
bybit_perp,EOSUSDT,20240916,1585,0.996404,1.060595,-1.653925,-0.59333,1.060595,-1.845818,-0.785223,1.060622,-1.651917,-0.591295,1.060622,-1.862484,-0.801862,2.762009,2.0,publish
bybit_perp,EOSUSDT,20240919,1404,0.992023,1.019855,-1.681456,-0.661601,1.019855,-1.763986,-0.744131,1.02002,-1.681412,-0.661392,1.02002,-1.762458,-0.742438,2.762042,2.0,publish
bybit_perp,EOSUSDT,20240922,1228,0.996824,0.983196,-1.809607,-0.826411,0.983196,-2.237618,-1.254422,0.983223,-1.812839,-0.829616,0.983223,-2.224121,-1.240899,2.545948,2.0,publish
bybit_perp,EOSUSDT,20240925,2215,0.992686,0.970372,-2.043422,-1.07305,0.970372,-2.364444,-1.394072,0.970576,-2.058319,-1.087743,0.970576,-2.375247,-1.404671,3.279497,2.0,publish
bybit_perp,EOSUSDT,20240928,1204,0.995017,0.936868,-1.979891,-1.043024,0.936868,-2.143028,-1.206161,0.936946,-1.98792,-1.050974,0.936946,-2.160767,-1.223821,2.316802,2.0,publish
bybit_perp,EOSUSDT,20241001,4254,0.997391,1.040352,-2.452561,-1.41221,1.040352,-2.564586,-1.524235,1.040401,-2.44689,-1.406489,1.040401,-2.548758,-1.508357,5.763342,2.0,publish
bybit_perp,EOSUSDT,20241004,1461,0.99603,1.078843,-1.995432,-0.91659,1.078843,-1.746772,-0.667929,1.078897,-1.99502,-0.916123,1.078897,-1.746167,-0.66727,3.184597,2.0,publish
bybit_perp,EOSUSDT,20241007,1935,0.993075,1.054417,-1.893874,-0.839457,1.054417,-2.047474,-0.993057,1.05448,-1.895217,-0.840737,1.05448,-2.046411,-0.991931,3.181904,2.0,publish
bybit_perp,EOSUSDT,20241010,1409,0.992548,1.093035,-1.967978,-0.874942,1.093035,-2.341113,-1.248078,1.093023,-1.926272,-0.833249,1.093023,-2.309469,-1.216446,3.143502,2.0,publish
bybit_perp,EOSUSDT,20241013,879,0.992833,1.071957,-1.814204,-0.742246,1.071957,-1.681267,-0.60931,1.072034,-1.813576,-0.741542,1.072034,-1.69348,-0.621446,2.067975,2.0,publish
bybit_perp,EOSUSDT,20241016,2680,0.991604,1.032897,-2.081506,-1.048609,1.032897,-2.118756,-1.085859,1.032955,-2.075433,-1.042479,1.032955,-2.124061,-1.091106,3.168096,2.0,publish
bybit_perp,EOSUSDT,20241019,980,0.995918,1.034761,-1.873888,-0.839127,1.034761,-1.900351,-0.865591,1.0348,-1.873187,-0.838386,1.0348,-1.891365,-0.856565,1.932512,2.0,publish
bybit_perp,EOSUSDT,20241022,1303,0.986262,1.035561,-1.932193,-0.896632,1.035561,-2.384549,-1.348987,1.035666,-1.919558,-0.883892,1.035666,-2.357251,-1.321585,2.72701,2.0,publish
bybit_perp,EOSUSDT,20241025,2107,0.995871,1.242806,-2.014583,-0.771778,1.242806,-2.997479,-1.754674,1.243426,-2.009577,-0.766151,1.243426,-2.887639,-1.644213,4.927466,2.0,publish
bybit_perp,EOSUSDT,20241028,1237,0.993371,1.116437,-1.973141,-0.856704,1.116437,-2.287264,-1.170827,1.116484,-1.971329,-0.854845,1.116484,-2.282051,-1.165567,2.860036,2.0,publish
bybit_perp,EOSUSDT,20241031,1026,0.995127,1.124505,-1.767037,-0.642531,1.124505,-1.8538,-0.729294,1.124535,-1.771208,-0.646673,1.124535,-1.849979,-0.725444,3.085055,2.0,publish
bybit_perp,EOSUSDT,20241103,1365,0.994652,1.211449,-2.289883,-1.078434,1.211449,-1.647446,-0.435997,1.21152,-2.274532,-1.063012,1.21152,-1.621107,-0.409587,4.212838,2.0,publish
bybit_perp,EOSUSDT,20241106,1907,0.997955,1.137128,-1.871017,-0.733889,1.137128,-1.9534,-0.816272,1.136549,-1.874403,-0.737853,1.136549,-1.945952,-0.809403,4.125312,2.0,publish
bybit_perp,EOSUSDT,20241109,1357,0.9972,1.075235,-1.960704,-0.88547,1.075235,-2.523642,-1.448407,1.075327,-1.957666,-0.882339,1.075327,-2.516471,-1.441143,2.840238,2.0,publish
bybit_perp,EOSUSDT,20241112,8342,0.994354,1.018854,-2.881531,-1.862677,1.018854,-2.050824,-1.031969,1.018968,-2.879932,-1.860964,1.018968,-2.045493,-1.026525,9.645607,2.0,publish
bybit_perp,EOSUSDT,20241115,6826,0.990375,0.985789,-2.301395,-1.315606,0.985789,-2.130076,-1.144287,0.985924,-2.286671,-1.300747,0.985924,-2.120567,-1.134643,7.660002,2.0,publish
bybit_perp,EOSUSDT,20241118,5880,0.987432,0.840121,-2.219028,-1.378907,0.840121,-2.329792,-1.489671,0.840367,-2.212312,-1.371945,0.840367,-2.346396,-1.506029,6.198651,2.0,publish
bybit_perp,EOSUSDT,20241121,6497,0.982346,0.830557,-2.182878,-1.35232,0.830557,-2.067748,-1.237191,0.831164,-2.162608,-1.331444,0.831164,-2.02119,-1.190026,6.267395,2.0,publish
bybit_perp,EOSUSDT,20241124,12852,0.98997,1.253588,-2.654604,-1.401016,1.253588,-2.84565,-1.592062,1.254858,-2.656616,-1.401758,1.254858,-2.810579,-1.555721,12.023245,2.0,publish
bybit_perp,EOSUSDT,20241127,6459,0.978511,0.7845,-2.361093,-1.576593,0.7845,-2.396965,-1.612465,0.785429,-2.367401,-1.581973,0.785429,-2.378954,-1.593525,6.403929,2.0,publish
bybit_perp,EOSUSDT,20241130,9293,0.978683,0.667489,-2.120722,-1.453233,0.667489,-2.110938,-1.443449,0.668893,-2.10035,-1.431457,0.668893,-2.049253,-1.380361,7.396367,2.0,publish
bybit_perp,EOSUSDT,20241203,14226,0.992015,0.804407,-1.932877,-1.12847,0.804407,-2.564925,-1.760518,0.805765,-1.938764,-1.132999,0.805765,-2.574961,-1.769196,12.16519,2.0,publish
bybit_perp,EOSUSDT,20241206,9761,0.982451,0.554438,-2.103326,-1.548888,0.554438,-2.054423,-1.499985,0.555401,-2.093559,-1.538158,0.555401,-2.062895,-1.507494,7.537653,2.0,publish
bybit_perp,EOSUSDT,20241209,12063,0.981149,1.020783,-2.885155,-1.864372,1.020783,-0.004035,1.016748,1.02245,-2.923517,-1.901067,1.02245,-0.261256,0.761194,12.96455,2.0,publish
bybit_perp,EOSUSDT,20241212,9633,0.967767,0.550394,-2.262265,-1.711872,0.550394,-2.455074,-1.90468,0.552315,-2.261567,-1.709252,0.552315,-2.516578,-1.964263,7.406516,2.0,publish
bybit_perp,EOSUSDT,20241215,7608,0.964879,0.533438,-2.153942,-1.620504,0.533438,-2.428552,-1.895114,0.534351,-2.158367,-1.624016,0.534351,-2.467232,-1.932882,5.327174,2.0,publish
bybit_perp,EOSUSDT,20241218,9461,0.968756,0.816085,-2.892492,-2.076408,0.816085,-2.472934,-1.656849,0.8208,-2.89336,-2.07256,0.8208,-2.463609,-1.642809,9.369412,2.0,publish
bybit_perp,EOSUSDT,20241221,9189,0.980303,0.706794,-2.724743,-2.017949,0.706794,-2.494487,-1.787693,0.707189,-2.717734,-2.010545,0.707189,-2.506567,-1.799378,7.620903,2.0,publish
bybit_perp,EOSUSDT,20241224,4915,0.973388,0.704541,-2.315525,-1.610984,0.704541,-2.53301,-1.828469,0.705444,-2.299208,-1.593764,0.705444,-2.535777,-1.830333,4.93911,2.0,publish
bybit_perp,EOSUSDT,20241227,4446,0.974606,0.742567,-1.978886,-1.236319,0.742567,-2.483302,-1.740735,0.74408,-1.954291,-1.210211,0.74408,-2.48385,-1.73977,4.954242,2.0,publish
bybit_perp,EOSUSDT,20241230,4858,0.971737,0.786594,-2.366168,-1.579574,0.786594,-2.735705,-1.949111,0.787772,-2.362295,-1.574523,0.787772,-2.783555,-1.995782,5.366834,2.0,publish
bybit_perp,EOSUSDT,20250102,4131,0.961341,0.832419,-2.262102,-1.429683,0.832419,-2.060293,-1.227874,0.833797,-2.238173,-1.404375,0.833797,-1.959422,-1.125624,4.113211,2.0,publish
bybit_perp,EOSUSDT,20250105,4157,0.969136,0.730566,-1.92606,-1.195494,0.730566,-1.990445,-1.25988,0.732212,-1.933219,-1.201007,0.732212,-1.975609,-1.243396,3.540923,2.0,publish
bybit_perp,EOSUSDT,20250108,6609,0.983371,0.96368,-2.11574,-1.15206,0.96368,-2.339343,-1.375663,0.964015,-2.091231,-1.127216,0.964015,-2.296725,-1.33271,6.53307,2.0,publish
bybit_perp,EOSUSDT,20250111,2432,0.978413,0.761234,-1.801214,-1.03998,0.761234,-2.056436,-1.295203,0.762292,-1.796639,-1.034347,0.762292,-2.071794,-1.309502,3.432481,2.0,publish
bybit_perp,EOSUSDT,20250114,2066,0.988867,0.686322,-2.361248,-1.674926,0.686322,-2.260991,-1.574669,0.686247,-2.304453,-1.618206,0.686247,-2.20084,-1.514593,4.032848,2.0,publish
bybit_perp,EOSUSDT,20250117,5903,0.985533,0.55023,-2.463064,-1.912834,0.55023,-2.437538,-1.887308,0.550353,-2.464408,-1.914055,0.550353,-2.464375,-1.914022,7.13332,2.0,publish
bybit_perp,EOSUSDT,20250120,7879,0.986521,0.788972,-2.696792,-1.90782,0.788972,-2.451691,-1.662718,0.789679,-2.69124,-1.901561,0.789679,-2.448768,-1.65909,9.940577,2.0,publish
bybit_perp,EOSUSDT,20250123,4036,0.986571,0.66808,-2.49665,-1.82857,0.66808,-2.388105,-1.720025,0.668232,-2.502848,-1.834616,0.668232,-2.387674,-1.719442,5.49086,2.0,publish
bybit_perp,EOSUSDT,20250126,1371,0.988111,0.638778,-2.266866,-1.628089,0.638778,-2.76185,-2.123072,0.638886,-2.26899,-1.630105,0.638886,-2.744328,-2.105442,3.19113,2.0,publish
bybit_perp,EOSUSDT,20250129,2458,0.984011,0.701421,-3.197528,-2.496107,0.701421,-4.661935,-3.960514,0.701586,-3.229949,-2.528363,0.701586,-4.650241,-3.948655,5.413508,2.0,publish
bybit_perp,EOSUSDT,20250201,3424,0.992377,0.654299,-2.933976,-2.279677,0.654299,-2.958469,-2.30417,0.654467,-2.921499,-2.267032,0.654467,-2.96613,-2.311663,5.530272,2.0,publish
bybit_perp,EOSUSDT,20250204,3995,0.988661,0.847831,-3.700555,-2.852724,0.847831,-4.053614,-3.205782,0.848047,-3.69573,-2.847683,0.848047,-4.021596,-3.17355,9.242029,2.0,publish
bybit_perp,EOSUSDT,20250207,2712,0.981785,0.861892,-3.493472,-2.63158,0.861892,-3.723603,-2.861711,0.861955,-3.495347,-2.633392,0.861955,-3.775116,-2.913162,6.192803,2.0,publish
bybit_perp,EOSUSDT,20250210,2261,0.981424,0.808287,-3.255919,-2.447632,0.808287,-3.426314,-2.618027,0.808101,-3.294467,-2.486366,0.808101,-3.476369,-2.668268,5.664743,2.0,publish
bybit_perp,EOSUSDT,20250213,1699,0.987404,0.784027,-3.315643,-2.531616,0.784027,-2.504085,-1.720058,0.783261,-3.332019,-2.548758,0.783261,-2.525154,-1.741893,5.241529,2.0,publish
bybit_perp,EOSUSDT,20250216,1201,0.987677,0.797069,-2.844797,-2.047728,0.797069,-2.732712,-1.935643,0.797204,-2.85214,-2.054937,0.797204,-2.719511,-1.922307,3.67761,2.0,publish
bybit_perp,EOSUSDT,20250219,1112,0.988669,0.815789,-2.809465,-1.993675,0.815789,-2.939198,-2.123408,0.815884,-2.789459,-1.973575,0.815884,-2.917522,-2.101638,4.305391,2.0,publish
bybit_perp,EOSUSDT,20250222,1396,0.981375,0.812402,-1.651198,-0.838796,0.812402,-1.793506,-0.981104,0.812659,-1.658076,-0.845417,0.812659,-1.818112,-1.005453,2.718861,2.0,publish
bybit_perp,EOSUSDT,20250225,1900,0.995895,0.942691,-3.731847,-2.789156,0.942691,-2.61237,-1.669679,0.942382,-3.726994,-2.784612,0.942382,-2.617923,-1.675541,8.136729,2.0,publish
bybit_perp,EOSUSDT,20250228,1521,0.992242,0.955043,-2.913066,-1.958022,0.955043,-2.317725,-1.362681,0.955188,-2.890879,-1.93569,0.955188,-2.274891,-1.319703,6.754333,2.0,publish
bybit_perp,EOSUSDT,20250303,2127,0.983733,0.85565,-3.641032,-2.785382,0.85565,-3.210427,-2.354777,0.855711,-3.667499,-2.811788,0.855711,-3.268746,-2.413035,7.725362,2.0,publish
bybit_perp,EOSUSDT,20250306,679,0.977761,0.907342,-2.879693,-1.972351,0.907342,-2.960824,-2.053482,0.907185,-2.895024,-1.987839,0.907185,-2.888673,-1.981488,4.538018,2.0,publish
bybit_perp,EOSUSDT,20250309,776,0.986469,1.006447,-3.664931,-2.658484,1.006447,-3.438944,-2.432497,1.006644,-3.651635,-2.64499,1.006644,-3.482382,-2.475738,4.929347,2.0,publish
bybit_perp,EOSUSDT,20250312,1050,0.986762,1.036507,-3.269275,-2.232768,1.036507,-2.465828,-1.429321,1.035713,-3.241653,-2.20594,1.035713,-2.478558,-1.442845,5.395546,2.0,publish
bybit_perp,EOSUSDT,20250315,347,0.971182,0.996884,-2.9796,-1.982717,0.996884,-3.173163,-2.17628,0.996848,-2.970881,-1.974033,0.996848,-3.071761,-2.074912,2.204622,2.0,publish
bybit_perp,EOSUSDT,20250318,2005,0.993865,1.082926,-4.791234,-3.708309,1.082926,-4.91014,-3.827214,1.080371,-4.857402,-3.77703,1.080371,-5.071958,-3.991587,9.161322,2.0,publish
bybit_perp,EOSUSDT,20250321,1484,0.993194,0.92436,-3.444465,-2.520105,0.92436,-3.416616,-2.492256,0.924392,-3.431879,-2.507487,0.924392,-3.402096,-2.477704,4.358695,2.0,publish
bybit_perp,EOSUSDT,20250324,1476,0.98916,0.938282,-3.296891,-2.358609,0.938282,-2.887082,-1.9488,0.938341,-3.290361,-2.35202,0.938341,-2.920321,-1.981979,4.305278,2.0,publish
bybit_perp,EOSUSDT,20250327,972,0.99321,0.960524,-2.729098,-1.768574,0.960524,-2.814344,-1.85382,0.961122,-2.714294,-1.753172,0.961122,-2.791268,-1.830146,3.773214,2.0,publish
bybit_perp,EOSUSDT,20250330,4991,0.979463,0.917796,-2.690301,-1.772505,0.917796,-3.277355,-2.359558,0.916884,-2.717362,-1.800477,0.916884,-3.340792,-2.423908,8.97954,2.0,publish
bybit_perp,EOSUSDT,20250402,26336,0.994054,0.734045,-1.996051,-1.262007,0.734045,-1.667201,-0.933156,0.733876,-1.983081,-1.249205,0.733876,-1.681265,-0.947389,15.381157,2.0,publish
bybit_perp,EOSUSDT,20250405,5493,0.992754,0.664005,-2.73484,-2.070836,0.664005,-2.57453,-1.910525,0.663593,-2.738407,-2.074813,0.663593,-2.585946,-1.922353,7.362674,2.0,publish
bybit_perp,EOSUSDT,20250408,7219,0.993905,0.703474,-3.273278,-2.569804,0.703474,-2.58294,-1.879466,0.702919,-3.274949,-2.57203,0.702919,-2.60686,-1.90394,7.655437,2.0,publish
bybit_perp,EOSUSDT,20250411,4429,0.991759,0.807079,-2.972738,-2.165659,0.807079,-3.068789,-2.26171,0.807018,-2.976697,-2.169679,0.807018,-3.03114,-2.224122,5.629355,2.0,publish
bybit_perp,EOSUSDT,20250414,4013,0.986419,0.82117,-3.078359,-2.257189,0.82117,-2.589322,-1.768152,0.821154,-3.091986,-2.270832,0.821154,-2.597751,-1.776597,5.980962,2.0,publish
bybit_perp,EOSUSDT,20250417,3236,0.990884,0.822487,-2.83171,-2.009223,0.822487,-2.843936,-2.021449,0.822569,-2.824481,-2.001912,0.822569,-2.844057,-2.021488,4.587073,2.0,publish
bybit_perp,EOSUSDT,20250420,2427,0.992089,0.793097,-3.06396,-2.270862,0.793097,-3.031119,-2.238022,0.792949,-3.072152,-2.279203,0.792949,-3.012264,-2.219315,4.488659,2.0,publish
bybit_perp,EOSUSDT,20250423,2738,0.988203,0.758349,-2.496333,-1.737984,0.758349,-2.301863,-1.543514,0.758472,-2.473153,-1.714682,0.758472,-2.27252,-1.514048,4.611689,2.0,publish
bybit_perp,EOSUSDT,20250426,2583,0.98614,0.732615,-2.984489,-2.251874,0.732615,-3.049226,-2.316611,0.73274,-2.975273,-2.242534,0.73274,-3.028459,-2.29572,4.577236,2.0,publish
bybit_perp,EOSUSDT,20250429,1696,0.989564,0.73503,-2.313362,-1.578333,0.73503,-2.342507,-1.607477,0.735166,-2.305432,-1.570266,0.735166,-2.323119,-1.587952,3.840398,2.0,publish
bybit_perp,EOSUSDT,20250502,3973,0.989026,0.702355,-2.571921,-1.869566,0.702355,-2.07602,-1.373665,0.702419,-2.577849,-1.87543,0.702419,-2.106628,-1.404209,5.829458,2.0,publish
bybit_perp,EOSUSDT,20250505,2084,0.984069,0.716816,-2.817631,-2.100815,0.716816,-2.971524,-2.254708,0.716635,-2.827183,-2.110549,0.716635,-2.995929,-2.279294,4.333104,2.0,publish
bybit_perp,EOSUSDT,20250508,5950,0.990471,0.617662,-2.975909,-2.358247,0.617662,-3.032844,-2.415182,0.617844,-2.971986,-2.354142,0.617844,-2.997081,-2.379237,8.322578,2.0,publish
bybit_perp,EOSUSDT,20250511,4196,0.985153,0.565391,-3.009839,-2.444448,0.565391,-3.392752,-2.827361,0.565351,-2.99968,-2.434329,0.565351,-3.397429,-2.832078,5.553114,2.0,publish
bybit_perp,EOSUSDT,20250514,6319,0.989539,0.639767,-2.684887,-2.04512,0.639767,-2.503427,-1.863661,0.639735,-2.667985,-2.02825,0.639735,-2.425155,-1.78542,8.230779,2.0,publish
bybit_perp,EOSUSDT,20250517,4313,0.984442,0.647275,-3.079959,-2.432684,0.647275,-3.701441,-3.054165,0.647628,-3.090705,-2.443077,0.647628,-3.711849,-3.064221,5.705019,2.0,publish
bybit_perp,EOSUSDT,20250520,3507,0.992387,0.655687,-2.951021,-2.295334,0.655687,-2.539975,-1.884287,0.655587,-2.97235,-2.316763,0.655587,-2.614823,-1.959235,5.039729,2.0,publish
bybit_perp,LEVERUSDT,20230606,150,1.0,7.433162,-4.967062,2.4661,7.433162,-3.74661,3.686552,7.433162,-4.967062,2.4661,7.433162,-3.74661,3.686552,5.067864,2.0,publish
bybit_perp,LEVERUSDT,20230609,41,1.0,6.686439,-3.154582,3.531857,6.686439,-3.42464,3.261799,6.686439,-3.154582,3.531857,6.686439,-3.42464,3.261799,3.566761,2.0,publish
bybit_perp,LEVERUSDT,20230612,30,1.0,7.540859,-7.951389,-0.41053,7.540859,-5.208275,2.332584,7.540859,-7.951389,-0.41053,7.540859,-5.208275,2.332584,5.029486,2.0,publish
bybit_perp,LEVERUSDT,20230615,36,1.0,8.459999,-7.391069,1.068931,8.459999,-8.630917,-0.170918,8.459999,-7.391069,1.068931,8.459999,-8.630917,-0.170918,3.859598,2.0,publish
bybit_perp,LEVERUSDT,20230618,23,1.0,7.014745,-5.187233,1.827511,7.014745,-5.002803,2.011942,7.014745,-5.187233,1.827511,7.014745,-5.002803,2.011942,2.986574,2.0,publish
bybit_perp,LEVERUSDT,20230621,18,1.0,8.621356,-3.981116,4.640241,8.621356,-7.301049,1.320307,8.621356,-3.981116,4.640241,8.621356,-7.301049,1.320307,3.966766,2.0,publish
bybit_perp,LEVERUSDT,20230624,26,1.0,8.915707,-8.171169,0.744538,8.915707,-10.368049,-1.452341,8.915707,-8.171169,0.744538,8.915707,-10.368049,-1.452341,4.295831,2.0,publish
bybit_perp,LEVERUSDT,20230627,42,1.0,5.574796,-2.490951,3.083845,5.574796,-2.845686,2.72911,5.574796,-2.490951,3.083845,5.574796,-2.845686,2.72911,3.935752,2.0,publish
bybit_perp,LEVERUSDT,20230630,30,1.0,5.830509,-15.364589,-9.53408,5.830509,-9.766517,-3.936008,5.830509,-15.364589,-9.53408,5.830509,-9.766517,-3.936008,6.303915,2.0,publish
bybit_perp,LEVERUSDT,20230703,23,1.0,7.842054,-6.927917,0.914137,7.842054,-8.451434,-0.60938,7.842054,-6.927917,0.914137,7.842054,-8.451434,-0.60938,3.605935,2.0,publish
bybit_perp,LEVERUSDT,20230706,33,1.0,8.143452,-1.368543,6.774909,8.143452,-0.764251,7.379201,8.143452,-1.368543,6.774909,8.143452,-0.764251,7.379201,3.565497,2.0,publish
bybit_perp,LEVERUSDT,20230709,5,1.0,6.099938,-3.820043,2.279896,6.099938,-1.530515,4.569423,6.099938,-3.820043,2.279896,6.099938,-1.530515,4.569423,2.323928,2.0,publish
bybit_perp,LEVERUSDT,20230712,7,1.0,7.703957,-13.749619,-6.045661,7.703957,-17.035038,-9.331081,7.703957,-13.749619,-6.045661,7.703957,-17.035038,-9.331081,3.016631,2.0,publish
bybit_perp,LEVERUSDT,20230715,22,1.0,6.359174,-4.359576,1.999598,6.359174,-3.022391,3.336783,6.359174,-4.359576,1.999598,6.359174,-3.022391,3.336783,3.197584,2.0,publish
bybit_perp,LEVERUSDT,20230718,20,1.0,7.312867,-2.109971,5.202896,7.312867,-1.901599,5.411268,7.312867,-2.109971,5.202896,7.312867,-1.901599,5.411268,3.601448,2.0,publish
bybit_perp,LEVERUSDT,20230721,21,1.0,8.012959,-2.138673,5.874285,8.012959,-0.189417,7.823542,8.012959,-2.138673,5.874285,8.012959,-0.189417,7.823542,3.697662,2.0,publish
bybit_perp,LEVERUSDT,20230724,9,1.0,12.313165,-1.837464,10.475701,12.313165,-10.741169,1.571997,12.313165,-1.837464,10.475701,12.313165,-10.741169,1.571997,4.948068,2.0,publish
bybit_perp,LEVERUSDT,20230727,43,1.0,10.335411,-8.246387,2.089024,10.335411,-7.15219,3.18322,10.335411,-8.246387,2.089024,10.335411,-7.15219,3.18322,4.060051,2.0,publish
bybit_perp,LEVERUSDT,20230730,19,1.0,7.04476,-16.77937,-9.73461,7.04476,-11.878264,-4.833504,7.04476,-16.77937,-9.73461,7.04476,-11.878264,-4.833504,3.049833,2.0,publish
bybit_perp,LEVERUSDT,20230802,15,1.0,9.181635,-16.460197,-7.278562,9.181635,-19.045341,-9.863707,9.181635,-16.460197,-7.278562,9.181635,-19.045341,-9.863707,2.615895,2.0,publish
bybit_perp,LEVERUSDT,20230805,6,1.0,9.746076,-0.753117,8.992959,9.746076,-2.255295,7.490781,9.746076,-0.753117,8.992959,9.746076,-2.255295,7.490781,2.132232,2.0,publish
bybit_perp,LEVERUSDT,20230808,85,1.0,6.919984,-6.893607,0.026376,6.919984,-8.906642,-1.986658,6.919984,-6.893607,0.026376,6.919984,-8.906642,-1.986658,3.76587,2.0,publish
bybit_perp,LEVERUSDT,20230811,79,1.0,6.718643,-3.586519,3.132125,6.718643,-4.137472,2.581171,6.718643,-3.586519,3.132125,6.718643,-4.137472,2.581171,2.642566,2.0,publish
bybit_perp,LEVERUSDT,20230814,2249,1.0,3.962009,-3.639754,0.322255,3.962009,-1.920811,2.041198,3.962009,-3.639754,0.322255,3.962009,-1.920811,2.041198,11.548394,2.0,publish
bybit_perp,LEVERUSDT,20230817,1988,1.0,5.12822,-9.423098,-4.294878,5.12822,-15.467502,-10.339282,5.12822,-9.423098,-4.294878,5.12822,-15.467502,-10.339282,19.033819,2.0,publish
bybit_perp,LEVERUSDT,20230820,748,1.0,4.279841,-7.664848,-3.385008,4.279841,-6.515282,-2.235442,4.279841,-7.664848,-3.385008,4.279841,-6.515282,-2.235442,6.090024,2.0,publish
bybit_perp,LEVERUSDT,20230823,2860,1.0,3.646884,-5.382793,-1.735909,3.646884,-4.998467,-1.351583,3.646884,-5.382793,-1.735909,3.646884,-4.998467,-1.351583,10.664369,2.0,publish
bybit_perp,LEVERUSDT,20230826,412,1.0,4.10601,-6.599684,-2.493674,4.10601,-7.158271,-3.052261,4.10601,-6.599684,-2.493674,4.10601,-7.158271,-3.052261,4.858507,2.0,publish
bybit_perp,LEVERUSDT,20230829,553,1.0,3.728011,-5.996319,-2.268308,3.728011,-5.806516,-2.078505,3.728011,-5.996319,-2.268308,3.728011,-5.806516,-2.078505,7.447914,2.0,publish
bybit_perp,LEVERUSDT,20230901,621,1.0,3.686648,-6.668135,-2.981486,3.686648,-6.877397,-3.190749,3.686648,-6.668135,-2.981486,3.686648,-6.877397,-3.190749,5.623254,2.0,publish
bybit_perp,LEVERUSDT,20230904,319,1.0,3.782798,-6.342103,-2.559306,3.782798,-6.179432,-2.396634,3.782798,-6.342103,-2.559306,3.782798,-6.179432,-2.396634,4.246834,2.0,publish
bybit_perp,LEVERUSDT,20230907,815,1.0,3.633364,-5.549467,-1.916104,3.633364,-6.361744,-2.728381,3.633364,-5.549467,-1.916104,3.633364,-6.361744,-2.728381,6.3415,2.0,publish
bybit_perp,LEVERUSDT,20230910,425,1.0,3.918684,-6.198963,-2.280279,3.918684,-5.479624,-1.56094,3.918684,-6.198963,-2.280279,3.918684,-5.479624,-1.56094,6.146129,2.0,publish
bybit_perp,LEVERUSDT,20230913,224,1.0,4.069253,-5.701692,-1.632439,4.069253,-5.55138,-1.482127,4.069253,-5.701692,-1.632439,4.069253,-5.55138,-1.482127,4.863107,2.0,publish
bybit_perp,LEVERUSDT,20230916,165,1.0,3.79526,-5.448473,-1.653213,3.79526,-6.597469,-2.802209,3.79526,-5.448473,-1.653213,3.79526,-6.597469,-2.802209,4.253353,2.0,publish
bybit_perp,LEVERUSDT,20230919,587,1.0,3.399316,-4.617205,-1.217888,3.399316,-3.056875,0.342441,3.399316,-4.617205,-1.217888,3.399316,-3.056875,0.342441,6.474824,2.0,publish
bybit_perp,LEVERUSDT,20230922,2048,1.0,2.848059,-4.785194,-1.937134,2.848059,-3.938621,-1.090562,2.848059,-4.785194,-1.937134,2.848059,-3.938621,-1.090562,10.062128,2.0,publish
bybit_perp,LEVERUSDT,20230925,778,1.0,2.806029,-4.806335,-2.000306,2.806029,-4.329899,-1.52387,2.806029,-4.806335,-2.000306,2.806029,-4.329899,-1.52387,7.356821,2.0,publish
bybit_perp,LEVERUSDT,20230928,3000,1.0,2.415143,-4.485358,-2.070215,2.415143,-4.466691,-2.051548,2.415143,-4.485358,-2.070215,2.415143,-4.466691,-2.051548,11.96893,2.0,publish
bybit_perp,LEVERUSDT,20231001,6719,1.0,1.975282,-3.529856,-1.554574,1.975282,-3.216679,-1.241397,1.975282,-3.529856,-1.554574,1.975282,-3.216679,-1.241397,14.404465,2.0,publish
bybit_perp,LEVERUSDT,20231004,7145,1.0,2.871618,-3.313711,-0.442093,2.871618,-2.519129,0.352489,2.871618,-3.313711,-0.442093,2.871618,-2.519129,0.352489,15.138145,2.0,publish
bybit_perp,LEVERUSDT,20231007,665,1.0,3.438141,-4.501201,-1.063061,3.438141,-3.417671,0.02047,3.438141,-4.501201,-1.063061,3.438141,-3.417671,0.02047,7.959182,2.0,publish
bybit_perp,LEVERUSDT,20231010,212,1.0,3.7807,-6.588098,-2.807398,3.7807,-6.872671,-3.091971,3.7807,-6.588098,-2.807398,3.7807,-6.872671,-3.091971,5.123602,2.0,publish
bybit_perp,LEVERUSDT,20231013,424,1.0,3.59972,-4.924089,-1.324369,3.59972,-2.637812,0.961908,3.59972,-4.924089,-1.324369,3.59972,-2.637812,0.961908,5.400702,2.0,publish
bybit_perp,LEVERUSDT,20231016,311,1.0,3.585819,-6.452326,-2.866507,3.585819,-8.36872,-4.782901,3.585819,-6.452326,-2.866507,3.585819,-8.36872,-4.782901,4.45679,2.0,publish
bybit_perp,LEVERUSDT,20231019,249,1.0,4.178376,-7.488057,-3.309681,4.178376,-7.268928,-3.090552,4.178376,-7.488057,-3.309681,4.178376,-7.268928,-3.090552,4.731083,2.0,publish
bybit_perp,LEVERUSDT,20231022,198,1.0,4.157377,-8.898395,-4.741018,4.157377,-10.364986,-6.207608,4.157377,-8.898395,-4.741018,4.157377,-10.364986,-6.207608,5.27236,2.0,publish
bybit_perp,LEVERUSDT,20231025,372,1.0,3.718475,-5.905146,-2.186671,3.718475,-4.378871,-0.660395,3.718475,-5.905146,-2.186671,3.718475,-4.378871,-0.660395,6.149706,2.0,publish
bybit_perp,LEVERUSDT,20231028,216,1.0,3.602893,-5.315889,-1.712996,3.602893,-5.502293,-1.8994,3.602893,-5.315889,-1.712996,3.602893,-5.502293,-1.8994,4.176662,2.0,publish
bybit_perp,LEVERUSDT,20231031,393,1.0,3.786571,-7.668995,-3.882423,3.786571,-9.851238,-6.064666,3.786571,-7.668995,-3.882423,3.786571,-9.851238,-6.064666,5.919308,2.0,publish
bybit_perp,LEVERUSDT,20231103,363,1.0,3.847398,-5.690426,-1.843027,3.847398,-5.053129,-1.205731,3.847398,-5.690426,-1.843027,3.847398,-5.053129,-1.205731,4.773619,2.0,publish
bybit_perp,LEVERUSDT,20231106,403,1.0,3.613081,-4.957833,-1.344752,3.613081,-4.716922,-1.103841,3.613081,-4.957833,-1.344752,3.613081,-4.716922,-1.103841,4.679633,2.0,publish
bybit_perp,LEVERUSDT,20231109,1783,1.0,4.212094,-6.157028,-1.944934,4.212094,2.480709,6.692804,4.212094,-6.157028,-1.944934,4.212094,2.480709,6.692804,12.365414,2.0,publish
bybit_perp,LEVERUSDT,20231112,480,1.0,3.399667,-5.540958,-2.141291,3.399667,-4.871236,-1.471569,3.399667,-5.540958,-2.141291,3.399667,-4.871236,-1.471569,6.02387,2.0,publish
bybit_perp,LEVERUSDT,20231115,358,1.0,3.633468,-4.541083,-0.907615,3.633468,-4.761499,-1.128031,3.633468,-4.541083,-0.907615,3.633468,-4.761499,-1.128031,5.425634,2.0,publish
bybit_perp,LEVERUSDT,20231118,249,1.0,3.794085,-5.456193,-1.662107,3.794085,-4.486034,-0.691949,3.794085,-5.456193,-1.662107,3.794085,-4.486034,-0.691949,5.123815,2.0,publish
bybit_perp,LEVERUSDT,20231121,464,1.0,4.142672,-4.769287,-0.626615,4.142672,-4.155081,-0.012409,4.142672,-4.769287,-0.626615,4.142672,-4.155081,-0.012409,6.98164,2.0,publish
bybit_perp,LEVERUSDT,20231124,212,1.0,3.829533,-5.059344,-1.229812,3.829533,-5.135586,-1.306054,3.829533,-5.059344,-1.229812,3.829533,-5.135586,-1.306054,4.572755,2.0,publish
bybit_perp,LEVERUSDT,20231127,341,1.0,3.80304,-6.026539,-2.223498,3.80304,-6.21048,-2.40744,3.80304,-6.026539,-2.223498,3.80304,-6.21048,-2.40744,5.278159,2.0,publish
bybit_perp,LEVERUSDT,20231130,152,1.0,3.849233,-5.538061,-1.688828,3.849233,-5.783825,-1.934592,3.849233,-5.538061,-1.688828,3.849233,-5.783825,-1.934592,3.423402,2.0,publish
bybit_perp,LEVERUSDT,20231203,409,1.0,3.655491,-5.507016,-1.851525,3.655491,-6.233619,-2.578128,3.655491,-5.507016,-1.851525,3.655491,-6.233619,-2.578128,4.54938,2.0,publish
bybit_perp,LEVERUSDT,20231206,872,1.0,3.595487,-5.079365,-1.483878,3.595487,-6.037387,-2.441899,3.595487,-5.079365,-1.483878,3.595487,-6.037387,-2.441899,6.736155,2.0,publish
bybit_perp,LEVERUSDT,20231209,475,1.0,3.496081,-4.442776,-0.946696,3.496081,-3.355462,0.140619,3.496081,-4.442776,-0.946696,3.496081,-3.355462,0.140619,5.421992,2.0,publish
bybit_perp,LEVERUSDT,20231212,273,1.0,3.816506,-6.610897,-2.79439,3.816506,-6.444591,-2.628085,3.816506,-6.610897,-2.79439,3.816506,-6.444591,-2.628085,4.977581,2.0,publish
bybit_perp,LEVERUSDT,20231215,258,1.0,3.666878,-5.456782,-1.789904,3.666878,-5.101873,-1.434995,3.666878,-5.456782,-1.789904,3.666878,-5.101873,-1.434995,4.121143,2.0,publish
bybit_perp,LEVERUSDT,20231218,228,1.0,4.03545,-5.193754,-1.158304,4.03545,-4.895477,-0.860027,4.03545,-5.193754,-1.158304,4.03545,-4.895477,-0.860027,5.463331,2.0,publish
bybit_perp,LEVERUSDT,20231221,1821,1.0,3.321045,-6.185553,-2.864508,3.321045,-5.240711,-1.919666,3.321045,-6.185553,-2.864508,3.321045,-5.240711,-1.919666,11.480212,2.0,publish
bybit_perp,LEVERUSDT,20231224,486,1.0,3.624441,-4.185134,-0.560693,3.624441,-2.974929,0.649512,3.624441,-4.185134,-0.560693,3.624441,-2.974929,0.649512,5.191371,2.0,publish
bybit_perp,LEVERUSDT,20231227,12947,1.0,2.933209,-3.893321,-0.960111,2.933209,-3.376008,-0.442799,2.933209,-3.893321,-0.960111,2.933209,-3.376008,-0.442799,20.135901,2.0,publish
bybit_perp,LEVERUSDT,20231230,1934,1.0,2.769458,-4.787795,-2.018338,2.769458,-5.162044,-2.392586,2.769458,-4.787795,-2.018338,2.769458,-5.162044,-2.392586,5.540366,2.0,publish
bybit_perp,LEVERUSDT,20240102,1923,1.0,3.08152,-5.328772,-2.247253,3.08152,-5.032283,-1.950764,3.08152,-5.328772,-2.247253,3.08152,-5.032283,-1.950764,7.357164,2.0,publish
bybit_perp,LEVERUSDT,20240105,1876,1.0,3.501068,-6.437191,-2.936123,3.501068,-7.634081,-4.133014,3.501068,-6.437191,-2.936123,3.501068,-7.634081,-4.133014,6.848118,2.0,publish
bybit_perp,LEVERUSDT,20240108,1613,1.0,3.829832,-5.520442,-1.690611,3.829832,-4.558008,-0.728177,3.829832,-5.520442,-1.690611,3.829832,-4.558008,-0.728177,7.145846,2.0,publish
bybit_perp,LEVERUSDT,20240111,1349,1.0,3.469334,-5.494081,-2.024747,3.469334,-6.425657,-2.956324,3.469334,-5.494081,-2.024747,3.469334,-6.425657,-2.956324,7.449147,2.0,publish
bybit_perp,LEVERUSDT,20240114,795,1.0,3.650089,-5.911715,-2.261627,3.650089,-6.530838,-2.880749,3.650089,-5.911715,-2.261627,3.650089,-6.530838,-2.880749,4.545295,2.0,publish
bybit_perp,LEVERUSDT,20240117,593,1.0,3.511548,-4.561504,-1.049956,3.511548,-4.760435,-1.248887,3.511548,-4.561504,-1.049956,3.511548,-4.760435,-1.248887,4.009207,2.0,publish
bybit_perp,LEVERUSDT,20240120,425,1.0,3.665918,-4.879631,-1.213714,3.665918,-4.761881,-1.095963,3.665918,-4.879631,-1.213714,3.665918,-4.761881,-1.095963,3.823392,2.0,publish
bybit_perp,LEVERUSDT,20240123,741,1.0,3.984889,-5.422836,-1.437947,3.984889,-4.085049,-0.10016,3.984889,-5.422836,-1.437947,3.984889,-4.085049,-0.10016,6.793844,2.0,publish
bybit_perp,LEVERUSDT,20240126,399,1.0,3.835841,-5.063889,-1.228048,3.835841,-5.470046,-1.634205,3.835841,-5.063889,-1.228048,3.835841,-5.470046,-1.634205,3.467295,2.0,publish
bybit_perp,LEVERUSDT,20240129,248,1.0,3.727224,-4.494733,-0.767508,3.727224,-4.517035,-0.789811,3.727224,-4.494733,-0.767508,3.727224,-4.517035,-0.789811,3.291403,2.0,publish
bybit_perp,LEVERUSDT,20240201,304,1.0,3.857347,-5.062364,-1.205018,3.857347,-4.801964,-0.944617,3.857347,-5.062364,-1.205018,3.857347,-4.801964,-0.944617,3.831721,2.0,publish
bybit_perp,LEVERUSDT,20240204,244,1.0,3.745279,-4.789002,-1.043724,3.745279,-3.592205,0.153074,3.745279,-4.789002,-1.043724,3.745279,-3.592205,0.153074,3.598262,2.0,publish
bybit_perp,LEVERUSDT,20240207,474,1.0,3.637545,-4.982423,-1.344878,3.637545,-3.292354,0.345191,3.637545,-4.982423,-1.344878,3.637545,-3.292354,0.345191,4.132497,2.0,publish
bybit_perp,LEVERUSDT,20240210,370,1.0,3.466662,-4.928992,-1.46233,3.466662,-4.445256,-0.978594,3.466662,-4.928992,-1.46233,3.466662,-4.445256,-0.978594,3.11911,2.0,publish
bybit_perp,LEVERUSDT,20240213,485,1.0,3.541435,-4.750343,-1.208908,3.541435,-6.252669,-2.711234,3.541435,-4.750343,-1.208908,3.541435,-6.252669,-2.711234,3.882569,2.0,publish
bybit_perp,LEVERUSDT,20240216,1114,1.0,3.125653,-5.153516,-2.027864,3.125653,-5.530417,-2.404764,3.125653,-5.153516,-2.027864,3.125653,-5.530417,-2.404764,6.2124,2.0,publish
bybit_perp,LEVERUSDT,20240219,1398,1.0,2.923427,-4.350377,-1.42695,2.923427,-3.181458,-0.258031,2.923427,-4.350377,-1.42695,2.923427,-3.181458,-0.258031,6.517199,2.0,publish
bybit_perp,LEVERUSDT,20240222,1467,1.0,3.033631,-5.655072,-2.621441,3.033631,-5.368018,-2.334387,3.033631,-5.655072,-2.621441,3.033631,-5.368018,-2.334387,7.350339,2.0,publish
bybit_perp,LEVERUSDT,20240225,1043,1.0,2.805127,-4.699662,-1.894535,2.805127,-5.050082,-2.244955,2.805127,-4.699662,-1.894535,2.805127,-5.050082,-2.244955,5.262224,2.0,publish
bybit_perp,LEVERUSDT,20240228,3149,1.0,3.384493,-7.003027,-3.618534,3.384493,-4.774245,-1.389752,3.384493,-7.003027,-3.618534,3.384493,-4.774245,-1.389752,12.592812,2.0,publish
bybit_perp,LEVERUSDT,20240302,1903,1.0,2.51083,-4.961599,-2.450769,2.51083,-4.153234,-1.642403,2.51083,-4.961599,-2.450769,2.51083,-4.153234,-1.642403,7.891119,2.0,publish
bybit_perp,LEVERUSDT,20240305,7237,1.0,3.501372,-5.963076,-2.461704,3.501372,-6.813747,-3.312375,3.501372,-5.963076,-2.461704,3.501372,-6.813747,-3.312375,18.594971,2.0,publish
bybit_perp,LEVERUSDT,20240308,4091,1.0,3.04931,-4.546389,-1.497079,3.04931,-4.721114,-1.671804,3.04931,-4.546389,-1.497079,3.04931,-4.721114,-1.671804,14.841788,2.0,publish
bybit_perp,LEVERUSDT,20240311,2755,1.0,2.28042,-4.640385,-2.359965,2.28042,-2.512085,-0.231664,2.28042,-4.640385,-2.359965,2.28042,-2.512085,-0.231664,9.08418,2.0,publish
bybit_perp,LEVERUSDT,20240314,2211,1.0,2.225542,-3.472804,-1.247262,2.225542,-3.947662,-1.72212,2.225542,-3.472804,-1.247262,2.225542,-3.947662,-1.72212,7.252167,2.0,publish
bybit_perp,LEVERUSDT,20240317,1612,1.0,2.377969,-4.285934,-1.907965,2.377969,-4.393101,-2.015132,2.377969,-4.285934,-1.907965,2.377969,-4.393101,-2.015132,6.658349,2.0,publish
bybit_perp,LEVERUSDT,20240320,1595,1.0,2.737136,-4.682057,-1.94492,2.737136,-4.424301,-1.687165,2.737136,-4.682057,-1.94492,2.737136,-4.424301,-1.687165,8.259245,2.0,publish
bybit_perp,LEVERUSDT,20240323,985,1.0,2.277127,-4.464774,-2.187648,2.277127,-4.574571,-2.297444,2.277127,-4.464774,-2.187648,2.277127,-4.574571,-2.297444,4.882936,2.0,publish
bybit_perp,LEVERUSDT,20240326,1818,1.0,2.255888,-4.469266,-2.213378,2.255888,-4.702684,-2.446796,2.255888,-4.469266,-2.213378,2.255888,-4.702684,-2.446796,6.836025,2.0,publish
bybit_perp,LEVERUSDT,20240329,1864,1.0,2.231757,-4.640327,-2.40857,2.231757,-4.79732,-2.565563,2.231757,-4.640327,-2.40857,2.231757,-4.79732,-2.565563,7.375113,2.0,publish
bybit_perp,LEVERUSDT,20240401,2271,1.0,2.824984,-5.645705,-2.820721,2.824984,-6.072455,-3.247471,2.824984,-5.645705,-2.820721,2.824984,-6.072455,-3.247471,8.698936,2.0,publish
bybit_perp,LEVERUSDT,20240404,10814,1.0,2.307432,-3.880689,-1.573256,2.307432,-2.101603,0.205829,2.307432,-3.880689,-1.573256,2.307432,-2.101603,0.205829,15.156466,2.0,publish
bybit_perp,LEVERUSDT,20240407,13784,1.0,1.865204,-3.112784,-1.24758,1.865204,-2.848808,-0.983604,1.865204,-3.112784,-1.24758,1.865204,-2.848808,-0.983604,12.239309,2.0,publish
bybit_perp,LEVERUSDT,20240410,6855,1.0,2.04312,-3.868052,-1.824933,2.04312,-4.599265,-2.556146,2.04312,-3.868052,-1.824933,2.04312,-4.599265,-2.556146,9.080247,2.0,publish
bybit_perp,LEVERUSDT,20240413,12997,1.0,2.832421,-4.651453,-1.819032,2.832421,-4.742226,-1.909805,2.832421,-4.651453,-1.819032,2.832421,-4.742226,-1.909805,18.143573,2.0,publish
bybit_perp,LEVERUSDT,20240416,3332,1.0,2.191265,-4.156554,-1.965289,2.191265,-3.87533,-1.684065,2.191265,-4.156554,-1.965289,2.191265,-3.87533,-1.684065,9.535322,2.0,publish
bybit_perp,LEVERUSDT,20240419,2655,1.0,2.173208,-4.213673,-2.040466,2.173208,-4.334678,-2.16147,2.173208,-4.213673,-2.040466,2.173208,-4.334678,-2.16147,8.330297,2.0,publish
bybit_perp,LEVERUSDT,20240422,5084,1.0,2.029189,-3.277694,-1.248505,2.029189,-3.015728,-0.98654,2.029189,-3.277694,-1.248505,2.029189,-3.015728,-0.98654,11.105418,2.0,publish
bybit_perp,LEVERUSDT,20240425,6868,1.0,1.966928,-3.335238,-1.36831,1.966928,-2.736804,-0.769876,1.966928,-3.335238,-1.36831,1.966928,-2.736804,-0.769876,11.375501,2.0,publish
bybit_perp,LEVERUSDT,20240428,6628,1.0,1.584799,-2.827533,-1.242734,1.584799,-3.0352,-1.450401,1.584799,-2.827533,-1.242734,1.584799,-3.0352,-1.450401,8.015576,2.0,publish
bybit_perp,LEVERUSDT,20240501,7038,1.0,1.98192,-3.397107,-1.415186,1.98192,-4.345044,-2.363123,1.98192,-3.397107,-1.415186,1.98192,-4.345044,-2.363123,12.091787,2.0,publish
bybit_perp,LEVERUSDT,20240504,8326,1.0,1.497502,-2.804615,-1.307113,1.497502,-2.833457,-1.335955,1.497502,-2.804615,-1.307113,1.497502,-2.833457,-1.335955,8.517082,2.0,publish
bybit_perp,LEVERUSDT,20240507,6871,1.0,1.739064,-3.361311,-1.622247,1.739064,-3.295062,-1.555998,1.739064,-3.361311,-1.622247,1.739064,-3.295062,-1.555998,9.259264,2.0,publish
bybit_perp,LEVERUSDT,20240510,5531,1.0,1.738162,-3.048775,-1.310613,1.738162,-2.520032,-0.781871,1.738162,-3.048775,-1.310613,1.738162,-2.520032,-0.781871,7.74517,2.0,publish
bybit_perp,LEVERUSDT,20240513,3534,1.0,1.83903,-3.273393,-1.434363,1.83903,-3.728256,-1.889226,1.83903,-3.273393,-1.434363,1.83903,-3.728256,-1.889226,6.833321,2.0,publish
bybit_perp,LEVERUSDT,20240516,2699,1.0,1.72275,-3.58053,-1.85778,1.72275,-3.244657,-1.521906,1.72275,-3.58053,-1.85778,1.72275,-3.244657,-1.521906,6.117737,2.0,publish
bybit_perp,LEVERUSDT,20240519,1698,1.0,1.629025,-2.803904,-1.17488,1.629025,-2.454229,-0.825205,1.629025,-2.803904,-1.17488,1.629025,-2.454229,-0.825205,3.763785,2.0,publish
bybit_perp,LEVERUSDT,20240522,1581,1.0,1.749809,-3.105566,-1.355757,1.749809,-3.712018,-1.96221,1.749809,-3.105566,-1.355757,1.749809,-3.712018,-1.96221,5.602322,2.0,publish
bybit_perp,LEVERUSDT,20240525,2012,1.0,1.446309,-2.665447,-1.219139,1.446309,-2.775628,-1.32932,1.446309,-2.665447,-1.219139,1.446309,-2.775628,-1.32932,3.521175,2.0,publish
bybit_perp,LEVERUSDT,20240528,3526,1.0,1.523233,-3.397364,-1.874131,1.523233,-3.744326,-2.221093,1.523233,-3.397364,-1.874131,1.523233,-3.744326,-2.221093,8.05142,2.0,publish
bybit_perp,LEVERUSDT,20240531,2241,1.0,1.446632,-2.424121,-0.977489,1.446632,-2.778309,-1.331677,1.446632,-2.424121,-0.977489,1.446632,-2.778309,-1.331677,4.393862,2.0,publish
bybit_perp,LEVERUSDT,20240603,1020,1.0,1.458647,-2.994699,-1.536053,1.458647,-3.903006,-2.444359,1.458647,-2.994699,-1.536053,1.458647,-3.903006,-2.444359,3.810027,2.0,publish
bybit_perp,LEVERUSDT,20240606,915,1.0,1.468215,-3.120712,-1.652496,1.468215,-3.627252,-2.159037,1.468215,-3.120712,-1.652496,1.468215,-3.627252,-2.159037,3.037466,2.0,publish
bybit_perp,LEVERUSDT,20240609,3147,1.0,1.684411,-3.690639,-2.006228,1.684411,-3.109996,-1.425584,1.684411,-3.690639,-2.006228,1.684411,-3.109996,-1.425584,8.896147,2.0,publish
bybit_perp,LEVERUSDT,20240612,21149,1.0,2.703791,-3.230731,-0.52694,2.703791,0.789765,3.493556,2.703791,-3.230731,-0.52694,2.703791,0.789765,3.493556,21.791366,2.0,publish
bybit_perp,LEVERUSDT,20240615,4642,1.0,2.028446,-3.493281,-1.464835,2.028446,-3.198658,-1.170212,2.028446,-3.493281,-1.464835,2.028446,-3.198658,-1.170212,6.586975,2.0,publish
bybit_perp,LEVERUSDT,20240618,6334,1.0,2.744847,-5.339583,-2.594736,2.744847,-4.710884,-1.966037,2.744847,-5.339583,-2.594736,2.744847,-4.710884,-1.966037,12.235377,2.0,publish
bybit_perp,LEVERUSDT,20240621,2382,1.0,2.392465,-4.483911,-2.091446,2.392465,-4.480184,-2.087719,2.392465,-4.483911,-2.091446,2.392465,-4.480184,-2.087719,6.093741,2.0,publish
bybit_perp,LEVERUSDT,20240624,3355,1.0,2.606475,-4.832543,-2.226068,2.606475,-4.893654,-2.287179,2.606475,-4.832543,-2.226068,2.606475,-4.893654,-2.287179,7.781978,2.0,publish
bybit_perp,LEVERUSDT,20240627,4622,1.0,2.48012,-4.112438,-1.632318,2.48012,-4.447428,-1.967308,2.48012,-4.112438,-1.632318,2.48012,-4.447428,-1.967308,8.551257,2.0,publish
bybit_perp,LEVERUSDT,20240630,3359,1.0,2.036702,-3.642082,-1.605381,2.036702,-3.214275,-1.177574,2.036702,-3.642082,-1.605381,2.036702,-3.214275,-1.177574,6.311044,2.0,publish
bybit_perp,LEVERUSDT,20240703,1980,1.0,2.087363,-3.90335,-1.815987,2.087363,-5.148854,-3.061491,2.087363,-3.90335,-1.815987,2.087363,-5.148854,-3.061491,5.512803,2.0,publish
bybit_perp,LEVERUSDT,20240706,1941,1.0,2.414697,-4.54573,-2.131033,2.414697,-4.278695,-1.863999,2.414697,-4.54573,-2.131033,2.414697,-4.278695,-1.863999,7.20151,2.0,publish
bybit_perp,LEVERUSDT,20240709,1340,1.0,2.264896,-4.150349,-1.885454,2.264896,-4.282564,-2.017668,2.264896,-4.150349,-1.885454,2.264896,-4.282564,-2.017668,5.045236,2.0,publish
bybit_perp,LEVERUSDT,20240712,737,1.0,2.257255,-3.191466,-0.93421,2.257255,-2.877235,-0.61998,2.257255,-3.191466,-0.93421,2.257255,-2.877235,-0.61998,4.591983,2.0,publish
bybit_perp,LEVERUSDT,20240715,810,1.0,2.128217,-3.994304,-1.866087,2.128217,-3.480998,-1.352781,2.128217,-3.994304,-1.866087,2.128217,-3.480998,-1.352781,4.870964,2.0,publish
bybit_perp,LEVERUSDT,20240718,456,1.0,2.078838,-3.828571,-1.749732,2.078838,-3.369677,-1.290839,2.078838,-3.828571,-1.749732,2.078838,-3.369677,-1.290839,4.407767,2.0,publish
bybit_perp,LEVERUSDT,20240721,951,1.0,2.139448,-3.48703,-1.347582,2.139448,-3.127329,-0.98788,2.139448,-3.48703,-1.347582,2.139448,-3.127329,-0.98788,5.194894,2.0,publish
bybit_perp,LEVERUSDT,20240724,433,1.0,2.31061,-4.082443,-1.771833,2.31061,-4.271731,-1.961122,2.31061,-4.082443,-1.771833,2.31061,-4.271731,-1.961122,3.847056,2.0,publish
bybit_perp,LEVERUSDT,20240727,447,1.0,2.269636,-3.587301,-1.317665,2.269636,-4.141137,-1.871502,2.269636,-3.587301,-1.317665,2.269636,-4.141137,-1.871502,3.701689,2.0,publish
bybit_perp,LEVERUSDT,20240730,594,1.0,2.355631,-4.02204,-1.666409,2.355631,-4.251028,-1.895397,2.355631,-4.02204,-1.666409,2.355631,-4.251028,-1.895397,4.047297,2.0,publish
bybit_perp,LEVERUSDT,20240802,1449,1.0,2.583465,-4.686292,-2.102827,2.583465,-4.844516,-2.261051,2.583465,-4.686292,-2.102827,2.583465,-4.844516,-2.261051,6.74782,2.0,publish
bybit_perp,LEVERUSDT,20240805,5181,1.0,4.635037,-4.980281,-0.345244,4.635037,-4.38983,0.245207,4.635037,-4.980281,-0.345244,4.635037,-4.38983,0.245207,17.383545,2.0,publish
bybit_perp,LEVERUSDT,20240808,1015,1.0,3.020972,-4.834545,-1.813573,3.020972,-4.901592,-1.88062,3.020972,-4.834545,-1.813573,3.020972,-4.901592,-1.88062,6.256008,2.0,publish
bybit_perp,LEVERUSDT,20240811,544,1.0,2.990452,-4.743442,-1.752989,2.990452,-4.716241,-1.725788,2.990452,-4.743442,-1.752989,2.990452,-4.716241,-1.725788,4.60442,2.0,publish
bybit_perp,LEVERUSDT,20240814,433,1.0,2.934024,-4.300422,-1.366399,2.934024,-4.603217,-1.669193,2.934024,-4.300422,-1.366399,2.934024,-4.603217,-1.669193,4.578257,2.0,publish
bybit_perp,LEVERUSDT,20240817,204,1.0,3.15458,-5.312601,-2.158021,3.15458,-4.381529,-1.226948,3.15458,-5.312601,-2.158021,3.15458,-4.381529,-1.226948,4.003208,2.0,publish
bybit_perp,LEVERUSDT,20240820,1117,1.0,2.739851,-4.6909,-1.951048,2.739851,-4.609964,-1.870113,2.739851,-4.6909,-1.951048,2.739851,-4.609964,-1.870113,5.969696,2.0,publish
bybit_perp,LEVERUSDT,20240823,2210,1.0,2.638799,-4.98758,-2.348781,2.638799,-4.492195,-1.853396,2.638799,-4.98758,-2.348781,2.638799,-4.492195,-1.853396,7.312032,2.0,publish
bybit_perp,LEVERUSDT,20240826,948,1.0,2.504777,-4.34119,-1.836413,2.504777,-3.869905,-1.365128,2.504777,-4.34119,-1.836413,2.504777,-3.869905,-1.365128,5.054615,2.0,publish
bybit_perp,LEVERUSDT,20240829,1342,1.0,3.010767,-5.342864,-2.332098,3.010767,-7.388537,-4.37777,3.010767,-5.342864,-2.332098,3.010767,-7.388537,-4.37777,6.542784,2.0,publish
bybit_perp,LEVERUSDT,20240901,2371,1.0,2.871231,-5.133324,-2.262093,2.871231,-5.108101,-2.23687,2.871231,-5.133324,-2.262093,2.871231,-5.108101,-2.23687,7.802936,2.0,publish
bybit_perp,LEVERUSDT,20240904,1616,1.0,3.115624,-4.986411,-1.870787,3.115624,-6.608545,-3.492921,3.115624,-4.986411,-1.870787,3.115624,-6.608545,-3.492921,6.762396,2.0,publish
bybit_perp,LEVERUSDT,20240907,607,1.0,2.869068,-4.393729,-1.524661,2.869068,-3.910964,-1.041896,2.869068,-4.393729,-1.524661,2.869068,-3.910964,-1.041896,3.932574,2.0,publish
bybit_perp,LEVERUSDT,20240910,825,1.0,2.695534,-3.954592,-1.259059,2.695534,-4.493903,-1.798369,2.695534,-3.954592,-1.259059,2.695534,-4.493903,-1.798369,4.338026,2.0,publish
bybit_perp,LEVERUSDT,20240913,618,1.0,2.638817,-3.895626,-1.256808,2.638817,-4.18582,-1.547003,2.638817,-3.895626,-1.256808,2.638817,-4.18582,-1.547003,3.664219,2.0,publish
bybit_perp,LEVERUSDT,20240916,641,1.0,2.785614,-4.612061,-1.826447,2.785614,-4.58493,-1.799316,2.785614,-4.612061,-1.826447,2.785614,-4.58493,-1.799316,4.186058,2.0,publish
bybit_perp,LEVERUSDT,20240919,443,1.0,2.746718,-4.306079,-1.559361,2.746718,-3.518111,-0.771394,2.746718,-4.306079,-1.559361,2.746718,-3.518111,-0.771394,4.159466,2.0,publish
bybit_perp,LEVERUSDT,20240922,883,1.0,2.829471,-4.874991,-2.045521,2.829471,-4.710179,-1.880708,2.829471,-4.874991,-2.045521,2.829471,-4.710179,-1.880708,5.853583,2.0,publish
bybit_perp,LEVERUSDT,20240925,655,1.0,3.080553,-4.455775,-1.375223,3.080553,-4.698924,-1.618372,3.080553,-4.455775,-1.375223,3.080553,-4.698924,-1.618372,3.996377,2.0,publish
bybit_perp,LEVERUSDT,20240928,502,1.0,2.509737,-4.470102,-1.960364,2.509737,-4.088956,-1.579219,2.509737,-4.470102,-1.960364,2.509737,-4.088956,-1.579219,4.035008,2.0,publish
bybit_perp,LEVERUSDT,20241001,970,1.0,3.929298,-5.042961,-1.113664,3.929298,-4.156727,-0.227429,3.929298,-5.042961,-1.113664,3.929298,-4.156727,-0.227429,7.290057,2.0,publish
bybit_perp,LEVERUSDT,20241004,352,1.0,3.135227,-5.311316,-2.176088,3.135227,-4.194154,-1.058927,3.135227,-5.311316,-2.176088,3.135227,-4.194154,-1.058927,4.86644,2.0,publish
bybit_perp,LEVERUSDT,20241007,578,1.0,3.494891,-5.528309,-2.033418,3.494891,-5.818139,-2.323248,3.494891,-5.528309,-2.033418,3.494891,-5.818139,-2.323248,5.492411,2.0,publish
bybit_perp,LEVERUSDT,20241010,371,1.0,3.280698,-4.918337,-1.637639,3.280698,-5.178732,-1.898034,3.280698,-4.918337,-1.637639,3.280698,-5.178732,-1.898034,4.801283,2.0,publish
bybit_perp,LEVERUSDT,20241013,214,1.0,2.992247,-4.465795,-1.473548,2.992247,-5.251882,-2.259634,2.992247,-4.465795,-1.473548,2.992247,-5.251882,-2.259634,3.899144,2.0,publish
bybit_perp,LEVERUSDT,20241016,262,1.0,3.120732,-4.876257,-1.755525,3.120732,-4.53292,-1.412188,3.120732,-4.876257,-1.755525,3.120732,-4.53292,-1.412188,4.776453,2.0,publish
bybit_perp,LEVERUSDT,20241019,204,1.0,2.724402,-3.230669,-0.506267,2.724402,-3.845042,-1.12064,2.724402,-3.230669,-0.506267,2.724402,-3.845042,-1.12064,2.95953,2.0,publish
bybit_perp,LEVERUSDT,20241022,739,1.0,3.331318,-5.858367,-2.527049,3.331318,-7.244247,-3.912928,3.331318,-5.858367,-2.527049,3.331318,-7.244247,-3.912928,5.622521,2.0,publish
bybit_perp,LEVERUSDT,20241025,610,1.0,5.064126,-7.328646,-2.26452,5.064126,-7.103349,-2.039224,5.064126,-7.328646,-2.26452,5.064126,-7.103349,-2.039224,6.656365,2.0,publish
bybit_perp,LEVERUSDT,20241028,304,1.0,3.286394,-5.112012,-1.825617,3.286394,-4.243221,-0.956827,3.286394,-5.112012,-1.825617,3.286394,-4.243221,-0.956827,4.811571,2.0,publish
bybit_perp,LEVERUSDT,20241031,204,1.0,3.166224,-4.896356,-1.730132,3.166224,-4.911309,-1.745085,3.166224,-4.896356,-1.730132,3.166224,-4.911309,-1.745085,4.046175,2.0,publish
bybit_perp,LEVERUSDT,20241103,272,1.0,3.521426,-5.237038,-1.715612,3.521426,-4.910804,-1.389378,3.521426,-5.237038,-1.715612,3.521426,-4.910804,-1.389378,5.360779,2.0,publish
bybit_perp,LEVERUSDT,20241106,466,1.0,3.63353,-6.076893,-2.443364,3.63353,-6.327953,-2.694423,3.63353,-6.076893,-2.443364,3.63353,-6.327953,-2.694423,6.023201,2.0,publish
bybit_perp,LEVERUSDT,20241109,363,1.0,2.967488,-4.863535,-1.896046,2.967488,-4.453628,-1.48614,2.967488,-4.863535,-1.896046,2.967488,-4.453628,-1.48614,4.335595,2.0,publish
bybit_perp,LEVERUSDT,20241112,1512,1.0,4.743416,-5.474928,-0.731512,4.743416,-5.492944,-0.749528,4.743416,-5.474928,-0.731512,4.743416,-5.492944,-0.749528,9.795548,2.0,publish
bybit_perp,LEVERUSDT,20241115,547,1.0,3.496207,-5.152465,-1.656259,3.496207,-6.021993,-2.525786,3.496207,-5.152465,-1.656259,3.496207,-6.021993,-2.525786,6.106926,2.0,publish
bybit_perp,LEVERUSDT,20241118,656,1.0,3.501417,-5.609175,-2.107758,3.501417,-5.29446,-1.793043,3.501417,-5.609175,-2.107758,3.501417,-5.29446,-1.793043,6.073796,2.0,publish
bybit_perp,LEVERUSDT,20241121,672,1.0,3.675684,-5.164222,-1.488538,3.675684,-5.952341,-2.276658,3.675684,-5.164222,-1.488538,3.675684,-5.952341,-2.276658,6.60113,2.0,publish
bybit_perp,LEVERUSDT,20241124,1170,1.0,3.901952,-5.007139,-1.105187,3.901952,-6.355662,-2.453709,3.901952,-5.007139,-1.105187,3.901952,-6.355662,-2.453709,8.537775,2.0,publish
bybit_perp,LEVERUSDT,20241127,1041,1.0,3.372563,-5.192783,-1.82022,3.372563,-6.028556,-2.655993,3.372563,-5.192783,-1.82022,3.372563,-6.028556,-2.655993,6.542443,2.0,publish
bybit_perp,LEVERUSDT,20241130,878,1.0,2.923646,-4.442633,-1.518987,2.923646,-4.800682,-1.877037,2.923646,-4.442633,-1.518987,2.923646,-4.800682,-1.877037,5.295991,2.0,publish
bybit_perp,LEVERUSDT,20241203,1849,1.0,3.954439,-5.1685,-1.214061,3.954439,-4.297577,-0.343138,3.954439,-5.1685,-1.214061,3.954439,-4.297577,-0.343138,9.356556,2.0,publish
bybit_perp,LEVERUSDT,20241206,987,1.0,3.241275,-5.250259,-2.008984,3.241275,-6.458881,-3.217607,3.241275,-5.250259,-2.008984,3.241275,-6.458881,-3.217607,6.060515,2.0,publish
bybit_perp,LEVERUSDT,20241209,1693,1.0,6.080246,-12.169919,-6.089673,6.080246,-26.848613,-20.768368,6.080246,-12.169919,-6.089673,6.080246,-26.848613,-20.768368,13.120564,2.0,publish
bybit_perp,LEVERUSDT,20241212,1130,1.0,3.762894,-7.044253,-3.281359,3.762894,-5.008563,-1.245669,3.762894,-7.044253,-3.281359,3.762894,-5.008563,-1.245669,6.754475,2.0,publish
bybit_perp,LEVERUSDT,20241215,860,1.0,3.430422,-5.496966,-2.066544,3.430422,-6.976411,-3.545989,3.430422,-5.496966,-2.066544,3.430422,-6.976411,-3.545989,5.168706,2.0,publish
bybit_perp,LEVERUSDT,20241218,1292,1.0,5.832448,-7.458413,-1.625965,5.832448,-5.971098,-0.13865,5.832448,-7.458413,-1.625965,5.832448,-5.971098,-0.13865,9.285299,2.0,publish
bybit_perp,LEVERUSDT,20241221,951,1.0,4.09819,-6.279608,-2.181418,4.09819,-6.124205,-2.026015,4.09819,-6.279608,-2.181418,4.09819,-6.124205,-2.026015,7.002961,2.0,publish
bybit_perp,LEVERUSDT,20241224,650,1.0,3.807067,-5.698655,-1.891588,3.807067,-7.413663,-3.606596,3.807067,-5.698655,-1.891588,3.807067,-7.413663,-3.606596,4.661555,2.0,publish
bybit_perp,LEVERUSDT,20241227,535,1.0,4.208394,-5.206552,-0.998157,4.208394,-5.743523,-1.535129,4.208394,-5.206552,-0.998157,4.208394,-5.743523,-1.535129,4.967856,2.0,publish
bybit_perp,LEVERUSDT,20241230,782,1.0,3.90585,-5.338243,-1.432394,3.90585,-6.268985,-2.363136,3.90585,-5.338243,-1.432394,3.90585,-6.268985,-2.363136,5.667594,2.0,publish
bybit_perp,LEVERUSDT,20250102,422,1.0,3.27575,-4.745659,-1.46991,3.27575,-4.382411,-1.106661,3.27575,-4.745659,-1.46991,3.27575,-4.382411,-1.106661,4.115151,2.0,publish
bybit_perp,LEVERUSDT,20250105,621,1.0,3.460774,-4.514425,-1.053651,3.460774,-4.556743,-1.095969,3.460774,-4.514425,-1.053651,3.460774,-4.556743,-1.095969,4.500181,2.0,publish
bybit_perp,LEVERUSDT,20250108,921,1.0,3.946945,-5.590051,-1.643105,3.946945,-6.323549,-2.376603,3.946945,-5.590051,-1.643105,3.946945,-6.323549,-2.376603,5.987851,2.0,publish
bybit_perp,LEVERUSDT,20250111,415,1.0,3.299693,-4.525703,-1.22601,3.299693,-5.307601,-2.007907,3.299693,-4.525703,-1.22601,3.299693,-5.307601,-2.007907,3.496568,2.0,publish
bybit_perp,LEVERUSDT,20250114,561,1.0,3.599461,-6.567087,-2.967626,3.599461,-8.188948,-4.589486,3.599461,-6.567087,-2.967626,3.599461,-8.188948,-4.589486,4.922501,2.0,publish
bybit_perp,LEVERUSDT,20250117,514,1.0,3.103833,-5.828832,-2.724999,3.103833,-5.853948,-2.750115,3.103833,-5.828832,-2.724999,3.103833,-5.853948,-2.750115,4.295965,2.0,publish
bybit_perp,LEVERUSDT,20250120,2295,1.0,4.930578,-7.21222,-2.281642,4.930578,-7.097818,-2.16724,4.930578,-7.21222,-2.281642,4.930578,-7.097818,-2.16724,10.843135,2.0,publish
bybit_perp,LEVERUSDT,20250123,670,1.0,3.921895,-7.089468,-3.167573,3.921895,-8.717464,-4.795569,3.921895,-7.089468,-3.167573,3.921895,-8.717464,-4.795569,5.868839,2.0,publish
bybit_perp,LEVERUSDT,20250126,238,1.0,3.24757,-5.514866,-2.267296,3.24757,-5.742912,-2.495343,3.24757,-5.514866,-2.267296,3.24757,-5.742912,-2.495343,3.865116,2.0,publish
bybit_perp,LEVERUSDT,20250129,2111,1.0,3.848128,-6.560999,-2.71287,3.848128,-6.81969,-2.971561,3.848128,-6.560999,-2.71287,3.848128,-6.81969,-2.971561,9.859694,2.0,publish
bybit_perp,LEVERUSDT,20250201,1779,1.0,3.542529,-5.961955,-2.419427,3.542529,-6.404497,-2.861969,3.542529,-5.961955,-2.419427,3.542529,-6.404497,-2.861969,8.713434,2.0,publish
bybit_perp,LEVERUSDT,20250204,747,1.0,5.054481,-7.715773,-2.661293,5.054481,-9.400598,-4.346117,5.054481,-7.715773,-2.661293,5.054481,-9.400598,-4.346117,9.053669,2.0,publish
bybit_perp,LEVERUSDT,20250207,387,1.0,4.80829,-7.485115,-2.676825,4.80829,-7.123003,-2.314712,4.80829,-7.485115,-2.676825,4.80829,-7.123003,-2.314712,7.348684,2.0,publish
bybit_perp,LEVERUSDT,20250210,1493,1.0,4.292957,-7.605063,-3.312106,4.292957,-6.57439,-2.281433,4.292957,-7.605063,-3.312106,4.292957,-6.57439,-2.281433,10.43867,2.0,publish
bybit_perp,LEVERUSDT,20250213,698,1.0,3.777546,-6.766197,-2.988651,3.777546,-6.220492,-2.442946,3.777546,-6.766197,-2.988651,3.777546,-6.220492,-2.442946,6.436286,2.0,publish
bybit_perp,LEVERUSDT,20250216,396,1.0,3.752679,-6.159855,-2.407177,3.752679,-6.153783,-2.401105,3.752679,-6.159855,-2.407177,3.752679,-6.153783,-2.401105,4.668945,2.0,publish
bybit_perp,LEVERUSDT,20250219,480,1.0,3.823621,-5.640285,-1.816664,3.823621,-6.105582,-2.281961,3.823621,-5.640285,-1.816664,3.823621,-6.105582,-2.281961,4.615382,2.0,publish
bybit_perp,LEVERUSDT,20250222,423,1.0,3.94734,-7.317757,-3.370417,3.94734,-7.432073,-3.484734,3.94734,-7.317757,-3.370417,3.94734,-7.432073,-3.484734,5.828975,2.0,publish
bybit_perp,LEVERUSDT,20250225,486,1.0,4.960743,-9.459899,-4.499156,4.960743,-9.519196,-4.558453,4.960743,-9.459899,-4.499156,4.960743,-9.519196,-4.558453,9.332636,2.0,publish
bybit_perp,LEVERUSDT,20250228,205,1.0,4.739914,-6.937227,-2.197313,4.739914,-6.66249,-1.922576,4.739914,-6.937227,-2.197313,4.739914,-6.66249,-1.922576,7.769287,2.0,publish
bybit_perp,LEVERUSDT,20250303,519,1.0,4.388176,-6.481415,-2.093239,4.388176,-6.532691,-2.144516,4.388176,-6.481415,-2.093239,4.388176,-6.532691,-2.144516,8.585044,2.0,publish
bybit_perp,LEVERUSDT,20250306,137,1.0,4.641756,-7.119504,-2.477748,4.641756,-7.398926,-2.75717,4.641756,-7.119504,-2.477748,4.641756,-7.398926,-2.75717,5.609256,2.0,publish
bybit_perp,LEVERUSDT,20250309,184,1.0,5.467915,-7.996738,-2.528823,5.467915,-11.257668,-5.789753,5.467915,-7.996738,-2.528823,5.467915,-11.257668,-5.789753,7.139705,2.0,publish
bybit_perp,LEVERUSDT,20250312,117,1.0,6.089914,-8.314202,-2.224288,6.089914,-9.122173,-3.032259,6.089914,-8.314202,-2.224288,6.089914,-9.122173,-3.032259,7.474804,2.0,publish
bybit_perp,LEVERUSDT,20250315,156,1.0,5.462603,-9.563233,-4.100631,5.462603,-9.646837,-4.184234,5.462603,-9.563233,-4.100631,5.462603,-9.646837,-4.184234,5.306481,2.0,publish
bybit_perp,LEVERUSDT,20250318,86,1.0,5.429708,-7.796025,-2.366317,5.429708,-7.365494,-1.935786,5.429708,-7.796025,-2.366317,5.429708,-7.365494,-1.935786,5.867898,2.0,publish
bybit_perp,LEVERUSDT,20250321,468,1.0,0.792524,-4.422131,-3.629607,0.792524,-4.828884,-4.03636,0.792524,-4.422131,-3.629607,0.792524,-4.828884,-4.03636,4.512184,2.0,publish
bybit_perp,LEVERUSDT,20250324,1513,1.0,0.79672,-4.179696,-3.382976,0.79672,-4.978461,-4.181741,0.79672,-4.179696,-3.382976,0.79672,-4.978461,-4.181741,5.447297,2.0,publish
bybit_perp,LEVERUSDT,20250327,1224,1.0,0.755106,-4.58291,-3.827804,0.755106,-4.576395,-3.821288,0.755106,-4.58291,-3.827804,0.755106,-4.576395,-3.821288,5.253968,2.0,publish
bybit_perp,LEVERUSDT,20250330,1289,1.0,1.168935,-4.442726,-3.273791,1.168935,-6.609625,-5.44069,1.168935,-4.442726,-3.273791,1.168935,-6.609625,-5.44069,5.514889,2.0,publish
bybit_perp,LEVERUSDT,20250402,4743,1.0,2.159743,-5.846828,-3.687085,2.159743,-6.967123,-4.80738,2.159743,-5.846828,-3.687085,2.159743,-6.967123,-4.80738,13.860764,2.0,publish
bybit_perp,LEVERUSDT,20250405,1379,1.0,1.618824,-4.11645,-2.497626,1.618824,-3.370438,-1.751614,1.618824,-4.11645,-2.497626,1.618824,-3.370438,-1.751614,6.240445,2.0,publish
bybit_perp,LEVERUSDT,20250408,960,1.0,2.450212,-5.649822,-3.199611,2.450212,-5.197272,-2.74706,2.450212,-5.649822,-3.199611,2.450212,-5.197272,-2.74706,6.159138,2.0,publish
bybit_perp,LEVERUSDT,20250411,833,1.0,2.607786,-3.288147,-0.680362,2.607786,-3.193715,-0.58593,2.607786,-3.288147,-0.680362,2.607786,-3.193715,-0.58593,4.523601,2.0,publish
bybit_perp,LEVERUSDT,20250414,712,1.0,2.271312,-4.724697,-2.453385,2.271312,-4.565326,-2.294014,2.271312,-4.724697,-2.453385,2.271312,-4.565326,-2.294014,5.212186,2.0,publish
bybit_perp,LEVERUSDT,20250417,505,1.0,1.989901,-5.005524,-3.015623,1.989901,-5.563312,-3.573411,1.989901,-5.005524,-3.015623,1.989901,-5.563312,-3.573411,4.183928,2.0,publish
bybit_perp,LEVERUSDT,20250420,4405,1.0,2.774291,-7.384776,-4.610486,2.774291,-9.387691,-6.6134,2.774291,-7.384776,-4.610486,2.774291,-9.387691,-6.6134,17.594867,2.0,publish
bybit_perp,LEVERUSDT,20250423,1528,1.0,1.83227,-6.340964,-4.508695,1.83227,-7.084236,-5.251966,1.83227,-6.340964,-4.508695,1.83227,-7.084236,-5.251966,7.735207,2.0,publish
bybit_perp,LEVERUSDT,20250426,8102,1.0,1.588819,-4.276276,-2.687457,1.588819,-4.052496,-2.463677,1.588819,-4.276276,-2.687457,1.588819,-4.052496,-2.463677,17.76749,2.0,publish
bybit_perp,LEVERUSDT,20250429,2665,1.0,0.967066,-3.663597,-2.696531,0.967066,-3.136063,-2.168997,0.967066,-3.663597,-2.696531,0.967066,-3.136063,-2.168997,7.236999,2.0,publish
bybit_perp,LEVERUSDT,20250502,2190,1.0,1.086684,-4.155739,-3.069056,1.086684,-3.532744,-2.44606,1.086684,-4.155739,-3.069056,1.086684,-3.532744,-2.44606,6.625477,2.0,publish
bybit_perp,LEVERUSDT,20250505,2045,1.0,1.228332,-4.051218,-2.822887,1.228332,-4.295774,-3.067442,1.228332,-4.051218,-2.822887,1.228332,-4.295774,-3.067442,6.908672,2.0,publish
bybit_perp,LEVERUSDT,20250508,4692,1.0,1.509336,-3.849566,-2.34023,1.509336,-3.518945,-2.009609,1.509336,-3.849566,-2.34023,1.509336,-3.518945,-2.009609,9.863859,2.0,publish
bybit_perp,LEVERUSDT,20250511,2740,1.0,1.666399,-4.74584,-3.079441,1.666399,-6.571462,-4.905063,1.666399,-4.74584,-3.079441,1.666399,-6.571462,-4.905063,10.576157,2.0,publish
bybit_perp,LEVERUSDT,20250514,1157,1.0,1.794284,-4.28204,-2.487755,1.794284,-3.869887,-2.075603,1.794284,-4.28204,-2.487755,1.794284,-3.869887,-2.075603,7.18498,2.0,publish
bybit_perp,LEVERUSDT,20250517,963,1.0,2.267193,-5.062219,-2.795026,2.267193,-4.523369,-2.256176,2.267193,-5.062219,-2.795026,2.267193,-4.523369,-2.256176,7.333621,2.0,publish
bybit_perp,LEVERUSDT,20250520,731,1.0,2.09784,-5.487192,-3.389351,2.09784,-5.706469,-3.608628,2.09784,-5.487192,-3.389351,2.09784,-5.706469,-3.608628,5.816335,2.0,publish
bybit_perp,LEVERUSDT,20250523,867,1.0,3.379002,-6.065245,-2.686243,3.379002,-2.993622,0.38538,3.379002,-6.065245,-2.686243,3.379002,-2.993622,0.38538,6.479046,2.0,publish
bybit_perp,LEVERUSDT,20250526,1774,1.0,3.391053,-3.022228,0.368825,3.391053,5.335036,8.726088,3.391053,-3.022228,0.368825,3.391053,5.335036,8.726088,10.318094,2.0,publish
bybit_perp,LEVERUSDT,20250529,563,1.0,2.234966,-4.489698,-2.254732,2.234966,-5.044267,-2.809301,2.234966,-4.489698,-2.254732,2.234966,-5.044267,-2.809301,4.101177,2.0,publish
bybit_perp,LEVERUSDT,20250601,1488,1.0,4.186102,-7.887077,-3.700975,4.186102,-10.834211,-6.648109,4.186102,-7.887077,-3.700975,4.186102,-10.834211,-6.648109,9.633025,2.0,publish
bybit_perp,LEVERUSDT,20250604,552,1.0,1.945259,-4.516209,-2.57095,1.945259,-4.818096,-2.872837,1.945259,-4.516209,-2.57095,1.945259,-4.818096,-2.872837,3.89166,2.0,publish
bybit_perp,LEVERUSDT,20250607,377,1.0,2.146837,-4.15852,-2.011683,2.146837,-4.796962,-2.650125,2.146837,-4.15852,-2.011683,2.146837,-4.796962,-2.650125,3.297204,2.0,publish
bybit_perp,LEVERUSDT,20250610,811,1.0,2.349794,-4.773585,-2.423791,2.349794,-4.976197,-2.626404,2.349794,-4.773585,-2.423791,2.349794,-4.976197,-2.626404,5.283271,2.0,publish
bybit_perp,LEVERUSDT,20250613,802,1.0,2.675916,-6.063951,-3.388035,2.675916,-5.91148,-3.235564,2.675916,-6.063951,-3.388035,2.675916,-5.91148,-3.235564,6.22485,2.0,publish
bybit_perp,LEVERUSDT,20250616,600,1.0,1.51663,-4.946835,-3.430205,1.51663,-5.454184,-3.937554,1.51663,-4.946835,-3.430205,1.51663,-5.454184,-3.937554,4.202481,2.0,publish
bybit_perp,LEVERUSDT,20250619,407,1.0,2.298652,-4.136623,-1.837971,2.298652,-4.904006,-2.605354,2.298652,-4.136623,-1.837971,2.298652,-4.904006,-2.605354,3.169001,2.0,publish
bybit_perp,LEVERUSDT,20250622,599,1.0,3.948969,-6.550082,-2.601112,3.948969,-6.772752,-2.823783,3.948969,-6.550082,-2.601112,3.948969,-6.772752,-2.823783,6.896308,2.0,publish
bybit_perp,LEVERUSDT,20250625,677,1.0,2.896285,-3.311017,-0.414732,2.896285,-4.181271,-1.284986,2.896285,-3.311017,-0.414732,2.896285,-4.181271,-1.284986,4.361827,2.0,publish
bybit_perp,LEVERUSDT,20250628,3162,1.0,3.394247,-6.023862,-2.629615,3.394247,-3.252827,0.14142,3.394247,-6.023862,-2.629615,3.394247,-3.252827,0.14142,12.856235,2.0,publish
bybit_perp,LEVERUSDT,20250701,4562,1.0,2.816867,-4.649251,-1.832384,2.816867,-5.569951,-2.753084,2.816867,-4.649251,-1.832384,2.816867,-5.569951,-2.753084,21.918472,2.0,publish
bybit_perp,LINAUSDT,20230401,214,1.0,4.485287,-6.697609,-2.212322,4.485287,-6.024323,-1.539035,4.485287,-6.697609,-2.212322,4.485287,-6.024323,-1.539035,6.144562,2.0,publish
bybit_perp,LINAUSDT,20230404,2774,1.0,3.544398,-3.479857,0.064542,3.544398,-3.049696,0.494702,3.544398,-3.479857,0.064542,3.544398,-3.049696,0.494702,15.437262,2.0,publish
bybit_perp,LINAUSDT,20230407,1475,1.0,3.015178,-4.516228,-1.50105,3.015178,-3.977963,-0.962785,3.015178,-4.516228,-1.50105,3.015178,-3.977963,-0.962785,10.508048,2.0,publish
bybit_perp,LINAUSDT,20230410,1083,1.0,3.458288,-5.385844,-1.927556,3.458288,-4.479724,-1.021436,3.458288,-5.385844,-1.927556,3.458288,-4.479724,-1.021436,10.349713,2.0,publish
bybit_perp,LINAUSDT,20230413,207,1.0,3.645391,-2.919296,0.726095,3.645391,-0.334953,3.310437,3.645391,-2.919296,0.726095,3.645391,-0.334953,3.310437,5.608695,2.0,publish
bybit_perp,LINAUSDT,20230416,211,1.0,3.494134,-6.10918,-2.615045,3.494134,-4.278872,-0.784737,3.494134,-6.10918,-2.615045,3.494134,-4.278872,-0.784737,5.092901,2.0,publish
bybit_perp,LINAUSDT,20230419,738,1.0,3.939324,-8.328526,-4.389202,3.939324,-26.771677,-22.832353,3.939324,-8.328526,-4.389202,3.939324,-26.771677,-22.832353,7.068693,2.0,publish
bybit_perp,LINAUSDT,20230422,156,1.0,4.342436,-8.185877,-3.843441,4.342436,-6.399275,-2.056839,4.342436,-8.185877,-3.843441,4.342436,-6.399275,-2.056839,4.645963,2.0,publish
bybit_perp,LINAUSDT,20230425,255,1.0,4.414184,-5.102504,-0.68832,4.414184,-6.502835,-2.088651,4.414184,-5.102504,-0.68832,4.414184,-6.502835,-2.088651,5.834148,2.0,publish
bybit_perp,LINAUSDT,20230428,232,1.0,4.108421,-4.908651,-0.800231,4.108421,-5.729381,-1.620961,4.108421,-4.908651,-0.800231,4.108421,-5.729381,-1.620961,6.374462,2.0,publish
bybit_perp,LINAUSDT,20230501,386,1.0,4.236528,-4.332318,-0.09579,4.236528,-6.268442,-2.031914,4.236528,-4.332318,-0.09579,4.236528,-6.268442,-2.031914,5.922793,2.0,publish
bybit_perp,LINAUSDT,20230504,406,1.0,4.075936,-3.458677,0.617259,4.075936,-1.848583,2.227352,4.075936,-3.458677,0.617259,4.075936,-1.848583,2.227352,6.545296,2.0,publish
bybit_perp,LINAUSDT,20230507,65,1.0,4.400834,-4.332925,0.067909,4.400834,-4.928008,-0.527174,4.400834,-4.332925,0.067909,4.400834,-4.928008,-0.527174,4.667871,2.0,publish
bybit_perp,LINAUSDT,20230510,498,1.0,5.337031,-11.590518,-6.253488,5.337031,-7.557926,-2.220895,5.337031,-11.590518,-6.253488,5.337031,-7.557926,-2.220895,8.918894,2.0,publish
bybit_perp,LINAUSDT,20230513,116,1.0,5.255045,-8.522658,-3.267612,5.255045,-7.026189,-1.771143,5.255045,-8.522658,-3.267612,5.255045,-7.026189,-1.771143,5.517539,2.0,publish
bybit_perp,LINAUSDT,20230516,340,1.0,4.94184,-6.914066,-1.972225,4.94184,-5.550692,-0.608852,4.94184,-6.914066,-1.972225,4.94184,-5.550692,-0.608852,7.806966,2.0,publish
bybit_perp,LINAUSDT,20230519,192,1.0,4.806725,-7.381375,-2.57465,4.806725,-8.144349,-3.337624,4.806725,-7.381375,-2.57465,4.806725,-8.144349,-3.337624,5.404287,2.0,publish
bybit_perp,LINAUSDT,20230522,189,1.0,4.894742,-6.847928,-1.953186,4.894742,-6.38428,-1.489538,4.894742,-6.847928,-1.953186,4.894742,-6.38428,-1.489538,6.120592,2.0,publish
bybit_perp,LINAUSDT,20230525,124,1.0,4.699908,-5.608804,-0.908896,4.699908,-6.33119,-1.631281,4.699908,-5.608804,-0.908896,4.699908,-6.33119,-1.631281,4.923074,2.0,publish
bybit_perp,LINAUSDT,20230528,2960,1.0,3.793005,-3.74946,0.043546,3.793005,-3.849472,-0.056466,3.793005,-3.74946,0.043546,3.793005,-3.849472,-0.056466,15.718113,2.0,publish
bybit_perp,LINAUSDT,20230531,13200,1.0,2.277594,-3.357722,-1.080127,2.277594,-3.954193,-1.676598,2.277594,-3.357722,-1.080127,2.277594,-3.954193,-1.676598,18.427643,2.0,publish
bybit_perp,LINAUSDT,20230603,6063,1.0,2.68598,-4.012998,-1.327019,2.68598,-3.598094,-0.912114,2.68598,-4.012998,-1.327019,2.68598,-3.598094,-0.912114,13.062326,2.0,publish
bybit_perp,LINAUSDT,20230606,999,1.0,3.48773,-5.371016,-1.883286,3.48773,-5.320666,-1.832935,3.48773,-5.371016,-1.883286,3.48773,-5.320666,-1.832935,7.852737,2.0,publish
bybit_perp,LINAUSDT,20230609,669,1.0,3.98084,-5.32702,-1.346181,3.98084,-6.393661,-2.412821,3.98084,-5.32702,-1.346181,3.98084,-6.393661,-2.412821,6.630018,2.0,publish
bybit_perp,LINAUSDT,20230612,8696,1.0,3.515976,-4.450332,-0.934356,3.515976,-4.090086,-0.57411,3.515976,-4.450332,-0.934356,3.515976,-4.090086,-0.57411,18.813007,2.0,publish
bybit_perp,LINAUSDT,20230615,1869,1.0,3.56387,-3.981071,-0.417201,3.56387,-2.044926,1.518943,3.56387,-3.981071,-0.417201,3.56387,-2.044926,1.518943,10.118048,2.0,publish
bybit_perp,LINAUSDT,20230618,546,1.0,3.939611,-5.064263,-1.124652,3.939611,-8.913012,-4.973401,3.939611,-5.064263,-1.124652,3.939611,-8.913012,-4.973401,9.231768,2.0,publish
bybit_perp,LINAUSDT,20230621,1330,1.0,3.423609,-5.004779,-1.58117,3.423609,-6.321275,-2.897666,3.423609,-5.004779,-1.58117,3.423609,-6.321275,-2.897666,10.593789,2.0,publish
bybit_perp,LINAUSDT,20230624,330,1.0,3.747011,-5.303236,-1.556225,3.747011,-2.644313,1.102698,3.747011,-5.303236,-1.556225,3.747011,-2.644313,1.102698,5.92806,2.0,publish
bybit_perp,LINAUSDT,20230627,770,1.0,3.382913,-4.408889,-1.025976,3.382913,-3.780822,-0.397909,3.382913,-4.408889,-1.025976,3.382913,-3.780822,-0.397909,6.659177,2.0,publish
bybit_perp,LINAUSDT,20230630,1186,1.0,3.913106,-6.462492,-2.549386,3.913106,-6.517537,-2.604431,3.913106,-6.462492,-2.549386,3.913106,-6.517537,-2.604431,7.739111,2.0,publish
bybit_perp,LINAUSDT,20230703,228,1.0,3.57289,-4.619489,-1.046599,3.57289,-4.21269,-0.6398,3.57289,-4.619489,-1.046599,3.57289,-4.21269,-0.6398,4.989019,2.0,publish
bybit_perp,LINAUSDT,20230706,241,1.0,3.818636,-4.721549,-0.902913,3.818636,-3.967912,-0.149276,3.818636,-4.721549,-0.902913,3.818636,-3.967912,-0.149276,6.091744,2.0,publish
bybit_perp,LINAUSDT,20230709,180,1.0,3.684505,-4.571883,-0.887377,3.684505,-4.160691,-0.476186,3.684505,-4.571883,-0.887377,3.684505,-4.160691,-0.476186,4.926285,2.0,publish
bybit_perp,LINAUSDT,20230712,168,1.0,3.623035,-4.172356,-0.549321,3.623035,-2.316028,1.307007,3.623035,-4.172356,-0.549321,3.623035,-2.316028,1.307007,4.737833,2.0,publish
bybit_perp,LINAUSDT,20230715,110,1.0,3.498845,-5.026036,-1.527191,3.498845,-4.963553,-1.464708,3.498845,-5.026036,-1.527191,3.498845,-4.963553,-1.464708,4.196729,2.0,publish
bybit_perp,LINAUSDT,20230718,81,1.0,3.790951,-5.502392,-1.711441,3.790951,-8.510132,-4.719181,3.790951,-5.502392,-1.711441,3.790951,-8.510132,-4.719181,4.310201,2.0,publish
bybit_perp,LINAUSDT,20230721,61,1.0,3.801147,-5.726866,-1.925719,3.801147,-2.986776,0.814371,3.801147,-5.726866,-1.925719,3.801147,-2.986776,0.814371,3.357028,2.0,publish
bybit_perp,LINAUSDT,20230724,225,1.0,4.205856,-7.660129,-3.454274,4.205856,1.026689,5.232545,4.205856,-7.660129,-3.454274,4.205856,1.026689,5.232545,5.603039,2.0,publish
bybit_perp,LINAUSDT,20230727,45,1.0,3.98967,-5.139045,-1.149375,3.98967,-3.731191,0.258479,3.98967,-5.139045,-1.149375,3.98967,-3.731191,0.258479,3.447921,2.0,publish
bybit_perp,LINAUSDT,20230730,80,1.0,3.947998,-5.738824,-1.790826,3.947998,-8.140873,-4.192876,3.947998,-5.738824,-1.790826,3.947998,-8.140873,-4.192876,3.081703,2.0,publish
bybit_perp,LINAUSDT,20230802,176,1.0,3.840668,-5.263239,-1.422571,3.840668,-3.236526,0.604143,3.840668,-5.263239,-1.422571,3.840668,-3.236526,0.604143,3.779991,2.0,publish
bybit_perp,LINAUSDT,20230805,194,1.0,3.568046,-5.204741,-1.636695,3.568046,-4.679381,-1.111335,3.568046,-5.204741,-1.636695,3.568046,-4.679381,-1.111335,4.176862,2.0,publish
bybit_perp,LINAUSDT,20230808,294,1.0,3.515717,-4.575292,-1.059575,3.515717,-4.792976,-1.277259,3.515717,-4.575292,-1.059575,3.515717,-4.792976,-1.277259,3.914341,2.0,publish
bybit_perp,LINAUSDT,20230811,299,1.0,3.409262,-4.224701,-0.815439,3.409262,-3.157909,0.251353,3.409262,-4.224701,-0.815439,3.409262,-3.157909,0.251353,4.059981,2.0,publish
bybit_perp,LINAUSDT,20230814,179,1.0,3.3071,-4.268106,-0.961006,3.3071,-5.452955,-2.145855,3.3071,-4.268106,-0.961006,3.3071,-5.452955,-2.145855,3.079417,2.0,publish
bybit_perp,LINAUSDT,20230817,751,1.0,4.607187,-5.312634,-0.705447,4.607187,0.97333,5.580517,4.607187,-5.312634,-0.705447,4.607187,0.97333,5.580517,10.727373,2.0,publish
bybit_perp,LINAUSDT,20230820,168,1.0,4.329347,-6.927598,-2.598251,4.329347,-7.931237,-3.60189,4.329347,-6.927598,-2.598251,4.329347,-7.931237,-3.60189,3.622488,2.0,publish
bybit_perp,LINAUSDT,20230823,148,1.0,4.591675,-6.136768,-1.545092,4.591675,-8.707862,-4.116187,4.591675,-6.136768,-1.545092,4.591675,-8.707862,-4.116187,4.424433,2.0,publish
bybit_perp,LINAUSDT,20230826,88,1.0,4.824387,-6.684927,-1.86054,4.824387,-5.357918,-0.533531,4.824387,-6.684927,-1.86054,4.824387,-5.357918,-0.533531,4.072498,2.0,publish
bybit_perp,LINAUSDT,20230829,285,1.0,4.736036,-4.298622,0.437414,4.736036,-5.886862,-1.150826,4.736036,-4.298622,0.437414,4.736036,-5.886862,-1.150826,5.945508,2.0,publish
bybit_perp,LINAUSDT,20230901,176,1.0,5.00819,-6.354451,-1.346261,5.00819,-5.081439,-0.07325,5.00819,-6.354451,-1.346261,5.00819,-5.081439,-0.07325,5.09887,2.0,publish
bybit_perp,LINAUSDT,20230904,122,1.0,4.893203,-6.294513,-1.401311,4.893203,-7.392765,-2.499562,4.893203,-6.294513,-1.401311,4.893203,-7.392765,-2.499562,4.435115,2.0,publish
bybit_perp,LINAUSDT,20230907,97,1.0,4.760435,-6.47463,-1.714195,4.760435,-5.498114,-0.737678,4.760435,-6.47463,-1.714195,4.760435,-5.498114,-0.737678,3.688536,2.0,publish
bybit_perp,LINAUSDT,20230910,175,1.0,5.258032,-7.039563,-1.781531,5.258032,-1.516204,3.741828,5.258032,-7.039563,-1.781531,5.258032,-1.516204,3.741828,5.395227,2.0,publish
bybit_perp,LINAUSDT,20230913,114,1.0,4.979929,-4.588252,0.391677,4.979929,-1.154556,3.825373,4.979929,-4.588252,0.391677,4.979929,-1.154556,3.825373,4.50538,2.0,publish
bybit_perp,LINAUSDT,20230916,71,1.0,4.623748,-6.575894,-1.952146,4.623748,-5.929929,-1.306181,4.623748,-6.575894,-1.952146,4.623748,-5.929929,-1.306181,3.726102,2.0,publish
bybit_perp,LINAUSDT,20230919,122,1.0,4.660168,-6.805617,-2.14545,4.660168,-6.940213,-2.280045,4.660168,-6.805617,-2.14545,4.660168,-6.940213,-2.280045,3.56028,2.0,publish
bybit_perp,LINAUSDT,20230922,430,1.0,4.61132,-7.475524,-2.864204,4.61132,-7.541021,-2.929701,4.61132,-7.475524,-2.864204,4.61132,-7.541021,-2.929701,7.040415,2.0,publish
bybit_perp,LINAUSDT,20230925,113,1.0,4.717999,-6.891171,-2.173172,4.717999,-5.892897,-1.174899,4.717999,-6.891171,-2.173172,4.717999,-5.892897,-1.174899,3.832597,2.0,publish
bybit_perp,LINAUSDT,20230928,79,1.0,4.681525,-6.169775,-1.48825,4.681525,-6.168985,-1.487461,4.681525,-6.169775,-1.48825,4.681525,-6.168985,-1.487461,3.102667,2.0,publish
bybit_perp,LINAUSDT,20231001,180,1.0,4.626771,-4.643225,-0.016453,4.626771,-4.438466,0.188306,4.626771,-4.643225,-0.016453,4.626771,-4.438466,0.188306,3.64156,2.0,publish
bybit_perp,LINAUSDT,20231004,143,1.0,4.935856,-4.511849,0.424007,4.935856,-5.827197,-0.891341,4.935856,-4.511849,0.424007,4.935856,-5.827197,-0.891341,4.036672,2.0,publish
bybit_perp,LINAUSDT,20231007,59,1.0,5.031404,-6.478221,-1.446817,5.031404,-6.307799,-1.276395,5.031404,-6.478221,-1.446817,5.031404,-6.307799,-1.276395,2.783382,2.0,publish
bybit_perp,LINAUSDT,20231010,74,1.0,5.39101,-7.544206,-2.153197,5.39101,-6.964177,-1.573167,5.39101,-7.544206,-2.153197,5.39101,-6.964177,-1.573167,4.193321,2.0,publish
bybit_perp,LINAUSDT,20231013,100,1.0,5.058359,-7.185353,-2.126995,5.058359,-5.919845,-0.861487,5.058359,-7.185353,-2.126995,5.058359,-5.919845,-0.861487,3.768533,2.0,publish
bybit_perp,LINAUSDT,20231016,236,1.0,4.980617,-7.648976,-2.668359,4.980617,-6.207121,-1.226504,4.980617,-7.648976,-2.668359,4.980617,-6.207121,-1.226504,4.292992,2.0,publish
bybit_perp,LINAUSDT,20231019,179,1.0,5.948753,-7.355128,-1.406375,5.948753,-8.244735,-2.295981,5.948753,-7.355128,-1.406375,5.948753,-8.244735,-2.295981,5.150147,2.0,publish
bybit_perp,LINAUSDT,20231022,213,1.0,5.908132,-10.847191,-4.939059,5.908132,-14.290974,-8.382842,5.908132,-10.847191,-4.939059,5.908132,-14.290974,-8.382842,5.375804,2.0,publish
bybit_perp,LINAUSDT,20231025,465,1.0,4.986182,-5.532289,-0.546106,4.986182,-7.384398,-2.398215,4.986182,-5.532289,-0.546106,4.986182,-7.384398,-2.398215,8.218556,2.0,publish
bybit_perp,LINAUSDT,20231028,119,1.0,4.803158,-7.251297,-2.448139,4.803158,-6.728592,-1.925434,4.803158,-7.251297,-2.448139,4.803158,-6.728592,-1.925434,4.108416,2.0,publish
bybit_perp,LINAUSDT,20231031,470,1.0,4.828235,-6.267826,-1.43959,4.828235,-7.861845,-3.03361,4.828235,-6.267826,-1.43959,4.828235,-7.861845,-3.03361,7.25859,2.0,publish
bybit_perp,LINAUSDT,20231103,218,1.0,5.199139,-5.70519,-0.506052,5.199139,-5.819264,-0.620126,5.199139,-5.70519,-0.506052,5.199139,-5.819264,-0.620126,5.771003,2.0,publish
bybit_perp,LINAUSDT,20231106,525,1.0,4.864109,-4.507356,0.356753,4.864109,-3.321602,1.542507,4.864109,-4.507356,0.356753,4.864109,-3.321602,1.542507,5.966448,2.0,publish
bybit_perp,LINAUSDT,20231109,1205,1.0,5.438205,-10.164802,-4.726597,5.438205,-15.268815,-9.83061,5.438205,-10.164802,-4.726597,5.438205,-15.268815,-9.83061,12.283803,2.0,publish
bybit_perp,LINAUSDT,20231112,598,1.0,4.541765,-5.5721,-1.030335,4.541765,-6.01305,-1.471286,4.541765,-5.5721,-1.030335,4.541765,-6.01305,-1.471286,7.22768,2.0,publish
bybit_perp,LINAUSDT,20231115,1010,1.0,4.194589,-5.501243,-1.306653,4.194589,-2.284058,1.910531,4.194589,-5.501243,-1.306653,4.194589,-2.284058,1.910531,8.095815,2.0,publish
bybit_perp,LINAUSDT,20231118,457,1.0,4.853113,-6.736361,-1.883249,4.853113,-5.630879,-0.777767,4.853113,-6.736361,-1.883249,4.853113,-5.630879,-0.777767,5.436569,2.0,publish
bybit_perp,LINAUSDT,20231121,790,1.0,5.056161,-8.089499,-3.033339,5.056161,-7.990611,-2.934451,5.056161,-8.089499,-3.033339,5.056161,-7.990611,-2.934451,8.325366,2.0,publish
bybit_perp,LINAUSDT,20231124,331,1.0,4.696641,-5.39223,-0.695589,4.696641,-5.067322,-0.370682,4.696641,-5.39223,-0.695589,4.696641,-5.067322,-0.370682,4.314114,2.0,publish
bybit_perp,LINAUSDT,20231127,400,1.0,4.745251,-6.21593,-1.47068,4.745251,-7.001413,-2.256162,4.745251,-6.21593,-1.47068,4.745251,-7.001413,-2.256162,5.669779,2.0,publish
bybit_perp,LINAUSDT,20231130,180,1.0,4.777677,-6.428769,-1.651092,4.777677,-5.094181,-0.316504,4.777677,-6.428769,-1.651092,4.777677,-5.094181,-0.316504,4.055796,2.0,publish
bybit_perp,LINAUSDT,20231203,357,1.0,4.719603,-6.111597,-1.391994,4.719603,-6.45528,-1.735677,4.719603,-6.111597,-1.391994,4.719603,-6.45528,-1.735677,4.005457,2.0,publish
bybit_perp,LINAUSDT,20231206,462,1.0,4.568141,-6.240297,-1.672156,4.568141,-5.457237,-0.889096,4.568141,-6.240297,-1.672156,4.568141,-5.457237,-0.889096,6.291799,2.0,publish
bybit_perp,LINAUSDT,20231209,739,1.0,4.292357,-5.598751,-1.306394,4.292357,-6.558256,-2.265899,4.292357,-5.598751,-1.306394,4.292357,-6.558256,-2.265899,6.665288,2.0,publish
bybit_perp,LINAUSDT,20231212,458,1.0,4.846647,-6.569505,-1.722858,4.846647,-6.48419,-1.637543,4.846647,-6.569505,-1.722858,4.846647,-6.48419,-1.637543,5.88028,2.0,publish
bybit_perp,LINAUSDT,20231215,229,1.0,4.854234,-6.413663,-1.559429,4.854234,-6.566325,-1.712091,4.854234,-6.413663,-1.559429,4.854234,-6.566325,-1.712091,4.73755,2.0,publish
bybit_perp,LINAUSDT,20231218,299,1.0,5.162244,-6.928747,-1.766503,5.162244,-8.151955,-2.989711,5.162244,-6.928747,-1.766503,5.162244,-8.151955,-2.989711,6.178499,2.0,publish
bybit_perp,LINAUSDT,20231221,285,1.0,4.890763,-6.597434,-1.70667,4.890763,-6.175599,-1.284836,4.890763,-6.597434,-1.70667,4.890763,-6.175599,-1.284836,5.102722,2.0,publish
bybit_perp,LINAUSDT,20231224,675,1.0,4.701106,-6.051234,-1.350129,4.701106,-5.661318,-0.960212,4.701106,-6.051234,-1.350129,4.701106,-5.661318,-0.960212,5.928932,2.0,publish
bybit_perp,LINAUSDT,20231227,963,1.0,4.311319,-5.097509,-0.78619,4.311319,-5.304838,-0.993518,4.311319,-5.097509,-0.78619,4.311319,-5.304838,-0.993518,7.028379,2.0,publish
bybit_perp,LINAUSDT,20231230,304,1.0,4.592738,-6.221853,-1.629115,4.592738,-6.223384,-1.630645,4.592738,-6.221853,-1.629115,4.592738,-6.223384,-1.630645,4.378674,2.0,publish
bybit_perp,LINAUSDT,20240102,368,1.0,4.523918,-4.904547,-0.380628,4.523918,-4.430599,0.093319,4.523918,-4.904547,-0.380628,4.523918,-4.430599,0.093319,4.894384,2.0,publish
bybit_perp,LINAUSDT,20240105,1166,1.0,5.50396,-6.101951,-0.59799,5.50396,-7.732455,-2.228494,5.50396,-6.101951,-0.59799,5.50396,-7.732455,-2.228494,7.874194,2.0,publish
bybit_perp,LINAUSDT,20240108,946,1.0,6.44937,-7.914874,-1.465504,6.44937,-9.111638,-2.662268,6.44937,-7.914874,-1.465504,6.44937,-9.111638,-2.662268,8.941632,2.0,publish
bybit_perp,LINAUSDT,20240111,1028,1.0,5.648782,-5.998077,-0.349295,5.648782,-6.080982,-0.432199,5.648782,-5.998077,-0.349295,5.648782,-6.080982,-0.432199,7.471938,2.0,publish
bybit_perp,LINAUSDT,20240114,451,1.0,5.791905,-6.989665,-1.19776,5.791905,-6.92857,-1.136664,5.791905,-6.989665,-1.19776,5.791905,-6.92857,-1.136664,5.813268,2.0,publish
bybit_perp,LINAUSDT,20240117,350,1.0,3.98581,-5.651634,-1.665824,3.98581,-5.689053,-1.703243,3.98581,-5.651634,-1.665824,3.98581,-5.689053,-1.703243,4.740676,2.0,publish
bybit_perp,LINAUSDT,20240120,979,1.0,0.818839,-2.751432,-1.932592,0.818839,-3.16595,-2.34711,0.818839,-2.751432,-1.932592,0.818839,-3.16595,-2.34711,3.347786,2.0,publish
bybit_perp,LINAUSDT,20240123,1550,1.0,0.91522,-2.842773,-1.927553,0.91522,-2.15252,-1.2373,0.91522,-2.842773,-1.927553,0.91522,-2.15252,-1.2373,5.750705,2.0,publish
bybit_perp,LINAUSDT,20240126,1819,1.0,1.136387,-3.021706,-1.885319,1.136387,-2.709076,-1.572689,1.136387,-3.021706,-1.885319,1.136387,-2.709076,-1.572689,6.402653,2.0,publish
bybit_perp,LINAUSDT,20240129,1489,1.0,0.797273,-2.791239,-1.993966,0.797273,-2.457503,-1.660229,0.797273,-2.791239,-1.993966,0.797273,-2.457503,-1.660229,3.408797,2.0,publish
bybit_perp,LINAUSDT,20240201,1504,1.0,0.85593,-2.693112,-1.837182,0.85593,-2.544946,-1.689016,0.85593,-2.693112,-1.837182,0.85593,-2.544946,-1.689016,3.901132,2.0,publish
bybit_perp,LINAUSDT,20240204,1577,1.0,0.77018,-2.884255,-2.114075,0.77018,-2.762915,-1.992735,0.77018,-2.884255,-2.114075,0.77018,-2.762915,-1.992735,3.415466,2.0,publish
bybit_perp,LINAUSDT,20240207,1502,1.0,0.757576,-2.483334,-1.725758,0.757576,-2.402801,-1.645224,0.757576,-2.483334,-1.725758,0.757576,-2.402801,-1.645224,3.062498,2.0,publish
bybit_perp,LINAUSDT,20240210,1013,1.0,0.675413,-2.063675,-1.388262,0.675413,-1.763809,-1.088395,0.675413,-2.063675,-1.388262,0.675413,-1.763809,-1.088395,2.27658,2.0,publish
bybit_perp,LINAUSDT,20240213,2448,1.0,0.725449,-2.37313,-1.647681,0.725449,-2.76472,-2.03927,0.725449,-2.37313,-1.647681,0.725449,-2.76472,-2.03927,4.162262,2.0,publish
bybit_perp,LINAUSDT,20240216,2679,1.0,0.658894,-2.546325,-1.887431,0.658894,-2.596535,-1.937641,0.658894,-2.546325,-1.887431,0.658894,-2.596535,-1.937641,4.537887,2.0,publish
bybit_perp,LINAUSDT,20240219,2188,1.0,0.667482,-2.594345,-1.926863,0.667482,-2.852461,-2.184979,0.667482,-2.594345,-1.926863,0.667482,-2.852461,-2.184979,3.688119,2.0,publish
bybit_perp,LINAUSDT,20240222,3110,1.0,0.738828,-2.979089,-2.240261,0.738828,-3.100282,-2.361454,0.738828,-2.979089,-2.240261,0.738828,-3.100282,-2.361454,5.409256,2.0,publish
bybit_perp,LINAUSDT,20240225,2361,1.0,0.63329,-2.697284,-2.063995,0.63329,-2.552171,-1.918881,0.63329,-2.697284,-2.063995,0.63329,-2.552171,-1.918881,3.828719,2.0,publish
bybit_perp,LINAUSDT,20240228,2997,1.0,1.730107,-4.439226,-2.709119,1.730107,-4.33947,-2.609363,1.730107,-4.439226,-2.709119,1.730107,-4.33947,-2.609363,13.336536,2.0,publish
bybit_perp,LINAUSDT,20240302,1916,1.0,2.250919,-4.424379,-2.17346,2.250919,-4.104174,-1.853254,2.250919,-4.424379,-2.17346,2.250919,-4.104174,-1.853254,9.430498,2.0,publish
bybit_perp,LINAUSDT,20240305,1712,1.0,4.718464,-8.023777,-3.305312,4.718464,-11.277123,-6.558659,4.718464,-8.023777,-3.305312,4.718464,-11.277123,-6.558659,15.892031,2.0,publish
bybit_perp,LINAUSDT,20240308,830,1.0,2.504507,-3.93178,-1.427272,2.504507,-2.812635,-0.308128,2.504507,-3.93178,-1.427272,2.504507,-2.812635,-0.308128,7.737699,2.0,publish
bybit_perp,LINAUSDT,20240311,1610,1.0,2.151676,-3.570332,-1.418655,2.151676,-3.814895,-1.663219,2.151676,-3.570332,-1.418655,2.151676,-3.814895,-1.663219,8.407213,2.0,publish
bybit_perp,LINAUSDT,20240314,2157,1.0,2.215955,-3.541843,-1.325888,2.215955,-3.675564,-1.459609,2.215955,-3.541843,-1.325888,2.215955,-3.675564,-1.459609,7.672652,2.0,publish
bybit_perp,LINAUSDT,20240317,968,1.0,1.46506,-2.559897,-1.094837,1.46506,-2.979774,-1.514714,1.46506,-2.559897,-1.094837,1.46506,-2.979774,-1.514714,6.492383,2.0,publish
bybit_perp,LINAUSDT,20240320,1201,1.0,2.51554,-4.62274,-2.1072,2.51554,-5.447065,-2.931525,2.51554,-4.62274,-2.1072,2.51554,-5.447065,-2.931525,8.243611,2.0,publish
bybit_perp,LINAUSDT,20240323,551,1.0,1.690452,-2.938009,-1.247557,1.690452,-2.794586,-1.104134,1.690452,-2.938009,-1.247557,1.690452,-2.794586,-1.104134,4.627071,2.0,publish
bybit_perp,LINAUSDT,20240326,1543,1.0,2.465425,-3.656306,-1.190881,2.465425,-3.992664,-1.527239,2.465425,-3.656306,-1.190881,2.465425,-3.992664,-1.527239,9.056535,2.0,publish
bybit_perp,LINAUSDT,20240329,896,1.0,1.381502,-2.910012,-1.528511,1.381502,-3.04281,-1.661309,1.381502,-2.910012,-1.528511,1.381502,-3.04281,-1.661309,5.021854,2.0,publish
bybit_perp,LINAUSDT,20240401,1484,1.0,2.303206,-4.761862,-2.458656,2.303206,-4.618529,-2.315323,2.303206,-4.761862,-2.458656,2.303206,-4.618529,-2.315323,8.038324,2.0,publish
bybit_perp,LINAUSDT,20240404,914,1.0,1.362153,-3.041541,-1.679388,1.362153,-2.566805,-1.204652,1.362153,-3.041541,-1.679388,1.362153,-2.566805,-1.204652,4.971263,2.0,publish
bybit_perp,LINAUSDT,20240407,1173,1.0,1.605948,-2.956491,-1.350543,1.605948,-2.544832,-0.938884,1.605948,-2.956491,-1.350543,1.605948,-2.544832,-0.938884,4.60949,2.0,publish
bybit_perp,LINAUSDT,20240410,938,1.0,1.826625,-3.136073,-1.309448,1.826625,-3.202872,-1.376247,1.826625,-3.136073,-1.309448,1.826625,-3.202872,-1.376247,4.946366,2.0,publish
bybit_perp,LINAUSDT,20240413,3678,1.0,4.40432,-5.921264,-1.516945,4.40432,-2.007948,2.396371,4.40432,-5.921264,-1.516945,4.40432,-2.007948,2.396371,18.810607,2.0,publish
bybit_perp,LINAUSDT,20240416,1898,1.0,2.2099,-3.814754,-1.604854,2.2099,-4.241303,-2.031403,2.2099,-3.814754,-1.604854,2.2099,-4.241303,-2.031403,8.948166,2.0,publish
bybit_perp,LINAUSDT,20240419,1722,1.0,2.081215,-2.990522,-0.909307,2.081215,-3.184076,-1.102861,2.081215,-2.990522,-0.909307,2.081215,-3.184076,-1.102861,7.939141,2.0,publish
bybit_perp,LINAUSDT,20240422,1090,1.0,1.345624,-2.937179,-1.591555,1.345624,-2.71573,-1.370106,1.345624,-2.937179,-1.591555,1.345624,-2.71573,-1.370106,5.402183,2.0,publish
bybit_perp,LINAUSDT,20240425,1002,1.0,1.769258,-3.20399,-1.434732,1.769258,-3.560726,-1.791468,1.769258,-3.20399,-1.434732,1.769258,-3.560726,-1.791468,5.960238,2.0,publish
bybit_perp,LINAUSDT,20240428,907,1.0,1.43728,-2.621455,-1.184175,1.43728,-2.68175,-1.24447,1.43728,-2.621455,-1.184175,1.43728,-2.68175,-1.24447,4.043477,2.0,publish
bybit_perp,LINAUSDT,20240501,1391,1.0,1.921227,-3.15938,-1.238153,1.921227,-3.947491,-2.026265,1.921227,-3.15938,-1.238153,1.921227,-3.947491,-2.026265,6.8926,2.0,publish
bybit_perp,LINAUSDT,20240504,845,1.0,1.042731,-2.383575,-1.340845,1.042731,-2.311925,-1.269195,1.042731,-2.383575,-1.340845,1.042731,-2.311925,-1.269195,3.913617,2.0,publish
bybit_perp,LINAUSDT,20240507,1073,1.0,1.445164,-3.124717,-1.679553,1.445164,-3.641245,-2.196081,1.445164,-3.124717,-1.679553,1.445164,-3.641245,-2.196081,4.524887,2.0,publish
bybit_perp,LINAUSDT,20240510,1172,1.0,1.216138,-2.505608,-1.28947,1.216138,-2.201058,-0.98492,1.216138,-2.505608,-1.28947,1.216138,-2.201058,-0.98492,4.564062,2.0,publish
bybit_perp,LINAUSDT,20240513,991,1.0,1.49485,-2.829643,-1.334793,1.49485,-1.986644,-0.491794,1.49485,-2.829643,-1.334793,1.49485,-1.986644,-0.491794,4.985194,2.0,publish
bybit_perp,LINAUSDT,20240516,852,1.0,1.147137,-2.867829,-1.720691,1.147137,-2.739703,-1.592566,1.147137,-2.867829,-1.720691,1.147137,-2.739703,-1.592566,4.158578,2.0,publish
bybit_perp,LINAUSDT,20240519,786,1.0,1.097223,-2.807641,-1.710418,1.097223,-3.199398,-2.102175,1.097223,-2.807641,-1.710418,1.097223,-3.199398,-2.102175,3.233157,2.0,publish
bybit_perp,LINAUSDT,20240522,1446,1.0,1.24747,-3.247428,-1.999959,1.24747,-4.020742,-2.773272,1.24747,-3.247428,-1.999959,1.24747,-4.020742,-2.773272,5.155824,2.0,publish
bybit_perp,LINAUSDT,20240525,2066,1.0,0.817066,-2.73961,-1.922544,0.817066,-3.140099,-2.323033,0.817066,-2.73961,-1.922544,0.817066,-3.140099,-2.323033,3.870926,2.0,publish
bybit_perp,LINAUSDT,20240528,2854,1.0,1.009518,-3.06864,-2.059122,1.009518,-2.530496,-1.520978,1.009518,-3.06864,-2.059122,1.009518,-2.530496,-1.520978,6.78038,2.0,publish
bybit_perp,LINAUSDT,20240531,2599,1.0,0.856668,-2.747537,-1.890869,0.856668,-3.400241,-2.543574,0.856668,-2.747537,-1.890869,0.856668,-3.400241,-2.543574,5.786082,2.0,publish
bybit_perp,LINAUSDT,20240603,6272,1.0,0.904233,-3.346657,-2.442425,0.904233,-3.48905,-2.584818,0.904233,-3.346657,-2.442425,0.904233,-3.48905,-2.584818,9.573782,2.0,publish
bybit_perp,LINAUSDT,20240606,5502,1.0,0.705231,-2.856765,-2.151533,0.705231,-2.507647,-1.802415,0.705231,-2.856765,-2.151533,0.705231,-2.507647,-1.802415,6.340779,2.0,publish
bybit_perp,LINAUSDT,20240609,3974,1.0,0.632907,-2.615866,-1.982959,0.632907,-2.417173,-1.784266,0.632907,-2.615866,-1.982959,0.632907,-2.417173,-1.784266,5.556355,2.0,publish
bybit_perp,LINAUSDT,20240612,5694,1.0,0.83168,-2.760317,-1.928637,0.83168,-3.395614,-2.563934,0.83168,-2.760317,-1.928637,0.83168,-3.395614,-2.563934,6.728881,2.0,publish
bybit_perp,LINAUSDT,20240615,3359,1.0,0.69184,-2.731386,-2.039546,0.69184,-2.407992,-1.716152,0.69184,-2.731386,-2.039546,0.69184,-2.407992,-1.716152,3.998571,2.0,publish
bybit_perp,LINAUSDT,20240618,8440,1.0,1.235076,-2.763033,-1.527957,1.235076,-1.843904,-0.608828,1.235076,-2.763033,-1.527957,1.235076,-1.843904,-0.608828,14.11786,2.0,publish
bybit_perp,LINAUSDT,20240621,4365,1.0,0.950958,-2.611983,-1.661024,0.950958,-2.660782,-1.709823,0.950958,-2.611983,-1.661024,0.950958,-2.660782,-1.709823,6.335699,2.0,publish
bybit_perp,LINAUSDT,20240624,5601,1.0,1.044229,-2.710085,-1.665856,1.044229,-2.933631,-1.889402,1.044229,-2.710085,-1.665856,1.044229,-2.933631,-1.889402,7.82368,2.0,publish
bybit_perp,LINAUSDT,20240627,2393,1.0,0.930436,-1.921504,-0.991068,0.930436,-2.011968,-1.081532,0.930436,-1.921504,-0.991068,0.930436,-2.011968,-1.081532,4.386194,2.0,publish
bybit_perp,LINAUSDT,20240630,1575,1.0,0.9996,-1.917335,-0.917735,0.9996,-2.196848,-1.197248,0.9996,-1.917335,-0.917735,0.9996,-2.196848,-1.197248,3.943119,2.0,publish
bybit_perp,LINAUSDT,20240703,1796,1.0,0.984998,-2.298096,-1.313098,0.984998,-2.530535,-1.545537,0.984998,-2.298096,-1.313098,0.984998,-2.530535,-1.545537,4.306583,2.0,publish
bybit_perp,LINAUSDT,20240706,2529,1.0,1.175222,-2.298914,-1.123693,1.175222,-1.961431,-0.786209,1.175222,-2.298914,-1.123693,1.175222,-1.961431,-0.786209,5.230035,2.0,publish
bybit_perp,LINAUSDT,20240709,2241,1.0,1.10318,-2.266138,-1.162958,1.10318,-2.035265,-0.932085,1.10318,-2.266138,-1.162958,1.10318,-2.035265,-0.932085,4.740374,2.0,publish
bybit_perp,LINAUSDT,20240712,2120,1.0,1.040256,-2.004485,-0.964229,1.040256,-1.781833,-0.741577,1.040256,-2.004485,-0.964229,1.040256,-1.781833,-0.741577,4.165795,2.0,publish
bybit_perp,LINAUSDT,20240715,1488,1.0,0.997315,-1.810316,-0.813001,0.997315,-1.897682,-0.900368,0.997315,-1.810316,-0.813001,0.997315,-1.897682,-0.900368,3.701504,2.0,publish
bybit_perp,LINAUSDT,20240718,2464,1.0,0.931419,-2.324856,-1.393437,0.931419,-2.659609,-1.728189,0.931419,-2.324856,-1.393437,0.931419,-2.659609,-1.728189,4.746959,2.0,publish
bybit_perp,LINAUSDT,20240721,1549,1.0,1.023326,-2.332108,-1.308783,1.023326,-1.736252,-0.712926,1.023326,-2.332108,-1.308783,1.023326,-1.736252,-0.712926,4.410424,2.0,publish
bybit_perp,LINAUSDT,20240724,1484,1.0,1.050091,-2.062534,-1.012443,1.050091,-2.100007,-1.049916,1.050091,-2.062534,-1.012443,1.050091,-2.100007,-1.049916,3.952042,2.0,publish
bybit_perp,LINAUSDT,20240727,1893,1.0,1.050881,-2.248316,-1.197434,1.050881,-1.990305,-0.939424,1.050881,-2.248316,-1.197434,1.050881,-1.990305,-0.939424,4.653008,2.0,publish
bybit_perp,LINAUSDT,20240730,1935,1.0,0.982107,-2.329395,-1.347288,0.982107,-2.584004,-1.601897,0.982107,-2.329395,-1.347288,0.982107,-2.584004,-1.601897,4.669742,2.0,publish
bybit_perp,LINAUSDT,20240802,2637,1.0,1.161801,-2.137688,-0.975888,1.161801,-2.101404,-0.939603,1.161801,-2.137688,-0.975888,1.161801,-2.101404,-0.939603,6.404709,2.0,publish
bybit_perp,LINAUSDT,20240805,8416,1.0,2.160355,-3.925445,-1.76509,2.160355,-5.32466,-3.164305,2.160355,-3.925445,-1.76509,2.160355,-5.32466,-3.164305,19.267652,2.0,publish
bybit_perp,LINAUSDT,20240808,3112,1.0,1.314314,-2.407175,-1.092861,1.314314,-1.873978,-0.559664,1.314314,-2.407175,-1.092861,1.314314,-1.873978,-0.559664,6.200095,2.0,publish
bybit_perp,LINAUSDT,20240811,2212,1.0,1.341449,-2.505683,-1.164233,1.341449,-3.565728,-2.224278,1.341449,-2.505683,-1.164233,1.341449,-3.565728,-2.224278,5.143479,2.0,publish
bybit_perp,LINAUSDT,20240814,1639,1.0,1.366372,-3.016402,-1.650031,1.366372,-3.346299,-1.979927,1.366372,-3.016402,-1.650031,1.366372,-3.346299,-1.979927,4.995029,2.0,publish
bybit_perp,LINAUSDT,20240817,1345,1.0,1.357986,-2.932896,-1.57491,1.357986,-2.795387,-1.437401,1.357986,-2.932896,-1.57491,1.357986,-2.795387,-1.437401,4.046697,2.0,publish
bybit_perp,LINAUSDT,20240820,1591,1.0,1.33414,-2.577097,-1.242958,1.33414,-2.9788,-1.64466,1.33414,-2.577097,-1.242958,1.33414,-2.9788,-1.64466,4.484944,2.0,publish
bybit_perp,LINAUSDT,20240823,1532,1.0,1.331069,-2.87019,-1.539121,1.331069,-3.013765,-1.682696,1.331069,-2.87019,-1.539121,1.331069,-3.013765,-1.682696,5.241632,2.0,publish
bybit_perp,LINAUSDT,20240826,1353,1.0,1.272277,-3.279918,-2.007641,1.272277,-4.052497,-2.78022,1.272277,-3.279918,-2.007641,1.272277,-4.052497,-2.78022,5.180096,2.0,publish
bybit_perp,LINAUSDT,20240829,1616,1.0,1.363811,-3.219115,-1.855304,1.363811,-3.599027,-2.235216,1.363811,-3.219115,-1.855304,1.363811,-3.599027,-2.235216,5.762915,2.0,publish
bybit_perp,LINAUSDT,20240901,2283,1.0,1.514777,-2.787387,-1.272611,1.514777,-3.198828,-1.684052,1.514777,-2.787387,-1.272611,1.514777,-3.198828,-1.684052,5.876322,2.0,publish
bybit_perp,LINAUSDT,20240904,3286,1.0,1.511785,-2.255514,-0.743729,1.511785,-1.634297,-0.122512,1.511785,-2.255514,-0.743729,1.511785,-1.634297,-0.122512,5.650723,2.0,publish
bybit_perp,LINAUSDT,20240907,1821,1.0,1.553166,-2.621183,-1.068017,1.553166,-3.037909,-1.484744,1.553166,-2.621183,-1.068017,1.553166,-3.037909,-1.484744,4.346336,2.0,publish
bybit_perp,LINAUSDT,20240910,2281,1.0,1.404831,-2.097909,-0.693078,1.404831,-1.96174,-0.556909,1.404831,-2.097909,-0.693078,1.404831,-1.96174,-0.556909,4.11744,2.0,publish
bybit_perp,LINAUSDT,20240913,2043,1.0,1.332215,-1.833124,-0.500909,1.332215,-1.53215,-0.199935,1.332215,-1.833124,-0.500909,1.332215,-1.53215,-0.199935,3.907182,2.0,publish
bybit_perp,LINAUSDT,20240916,2010,1.0,1.419621,-2.294211,-0.87459,1.419621,-2.437656,-1.018035,1.419621,-2.294211,-0.87459,1.419621,-2.437656,-1.018035,4.294401,2.0,publish
bybit_perp,LINAUSDT,20240919,2200,1.0,1.259914,-2.594187,-1.334274,1.259914,-2.794634,-1.534721,1.259914,-2.594187,-1.334274,1.259914,-2.794634,-1.534721,4.684282,2.0,publish
bybit_perp,LINAUSDT,20240922,1626,1.0,1.241073,-2.835414,-1.594341,1.241073,-3.061078,-1.820005,1.241073,-2.835414,-1.594341,1.241073,-3.061078,-1.820005,4.345179,2.0,publish
bybit_perp,LINAUSDT,20240925,2044,1.0,1.183922,-2.640208,-1.456286,1.183922,-2.377277,-1.193355,1.183922,-2.640208,-1.456286,1.183922,-2.377277,-1.193355,4.923035,2.0,publish
bybit_perp,LINAUSDT,20240928,1776,1.0,1.189277,-2.095507,-0.906229,1.189277,-2.1298,-0.940523,1.189277,-2.095507,-0.906229,1.189277,-2.1298,-0.940523,3.928102,2.0,publish
bybit_perp,LINAUSDT,20241001,4207,1.0,1.362255,-2.364568,-1.002313,1.362255,-2.35639,-0.994135,1.362255,-2.364568,-1.002313,1.362255,-2.35639,-0.994135,8.795523,2.0,publish
bybit_perp,LINAUSDT,20241004,2861,1.0,1.466573,-2.347778,-0.881205,1.466573,-2.973587,-1.507014,1.466573,-2.347778,-0.881205,1.466573,-2.973587,-1.507014,5.227055,2.0,publish
bybit_perp,LINAUSDT,20241007,2544,1.0,1.351875,-2.330978,-0.979104,1.351875,-2.305593,-0.953718,1.351875,-2.330978,-0.979104,1.351875,-2.305593,-0.953718,4.849623,2.0,publish
bybit_perp,LINAUSDT,20241010,2389,1.0,1.414802,-2.365488,-0.950686,1.414802,-2.830559,-1.415756,1.414802,-2.365488,-0.950686,1.414802,-2.830559,-1.415756,4.800846,2.0,publish
bybit_perp,LINAUSDT,20241013,1723,1.0,1.310804,-2.339524,-1.02872,1.310804,-2.957255,-1.646451,1.310804,-2.339524,-1.02872,1.310804,-2.957255,-1.646451,3.719452,2.0,publish
bybit_perp,LINAUSDT,20241016,2512,1.0,1.342807,-2.193941,-0.851134,1.342807,-1.95826,-0.615453,1.342807,-2.193941,-0.851134,1.342807,-1.95826,-0.615453,4.956532,2.0,publish
bybit_perp,LINAUSDT,20241019,754,1.0,1.414101,-2.632871,-1.21877,1.414101,-2.813437,-1.399336,1.414101,-2.632871,-1.21877,1.414101,-2.813437,-1.399336,2.972348,2.0,publish
bybit_perp,LINAUSDT,20241022,885,1.0,1.424155,-2.515775,-1.091619,1.424155,-2.645863,-1.221708,1.424155,-2.515775,-1.091619,1.424155,-2.645863,-1.221708,4.181304,2.0,publish
bybit_perp,LINAUSDT,20241025,1405,1.0,1.579405,-3.123609,-1.544205,1.579405,-3.418701,-1.839296,1.579405,-3.123609,-1.544205,1.579405,-3.418701,-1.839296,6.660043,2.0,publish
bybit_perp,LINAUSDT,20241028,968,1.0,2.075072,-2.991142,-0.91607,2.075072,-3.484818,-1.409746,2.075072,-2.991142,-0.91607,2.075072,-3.484818,-1.409746,4.753342,2.0,publish
bybit_perp,LINAUSDT,20241031,3649,1.0,2.077007,-3.939555,-1.862548,2.077007,-3.761485,-1.684478,2.077007,-3.939555,-1.862548,2.077007,-3.761485,-1.684478,6.468498,2.0,publish
bybit_perp,LINAUSDT,20241103,2434,1.0,1.998908,-3.28384,-1.284932,1.998908,-3.633253,-1.634346,1.998908,-3.28384,-1.284932,1.998908,-3.633253,-1.634346,5.37408,2.0,publish
bybit_perp,LINAUSDT,20241106,2225,1.0,2.381032,-3.551068,-1.170036,2.381032,-3.714383,-1.333351,2.381032,-3.551068,-1.170036,2.381032,-3.714383,-1.333351,6.234215,2.0,publish
bybit_perp,LINAUSDT,20241109,1553,1.0,2.210758,-3.983561,-1.772804,2.210758,-4.586456,-2.375698,2.210758,-3.983561,-1.772804,2.210758,-4.586456,-2.375698,4.938541,2.0,publish
bybit_perp,LINAUSDT,20241112,3900,1.0,3.968133,-6.240917,-2.272784,3.968133,-6.491408,-2.523275,3.968133,-6.240917,-2.272784,3.968133,-6.491408,-2.523275,10.742318,2.0,publish
bybit_perp,LINAUSDT,20241115,4007,1.0,2.654612,-4.763928,-2.109316,2.654612,-5.158304,-2.503692,2.654612,-4.763928,-2.109316,2.654612,-5.158304,-2.503692,6.591509,2.0,publish
bybit_perp,LINAUSDT,20241118,3601,1.0,2.138767,-4.38105,-2.242282,2.138767,-4.969758,-2.83099,2.138767,-4.38105,-2.242282,2.138767,-4.969758,-2.83099,6.32822,2.0,publish
bybit_perp,LINAUSDT,20241121,2809,1.0,2.264827,-4.258239,-1.993412,2.264827,-4.828583,-2.563756,2.264827,-4.258239,-1.993412,2.264827,-4.828583,-2.563756,6.583778,2.0,publish
bybit_perp,LINAUSDT,20241124,1990,1.0,4.803809,-6.068089,-1.26428,4.803809,-7.117058,-2.31325,4.803809,-6.068089,-1.26428,4.803809,-7.117058,-2.31325,9.200498,2.0,publish
bybit_perp,LINAUSDT,20241127,1355,1.0,3.43992,-5.080003,-1.640083,3.43992,-5.370963,-1.931043,3.43992,-5.080003,-1.640083,3.43992,-5.370963,-1.931043,6.529396,2.0,publish
bybit_perp,LINAUSDT,20241130,1831,1.0,2.406319,-3.89049,-1.484171,2.406319,-4.844248,-2.437929,2.406319,-3.89049,-1.484171,2.406319,-4.844248,-2.437929,6.309904,2.0,publish
bybit_perp,LINAUSDT,20241203,2645,1.0,3.051765,-5.064151,-2.012386,3.051765,-4.839411,-1.787646,3.051765,-5.064151,-2.012386,3.051765,-4.839411,-1.787646,9.585974,2.0,publish
bybit_perp,LINAUSDT,20241206,2693,1.0,3.286726,-4.593542,-1.306816,3.286726,-5.311677,-2.024951,3.286726,-4.593542,-1.306816,3.286726,-5.311677,-2.024951,7.852957,2.0,publish
bybit_perp,LINAUSDT,20241209,2478,1.0,5.030083,-7.381188,-2.351105,5.030083,-7.624935,-2.594852,5.030083,-7.381188,-2.351105,5.030083,-7.624935,-2.594852,14.398838,2.0,publish
bybit_perp,LINAUSDT,20241212,1623,1.0,3.157265,-5.666757,-2.509492,3.157265,-5.380134,-2.22287,3.157265,-5.666757,-2.509492,3.157265,-5.380134,-2.22287,8.307048,2.0,publish
bybit_perp,LINAUSDT,20241215,1164,1.0,2.311647,-4.38414,-2.072493,2.311647,-4.652975,-2.341328,2.311647,-4.38414,-2.072493,2.311647,-4.652975,-2.341328,5.668716,2.0,publish
bybit_perp,LINAUSDT,20241218,1586,1.0,3.955776,-7.00029,-3.044513,3.955776,-8.822624,-4.866848,3.955776,-7.00029,-3.044513,3.955776,-8.822624,-4.866848,10.019573,2.0,publish
bybit_perp,LINAUSDT,20241221,1544,1.0,3.260967,-5.251057,-1.99009,3.260967,-5.147312,-1.886346,3.260967,-5.251057,-1.99009,3.260967,-5.147312,-1.886346,7.698398,2.0,publish
bybit_perp,LINAUSDT,20241224,1230,1.0,2.148454,-4.458448,-2.309994,2.148454,-4.504955,-2.356501,2.148454,-4.458448,-2.309994,2.148454,-4.504955,-2.356501,4.913378,2.0,publish
bybit_perp,LINAUSDT,20241227,1333,1.0,2.711234,-4.385903,-1.674669,2.711234,-3.572092,-0.860857,2.711234,-4.385903,-1.674669,2.711234,-3.572092,-0.860857,5.870581,2.0,publish
bybit_perp,LINAUSDT,20241230,1499,1.0,2.818633,-4.961769,-2.143136,2.818633,-5.457178,-2.638545,2.818633,-4.961769,-2.143136,2.818633,-5.457178,-2.638545,6.347432,2.0,publish
bybit_perp,LINAUSDT,20250102,1080,1.0,1.813292,-4.331424,-2.518132,1.813292,-4.285564,-2.472272,1.813292,-4.331424,-2.518132,1.813292,-4.285564,-2.472272,4.411642,2.0,publish
bybit_perp,LINAUSDT,20250105,1211,1.0,1.797596,-4.264289,-2.466693,1.797596,-4.451191,-2.653595,1.797596,-4.264289,-2.466693,1.797596,-4.451191,-2.653595,4.348404,2.0,publish
bybit_perp,LINAUSDT,20250108,1601,1.0,2.555778,-5.105181,-2.549403,2.555778,-5.794033,-3.238255,2.555778,-5.105181,-2.549403,2.555778,-5.794033,-3.238255,6.636476,2.0,publish
bybit_perp,LINAUSDT,20250111,770,1.0,1.813126,-3.808072,-1.994947,1.813126,-3.740138,-1.927013,1.813126,-3.808072,-1.994947,1.813126,-3.740138,-1.927013,3.543251,2.0,publish
bybit_perp,LINAUSDT,20250114,846,1.0,1.591835,-5.176964,-3.585129,1.591835,-5.037141,-3.445305,1.591835,-5.176964,-3.585129,1.591835,-5.037141,-3.445305,4.749023,2.0,publish
bybit_perp,LINAUSDT,20250117,947,1.0,1.398785,-4.416085,-3.0173,1.398785,-4.218429,-2.819644,1.398785,-4.416085,-3.0173,1.398785,-4.218429,-2.819644,4.239052,2.0,publish
bybit_perp,LINAUSDT,20250120,1985,1.0,2.865965,-6.326254,-3.460289,2.865965,-7.28946,-4.423495,2.865965,-6.326254,-3.460289,2.865965,-7.28946,-4.423495,10.985584,2.0,publish
bybit_perp,LINAUSDT,20250123,922,1.0,2.036201,-5.547824,-3.511623,2.036201,-4.329094,-2.292893,2.036201,-5.547824,-3.511623,2.036201,-4.329094,-2.292893,6.38426,2.0,publish
bybit_perp,LINAUSDT,20250126,506,1.0,1.658834,-4.554325,-2.895491,1.658834,-4.094058,-2.435224,1.658834,-4.554325,-2.895491,1.658834,-4.094058,-2.435224,3.665601,2.0,publish
bybit_perp,LINAUSDT,20250129,903,1.0,2.358775,-5.704366,-3.345591,2.358775,-6.769904,-4.411129,2.358775,-5.704366,-3.345591,2.358775,-6.769904,-4.411129,6.839503,2.0,publish
bybit_perp,LINAUSDT,20250201,916,1.0,1.980698,-5.339481,-3.358783,1.980698,-6.025202,-4.044504,1.980698,-5.339481,-3.358783,1.980698,-6.025202,-4.044504,5.290888,2.0,publish
bybit_perp,LINAUSDT,20250204,1222,1.0,2.967055,-6.966712,-3.999656,2.967055,-8.246252,-5.279197,2.967055,-6.966712,-3.999656,2.967055,-8.246252,-5.279197,9.008628,2.0,publish
bybit_perp,LINAUSDT,20250207,839,1.0,2.819183,-6.819707,-4.000524,2.819183,-7.40327,-4.584086,2.819183,-6.819707,-4.000524,2.819183,-7.40327,-4.584086,6.64488,2.0,publish
bybit_perp,LINAUSDT,20250210,798,1.0,2.620025,-5.682946,-3.062921,2.620025,-6.649222,-4.029196,2.620025,-5.682946,-3.062921,2.620025,-6.649222,-4.029196,5.658656,2.0,publish
bybit_perp,LINAUSDT,20250213,888,1.0,2.32264,-6.005675,-3.683035,2.32264,-5.969818,-3.647178,2.32264,-6.005675,-3.683035,2.32264,-5.969818,-3.647178,5.59576,2.0,publish
bybit_perp,LINAUSDT,20250216,581,1.0,2.205736,-6.316636,-4.110899,2.205736,-6.89606,-4.690324,2.205736,-6.316636,-4.110899,2.205736,-6.89606,-4.690324,4.214104,2.0,publish
bybit_perp,LINAUSDT,20250219,598,1.0,2.496531,-5.922172,-3.425641,2.496531,-6.131317,-3.634787,2.496531,-5.922172,-3.425641,2.496531,-6.131317,-3.634787,4.775308,2.0,publish
bybit_perp,LINAUSDT,20250222,369,1.0,4.761391,-6.622508,-1.861117,4.761391,-11.976254,-7.214862,4.761391,-6.622508,-1.861117,4.761391,-11.976254,-7.214862,6.954763,2.0,publish
bybit_perp,LINAUSDT,20250225,815,1.0,3.430927,-6.447836,-3.016908,3.430927,-6.818118,-3.387191,3.430927,-6.447836,-3.016908,3.430927,-6.818118,-3.387191,8.574047,2.0,publish
bybit_perp,LINAUSDT,20250228,758,1.0,3.155538,-6.839896,-3.684358,3.155538,-6.884483,-3.728945,3.155538,-6.839896,-3.684358,3.155538,-6.884483,-3.728945,7.420693,2.0,publish
bybit_perp,LINAUSDT,20250303,1191,1.0,2.485979,-5.558133,-3.072153,2.485979,-6.230458,-3.744479,2.485979,-5.558133,-3.072153,2.485979,-6.230458,-3.744479,7.301224,2.0,publish
bybit_perp,LINAUSDT,20250306,564,1.0,2.711698,-5.824392,-3.112694,2.711698,-6.192807,-3.48111,2.711698,-5.824392,-3.112694,2.711698,-6.192807,-3.48111,5.710823,2.0,publish
bybit_perp,LINAUSDT,20250309,594,1.0,3.031079,-4.925475,-1.894396,3.031079,-4.840877,-1.809798,3.031079,-4.925475,-1.894396,3.031079,-4.840877,-1.809798,6.174368,2.0,publish
bybit_perp,LINAUSDT,20250312,579,1.0,3.070338,-6.325161,-3.254823,3.070338,-7.430783,-4.360446,3.070338,-6.325161,-3.254823,3.070338,-7.430783,-4.360446,7.205706,2.0,publish
bybit_perp,LINAUSDT,20250315,614,1.0,2.934186,-5.433229,-2.499043,2.934186,-4.384688,-1.450502,2.934186,-5.433229,-2.499043,2.934186,-4.384688,-1.450502,5.084245,2.0,publish
bybit_perp,LINAUSDT,20250318,2268,1.0,3.56491,-4.743541,-1.178631,3.56491,-4.699439,-1.134529,3.56491,-4.743541,-1.178631,3.56491,-4.699439,-1.134529,8.834297,2.0,publish
bybit_perp,LINAUSDT,20250321,10724,1.0,5.231594,-6.984922,-1.753328,5.231594,-7.435743,-2.20415,5.231594,-6.984922,-1.753328,5.231594,-7.435743,-2.20415,30.415005,2.0,publish
bybit_perp,LINAUSDT,20250324,2345,1.0,7.361799,-12.636558,-5.274759,7.361799,-13.227603,-5.865804,7.361799,-12.636558,-5.274759,7.361799,-13.227603,-5.865804,15.425014,2.0,publish
bybit_perp,LINAUSDT,20250327,3947,1.0,8.933667,-8.352687,0.580979,8.933667,-8.66027,0.273397,8.933667,-8.352687,0.580979,8.933667,-8.66027,0.273397,38.149882,2.0,publish
bybit_perp,MDTUSDT,20230630,44,1.0,8.858602,-8.757913,0.100689,8.858602,-23.471824,-14.613222,8.858602,-8.757913,0.100689,8.858602,-23.471824,-14.613222,10.685865,2.0,publish
bybit_perp,MDTUSDT,20230703,1987,1.0,4.076974,-3.070832,1.006142,4.076974,-1.219663,2.85731,4.076974,-3.070832,1.006142,4.076974,-1.219663,2.85731,17.509743,2.0,publish
bybit_perp,MDTUSDT,20230706,1773,1.0,0.746108,-4.96238,-4.216272,0.746108,-4.514992,-3.768885,0.746108,-4.96238,-4.216272,0.746108,-4.514992,-3.768885,9.275701,2.0,publish
bybit_perp,MDTUSDT,20230709,1085,1.0,0.581593,-5.057405,-4.475813,0.581593,-5.428027,-4.846434,0.581593,-5.057405,-4.475813,0.581593,-5.428027,-4.846434,4.657328,2.0,publish
bybit_perp,MDTUSDT,20230712,912,1.0,0.629999,-4.624332,-3.994334,0.629999,-5.003484,-4.373485,0.629999,-4.624332,-3.994334,0.629999,-5.003484,-4.373485,5.070017,2.0,publish
bybit_perp,MDTUSDT,20230715,596,1.0,0.574567,-4.948248,-4.373681,0.574567,-5.744686,-5.170119,0.574567,-4.948248,-4.373681,0.574567,-5.744686,-5.170119,3.870295,2.0,publish
bybit_perp,MDTUSDT,20230718,659,1.0,0.773917,-5.116276,-4.342359,0.773917,-5.364706,-4.590789,0.773917,-5.116276,-4.342359,0.773917,-5.364706,-4.590789,5.03376,2.0,publish
bybit_perp,MDTUSDT,20230721,788,1.0,0.695003,-3.774788,-3.079784,0.695003,-3.840773,-3.14577,0.695003,-3.774788,-3.079784,0.695003,-3.840773,-3.14577,3.627577,2.0,publish
bybit_perp,MDTUSDT,20230724,4771,1.0,0.980825,-3.122457,-2.141633,0.980825,-2.371801,-1.390977,0.980825,-3.122457,-2.141633,0.980825,-2.371801,-1.390977,12.344845,2.0,publish
bybit_perp,MDTUSDT,20230727,923,1.0,0.629156,-4.021999,-3.392843,0.629156,-4.027377,-3.398222,0.629156,-4.021999,-3.392843,0.629156,-4.027377,-3.398222,4.411366,2.0,publish
bybit_perp,MDTUSDT,20230730,482,1.0,0.720602,-2.914156,-2.193553,0.720602,-4.224725,-3.504123,0.720602,-2.914156,-2.193553,0.720602,-4.224725,-3.504123,2.773794,2.0,publish
bybit_perp,MDTUSDT,20230802,759,1.0,0.622655,-3.587694,-2.965038,0.622655,-3.060596,-2.437941,0.622655,-3.587694,-2.965038,0.622655,-3.060596,-2.437941,3.269037,2.0,publish
bybit_perp,MDTUSDT,20230805,346,1.0,0.622027,-5.13044,-4.508413,0.622027,-5.915631,-5.293605,0.622027,-5.13044,-4.508413,0.622027,-5.915631,-5.293605,2.539316,2.0,publish
bybit_perp,MDTUSDT,20230808,709,1.0,0.666168,-3.599865,-2.933697,0.666168,-3.33555,-2.669382,0.666168,-3.599865,-2.933697,0.666168,-3.33555,-2.669382,3.220237,2.0,publish
bybit_perp,MDTUSDT,20230811,339,1.0,0.636459,-3.783908,-3.147449,0.636459,-4.39581,-3.759351,0.636459,-3.783908,-3.147449,0.636459,-4.39581,-3.759351,2.454604,2.0,publish
bybit_perp,MDTUSDT,20230814,1383,1.0,0.716362,-4.148299,-3.431937,0.716362,-4.615155,-3.898793,0.716362,-4.148299,-3.431937,0.716362,-4.615155,-3.898793,5.347397,2.0,publish
bybit_perp,MDTUSDT,20230817,825,1.0,1.33463,-4.806033,-3.471403,1.33463,-5.450964,-4.116334,1.33463,-4.806033,-3.471403,1.33463,-5.450964,-4.116334,8.646373,2.0,publish
bybit_perp,MDTUSDT,20230820,325,1.0,0.748953,-4.263786,-3.514833,0.748953,-3.765081,-3.016129,0.748953,-4.263786,-3.514833,0.748953,-3.765081,-3.016129,2.905146,2.0,publish
bybit_perp,MDTUSDT,20230823,570,1.0,0.794358,-3.984654,-3.190296,0.794358,-3.153644,-2.359285,0.794358,-3.984654,-3.190296,0.794358,-3.153644,-2.359285,3.53359,2.0,publish
bybit_perp,MDTUSDT,20230826,295,1.0,0.696575,-3.95819,-3.261614,0.696575,-3.872796,-3.176221,0.696575,-3.95819,-3.261614,0.696575,-3.872796,-3.176221,2.077457,2.0,publish
bybit_perp,MDTUSDT,20230829,713,1.0,1.015872,-4.804108,-3.788236,1.015872,-4.171983,-3.156111,1.015872,-4.804108,-3.788236,1.015872,-4.171983,-3.156111,4.314347,2.0,publish
bybit_perp,MDTUSDT,20230901,1209,1.0,0.801505,-4.057174,-3.255669,0.801505,-4.592467,-3.790962,0.801505,-4.057174,-3.255669,0.801505,-4.592467,-3.790962,6.085726,2.0,publish
bybit_perp,MDTUSDT,20230904,2354,1.0,0.635055,-3.82523,-3.190175,0.635055,-3.84972,-3.214665,0.635055,-3.82523,-3.190175,0.635055,-3.84972,-3.214665,6.428239,2.0,publish
bybit_perp,MDTUSDT,20230907,1068,1.0,0.683669,-4.173872,-3.490202,0.683669,-3.598231,-2.914562,0.683669,-4.173872,-3.490202,0.683669,-3.598231,-2.914562,6.332603,2.0,publish
bybit_perp,MDTUSDT,20230910,1739,1.0,0.862221,-3.143794,-2.281572,0.862221,-7.631497,-6.769276,0.862221,-3.143794,-2.281572,0.862221,-7.631497,-6.769276,7.005586,2.0,publish
bybit_perp,MDTUSDT,20230913,846,1.0,0.709427,-3.994047,-3.28462,0.709427,-4.719467,-4.010041,0.709427,-3.994047,-3.28462,0.709427,-4.719467,-4.010041,4.298776,2.0,publish
bybit_perp,MDTUSDT,20230916,905,1.0,0.658401,-4.501932,-3.843531,0.658401,-4.205702,-3.547301,0.658401,-4.501932,-3.843531,0.658401,-4.205702,-3.547301,5.250694,2.0,publish
bybit_perp,MDTUSDT,20230919,815,1.0,0.749139,-3.423098,-2.673959,0.749139,-3.492198,-2.743059,0.749139,-3.423098,-2.673959,0.749139,-3.492198,-2.743059,4.991411,2.0,publish
bybit_perp,MDTUSDT,20230922,435,1.0,0.618347,-3.274082,-2.655735,0.618347,-3.501544,-2.883197,0.618347,-3.274082,-2.655735,0.618347,-3.501544,-2.883197,3.056615,2.0,publish
bybit_perp,MDTUSDT,20230925,801,1.0,0.698252,-3.880508,-3.182256,0.698252,-3.290991,-2.592739,0.698252,-3.880508,-3.182256,0.698252,-3.290991,-2.592739,4.591482,2.0,publish
bybit_perp,MDTUSDT,20230928,581,1.0,0.67495,-3.229309,-2.55436,0.67495,-2.497511,-1.822561,0.67495,-3.229309,-2.55436,0.67495,-2.497511,-1.822561,3.705231,2.0,publish
bybit_perp,MDTUSDT,20231001,540,1.0,0.663342,-4.198111,-3.534769,0.663342,-4.220284,-3.556942,0.663342,-4.198111,-3.534769,0.663342,-4.220284,-3.556942,3.652559,2.0,publish
bybit_perp,MDTUSDT,20231004,656,1.0,0.997202,-3.099505,-2.102303,0.997202,-3.203955,-2.206753,0.997202,-3.099505,-2.102303,0.997202,-3.203955,-2.206753,5.791055,2.0,publish
bybit_perp,MDTUSDT,20231007,223,1.0,0.745389,-3.506647,-2.761258,0.745389,-2.922715,-2.177326,0.745389,-3.506647,-2.761258,0.745389,-2.922715,-2.177326,2.519459,2.0,publish
bybit_perp,MDTUSDT,20231010,381,1.0,0.67416,-3.575625,-2.901465,0.67416,-3.466345,-2.792185,0.67416,-3.575625,-2.901465,0.67416,-3.466345,-2.792185,3.553172,2.0,publish
bybit_perp,MDTUSDT,20231013,361,1.0,0.766524,-3.686902,-2.920378,0.766524,-3.280825,-2.514302,0.766524,-3.686902,-2.920378,0.766524,-3.280825,-2.514302,2.86503,2.0,publish
bybit_perp,MDTUSDT,20231016,409,1.0,1.445644,-2.180852,-0.735208,1.445644,-2.196665,-0.751021,1.445644,-2.180852,-0.735208,1.445644,-2.196665,-0.751021,4.311251,2.0,publish
bybit_perp,MDTUSDT,20231019,121,1.0,1.582344,-4.747533,-3.165189,1.582344,-3.474801,-1.892457,1.582344,-4.747533,-3.165189,1.582344,-3.474801,-1.892457,2.947199,2.0,publish
bybit_perp,MDTUSDT,20231022,127,1.0,1.608088,-5.099144,-3.491056,1.608088,-9.217624,-7.609536,1.608088,-5.099144,-3.491056,1.608088,-9.217624,-7.609536,3.482273,2.0,publish
bybit_perp,MDTUSDT,20231025,211,1.0,1.685923,-6.102224,-4.4163,1.685923,-6.132435,-4.446512,1.685923,-6.102224,-4.4163,1.685923,-6.132435,-4.446512,5.723986,2.0,publish
bybit_perp,MDTUSDT,20231028,419,1.0,1.457865,-6.827383,-5.369518,1.457865,-6.799482,-5.341618,1.457865,-6.827383,-5.369518,1.457865,-6.799482,-5.341618,6.425659,2.0,publish
bybit_perp,MDTUSDT,20231031,364,1.0,2.070587,-5.32039,-3.249803,2.070587,-6.863708,-4.793121,2.070587,-5.32039,-3.249803,2.070587,-6.863708,-4.793121,6.389203,2.0,publish
bybit_perp,MDTUSDT,20231103,196,1.0,1.328637,-2.709137,-1.3805,1.328637,-2.576764,-1.248127,1.328637,-2.709137,-1.3805,1.328637,-2.576764,-1.248127,4.608723,2.0,publish
bybit_perp,MDTUSDT,20231106,331,1.0,1.191843,-3.515056,-2.323214,1.191843,-2.131868,-0.940025,1.191843,-3.515056,-2.323214,1.191843,-2.131868,-0.940025,5.239549,2.0,publish
bybit_perp,MDTUSDT,20231109,551,1.0,4.035235,-4.708542,-0.673306,4.035235,0.333318,4.368553,4.035235,-4.708542,-0.673306,4.035235,0.333318,4.368553,9.666235,2.0,publish
bybit_perp,MDTUSDT,20231112,212,1.0,1.777908,-4.261195,-2.483287,1.777908,-2.071404,-0.293496,1.777908,-4.261195,-2.483287,1.777908,-2.071404,-0.293496,5.698113,2.0,publish
bybit_perp,MDTUSDT,20231115,233,1.0,2.016919,-3.099107,-1.082188,2.016919,-4.817243,-2.800324,2.016919,-3.099107,-1.082188,2.016919,-4.817243,-2.800324,4.191071,2.0,publish
bybit_perp,MDTUSDT,20231118,125,1.0,1.983331,-3.722579,-1.739248,1.983331,-3.986019,-2.002689,1.983331,-3.722579,-1.739248,1.983331,-3.986019,-2.002689,4.512007,2.0,publish
bybit_perp,MDTUSDT,20231121,398,1.0,2.965005,-4.360812,-1.395807,2.965005,-4.394611,-1.429606,2.965005,-4.360812,-1.395807,2.965005,-4.394611,-1.429606,7.5906,2.0,publish
bybit_perp,MDTUSDT,20231124,2221,1.0,2.418486,-3.887151,-1.468665,2.418486,-2.176903,0.241583,2.418486,-3.887151,-1.468665,2.418486,-2.176903,0.241583,13.137356,2.0,publish
bybit_perp,MDTUSDT,20231127,1807,1.0,2.569878,-4.957425,-2.387546,2.569878,-8.730639,-6.160761,2.569878,-4.957425,-2.387546,2.569878,-8.730639,-6.160761,14.488257,2.0,publish
bybit_perp,MDTUSDT,20231130,1584,1.0,1.274048,-2.438201,-1.164153,1.274048,-2.836108,-1.56206,1.274048,-2.438201,-1.164153,1.274048,-2.836108,-1.56206,7.599632,2.0,publish
bybit_perp,MDTUSDT,20231203,1154,1.0,0.75188,-2.255334,-1.503453,0.75188,-2.001925,-1.250044,0.75188,-2.255334,-1.503453,0.75188,-2.001925,-1.250044,3.741255,2.0,publish
bybit_perp,MDTUSDT,20231206,1376,1.0,0.907122,-2.645996,-1.738874,0.907122,-1.59084,-0.683717,0.907122,-2.645996,-1.738874,0.907122,-1.59084,-0.683717,6.169081,2.0,publish
bybit_perp,MDTUSDT,20231209,989,1.0,1.427001,-1.727313,-0.300311,1.427001,-1.156082,0.27092,1.427001,-1.727313,-0.300311,1.427001,-1.156082,0.27092,5.98339,2.0,publish
bybit_perp,MDTUSDT,20231212,555,1.0,1.571708,-2.988507,-1.416799,1.571708,-2.7378,-1.166093,1.571708,-2.988507,-1.416799,1.571708,-2.7378,-1.166093,5.379873,2.0,publish
bybit_perp,MDTUSDT,20231215,490,1.0,0.993539,-2.670561,-1.677022,0.993539,-3.099796,-2.106257,0.993539,-2.670561,-1.677022,0.993539,-3.099796,-2.106257,3.476893,2.0,publish
bybit_perp,MDTUSDT,20231218,353,1.0,2.095051,-4.828001,-2.732949,2.095051,-6.025388,-3.930337,2.095051,-4.828001,-2.732949,2.095051,-6.025388,-3.930337,4.748578,2.0,publish
bybit_perp,MDTUSDT,20231221,141,1.0,1.432788,-2.249925,-0.817137,1.432788,-3.278008,-1.84522,1.432788,-2.249925,-0.817137,1.432788,-3.278008,-1.84522,3.690716,2.0,publish
bybit_perp,MDTUSDT,20231224,586,1.0,1.455799,-3.18355,-1.727751,1.455799,-2.442182,-0.986384,1.455799,-3.18355,-1.727751,1.455799,-2.442182,-0.986384,5.202904,2.0,publish
bybit_perp,MDTUSDT,20231227,1164,1.0,1.718849,-3.87313,-2.154281,1.718849,-4.038614,-2.319765,1.718849,-3.87313,-2.154281,1.718849,-4.038614,-2.319765,9.036181,2.0,publish
bybit_perp,MDTUSDT,20231230,383,1.0,1.204318,-3.839335,-2.635017,1.204318,-3.41396,-2.209643,1.204318,-3.839335,-2.635017,1.204318,-3.41396,-2.209643,3.772583,2.0,publish
bybit_perp,MDTUSDT,20240102,521,1.0,2.047593,-3.632098,-1.584505,2.047593,-3.183986,-1.136393,2.047593,-3.632098,-1.584505,2.047593,-3.183986,-1.136393,5.208369,2.0,publish
bybit_perp,MDTUSDT,20240105,453,1.0,3.397055,-4.631864,-1.23481,3.397055,-5.257528,-1.860473,3.397055,-4.631864,-1.23481,3.397055,-5.257528,-1.860473,6.456838,2.0,publish
bybit_perp,MDTUSDT,20240108,713,1.0,2.780207,-4.625795,-1.845588,2.780207,-2.011536,0.76867,2.780207,-4.625795,-1.845588,2.780207,-2.011536,0.76867,6.854899,2.0,publish
bybit_perp,MDTUSDT,20240111,808,1.0,2.682925,-4.535047,-1.852123,2.682925,-4.949723,-2.266798,2.682925,-4.535047,-1.852123,2.682925,-4.949723,-2.266798,5.6984,2.0,publish
bybit_perp,MDTUSDT,20240114,734,1.0,1.607826,-4.172845,-2.565019,1.607826,-4.491836,-2.884011,1.607826,-4.172845,-2.565019,1.607826,-4.491836,-2.884011,5.298747,2.0,publish
bybit_perp,MDTUSDT,20240117,494,1.0,1.452286,-3.939136,-2.48685,1.452286,-4.175965,-2.723679,1.452286,-3.939136,-2.48685,1.452286,-4.175965,-2.723679,3.773845,2.0,publish
bybit_perp,MDTUSDT,20240120,411,1.0,1.356849,-3.451383,-2.094535,1.356849,-3.762744,-2.405895,1.356849,-3.451383,-2.094535,1.356849,-3.762744,-2.405895,3.161969,2.0,publish
bybit_perp,MDTUSDT,20240123,753,1.0,2.677431,-4.893265,-2.215834,2.677431,-2.464664,0.212767,2.677431,-4.893265,-2.215834,2.677431,-2.464664,0.212767,6.847142,2.0,publish
bybit_perp,MDTUSDT,20240126,382,1.0,1.818205,-3.062692,-1.244487,1.818205,-2.946034,-1.127828,1.818205,-3.062692,-1.244487,1.818205,-2.946034,-1.127828,2.880945,2.0,publish
bybit_perp,MDTUSDT,20240129,453,1.0,1.54859,-3.250524,-1.701934,1.54859,-2.79587,-1.24728,1.54859,-3.250524,-1.701934,1.54859,-2.79587,-1.24728,3.234266,2.0,publish
bybit_perp,MDTUSDT,20240201,544,1.0,1.794997,-3.626922,-1.831925,1.794997,-3.32816,-1.533163,1.794997,-3.626922,-1.831925,1.794997,-3.32816,-1.533163,3.597927,2.0,publish
bybit_perp,MDTUSDT,20240204,539,1.0,1.498787,-3.849522,-2.350735,1.498787,-4.261737,-2.762951,1.498787,-3.849522,-2.350735,1.498787,-4.261737,-2.762951,4.291817,2.0,publish
bybit_perp,MDTUSDT,20240207,176,1.0,2.10813,-3.478121,-1.369992,2.10813,-2.311599,-0.20347,2.10813,-3.478121,-1.369992,2.10813,-2.311599,-0.20347,2.986261,2.0,publish
bybit_perp,MDTUSDT,20240210,181,1.0,1.800235,-3.318446,-1.51821,1.800235,-2.651424,-0.851189,1.800235,-3.318446,-1.51821,1.800235,-2.651424,-0.851189,2.48921,2.0,publish
bybit_perp,MDTUSDT,20240213,229,1.0,2.23435,-5.230326,-2.995976,2.23435,-4.595291,-2.360941,2.23435,-5.230326,-2.995976,2.23435,-4.595291,-2.360941,4.070949,2.0,publish
bybit_perp,MDTUSDT,20240216,819,1.0,3.264556,-5.306318,-2.041762,3.264556,-8.356345,-5.09179,3.264556,-5.306318,-2.041762,3.264556,-8.356345,-5.09179,7.000502,2.0,publish
bybit_perp,MDTUSDT,20240219,1262,1.0,2.433222,-4.644189,-2.210966,2.433222,-4.52078,-2.087558,2.433222,-4.644189,-2.210966,2.433222,-4.52078,-2.087558,9.781755,2.0,publish
bybit_perp,MDTUSDT,20240222,1695,1.0,2.331829,-4.343636,-2.011808,2.331829,-4.399332,-2.067503,2.331829,-4.343636,-2.011808,2.331829,-4.399332,-2.067503,10.097808,2.0,publish
bybit_perp,MDTUSDT,20240225,1016,1.0,2.69771,-5.599469,-2.901758,2.69771,-7.322781,-4.62507,2.69771,-5.599469,-2.901758,2.69771,-7.322781,-4.62507,9.011983,2.0,publish
bybit_perp,MDTUSDT,20240228,1053,1.0,4.109288,-6.990469,-2.881181,4.109288,-14.826483,-10.717195,4.109288,-6.990469,-2.881181,4.109288,-14.826483,-10.717195,14.801194,2.0,publish
bybit_perp,MDTUSDT,20240302,1602,1.0,2.610925,-3.314817,-0.703892,2.610925,-3.063666,-0.452741,2.610925,-3.314817,-0.703892,2.610925,-3.063666,-0.452741,8.886489,2.0,publish
bybit_perp,MDTUSDT,20240305,1887,1.0,3.607364,-6.462956,-2.855592,3.607364,-8.537859,-4.930495,3.607364,-6.462956,-2.855592,3.607364,-8.537859,-4.930495,14.278708,2.0,publish
bybit_perp,MDTUSDT,20240308,2007,1.0,2.582451,-4.47712,-1.89467,2.582451,-3.759575,-1.177124,2.582451,-4.47712,-1.89467,2.582451,-3.759575,-1.177124,10.98568,2.0,publish
bybit_perp,MDTUSDT,20240311,1489,1.0,2.371567,-4.16209,-1.790523,2.371567,-3.832167,-1.4606,2.371567,-4.16209,-1.790523,2.371567,-3.832167,-1.4606,9.935208,2.0,publish
bybit_perp,MDTUSDT,20240314,1403,1.0,2.370221,-4.068384,-1.698163,2.370221,-3.710779,-1.340558,2.370221,-4.068384,-1.698163,2.370221,-3.710779,-1.340558,9.824627,2.0,publish
bybit_perp,MDTUSDT,20240317,1598,1.0,2.778986,-4.916155,-2.13717,2.778986,-4.590893,-1.811907,2.778986,-4.916155,-2.13717,2.778986,-4.590893,-1.811907,12.184128,2.0,publish
bybit_perp,MDTUSDT,20240320,799,1.0,2.10471,-2.59294,-0.48823,2.10471,-1.292085,0.812625,2.10471,-2.59294,-0.48823,2.10471,-1.292085,0.812625,8.515351,2.0,publish
bybit_perp,MDTUSDT,20240323,520,1.0,1.533007,-3.15299,-1.619983,1.533007,-1.542755,-0.009748,1.533007,-3.15299,-1.619983,1.533007,-1.542755,-0.009748,5.365879,2.0,publish
bybit_perp,MDTUSDT,20240326,765,1.0,2.032671,-3.418032,-1.385361,2.032671,-2.640709,-0.608038,2.032671,-3.418032,-1.385361,2.032671,-2.640709,-0.608038,6.516082,2.0,publish
bybit_perp,MDTUSDT,20240329,3048,1.0,3.093448,-3.085878,0.00757,3.093448,-0.470643,2.622805,3.093448,-3.085878,0.00757,3.093448,-0.470643,2.622805,14.159528,2.0,publish
bybit_perp,MDTUSDT,20240401,1064,1.0,2.169385,-3.775674,-1.606289,2.169385,-3.254327,-1.084943,2.169385,-3.775674,-1.606289,2.169385,-3.254327,-1.084943,7.667489,2.0,publish
bybit_perp,MDTUSDT,20240404,938,1.0,1.614065,-4.057931,-2.443865,1.614065,-3.805419,-2.191353,1.614065,-4.057931,-2.443865,1.614065,-3.805419,-2.191353,6.836151,2.0,publish
bybit_perp,MDTUSDT,20240407,493,1.0,1.3603,-3.273775,-1.913475,1.3603,-2.90736,-1.54706,1.3603,-3.273775,-1.913475,1.3603,-2.90736,-1.54706,4.014328,2.0,publish
bybit_perp,MDTUSDT,20240410,439,1.0,1.937637,-3.883456,-1.945819,1.937637,-1.136762,0.800875,1.937637,-3.883456,-1.945819,1.937637,-1.136762,0.800875,5.434299,2.0,publish
bybit_perp,MDTUSDT,20240413,1651,1.0,5.691239,-10.884785,-5.193546,5.691239,-10.292921,-4.601682,5.691239,-10.884785,-5.193546,5.691239,-10.292921,-4.601682,18.519393,2.0,publish
bybit_perp,MDTUSDT,20240416,720,1.0,2.39494,-4.942285,-2.547345,2.39494,-5.489329,-3.094388,2.39494,-4.942285,-2.547345,2.39494,-5.489329,-3.094388,8.944946,2.0,publish
bybit_perp,MDTUSDT,20240419,515,1.0,2.773495,-3.93827,-1.164775,2.773495,-3.80328,-1.029784,2.773495,-3.93827,-1.164775,2.773495,-3.80328,-1.029784,7.747054,2.0,publish
bybit_perp,MDTUSDT,20240422,328,1.0,1.912563,-3.932796,-2.020233,1.912563,-2.742688,-0.830125,1.912563,-3.932796,-2.020233,1.912563,-2.742688,-0.830125,5.490522,2.0,publish
bybit_perp,MDTUSDT,20240425,358,1.0,2.044661,-2.739611,-0.694949,2.044661,-3.234832,-1.19017,2.044661,-2.739611,-0.694949,2.044661,-3.234832,-1.19017,5.785998,2.0,publish
bybit_perp,MDTUSDT,20240428,713,1.0,1.221388,-2.276351,-1.054962,1.221388,-1.922656,-0.701268,1.221388,-2.276351,-1.054962,1.221388,-1.922656,-0.701268,4.393386,2.0,publish
bybit_perp,MDTUSDT,20240501,788,1.0,2.745799,-3.265716,-0.519917,2.745799,-2.726605,0.019194,2.745799,-3.265716,-0.519917,2.745799,-2.726605,0.019194,7.284184,2.0,publish
bybit_perp,MDTUSDT,20240504,549,1.0,2.151316,-2.859203,-0.707887,2.151316,-2.342435,-0.191119,2.151316,-2.859203,-0.707887,2.151316,-2.342435,-0.191119,3.818045,2.0,publish
bybit_perp,MDTUSDT,20240507,725,1.0,2.438154,-2.765782,-0.327629,2.438154,-2.039946,0.398207,2.438154,-2.765782,-0.327629,2.438154,-2.039946,0.398207,5.695573,2.0,publish
bybit_perp,MDTUSDT,20240510,674,1.0,2.473241,-2.554007,-0.080766,2.473241,-2.262064,0.211177,2.473241,-2.554007,-0.080766,2.473241,-2.262064,0.211177,5.604533,2.0,publish
bybit_perp,MDTUSDT,20240513,691,1.0,1.983217,-2.549596,-0.566379,1.983217,-2.165814,-0.182598,1.983217,-2.549596,-0.566379,1.983217,-2.165814,-0.182598,5.744145,2.0,publish
bybit_perp,MDTUSDT,20240516,3207,1.0,2.19905,-1.579257,0.619793,2.19905,-1.515139,0.683911,2.19905,-1.579257,0.619793,2.19905,-1.515139,0.683911,7.618389,2.0,publish
bybit_perp,MDTUSDT,20240519,745,1.0,1.767624,-2.870009,-1.102385,1.767624,-3.908093,-2.140469,1.767624,-2.870009,-1.102385,1.767624,-3.908093,-2.140469,3.964483,2.0,publish
bybit_perp,MDTUSDT,20240522,1189,1.0,3.072053,-4.321013,-1.24896,3.072053,-4.254474,-1.18242,3.072053,-4.321013,-1.24896,3.072053,-4.254474,-1.18242,6.363509,2.0,publish
bybit_perp,MDTUSDT,20240525,284,1.0,2.069636,-2.662219,-0.592583,2.069636,-2.929806,-0.86017,2.069636,-2.662219,-0.592583,2.069636,-2.929806,-0.86017,3.026801,2.0,publish
bybit_perp,MDTUSDT,20240528,2822,1.0,2.114296,-5.052587,-2.93829,2.114296,-6.274085,-4.159789,2.114296,-5.052587,-2.93829,2.114296,-6.274085,-4.159789,10.810505,2.0,publish
bybit_perp,MDTUSDT,20240531,2052,1.0,1.352104,-3.384505,-2.032401,1.352104,-3.56839,-2.216286,1.352104,-3.384505,-2.032401,1.352104,-3.56839,-2.216286,5.496402,2.0,publish
bybit_perp,MDTUSDT,20240603,870,1.0,1.194211,-2.982221,-1.788009,1.194211,-2.573841,-1.379629,1.194211,-2.982221,-1.788009,1.194211,-2.573841,-1.379629,4.24779,2.0,publish
bybit_perp,MDTUSDT,20240606,748,1.0,0.879264,-2.157173,-1.277909,0.879264,-2.75169,-1.872426,0.879264,-2.157173,-1.277909,0.879264,-2.75169,-1.872426,2.991382,2.0,publish
bybit_perp,MDTUSDT,20240609,852,1.0,0.97557,-2.939822,-1.964252,0.97557,-2.674629,-1.699059,0.97557,-2.939822,-1.964252,0.97557,-2.674629,-1.699059,3.167054,2.0,publish
bybit_perp,MDTUSDT,20240612,1465,1.0,1.279454,-3.780837,-2.501383,1.279454,-5.357314,-4.077859,1.279454,-3.780837,-2.501383,1.279454,-5.357314,-4.077859,4.858461,2.0,publish
bybit_perp,MDTUSDT,20240615,975,1.0,1.05748,-3.08789,-2.03041,1.05748,-3.538601,-2.481121,1.05748,-3.08789,-2.03041,1.05748,-3.538601,-2.481121,3.835576,2.0,publish
bybit_perp,MDTUSDT,20240618,1627,1.0,2.291052,-3.812069,-1.521017,2.291052,-4.798557,-2.507504,2.291052,-3.812069,-1.521017,2.291052,-4.798557,-2.507504,7.326822,2.0,publish
bybit_perp,MDTUSDT,20240621,4409,1.0,3.843576,-3.781624,0.061952,3.843576,-8.819635,-4.97606,3.843576,-3.781624,0.061952,3.843576,-8.819635,-4.97606,14.885454,2.0,publish
bybit_perp,MDTUSDT,20240624,2472,1.0,1.659253,-3.391695,-1.732442,1.659253,-3.880145,-2.220891,1.659253,-3.391695,-1.732442,1.659253,-3.880145,-2.220891,6.433579,2.0,publish
bybit_perp,MDTUSDT,20240627,793,1.0,1.30048,-2.689055,-1.388575,1.30048,-3.531418,-2.230938,1.30048,-2.689055,-1.388575,1.30048,-3.531418,-2.230938,3.19731,2.0,publish
bybit_perp,MDTUSDT,20240630,1045,1.0,1.346967,-2.818713,-1.471747,1.346967,-3.245971,-1.899004,1.346967,-2.818713,-1.471747,1.346967,-3.245971,-1.899004,4.13238,2.0,publish
bybit_perp,MDTUSDT,20240703,421,1.0,1.976095,-3.357775,-1.38168,1.976095,-4.800027,-2.823932,1.976095,-3.357775,-1.38168,1.976095,-4.800027,-2.823932,3.441039,2.0,publish
bybit_perp,MDTUSDT,20240706,456,1.0,2.299992,-4.358413,-2.058422,2.299992,-5.660649,-3.360657,2.299992,-4.358413,-2.058422,2.299992,-5.660649,-3.360657,4.110461,2.0,publish
bybit_perp,MDTUSDT,20240709,901,1.0,2.261608,-3.143761,-0.882153,2.261608,-2.687846,-0.426238,2.261608,-3.143761,-0.882153,2.261608,-2.687846,-0.426238,4.555622,2.0,publish
bybit_perp,MDTUSDT,20240712,810,1.0,2.269395,-3.979075,-1.70968,2.269395,-4.102889,-1.833493,2.269395,-3.979075,-1.70968,2.269395,-4.102889,-1.833493,4.295853,2.0,publish
bybit_perp,MDTUSDT,20240715,578,1.0,1.810698,-2.981233,-1.170535,1.810698,-3.855398,-2.0447,1.810698,-2.981233,-1.170535,1.810698,-3.855398,-2.0447,3.211914,2.0,publish
bybit_perp,MDTUSDT,20240718,371,1.0,2.903241,-4.290926,-1.387685,2.903241,-6.541124,-3.637883,2.903241,-4.290926,-1.387685,2.903241,-6.541124,-3.637883,4.043484,2.0,publish
bybit_perp,MDTUSDT,20240721,268,1.0,3.113657,-3.125513,-0.011856,3.113657,-4.372101,-1.258444,3.113657,-3.125513,-0.011856,3.113657,-4.372101,-1.258444,3.43201,2.0,publish
bybit_perp,MDTUSDT,20240724,308,1.0,2.840344,-4.807947,-1.967603,2.840344,-3.566089,-0.725745,2.840344,-4.807947,-1.967603,2.840344,-3.566089,-0.725745,3.267487,2.0,publish
bybit_perp,MDTUSDT,20240727,572,1.0,2.508463,-3.136751,-0.628288,2.508463,-4.66032,-2.151857,2.508463,-3.136751,-0.628288,2.508463,-4.66032,-2.151857,3.790564,2.0,publish
bybit_perp,MDTUSDT,20240730,549,1.0,2.456282,-3.795332,-1.33905,2.456282,-4.248744,-1.792462,2.456282,-3.795332,-1.33905,2.456282,-4.248744,-1.792462,4.304323,2.0,publish
bybit_perp,MDTUSDT,20240802,878,1.0,3.189429,-5.357737,-2.168308,3.189429,-5.881911,-2.692483,3.189429,-5.357737,-2.168308,3.189429,-5.881911,-2.692483,6.541096,2.0,publish
bybit_perp,MDTUSDT,20240805,2544,1.0,6.243222,-7.648442,-1.405219,6.243222,-6.105488,0.137735,6.243222,-7.648442,-1.405219,6.243222,-6.105488,0.137735,16.267262,2.0,publish
bybit_perp,MDTUSDT,20240808,1615,1.0,3.203359,-3.84963,-0.64627,3.203359,-2.111593,1.091767,3.203359,-3.84963,-0.64627,3.203359,-2.111593,1.091767,8.481369,2.0,publish
bybit_perp,MDTUSDT,20240811,1794,1.0,3.628464,-4.289875,-0.661411,3.628464,-2.116231,1.512233,3.628464,-4.289875,-0.661411,3.628464,-2.116231,1.512233,8.080311,2.0,publish
bybit_perp,MDTUSDT,20240814,698,1.0,2.495575,-3.554852,-1.059277,2.495575,-3.334179,-0.838603,2.495575,-3.554852,-1.059277,2.495575,-3.334179,-0.838603,4.622636,2.0,publish
bybit_perp,MDTUSDT,20240817,926,1.0,2.513615,-3.635783,-1.122167,2.513615,-5.550767,-3.037151,2.513615,-3.635783,-1.122167,2.513615,-5.550767,-3.037151,5.014273,2.0,publish
bybit_perp,MDTUSDT,20240820,592,1.0,2.423365,-2.505193,-0.081828,2.423365,-2.784769,-0.361404,2.423365,-2.505193,-0.081828,2.423365,-2.784769,-0.361404,4.264697,2.0,publish
bybit_perp,MDTUSDT,20240823,686,1.0,2.611003,-4.02051,-1.409507,2.611003,-5.485788,-2.874785,2.611003,-4.02051,-1.409507,2.611003,-5.485788,-2.874785,4.511795,2.0,publish
bybit_perp,MDTUSDT,20240826,970,1.0,3.392915,-3.900242,-0.507327,3.392915,-5.164912,-1.771997,3.392915,-3.900242,-0.507327,3.392915,-5.164912,-1.771997,5.416283,2.0,publish
bybit_perp,MDTUSDT,20240829,631,1.0,2.868431,-2.986034,-0.117603,2.868431,-1.888982,0.979449,2.868431,-2.986034,-0.117603,2.868431,-1.888982,0.979449,4.941672,2.0,publish
bybit_perp,MDTUSDT,20240901,594,1.0,2.771246,-3.382543,-0.611298,2.771246,-3.660755,-0.88951,2.771246,-3.382543,-0.611298,2.771246,-3.660755,-0.88951,4.973949,2.0,publish
bybit_perp,MDTUSDT,20240904,651,1.0,3.780454,-3.261899,0.518555,3.780454,-5.869381,-2.088927,3.780454,-3.261899,0.518555,3.780454,-5.869381,-2.088927,5.521143,2.0,publish
bybit_perp,MDTUSDT,20240907,350,1.0,2.774036,-3.322646,-0.54861,2.774036,-3.752006,-0.97797,2.774036,-3.322646,-0.54861,2.774036,-3.752006,-0.97797,3.556851,2.0,publish
bybit_perp,MDTUSDT,20240910,804,1.0,3.057536,-3.067335,-0.009799,3.057536,-3.273862,-0.216326,3.057536,-3.067335,-0.009799,3.057536,-3.273862,-0.216326,4.077133,2.0,publish
bybit_perp,MDTUSDT,20240913,736,1.0,2.282665,-3.234257,-0.951591,2.282665,-3.525712,-1.243047,2.282665,-3.234257,-0.951591,2.282665,-3.525712,-1.243047,3.63526,2.0,publish
bybit_perp,MDTUSDT,20240916,509,1.0,3.041161,-2.372914,0.668247,3.041161,-2.185032,0.856129,3.041161,-2.372914,0.668247,3.041161,-2.185032,0.856129,3.091694,2.0,publish
bybit_perp,MDTUSDT,20240919,503,1.0,2.759485,-2.71172,0.047766,2.759485,-3.552573,-0.793087,2.759485,-2.71172,0.047766,2.759485,-3.552573,-0.793087,3.373834,2.0,publish
bybit_perp,MDTUSDT,20240922,946,1.0,3.060924,-2.115522,0.945402,3.060924,-0.948799,2.112125,3.060924,-2.115522,0.945402,3.060924,-0.948799,2.112125,6.821917,2.0,publish
bybit_perp,MDTUSDT,20240925,1205,1.0,2.183552,-4.352905,-2.169353,2.183552,-4.913587,-2.730035,2.183552,-4.352905,-2.169353,2.183552,-4.913587,-2.730035,5.087878,2.0,publish
bybit_perp,MDTUSDT,20240928,1177,1.0,1.53186,-3.248903,-1.717043,1.53186,-3.717704,-2.185844,1.53186,-3.248903,-1.717043,1.53186,-3.717704,-2.185844,4.32862,2.0,publish
bybit_perp,MDTUSDT,20241001,1500,1.0,4.13828,-3.581413,0.556867,4.13828,-3.027334,1.110946,4.13828,-3.581413,0.556867,4.13828,-3.027334,1.110946,7.650042,2.0,publish
bybit_perp,MDTUSDT,20241004,779,1.0,3.243873,-4.330407,-1.086535,3.243873,-5.223981,-1.980108,3.243873,-4.330407,-1.086535,3.243873,-5.223981,-1.980108,4.697737,2.0,publish
bybit_perp,MDTUSDT,20241007,1070,1.0,2.851196,-4.388081,-1.536886,2.851196,-3.946908,-1.095713,2.851196,-4.388081,-1.536886,2.851196,-3.946908,-1.095713,4.689031,2.0,publish
bybit_perp,MDTUSDT,20241010,344,1.0,2.916453,-3.977236,-1.060783,2.916453,-5.195116,-2.278663,2.916453,-3.977236,-1.060783,2.916453,-5.195116,-2.278663,3.487062,2.0,publish
bybit_perp,MDTUSDT,20241013,551,1.0,2.438819,-2.178847,0.259972,2.438819,-2.909489,-0.47067,2.438819,-2.178847,0.259972,2.438819,-2.909489,-0.47067,2.672403,2.0,publish
bybit_perp,MDTUSDT,20241016,775,1.0,2.889405,-2.738934,0.150471,2.889405,-3.382428,-0.493023,2.889405,-2.738934,0.150471,2.889405,-3.382428,-0.493023,3.310282,2.0,publish
bybit_perp,MDTUSDT,20241019,725,1.0,1.82042,-2.912043,-1.091623,1.82042,-4.045825,-2.225405,1.82042,-2.912043,-1.091623,1.82042,-4.045825,-2.225405,2.367255,2.0,publish
bybit_perp,MDTUSDT,20241022,709,1.0,2.048363,-2.942604,-0.894242,2.048363,-3.61363,-1.565267,2.048363,-2.942604,-0.894242,2.048363,-3.61363,-1.565267,3.386973,2.0,publish
bybit_perp,MDTUSDT,20241025,887,1.0,2.984612,-3.426295,-0.441683,2.984612,-0.227944,2.756668,2.984612,-3.426295,-0.441683,2.984612,-0.227944,2.756668,5.610092,2.0,publish
bybit_perp,MDTUSDT,20241028,785,1.0,2.14761,-2.715316,-0.567706,2.14761,-3.586796,-1.439186,2.14761,-2.715316,-0.567706,2.14761,-3.586796,-1.439186,3.810596,2.0,publish
bybit_perp,MDTUSDT,20241031,745,1.0,2.152787,-3.125534,-0.972747,2.152787,-3.67535,-1.522564,2.152787,-3.125534,-0.972747,2.152787,-3.67535,-1.522564,4.058854,2.0,publish
bybit_perp,MDTUSDT,20241103,936,1.0,2.714783,-4.300106,-1.585323,2.714783,-4.841584,-2.126801,2.714783,-4.300106,-1.585323,2.714783,-4.841584,-2.126801,4.337482,2.0,publish
bybit_perp,MDTUSDT,20241106,1605,1.0,3.010771,-4.302396,-1.291625,3.010771,-5.340284,-2.329514,3.010771,-4.302396,-1.291625,3.010771,-5.340284,-2.329514,4.95629,2.0,publish
bybit_perp,MDTUSDT,20241109,812,1.0,1.913478,-3.446899,-1.53342,1.913478,-3.739056,-1.825578,1.913478,-3.446899,-1.53342,1.913478,-3.739056,-1.825578,3.248281,2.0,publish
bybit_perp,MDTUSDT,20241112,921,1.0,5.131235,-7.305807,-2.174573,5.131235,-7.143781,-2.012546,5.131235,-7.305807,-2.174573,5.131235,-7.143781,-2.012546,8.791816,2.0,publish
bybit_perp,MDTUSDT,20241115,552,1.0,4.639636,-6.020714,-1.381078,4.639636,-6.404682,-1.765046,4.639636,-6.020714,-1.381078,4.639636,-6.404682,-1.765046,6.429619,2.0,publish
bybit_perp,MDTUSDT,20241118,2556,1.0,5.068133,-4.500503,0.56763,5.068133,-1.500541,3.567593,5.068133,-4.500503,0.56763,5.068133,-1.500541,3.567593,17.04956,2.0,publish
bybit_perp,MDTUSDT,20241121,1214,1.0,4.558855,-5.423069,-0.864214,4.558855,-5.482911,-0.924056,4.558855,-5.423069,-0.864214,4.558855,-5.482911,-0.924056,7.869926,2.0,publish
bybit_perp,MDTUSDT,20241124,1344,1.0,5.483298,-6.482994,-0.999695,5.483298,-7.750874,-2.267575,5.483298,-6.482994,-0.999695,5.483298,-7.750874,-2.267575,8.066265,2.0,publish
bybit_perp,MDTUSDT,20241127,951,1.0,4.879552,-5.083993,-0.204441,4.879552,-5.221586,-0.342034,4.879552,-5.083993,-0.204441,4.879552,-5.221586,-0.342034,5.972002,2.0,publish
bybit_perp,MDTUSDT,20241130,1295,1.0,3.712317,-5.686954,-1.974637,3.712317,-7.344396,-3.632079,3.712317,-5.686954,-1.974637,3.712317,-7.344396,-3.632079,6.137288,2.0,publish
bybit_perp,MDTUSDT,20241203,1298,1.0,5.749188,-6.862355,-1.113167,5.749188,-6.223812,-0.474625,5.749188,-6.862355,-1.113167,5.749188,-6.223812,-0.474625,7.176719,2.0,publish
bybit_perp,MDTUSDT,20241206,1699,1.0,5.0716,-6.524039,-1.452438,5.0716,-6.661136,-1.589536,5.0716,-6.524039,-1.452438,5.0716,-6.661136,-1.589536,7.528607,2.0,publish
bybit_perp,MDTUSDT,20241209,1654,1.0,5.481632,-6.506267,-1.024635,5.481632,-9.423067,-3.941436,5.481632,-6.506267,-1.024635,5.481632,-9.423067,-3.941436,8.721833,2.0,publish
bybit_perp,MDTUSDT,20241212,1682,1.0,4.571441,-6.203856,-1.632415,4.571441,-7.362923,-2.791482,4.571441,-6.203856,-1.632415,4.571441,-7.362923,-2.791482,7.337946,2.0,publish
bybit_perp,MDTUSDT,20241215,7323,1.0,2.853728,-2.93982,-0.086092,2.853728,-4.233608,-1.379881,2.853728,-2.93982,-0.086092,2.853728,-4.233608,-1.379881,12.605119,2.0,publish
bybit_perp,MDTUSDT,20241218,2586,1.0,4.756172,-5.771599,-1.015427,4.756172,-7.618405,-2.862233,4.756172,-5.771599,-1.015427,4.756172,-7.618405,-2.862233,9.494096,2.0,publish
bybit_perp,MDTUSDT,20241221,1668,1.0,5.367898,-6.942471,-1.574573,5.367898,-6.564288,-1.196391,5.367898,-6.942471,-1.574573,5.367898,-6.564288,-1.196391,8.318603,2.0,publish
bybit_perp,MDTUSDT,20241224,1111,1.0,4.506696,-5.21102,-0.704324,4.506696,-6.403878,-1.897181,4.506696,-5.21102,-0.704324,4.506696,-6.403878,-1.897181,5.11782,2.0,publish
bybit_perp,MDTUSDT,20241227,2647,1.0,4.467533,-4.522461,-0.054928,4.467533,-6.296863,-1.82933,4.467533,-4.522461,-0.054928,4.467533,-6.296863,-1.82933,9.890361,2.0,publish
bybit_perp,MDTUSDT,20241230,2055,1.0,4.175699,-4.88928,-0.713582,4.175699,-5.505156,-1.329458,4.175699,-4.88928,-0.713582,4.175699,-5.505156,-1.329458,6.403291,2.0,publish
bybit_perp,MDTUSDT,20250102,1208,1.0,3.212528,-5.048165,-1.835638,3.212528,-4.475547,-1.26302,3.212528,-5.048165,-1.835638,3.212528,-4.475547,-1.26302,5.240258,2.0,publish
bybit_perp,MDTUSDT,20250105,724,1.0,2.64141,-3.906775,-1.265365,2.64141,-4.938287,-2.296877,2.64141,-3.906775,-1.265365,2.64141,-4.938287,-2.296877,3.659523,2.0,publish
bybit_perp,MDTUSDT,20250108,1029,1.0,3.073288,-4.735157,-1.661869,3.073288,-3.559318,-0.486029,3.073288,-4.735157,-1.661869,3.073288,-3.559318,-0.486029,5.879527,2.0,publish
bybit_perp,MDTUSDT,20250111,670,1.0,2.172327,-3.570965,-1.398638,2.172327,-3.836497,-1.664171,2.172327,-3.570965,-1.398638,2.172327,-3.836497,-1.664171,3.672564,2.0,publish
bybit_perp,MDTUSDT,20250114,682,1.0,2.468465,-5.001581,-2.533116,2.468465,-5.259116,-2.790651,2.468465,-5.001581,-2.533116,2.468465,-5.259116,-2.790651,4.614634,2.0,publish
bybit_perp,MDTUSDT,20250117,539,1.0,1.915116,-4.19154,-2.276424,1.915116,-4.647422,-2.732307,1.915116,-4.19154,-2.276424,1.915116,-4.647422,-2.732307,3.555692,2.0,publish
bybit_perp,MDTUSDT,20250120,890,1.0,4.703186,-6.632129,-1.928942,4.703186,-7.368358,-2.665171,4.703186,-6.632129,-1.928942,4.703186,-7.368358,-2.665171,8.926798,2.0,publish
bybit_perp,MDTUSDT,20250123,3975,1.0,4.133606,-5.503916,-1.37031,4.133606,-7.938854,-3.805248,4.133606,-5.503916,-1.37031,4.133606,-7.938854,-3.805248,14.771992,2.0,publish
bybit_perp,MDTUSDT,20250126,669,1.0,1.937745,-4.228954,-2.29121,1.937745,-4.733224,-2.795479,1.937745,-4.228954,-2.29121,1.937745,-4.733224,-2.795479,4.151195,2.0,publish
bybit_perp,MDTUSDT,20250129,724,1.0,2.882273,-5.734375,-2.852102,2.882273,-5.861801,-2.979528,2.882273,-5.734375,-2.852102,2.882273,-5.861801,-2.979528,5.689417,2.0,publish
bybit_perp,MDTUSDT,20250201,742,1.0,2.33701,-4.943948,-2.606938,2.33701,-6.764668,-4.427657,2.33701,-4.943948,-2.606938,2.33701,-6.764668,-4.427657,4.480668,2.0,publish
bybit_perp,MDTUSDT,20250204,889,1.0,3.753004,-6.54431,-2.791306,3.753004,-7.145328,-3.392324,3.753004,-6.54431,-2.791306,3.753004,-7.145328,-3.392324,7.200647,2.0,publish
bybit_perp,MDTUSDT,20250207,565,1.0,2.954827,-5.894125,-2.939297,2.954827,-7.780737,-4.825909,2.954827,-5.894125,-2.939297,2.954827,-7.780737,-4.825909,5.678649,2.0,publish
bybit_perp,MDTUSDT,20250210,644,1.0,2.668677,-5.818543,-3.149866,2.668677,-7.181504,-4.512827,2.668677,-5.818543,-3.149866,2.668677,-7.181504,-4.512827,5.465806,2.0,publish
bybit_perp,MDTUSDT,20250213,563,1.0,2.504,-5.364144,-2.860144,2.504,-6.590066,-4.086066,2.504,-5.364144,-2.860144,2.504,-6.590066,-4.086066,4.444972,2.0,publish
bybit_perp,MDTUSDT,20250216,695,1.0,2.161706,-5.108458,-2.946752,2.161706,-6.118234,-3.956528,2.161706,-5.108458,-2.946752,2.161706,-6.118234,-3.956528,4.085854,2.0,publish
bybit_perp,MDTUSDT,20250219,625,1.0,2.263329,-5.535178,-3.271849,2.263329,-7.50222,-5.238891,2.263329,-5.535178,-3.271849,2.263329,-7.50222,-5.238891,3.682558,2.0,publish
bybit_perp,MDTUSDT,20250222,189,1.0,3.783256,-2.945229,0.838027,3.783256,-9.951529,-6.168273,3.783256,-2.945229,0.838027,3.783256,-9.951529,-6.168273,3.944756,2.0,publish
bybit_perp,MDTUSDT,20250225,1312,1.0,3.727504,-5.857408,-2.129904,3.727504,-6.556238,-2.828733,3.727504,-5.857408,-2.129904,3.727504,-6.556238,-2.828733,9.532253,2.0,publish
bybit_perp,MDTUSDT,20250228,1083,1.0,3.254217,-5.369867,-2.115649,3.254217,-5.7159,-2.461683,3.254217,-5.369867,-2.115649,3.254217,-5.7159,-2.461683,6.559109,2.0,publish
bybit_perp,MDTUSDT,20250303,936,1.0,2.85624,-5.652492,-2.796252,2.85624,-5.232692,-2.376451,2.85624,-5.652492,-2.796252,2.85624,-5.232692,-2.376451,6.634126,2.0,publish
bybit_perp,MDTUSDT,20250306,348,1.0,3.358621,-5.912132,-2.553511,3.358621,-7.920354,-4.561733,3.358621,-5.912132,-2.553511,3.358621,-7.920354,-4.561733,5.045947,2.0,publish
bybit_perp,MDTUSDT,20250309,543,1.0,3.521798,-5.904673,-2.382875,3.521798,-6.221465,-2.699667,3.521798,-5.904673,-2.382875,3.521798,-6.221465,-2.699667,5.648109,2.0,publish
bybit_perp,MDTUSDT,20250312,472,1.0,3.491487,-8.203694,-4.712207,3.491487,-10.167474,-6.675987,3.491487,-8.203694,-4.712207,3.491487,-10.167474,-6.675987,6.068043,2.0,publish
bybit_perp,MDTUSDT,20250315,2274,1.0,2.426333,-5.999831,-3.573498,2.426333,-7.639563,-5.21323,2.426333,-5.999831,-3.573498,2.426333,-7.639563,-5.21323,9.04443,2.0,publish
bybit_perp,MDTUSDT,20250318,1168,1.0,2.477683,-5.812185,-3.334502,2.477683,-6.152485,-3.674801,2.477683,-5.812185,-3.334502,2.477683,-6.152485,-3.674801,6.959994,2.0,publish
bybit_perp,MDTUSDT,20250321,899,1.0,2.478335,-5.783304,-3.304969,2.478335,-6.460717,-3.982382,2.478335,-5.783304,-3.304969,2.478335,-6.460717,-3.982382,5.881088,2.0,publish
bybit_perp,MDTUSDT,20250324,281,1.0,2.773383,-5.03457,-2.261187,2.773383,-5.542724,-2.769341,2.773383,-5.03457,-2.261187,2.773383,-5.542724,-2.769341,3.369445,2.0,publish
bybit_perp,MDTUSDT,20250327,305,1.0,3.010365,-6.354828,-3.344463,3.010365,-5.152657,-2.142292,3.010365,-6.354828,-3.344463,3.010365,-5.152657,-2.142292,4.160723,2.0,publish
bybit_perp,MDTUSDT,20250330,264,1.0,3.524813,-6.223652,-2.69884,3.524813,-4.895075,-1.370262,3.524813,-6.223652,-2.69884,3.524813,-4.895075,-1.370262,4.780594,2.0,publish
bybit_perp,MDTUSDT,20250402,552,1.0,4.851295,-10.393364,-5.542069,4.851295,-7.822814,-2.971519,4.851295,-10.393364,-5.542069,4.851295,-7.822814,-2.971519,7.985479,2.0,publish
bybit_perp,MDTUSDT,20250405,322,1.0,4.192141,-6.976435,-2.784294,4.192141,-7.549688,-3.357547,4.192141,-6.976435,-2.784294,4.192141,-7.549688,-3.357547,5.31953,2.0,publish
bybit_perp,MDTUSDT,20250408,565,1.0,5.343597,-9.107348,-3.763751,5.343597,-9.231186,-3.887589,5.343597,-9.107348,-3.763751,5.343597,-9.231186,-3.887589,7.855553,2.0,publish
bybit_perp,MDTUSDT,20250411,351,1.0,4.237413,-7.396948,-3.159535,4.237413,-7.042986,-2.805573,4.237413,-7.396948,-3.159535,4.237413,-7.042986,-2.805573,4.845669,2.0,publish
bybit_perp,MDTUSDT,20250414,644,1.0,4.804593,-7.447838,-2.643245,4.804593,-3.208325,1.596268,4.804593,-7.447838,-2.643245,4.804593,-3.208325,1.596268,7.509391,2.0,publish
bybit_perp,MDTUSDT,20250417,1743,1.0,5.290091,-6.871328,-1.581237,5.290091,-8.288187,-2.998095,5.290091,-6.871328,-1.581237,5.290091,-8.288187,-2.998095,12.288503,2.0,publish
bybit_perp,MDTUSDT,20250420,445,1.0,3.240425,-7.698554,-4.45813,3.240425,-8.444242,-5.203818,3.240425,-7.698554,-4.45813,3.240425,-8.444242,-5.203818,5.315866,2.0,publish
bybit_perp,MDTUSDT,20250423,573,1.0,3.672944,-6.79667,-3.123727,3.672944,-6.323768,-2.650824,3.672944,-6.79667,-3.123727,3.672944,-6.323768,-2.650824,7.200388,2.0,publish
bybit_perp,MDTUSDT,20250426,248,1.0,3.234085,-5.825933,-2.591848,3.234085,-6.556514,-3.322429,3.234085,-5.825933,-2.591848,3.234085,-6.556514,-3.322429,4.845261,2.0,publish
bybit_perp,MDTUSDT,20250429,247,1.0,3.468945,-6.750924,-3.281978,3.468945,-7.558835,-4.08989,3.468945,-6.750924,-3.281978,3.468945,-7.558835,-4.08989,5.381319,2.0,publish
bybit_perp,MDTUSDT,20250502,238,1.0,2.719495,-4.933179,-2.213684,2.719495,-5.585209,-2.865713,2.719495,-4.933179,-2.213684,2.719495,-5.585209,-2.865713,3.49348,2.0,publish
bybit_perp,MDTUSDT,20250505,203,1.0,3.3923,-7.286856,-3.894556,3.3923,-7.361833,-3.969533,3.3923,-7.286856,-3.894556,3.3923,-7.361833,-3.969533,4.43416,2.0,publish
bybit_perp,MDTUSDT,20250508,339,1.0,4.864027,-5.951747,-1.08772,4.864027,-6.35259,-1.488564,4.864027,-5.951747,-1.08772,4.864027,-6.35259,-1.488564,5.855925,2.0,publish
bybit_perp,MDTUSDT,20250511,137,1.0,3.753196,-6.192402,-2.439205,3.753196,-6.315921,-2.562724,3.753196,-6.192402,-2.439205,3.753196,-6.315921,-2.562724,5.393899,2.0,publish
bybit_perp,MDTUSDT,20250514,881,1.0,3.172889,-2.030534,1.142355,3.172889,0.028734,3.201623,3.172889,-2.030534,1.142355,3.172889,0.028734,3.201623,5.854847,2.0,publish
bybit_perp,MDTUSDT,20250517,245,1.0,4.234209,-4.094768,0.139441,4.234209,-3.573238,0.660971,4.234209,-4.094768,0.139441,4.234209,-3.573238,0.660971,4.514926,2.0,publish
bybit_perp,MDTUSDT,20250520,524,1.0,3.666636,-3.962025,-0.295389,3.666636,-3.402361,0.264275,3.666636,-3.962025,-0.295389,3.666636,-3.402361,0.264275,5.159822,2.0,publish
bybit_perp,MDTUSDT,20250523,1508,1.0,2.975919,-2.212961,0.762957,2.975919,-2.360592,0.615327,2.975919,-2.212961,0.762957,2.975919,-2.360592,0.615327,6.657823,2.0,publish
bybit_perp,MDTUSDT,20250526,1536,1.0,2.781739,-2.802076,-0.020337,2.781739,-4.490342,-1.708602,2.781739,-2.802076,-0.020337,2.781739,-4.490342,-1.708602,4.631417,2.0,publish
bybit_perp,MDTUSDT,20250529,670,1.0,2.818403,-4.522426,-1.704023,2.818403,-6.193845,-3.375442,2.818403,-4.522426,-1.704023,2.818403,-6.193845,-3.375442,5.329452,2.0,publish
bybit_perp,MDTUSDT,20250601,234,1.0,4.868681,-6.243046,-1.374364,4.868681,-6.591453,-1.722771,4.868681,-6.243046,-1.374364,4.868681,-6.591453,-1.722771,4.415277,2.0,publish
bybit_perp,MDTUSDT,20250604,703,1.0,5.450206,-3.638006,1.8122,5.450206,-3.032613,2.417593,5.450206,-3.638006,1.8122,5.450206,-3.032613,2.417593,5.580399,2.0,publish
bybit_perp,MDTUSDT,20250607,691,1.0,3.968569,-7.584375,-3.615807,3.968569,-6.455135,-2.486566,3.968569,-7.584375,-3.615807,3.968569,-6.455135,-2.486566,6.070289,2.0,publish
bybit_perp,MDTUSDT,20250610,471,1.0,4.686419,-6.578261,-1.891842,4.686419,-6.127811,-1.441392,4.686419,-6.578261,-1.891842,4.686419,-6.127811,-1.441392,5.882337,2.0,publish
bybit_perp,MDTUSDT,20250613,661,1.0,4.940392,-6.582052,-1.64166,4.940392,-9.08701,-4.146618,4.940392,-6.582052,-1.64166,4.940392,-9.08701,-4.146618,7.843001,2.0,publish
bybit_perp,MDTUSDT,20250616,842,1.0,6.378945,-7.36028,-0.981335,6.378945,-7.609135,-1.230191,6.378945,-7.36028,-0.981335,6.378945,-7.609135,-1.230191,8.231122,2.0,publish
bybit_perp,MDTUSDT,20250619,826,1.0,6.018741,-8.677985,-2.659244,6.018741,-8.162392,-2.143651,6.018741,-8.677985,-2.659244,6.018741,-8.162392,-2.143651,8.693996,2.0,publish
bybit_perp,MDTUSDT,20250622,855,1.0,6.024666,-7.78927,-1.764604,6.024666,-7.678618,-1.653952,6.024666,-7.78927,-1.764604,6.024666,-7.678618,-1.653952,8.106246,2.0,publish
bybit_perp,MDTUSDT,20250625,480,1.0,5.638617,-6.337923,-0.699306,5.638617,-5.724457,-0.08584,5.638617,-6.337923,-0.699306,5.638617,-5.724457,-0.08584,5.48944,2.0,publish
bybit_perp,MDTUSDT,20250628,383,1.0,6.323883,-7.349112,-1.02523,6.323883,-6.51586,-0.191977,6.323883,-7.349112,-1.02523,6.323883,-6.51586,-0.191977,4.23071,2.0,publish
bybit_perp,MDTUSDT,20250701,563,1.0,6.994577,-8.563168,-1.568591,6.994577,-8.278774,-1.284197,6.994577,-8.563168,-1.568591,6.994577,-8.278774,-1.284197,6.188826,2.0,publish
bybit_perp,MDTUSDT,20250704,126,1.0,6.823444,-9.65181,-2.828367,6.823444,-11.691636,-4.868192,6.823444,-9.65181,-2.828367,6.823444,-11.691636,-4.868192,4.531254,2.0,publish
bybit_perp,OMGUSDT,20230401,225,0.991111,3.216064,-5.06381,-1.847746,3.216064,-4.655218,-1.439154,3.216268,-5.063354,-1.847085,3.216268,-4.765529,-1.54926,3.844777,2.0,publish
bybit_perp,OMGUSDT,20230404,195,1.0,3.314255,-5.293328,-1.979073,3.314255,-4.784355,-1.4701,3.314255,-5.293328,-1.979073,3.314255,-4.784355,-1.4701,3.621493,2.0,publish
bybit_perp,OMGUSDT,20230407,144,0.996528,3.396488,-6.309196,-2.912708,3.396488,-8.10933,-4.712842,3.396556,-6.237041,-2.840485,3.396556,-7.878703,-4.482148,3.397081,2.0,publish
bybit_perp,OMGUSDT,20230410,771,0.952789,3.385921,-5.527788,-2.141867,3.385921,-4.186574,-0.800653,3.387658,-5.61647,-2.228812,3.387658,-4.518884,-1.131226,5.499311,2.0,publish
bybit_perp,OMGUSDT,20230413,211,0.953555,3.507546,-4.995032,-1.487486,3.507546,-4.024001,-0.516455,3.508765,-4.898652,-1.389887,3.508765,-4.09969,-0.590925,4.454456,2.0,publish
bybit_perp,OMGUSDT,20230416,149,0.967114,3.436733,-4.735985,-1.299252,3.436733,-2.379042,1.057692,3.436409,-4.878436,-1.442026,3.436409,-2.503815,0.932595,3.671352,2.0,publish
bybit_perp,OMGUSDT,20230419,688,0.979797,4.116878,-7.601294,-3.484416,4.116878,-5.328811,-1.211934,4.083881,-8.373338,-4.289457,4.083881,-6.267985,-2.184104,6.937518,2.0,publish
bybit_perp,OMGUSDT,20230422,50,1.0,4.179512,-5.440265,-1.260753,4.179512,-5.178965,-0.999453,4.179512,-5.440265,-1.260753,4.179512,-5.178965,-0.999453,2.678005,2.0,publish
bybit_perp,OMGUSDT,20230425,272,0.996324,4.526563,-5.267939,-0.741376,4.526563,-5.024904,-0.498341,4.527075,-5.222612,-0.695538,4.527075,-5.043446,-0.516372,5.196566,2.0,publish
bybit_perp,OMGUSDT,20230428,114,0.991228,4.797608,-4.915133,-0.117526,4.797608,-3.39328,1.404328,4.797084,-4.87267,-0.075586,4.797084,-3.25139,1.545695,4.635838,2.0,publish
bybit_perp,OMGUSDT,20230501,246,0.987805,4.858793,-4.035015,0.823778,4.858793,-3.75391,1.104884,4.858467,-4.245817,0.61265,4.858467,-3.719879,1.138589,5.475543,2.0,publish
bybit_perp,OMGUSDT,20230504,95,1.0,4.671285,-5.922815,-1.25153,4.671285,-4.829414,-0.158129,4.671285,-5.922815,-1.25153,4.671285,-4.829414,-0.158129,3.501296,2.0,publish
bybit_perp,OMGUSDT,20230507,96,0.989583,5.116211,-8.344343,-3.228132,5.116211,-7.663589,-2.547379,5.117981,-8.328009,-3.210028,5.117981,-7.431751,-2.31377,4.132081,2.0,publish
bybit_perp,OMGUSDT,20230510,448,0.994643,5.997875,-10.82438,-4.826505,5.997875,-9.235526,-3.237651,5.99797,-10.8639,-4.86593,5.99797,-9.065311,-3.067341,8.432224,2.0,publish
bybit_perp,OMGUSDT,20230513,95,0.997895,6.528452,-9.27724,-2.748788,6.528452,-10.898406,-4.369954,6.528499,-9.26936,-2.740861,6.528499,-10.893946,-4.365447,4.871516,2.0,publish
bybit_perp,OMGUSDT,20230516,402,0.99801,6.298278,-9.113541,-2.815263,6.298278,-9.101925,-2.803647,6.298351,-9.131714,-2.833363,6.298351,-9.095103,-2.796752,5.589834,2.0,publish
bybit_perp,OMGUSDT,20230519,62,1.0,6.230084,-9.945414,-3.71533,6.230084,-7.744747,-1.514663,6.230084,-9.945414,-3.71533,6.230084,-7.744747,-1.514663,4.409192,2.0,publish
bybit_perp,OMGUSDT,20230522,46,1.0,6.360838,-10.790547,-4.429709,6.360838,-10.379108,-4.01827,6.360838,-10.790547,-4.429709,6.360838,-10.379108,-4.01827,4.440365,2.0,publish
bybit_perp,OMGUSDT,20230525,101,1.0,6.914471,-8.943287,-2.028816,6.914471,-7.202475,-0.288004,6.914471,-8.943287,-2.028816,6.914471,-7.202475,-0.288004,5.076857,2.0,publish
bybit_perp,OMGUSDT,20230528,65,0.984615,6.395256,-8.271228,-1.875972,6.395256,-7.47589,-1.080634,6.393786,-8.197675,-1.803889,6.393786,-7.38991,-0.996124,4.203358,2.0,publish
bybit_perp,OMGUSDT,20230531,134,1.0,6.579553,-9.097659,-2.518106,6.579553,-8.294551,-1.714998,6.579553,-9.097659,-2.518106,6.579553,-8.294551,-1.714998,4.945301,2.0,publish
bybit_perp,OMGUSDT,20230603,48,1.0,6.474601,-10.247044,-3.772443,6.474601,-10.25226,-3.777659,6.474601,-10.247044,-3.772443,6.474601,-10.25226,-3.777659,3.203873,2.0,publish
bybit_perp,OMGUSDT,20230606,81,1.0,7.234947,-7.4667,-0.231753,7.234947,-5.651499,1.583448,7.234947,-7.4667,-0.231753,7.234947,-5.651499,1.583448,5.09277,2.0,publish
bybit_perp,OMGUSDT,20230609,93,0.989247,7.628914,-8.28019,-0.651276,7.628914,-6.975672,0.653242,7.629926,-8.288281,-0.658355,7.629926,-6.969584,0.660342,4.80854,2.0,publish
bybit_perp,OMGUSDT,20230612,153,0.986928,9.289505,-14.944618,-5.655114,9.289505,-15.163678,-5.874174,9.291018,-14.899507,-5.608489,9.291018,-15.244222,-5.953204,7.642988,2.0,publish
bybit_perp,OMGUSDT,20230615,174,0.977011,9.435081,-12.011586,-2.576505,9.435081,-8.133989,1.301091,9.43829,-12.12741,-2.68912,9.43829,-7.939698,1.498592,5.723348,2.0,publish
bybit_perp,OMGUSDT,20230618,157,0.981529,9.021785,-12.230367,-3.208582,9.021785,-11.539627,-2.517842,9.023358,-12.344463,-3.321105,9.023358,-11.640724,-2.617367,4.921764,2.0,publish
bybit_perp,OMGUSDT,20230621,200,0.99,8.794924,-10.089137,-1.294213,8.794924,-8.82444,-0.029517,8.794761,-10.192302,-1.397541,8.794761,-8.914831,-0.12007,7.194439,2.0,publish
bybit_perp,OMGUSDT,20230624,3242,0.994263,7.016397,-8.604394,-1.587997,7.016397,-8.383228,-1.366831,7.008452,-8.64913,-1.640678,7.008452,-8.289647,-1.281196,20.251251,2.0,publish
bybit_perp,OMGUSDT,20230627,129,1.0,7.585849,-9.99833,-2.412481,7.585849,-7.414179,0.17167,7.585849,-9.99833,-2.412481,7.585849,-7.414179,0.17167,5.239105,2.0,publish
bybit_perp,OMGUSDT,20230630,545,0.990826,8.066717,-15.668043,-7.601326,8.066717,-12.53378,-4.467063,8.068166,-15.380066,-7.3119,8.068166,-12.427127,-4.358961,10.674058,2.0,publish
bybit_perp,OMGUSDT,20230703,164,0.993902,7.258208,-10.494317,-3.236109,7.258208,-10.130546,-2.872338,7.258441,-10.540981,-3.28254,7.258441,-10.174979,-2.916537,6.950551,2.0,publish
bybit_perp,OMGUSDT,20230706,173,0.99422,7.874623,-9.549325,-1.674703,7.874623,-7.617964,0.256658,7.874445,-9.512924,-1.638479,7.874445,-7.478414,0.396031,6.699529,2.0,publish
bybit_perp,OMGUSDT,20230709,86,0.988372,7.94975,-13.022235,-5.072485,7.94975,-10.804682,-2.854932,7.949384,-13.175438,-5.226054,7.949384,-10.931796,-2.982412,4.394956,2.0,publish
bybit_perp,OMGUSDT,20230712,93,0.966667,8.038165,-12.557662,-4.519497,8.038165,-14.502558,-6.464393,8.040027,-12.440052,-4.400026,8.040027,-14.272458,-6.232431,4.820062,2.0,publish
bybit_perp,OMGUSDT,20230715,173,0.99422,7.693582,-12.6297,-4.936119,7.693582,-11.429784,-3.736202,7.69376,-12.703129,-5.009368,7.69376,-11.496236,-3.802476,5.421059,2.0,publish
bybit_perp,OMGUSDT,20230718,157,0.993631,7.892723,-10.818891,-2.926167,7.892723,-10.665443,-2.77272,7.894122,-10.78985,-2.895729,7.894122,-10.733811,-2.83969,6.018678,2.0,publish
bybit_perp,OMGUSDT,20230721,162,0.987037,7.996181,-11.745801,-3.749619,7.996181,-9.768791,-1.77261,7.995507,-11.880032,-3.884525,7.995507,-9.866721,-1.871215,4.648614,2.0,publish
bybit_perp,OMGUSDT,20230724,368,0.989402,8.682308,-8.972177,-0.289869,8.682308,-0.15248,8.529828,8.683896,-8.622063,0.061833,8.683896,-0.617807,8.066089,7.41971,2.0,publish
bybit_perp,OMGUSDT,20230727,194,0.989691,8.378303,-11.786046,-3.407743,8.378303,-9.971153,-1.59285,8.377967,-11.908817,-3.53085,8.377967,-10.066288,-1.688321,4.076837,2.0,publish
bybit_perp,OMGUSDT,20230730,110,1.0,8.434409,-9.486912,-1.052503,8.434409,-10.623465,-2.189056,8.434409,-9.486912,-1.052503,8.434409,-10.623465,-2.189056,3.896789,2.0,publish
bybit_perp,OMGUSDT,20230802,219,1.0,9.072671,-12.427995,-3.355324,9.072671,-11.745166,-2.672495,9.072671,-12.427995,-3.355324,9.072671,-11.745166,-2.672495,5.84025,2.0,publish
bybit_perp,OMGUSDT,20230805,24,1.0,9.107693,-14.414271,-5.306578,9.107693,-14.417142,-5.30945,9.107693,-14.414271,-5.306578,9.107693,-14.417142,-5.30945,4.402988,2.0,publish
bybit_perp,OMGUSDT,20230808,310,0.996774,8.760236,-10.787065,-2.02683,8.760236,-8.514584,0.245652,8.761137,-10.547484,-1.786347,8.761137,-8.157852,0.603285,6.502893,2.0,publish
bybit_perp,OMGUSDT,20230811,48,1.0,8.868338,-13.313056,-4.444718,8.868338,-12.942072,-4.073734,8.868338,-13.313056,-4.444718,8.868338,-12.942072,-4.073734,3.417646,2.0,publish
bybit_perp,OMGUSDT,20230814,59,0.983051,8.658281,-12.466378,-3.808097,8.658281,-9.826393,-1.168112,8.659567,-12.681315,-4.021748,8.659567,-9.995813,-1.336246,3.477448,2.0,publish
bybit_perp,OMGUSDT,20230817,438,0.984932,11.176313,-14.430643,-3.25433,11.176313,-16.836514,-5.660201,11.191041,-14.380835,-3.189794,11.191041,-16.902425,-5.711384,10.880427,2.0,publish
bybit_perp,OMGUSDT,20230820,35,1.0,10.241103,-13.478532,-3.237429,10.241103,-14.040584,-3.799481,10.241103,-13.478532,-3.237429,10.241103,-14.040584,-3.799481,4.269495,2.0,publish
bybit_perp,OMGUSDT,20230823,95,1.0,10.333901,-12.945274,-2.611373,10.333901,-9.032242,1.301658,10.333901,-12.945274,-2.611373,10.333901,-9.032242,1.301658,4.519275,2.0,publish
bybit_perp,OMGUSDT,20230826,43,0.976744,10.532442,-13.472644,-2.940202,10.532442,-10.781704,-0.249262,10.532324,-13.29164,-2.759317,10.532324,-10.53663,-0.004306,3.34379,2.0,publish
bybit_perp,OMGUSDT,20230829,305,0.983934,10.148857,-12.733959,-2.585103,10.148857,-11.307316,-1.158459,10.148703,-12.881716,-2.733013,10.148703,-11.432921,-1.284218,6.794736,2.0,publish
bybit_perp,OMGUSDT,20230901,115,0.98087,10.688338,-15.507827,-4.819489,10.688338,-15.337963,-4.649625,10.689323,-15.582959,-4.893636,10.689323,-15.560102,-4.870779,5.19669,2.0,publish
bybit_perp,OMGUSDT,20230904,64,0.970312,11.025174,-11.181959,-0.156785,11.025174,-11.356709,-0.331536,11.024193,-11.009399,0.014793,11.024193,-11.027566,-0.003374,4.853221,2.0,publish
bybit_perp,OMGUSDT,20230907,141,0.952482,11.110458,-14.079162,-2.968704,11.110458,-12.740423,-1.629965,11.114376,-13.68082,-2.566444,11.114376,-12.440944,-1.326568,5.350262,2.0,publish
bybit_perp,OMGUSDT,20230910,151,0.993377,11.34291,-13.941887,-2.598976,11.34291,-17.50904,-6.16613,11.341458,-13.88069,-2.539232,11.341458,-17.625767,-6.284308,5.326945,2.0,publish
bybit_perp,OMGUSDT,20230913,124,0.959677,11.655538,-14.92976,-3.274222,11.655538,-12.237172,-0.581634,11.659438,-14.585403,-2.925965,11.659438,-12.65508,-0.995643,6.326089,2.0,publish
bybit_perp,OMGUSDT,20230916,104,0.975,10.877321,-17.262549,-6.385228,10.877321,-11.328059,-0.450739,10.879639,-17.279117,-6.399479,10.879639,-11.657189,-0.777551,5.015487,2.0,publish
bybit_perp,OMGUSDT,20230919,104,0.973077,10.907301,-10.627377,0.279924,10.907301,-9.560996,1.346305,10.910432,-10.708224,0.202208,10.910432,-9.441416,1.469015,5.124294,2.0,publish
bybit_perp,OMGUSDT,20230922,86,0.951163,11.354519,-15.319574,-3.965055,11.354519,-14.266094,-2.911575,11.354332,-15.633289,-4.278957,11.354332,-14.525718,-3.171387,4.030618,2.0,publish
bybit_perp,OMGUSDT,20230925,82,0.939024,11.247805,-11.133447,0.114358,11.247805,-8.378749,2.869056,11.241004,-11.264642,-0.023638,11.241004,-8.331757,2.909248,4.296396,2.0,publish
bybit_perp,OMGUSDT,20230928,1806,0.989867,2.993575,-2.811686,0.18189,2.993575,-3.433635,-0.440059,3.00079,-2.782754,0.218037,3.00079,-3.451691,-0.4509,10.021887,2.0,publish
bybit_perp,OMGUSDT,20231001,876,0.936758,1.367918,-4.002157,-2.634239,1.367918,-4.415736,-3.047818,1.38637,-4.026676,-2.640306,1.38637,-4.322576,-2.936206,4.672601,2.0,publish
bybit_perp,OMGUSDT,20231004,423,0.931442,1.400953,-3.251027,-1.850075,1.400953,-6.692091,-5.291139,1.423747,-3.301457,-1.87771,1.423747,-6.54178,-5.118033,4.187442,2.0,publish
bybit_perp,OMGUSDT,20231007,156,0.878846,1.094601,-3.751332,-2.65673,1.094601,-3.835237,-2.740636,1.09748,-3.713107,-2.615628,1.09748,-3.853934,-2.756455,2.390617,2.0,publish
bybit_perp,OMGUSDT,20231010,387,0.905685,1.183216,-3.856589,-2.673373,1.183216,-4.355313,-3.172097,1.185489,-3.746793,-2.561304,1.185489,-4.328224,-3.142735,3.026988,2.0,publish
bybit_perp,OMGUSDT,20231013,409,0.910513,1.203803,-3.342554,-2.13875,1.203803,-3.90955,-2.705747,1.207517,-3.382694,-2.175177,1.207517,-3.965107,-2.75759,2.82448,2.0,publish
bybit_perp,OMGUSDT,20231016,1164,0.972595,1.361705,-3.412095,-2.05039,1.361705,-1.150761,0.210944,1.370185,-3.319918,-1.949733,1.370185,-1.085115,0.28507,5.923626,2.0,publish
bybit_perp,OMGUSDT,20231019,357,0.944538,1.306434,-4.088198,-2.781764,1.306434,-4.055004,-2.74857,1.31228,-4.166568,-2.854288,1.31228,-3.99179,-2.67951,3.003322,2.0,publish
bybit_perp,OMGUSDT,20231022,391,0.903325,1.262558,-5.10961,-3.847051,1.262558,-4.124807,-2.862249,1.282178,-5.189512,-3.907333,1.282178,-4.009999,-2.727821,3.89485,2.0,publish
bybit_perp,OMGUSDT,20231025,730,0.945068,1.089751,-3.569744,-2.479993,1.089751,-3.384508,-2.294757,1.086224,-3.529259,-2.443035,1.086224,-3.144522,-2.058298,5.311224,2.0,publish
bybit_perp,OMGUSDT,20231028,680,0.946324,1.137369,-3.86411,-2.726741,1.137369,-4.240697,-3.103328,1.146429,-3.850365,-2.703937,1.146429,-4.018771,-2.872342,4.686875,2.0,publish
bybit_perp,OMGUSDT,20231031,760,0.915526,1.19329,-2.871943,-1.678653,1.19329,-3.940132,-2.746841,1.216519,-2.799162,-1.582643,1.216519,-3.914902,-2.698384,4.886378,2.0,publish
bybit_perp,OMGUSDT,20231103,952,0.912815,1.100414,-3.337341,-2.236927,1.100414,-3.316583,-2.216169,1.113571,-3.316067,-2.202495,1.113571,-3.512217,-2.398645,4.748297,2.0,publish
bybit_perp,OMGUSDT,20231106,1035,0.902029,0.967894,-3.142304,-2.174409,0.967894,-3.725895,-2.758,0.973846,-3.053722,-2.079877,0.973846,-3.546167,-2.572322,4.179308,2.0,publish
bybit_perp,OMGUSDT,20231109,1900,0.933105,2.10304,-2.837251,-0.734211,2.10304,-1.919989,0.183052,2.128852,-2.731333,-0.602481,2.128852,-1.820325,0.308527,9.933593,2.0,publish
bybit_perp,OMGUSDT,20231112,1316,0.905851,1.282201,-3.77486,-2.492659,1.282201,-4.180058,-2.897857,1.303068,-3.784424,-2.481356,1.303068,-4.335148,-3.032079,6.160286,2.0,publish
bybit_perp,OMGUSDT,20231115,2547,0.972281,1.336482,-3.87696,-2.540478,1.336482,-4.010647,-2.674165,1.336534,-3.872968,-2.536434,1.336534,-3.972761,-2.636227,8.038464,2.0,publish
bybit_perp,OMGUSDT,20231118,984,0.898679,1.18489,-3.653503,-2.468613,1.18489,-3.755051,-2.570161,1.211565,-3.664379,-2.452814,1.211565,-3.813965,-2.6024,4.859692,2.0,publish
bybit_perp,OMGUSDT,20231121,1230,0.910244,1.684311,-3.364701,-1.68039,1.684311,-4.57042,-2.88611,1.736288,-3.295121,-1.558832,1.736288,-4.687628,-2.95134,6.757022,2.0,publish
bybit_perp,OMGUSDT,20231124,884,0.901131,1.081773,-3.489828,-2.408055,1.081773,-3.656829,-2.575056,1.100068,-3.496694,-2.396626,1.100068,-3.702072,-2.602004,3.787247,2.0,publish
bybit_perp,OMGUSDT,20231127,1114,0.89605,1.205299,-3.344865,-2.139566,1.205299,-3.506642,-2.301343,1.234757,-3.339379,-2.104621,1.234757,-3.62598,-2.391223,4.482472,2.0,publish
bybit_perp,OMGUSDT,20231130,804,0.868408,0.922033,-3.024712,-2.102679,0.922033,-2.947222,-2.025188,0.936521,-2.984727,-2.048206,0.936521,-2.977696,-2.041175,3.100091,2.0,publish
bybit_perp,OMGUSDT,20231203,900,0.911333,0.977765,-2.630549,-1.652783,0.977765,-2.384132,-1.406366,0.981993,-2.572686,-1.590693,0.981993,-2.280959,-1.298967,2.858576,2.0,publish
bybit_perp,OMGUSDT,20231206,1754,0.921608,1.119952,-2.808019,-1.688066,1.119952,-2.71389,-1.593938,1.139943,-2.809605,-1.669662,1.139943,-2.693109,-1.553166,5.333903,2.0,publish
bybit_perp,OMGUSDT,20231209,1831,0.938558,1.048226,-3.113218,-2.064993,1.048226,-3.71875,-2.670524,1.061465,-3.08773,-2.026265,1.061465,-3.665648,-2.604183,5.694973,2.0,publish
bybit_perp,OMGUSDT,20231212,1660,0.943313,1.123177,-3.626879,-2.503702,1.123177,-2.867339,-1.744162,1.138724,-3.62119,-2.482466,1.138724,-2.961811,-1.823087,5.906634,2.0,publish
bybit_perp,OMGUSDT,20231215,4382,0.97492,2.523284,-4.184139,-1.660854,2.523284,-3.600553,-1.077268,2.533555,-4.200004,-1.666449,2.533555,-3.472918,-0.939364,12.550771,2.0,publish
bybit_perp,OMGUSDT,20231218,2344,0.950043,1.435153,-3.372515,-1.937362,1.435153,-2.215014,-0.779861,1.44742,-3.351513,-1.904093,1.44742,-2.087132,-0.639712,6.067971,2.0,publish
bybit_perp,OMGUSDT,20231221,1002,0.858882,1.22986,-3.549833,-2.319973,1.22986,-4.587061,-3.357201,1.254522,-3.516319,-2.261797,1.254522,-4.552466,-3.297944,4.819472,2.0,publish
bybit_perp,OMGUSDT,20231224,1507,0.954015,2.483937,-4.305254,-1.821317,2.483937,-3.810622,-1.326685,2.519644,-4.296489,-1.776845,2.519644,-3.802022,-1.282379,8.63998,2.0,publish
bybit_perp,OMGUSDT,20231227,1035,0.88657,1.74747,-3.392369,-1.644899,1.74747,-3.541213,-1.793743,1.775604,-3.364625,-1.58902,1.775604,-3.659835,-1.884231,5.962138,2.0,publish
bybit_perp,OMGUSDT,20231230,813,0.801599,1.095139,-3.382898,-2.28776,1.095139,-4.457905,-3.362766,1.126105,-3.323849,-2.197743,1.126105,-4.258617,-3.132512,3.675283,2.0,publish
bybit_perp,OMGUSDT,20240102,723,0.843154,1.473062,-3.015241,-1.542179,1.473062,-3.015736,-1.542675,1.522864,-3.09296,-1.570096,1.522864,-2.837973,-1.315109,4.629503,2.0,publish
bybit_perp,OMGUSDT,20240105,1745,0.931232,1.861066,-3.549336,-1.68827,1.861066,-3.617698,-1.756633,1.904507,-3.507015,-1.602508,1.904507,-3.644431,-1.739925,7.324161,2.0,publish
bybit_perp,OMGUSDT,20240108,2037,0.910702,1.678399,-3.36943,-1.691031,1.678399,-3.334877,-1.656478,1.71917,-3.351864,-1.632694,1.71917,-3.273995,-1.554825,6.903106,2.0,publish
bybit_perp,OMGUSDT,20240111,1521,0.9524,1.699912,-2.873635,-1.173723,1.699912,-3.914908,-2.214996,1.718243,-2.836593,-1.11835,1.718243,-3.871843,-2.1536,6.569361,2.0,publish
bybit_perp,OMGUSDT,20240114,695,0.936259,1.5294,-3.176155,-1.646755,1.5294,-3.172685,-1.643285,1.545105,-3.056575,-1.51147,1.545105,-2.986357,-1.441252,4.371556,2.0,publish
bybit_perp,OMGUSDT,20240117,552,0.897101,1.320459,-3.305555,-1.985096,1.320459,-3.886861,-2.566401,1.337378,-3.214215,-1.876837,1.337378,-3.583212,-2.245834,4.089439,2.0,publish
bybit_perp,OMGUSDT,20240120,2179,0.96838,1.670247,-4.197321,-2.527074,1.670247,-3.177862,-1.507615,1.685167,-4.208207,-2.523041,1.685167,-3.223166,-1.538,7.693956,2.0,publish
bybit_perp,OMGUSDT,20240123,2116,0.947873,1.43041,-3.447194,-2.016785,1.43041,-2.594437,-1.164028,1.440484,-3.475421,-2.034937,1.440484,-2.663186,-1.222702,6.696389,2.0,publish
bybit_perp,OMGUSDT,20240126,1115,0.948251,0.975464,-2.641042,-1.665578,0.975464,-3.186247,-2.210783,0.978001,-2.639378,-1.661378,0.978001,-3.281001,-2.303,3.539766,2.0,publish
bybit_perp,OMGUSDT,20240129,1033,0.786834,0.946817,-2.575595,-1.628778,0.946817,-2.211751,-1.264934,0.960657,-2.581193,-1.620536,0.960657,-2.244699,-1.284042,3.366603,2.0,publish
bybit_perp,OMGUSDT,20240201,908,0.848899,1.128893,-2.929378,-1.800486,1.128893,-2.999467,-1.870574,1.162204,-2.879331,-1.717127,1.162204,-2.983958,-1.821754,3.623452,2.0,publish
bybit_perp,OMGUSDT,20240204,316,0.728165,1.059712,-2.699032,-1.63932,1.059712,-2.624922,-1.56521,1.13104,-2.709666,-1.578626,1.13104,-2.948682,-1.817642,2.757612,2.0,publish
bybit_perp,OMGUSDT,20240207,1069,0.861553,1.289988,-2.844853,-1.554866,1.289988,-1.917553,-0.627565,1.314533,-2.758426,-1.443893,1.314533,-1.859853,-0.54532,4.327424,2.0,publish
bybit_perp,OMGUSDT,20240210,453,0.869095,1.095119,-3.20797,-2.11285,1.095119,-2.965925,-1.870806,1.118205,-3.192578,-2.074373,1.118205,-3.07667,-1.958465,2.79915,2.0,publish
bybit_perp,OMGUSDT,20240213,783,0.840996,1.491582,-3.212944,-1.721363,1.491582,-2.923857,-1.432275,1.569831,-3.121476,-1.551645,1.569831,-2.795425,-1.225594,3.809576,2.0,publish
bybit_perp,OMGUSDT,20240216,1299,0.935489,1.125855,-2.449771,-1.323916,1.125855,-2.053391,-0.927535,1.135071,-2.489049,-1.353978,1.135071,-2.055774,-0.920703,3.764194,2.0,publish
bybit_perp,OMGUSDT,20240219,1567,0.85067,1.13006,-2.866808,-1.736748,1.13006,-2.690114,-1.560053,1.160443,-2.795269,-1.634826,1.160443,-2.703614,-1.543171,4.346422,2.0,publish
bybit_perp,OMGUSDT,20240222,1294,0.767156,1.103796,-2.870702,-1.766905,1.103796,-2.059445,-0.955648,1.146479,-2.739511,-1.593032,1.146479,-1.81368,-0.667202,4.500942,2.0,publish
bybit_perp,OMGUSDT,20240225,1815,0.877961,1.148537,-3.160261,-2.011725,1.148537,-3.062132,-1.913595,1.154684,-3.109949,-1.955265,1.154684,-3.067581,-1.912897,4.886265,2.0,publish
bybit_perp,OMGUSDT,20240228,7059,0.966525,2.312524,-4.676708,-2.364184,2.312524,-0.953341,1.359183,2.337278,-4.757156,-2.419877,2.337278,-0.979994,1.357285,16.943155,2.0,publish
bybit_perp,OMGUSDT,20240302,3695,0.933857,1.314819,-3.510832,-2.196013,1.314819,-2.9051,-1.590281,1.333261,-3.610632,-2.277372,1.333261,-3.160319,-1.827059,9.046158,2.0,publish
bybit_perp,OMGUSDT,20240305,5674,0.967695,2.089215,-4.22943,-2.140214,2.089215,-3.786443,-1.697227,2.074896,-4.035367,-1.960471,2.074896,-3.649961,-1.575065,16.336359,2.0,publish
bybit_perp,OMGUSDT,20240308,2437,0.972384,1.628512,-3.600879,-1.972367,1.628512,-5.297007,-3.668496,1.642669,-3.612319,-1.969651,1.642669,-5.207866,-3.565197,8.512539,2.0,publish
bybit_perp,OMGUSDT,20240311,2978,0.954231,2.108672,-3.997998,-1.889326,2.108672,-4.379138,-2.270466,2.109792,-4.188427,-2.078635,2.109792,-4.347409,-2.237616,10.855635,2.0,publish
bybit_perp,OMGUSDT,20240314,2733,0.973399,1.261182,-3.055639,-1.794457,1.261182,-2.280175,-1.018993,1.270757,-3.127418,-1.856661,1.270757,-2.283807,-1.013051,8.086361,2.0,publish
bybit_perp,OMGUSDT,20240317,1917,0.929838,1.052513,-2.967292,-1.914778,1.052513,-3.221829,-2.169316,1.060179,-3.015135,-1.954956,1.060179,-3.401035,-2.340856,6.674298,2.0,publish
bybit_perp,OMGUSDT,20240320,3721,0.965386,1.265336,-2.766394,-1.501058,1.265336,-2.500876,-1.23554,1.274518,-2.817313,-1.542796,1.274518,-2.500131,-1.225614,8.404979,2.0,publish
bybit_perp,OMGUSDT,20240323,2102,0.883159,0.807351,-2.605537,-1.798187,0.807351,-2.40271,-1.595359,0.809597,-2.615066,-1.805469,0.809597,-2.458521,-1.648924,4.608299,2.0,publish
bybit_perp,OMGUSDT,20240326,1872,0.900374,1.078076,-2.654623,-1.576547,1.078076,-2.447947,-1.369871,1.105404,-2.650814,-1.54541,1.105404,-2.372598,-1.267194,5.420297,2.0,publish
bybit_perp,OMGUSDT,20240329,2146,0.917148,1.10557,-2.522638,-1.417068,1.10557,-2.648278,-1.542708,1.12501,-2.496259,-1.371249,1.12501,-2.496159,-1.371149,6.190547,2.0,publish
bybit_perp,OMGUSDT,20240401,2110,0.937915,1.376697,-3.19969,-1.822992,1.376697,-4.759104,-3.382407,1.401629,-3.235601,-1.833973,1.401629,-4.970955,-3.569327,6.376612,2.0,publish
bybit_perp,OMGUSDT,20240404,1870,0.922834,0.847433,-2.593353,-1.745921,0.847433,-2.426001,-1.578568,0.853837,-2.562501,-1.708664,0.853837,-2.449413,-1.595575,4.685543,2.0,publish
bybit_perp,OMGUSDT,20240407,1817,0.891304,0.662794,-2.585922,-1.923128,0.662794,-2.429275,-1.766481,0.670799,-2.589366,-1.918567,0.670799,-2.551415,-1.880617,3.306799,2.0,publish
bybit_perp,OMGUSDT,20240410,2262,0.928117,0.945353,-2.624717,-1.679363,0.945353,-2.526313,-1.580959,0.959502,-2.626727,-1.667225,0.959502,-2.528588,-1.569086,5.281834,2.0,publish
bybit_perp,OMGUSDT,20240413,5977,0.980274,2.513251,-5.558934,-3.045683,2.513251,-5.49813,-2.984879,2.539009,-5.607997,-3.068988,2.539009,-5.542186,-3.003177,16.609863,2.0,publish
bybit_perp,OMGUSDT,20240416,2922,0.980903,1.354797,-3.319746,-1.964948,1.354797,-2.661561,-1.306763,1.357826,-3.272346,-1.91452,1.357826,-2.525272,-1.167446,8.257613,2.0,publish
bybit_perp,OMGUSDT,20240419,2658,0.989767,1.339545,-3.303628,-1.964083,1.339545,-4.244249,-2.904704,1.342844,-3.28783,-1.944987,1.342844,-4.18092,-2.838076,7.491845,2.0,publish
bybit_perp,OMGUSDT,20240422,1278,0.965649,1.046386,-2.831656,-1.78527,1.046386,-2.694081,-1.647695,1.054932,-2.780035,-1.725103,1.054932,-2.639936,-1.585004,4.846281,2.0,publish
bybit_perp,OMGUSDT,20240425,1325,0.991094,1.212522,-3.21924,-2.006718,1.212522,-3.236245,-2.023723,1.215559,-3.220889,-2.005331,1.215559,-3.234326,-2.018767,5.43438,2.0,publish
bybit_perp,OMGUSDT,20240428,1765,0.980793,0.866971,-2.962443,-2.095473,0.866971,-2.780709,-1.913738,0.867898,-2.966557,-2.098659,0.867898,-2.82508,-1.957182,3.789652,2.0,publish
bybit_perp,OMGUSDT,20240501,2327,0.990073,1.536548,-2.812159,-1.275611,1.536548,-2.654091,-1.117543,1.538842,-2.75306,-1.214218,1.538842,-2.552278,-1.013436,7.474525,2.0,publish
bybit_perp,OMGUSDT,20240504,1553,0.984932,0.901003,-2.979306,-2.078303,0.901003,-2.955351,-2.054348,0.902811,-2.998025,-2.095214,0.902811,-2.959553,-2.056742,3.210057,2.0,publish
bybit_perp,OMGUSDT,20240507,1782,0.979854,1.014843,-2.98019,-1.965347,1.014843,-2.817778,-1.802935,1.013928,-2.977148,-1.963221,1.013928,-2.818236,-1.804309,4.154087,2.0,publish
bybit_perp,OMGUSDT,20240510,1587,0.983176,1.035648,-3.236651,-2.201003,1.035648,-3.300973,-2.265326,1.037592,-3.222131,-2.184539,1.037592,-3.251614,-2.214022,4.401266,2.0,publish
bybit_perp,OMGUSDT,20240513,1439,0.98221,1.051547,-2.9061,-1.854553,1.051547,-3.07064,-2.019092,1.052654,-2.88654,-1.833886,1.052654,-3.118522,-2.065868,4.60264,2.0,publish
bybit_perp,OMGUSDT,20240516,1182,0.98181,0.982428,-2.978336,-1.995907,0.982428,-2.829628,-1.8472,0.985654,-2.978752,-1.993098,0.985654,-2.832234,-1.84658,4.166409,2.0,publish
bybit_perp,OMGUSDT,20240519,839,0.965673,0.990298,-3.111761,-2.121463,0.990298,-3.123354,-2.133056,0.996405,-3.09721,-2.100805,0.996405,-3.149522,-2.153117,3.293641,2.0,publish
bybit_perp,OMGUSDT,20240522,1474,0.935685,0.981465,-3.388175,-2.40671,0.981465,-3.302524,-2.321059,0.998742,-3.387254,-2.388512,0.998742,-3.263482,-2.26474,4.906824,2.0,publish
bybit_perp,OMGUSDT,20240525,1845,0.958591,0.817812,-3.003083,-2.185271,0.817812,-3.661401,-2.843589,0.822248,-3.027306,-2.205057,0.822248,-3.700636,-2.878387,3.675662,2.0,publish
bybit_perp,OMGUSDT,20240528,2838,0.985342,1.089732,-2.969945,-1.880213,1.089732,-1.703765,-0.614033,1.093463,-2.980647,-1.887185,1.093463,-1.640434,-0.546972,5.920869,2.0,publish
bybit_perp,OMGUSDT,20240531,1024,0.977148,0.882848,-2.550618,-1.66777,0.882848,-2.638587,-1.755739,0.885764,-2.541381,-1.655617,0.885764,-2.639899,-1.754135,3.691212,2.0,publish
bybit_perp,OMGUSDT,20240603,9917,0.984128,1.937276,-3.638882,-1.701606,1.937276,-2.167811,-0.230535,1.942442,-3.587674,-1.645233,1.942442,-2.189763,-0.247321,22.8456,2.0,publish
bybit_perp,OMGUSDT,20240606,4308,0.977484,1.444375,-2.957333,-1.512958,1.444375,-2.955272,-1.510897,1.448687,-2.957704,-1.509017,1.448687,-2.979681,-1.530995,5.488462,2.0,publish
bybit_perp,OMGUSDT,20240609,3816,0.978485,1.477862,-3.50749,-2.029628,1.477862,-3.357306,-1.879444,1.482537,-3.522586,-2.04005,1.482537,-3.393134,-1.910597,6.388357,2.0,publish
bybit_perp,OMGUSDT,20240612,4390,0.975695,2.011832,-4.169389,-2.157557,2.011832,-4.163904,-2.152072,2.026681,-4.206798,-2.180118,2.026681,-4.224332,-2.197652,6.909266,2.0,publish
bybit_perp,OMGUSDT,20240615,2562,0.976854,1.439558,-3.524602,-2.085044,1.439558,-3.577463,-2.137905,1.442046,-3.508569,-2.066524,1.442046,-3.563691,-2.121645,5.323585,2.0,publish
bybit_perp,OMGUSDT,20240618,3693,0.970241,2.060594,-6.136097,-4.075503,2.060594,-5.508737,-3.448143,2.073654,-6.313316,-4.239662,2.073654,-5.906112,-3.832458,11.127831,2.0,publish
bybit_perp,OMGUSDT,20240621,1494,0.962718,1.783489,-4.818782,-3.035294,1.783489,-4.565745,-2.782256,1.791553,-4.76315,-2.971597,1.791553,-4.587528,-2.795974,5.456649,2.0,publish
bybit_perp,OMGUSDT,20240624,1765,0.957677,2.038794,-5.077937,-3.039143,2.038794,-4.600699,-2.561905,2.055844,-4.948082,-2.892238,2.055844,-4.474508,-2.418664,6.836076,2.0,publish
bybit_perp,OMGUSDT,20240627,578,0.963668,1.658474,-3.983108,-2.324634,1.658474,-4.521608,-2.863133,1.665968,-3.895947,-2.229978,1.665968,-4.331495,-2.665526,3.324054,2.0,publish
bybit_perp,OMGUSDT,20240630,792,0.979293,2.063665,-5.8046,-3.740935,2.063665,-6.608453,-4.544788,2.075889,-5.79842,-3.722531,2.075889,-6.590171,-4.514282,4.943638,2.0,publish
bybit_perp,OMGUSDT,20240703,1136,0.990053,1.813592,-4.769928,-2.956336,1.813592,-3.855526,-2.041934,1.8157,-4.775367,-2.959667,1.8157,-3.859483,-2.043783,5.094415,2.0,publish
bybit_perp,OMGUSDT,20240706,684,0.987865,2.17481,-4.647093,-2.472283,2.17481,-4.581616,-2.406806,2.17945,-4.673965,-2.494515,2.17945,-4.655402,-2.475952,4.389808,2.0,publish
bybit_perp,OMGUSDT,20240709,900,0.994222,2.330921,-6.368704,-4.037783,2.330921,-6.371945,-4.041024,2.333385,-6.374386,-4.041002,2.333385,-6.370427,-4.037042,5.855657,2.0,publish
bybit_perp,OMGUSDT,20240712,465,0.993118,1.974915,-3.756884,-1.781969,1.974915,-4.572225,-2.59731,1.974285,-3.757309,-1.783023,1.974285,-4.545224,-2.570939,3.734532,2.0,publish
bybit_perp,OMGUSDT,20240715,1343,0.991586,2.016975,-3.615664,-1.598689,2.016975,-3.67761,-1.660634,2.014858,-3.679501,-1.664643,2.014858,-3.776059,-1.761201,4.487855,2.0,publish
bybit_perp,OMGUSDT,20240718,1392,0.990876,2.418571,-4.974742,-2.556171,2.418571,-5.753411,-3.33484,2.424541,-4.958206,-2.533665,2.424541,-5.683535,-3.258994,6.056679,2.0,publish
bybit_perp,OMGUSDT,20240721,808,0.978589,2.182112,-4.373177,-2.191064,2.182112,-4.478523,-2.296411,2.189222,-4.343836,-2.154614,2.189222,-4.452776,-2.263554,3.793435,2.0,publish
bybit_perp,OMGUSDT,20240724,877,0.973888,2.158021,-5.051798,-2.893777,2.158021,-6.074949,-3.916928,2.162669,-5.023705,-2.861036,2.162669,-6.003461,-3.840791,4.523344,2.0,publish
bybit_perp,OMGUSDT,20240727,683,0.98448,2.085806,-4.316343,-2.230537,2.085806,-5.455546,-3.36974,2.086562,-4.317609,-2.231047,2.086562,-5.436248,-3.349686,3.571499,2.0,publish
bybit_perp,OMGUSDT,20240730,757,0.982034,2.155791,-4.680147,-2.524356,2.155791,-4.744421,-2.588629,2.15723,-4.679867,-2.522637,2.15723,-4.751826,-2.594597,3.887014,2.0,publish
bybit_perp,OMGUSDT,20240802,666,0.997297,2.749133,-4.717723,-1.96859,2.749133,-4.831968,-2.082834,2.745284,-4.706673,-1.961389,2.745284,-4.748527,-2.003243,6.717328,2.0,publish
bybit_perp,OMGUSDT,20240805,2811,0.99815,5.338287,-6.749217,-1.410929,5.338287,-9.656396,-4.318109,5.331702,-6.663387,-1.331686,5.331702,-9.519686,-4.187984,16.460393,2.0,publish
bybit_perp,OMGUSDT,20240808,1286,0.992691,2.753931,-4.88707,-2.133139,2.753931,-5.008114,-2.254183,2.757655,-4.90336,-2.145704,2.757655,-5.051073,-2.293418,6.06765,2.0,publish
bybit_perp,OMGUSDT,20240811,412,0.963107,2.710447,-4.748134,-2.037686,2.710447,-6.505038,-3.794591,2.714003,-4.683515,-1.969513,2.714003,-6.428252,-3.714249,4.004711,2.0,publish
bybit_perp,OMGUSDT,20240814,823,0.992953,2.70038,-5.043132,-2.342753,2.70038,-6.254755,-3.554376,2.69817,-5.080064,-2.381894,2.69817,-6.281813,-3.583643,4.776436,2.0,publish
bybit_perp,OMGUSDT,20240817,296,0.979392,2.763521,-4.70762,-1.944099,2.763521,-5.569852,-2.806331,2.764454,-4.666652,-1.902198,2.764454,-5.564343,-2.799889,3.477238,2.0,publish
bybit_perp,OMGUSDT,20240820,1209,0.990157,2.746627,-4.887528,-2.140901,2.746627,-3.83272,-1.086093,2.749342,-4.902866,-2.153523,2.749342,-3.931743,-1.1824,5.170765,2.0,publish
bybit_perp,OMGUSDT,20240823,863,0.986095,2.498564,-4.560999,-2.062434,2.498564,-5.228732,-2.730168,2.495715,-4.555286,-2.059571,2.495715,-5.244398,-2.748682,4.3612,2.0,publish
bybit_perp,OMGUSDT,20240826,1320,0.993182,2.743485,-4.953366,-2.209881,2.743485,-5.613386,-2.869902,2.744512,-4.96501,-2.220498,2.744512,-5.593385,-2.848873,5.392662,2.0,publish
bybit_perp,OMGUSDT,20240829,1803,0.994065,3.39041,-1.883329,1.507081,3.39041,-2.066236,1.324174,3.393026,-1.879637,1.513389,3.393026,-2.085541,1.307485,4.754299,2.0,publish
bybit_perp,OMGUSDT,20240901,574,0.974564,2.844772,-5.490952,-2.64618,2.844772,-6.91023,-4.065458,2.855973,-5.407074,-2.551101,2.855973,-6.755659,-3.899686,4.42072,2.0,publish
bybit_perp,OMGUSDT,20240904,621,0.985668,2.846787,-5.685497,-2.83871,2.846787,-7.121017,-4.27423,2.842453,-5.636051,-2.793597,2.842453,-7.094961,-4.252508,4.731184,2.0,publish
bybit_perp,OMGUSDT,20240907,484,0.978099,3.209856,-5.151293,-1.941436,3.209856,-5.940915,-2.731058,3.218969,-5.132366,-1.913397,3.218969,-5.873285,-2.654315,4.235441,2.0,publish
bybit_perp,OMGUSDT,20240910,489,0.968712,2.681049,-4.27705,-1.596002,2.681049,-4.312395,-1.631346,2.695782,-4.191226,-1.495444,2.695782,-4.234839,-1.539057,3.738757,2.0,publish
bybit_perp,OMGUSDT,20240913,405,0.963457,2.879255,-5.689007,-2.809751,2.879255,-6.853588,-3.974333,2.895018,-5.615111,-2.720093,2.895018,-6.732302,-3.837284,3.722899,2.0,publish
bybit_perp,OMGUSDT,20240916,9364,0.991862,2.860222,-4.068315,-1.208093,2.860222,-4.875943,-2.015721,2.860865,-4.085199,-1.224334,2.860865,-4.92415,-2.063285,14.876436,2.0,publish
bybit_perp,OMGUSDT,20240919,4363,0.993743,2.890456,-5.395312,-2.504856,2.890456,-5.208357,-2.317901,2.891246,-5.394118,-2.502871,2.891246,-5.222516,-2.331269,10.774995,2.0,publish
bybit_perp,OMGUSDT,20240922,1635,0.989725,3.211179,-5.079395,-1.868216,3.211179,-5.841753,-2.630574,3.21354,-5.080376,-1.866836,3.21354,-5.840713,-2.627174,5.00423,2.0,publish
bybit_perp,OMGUSDT,20240925,1230,0.98187,2.129297,-3.149417,-1.02012,2.129297,-3.012673,-0.883376,2.135542,-3.13592,-1.000378,2.135542,-3.050785,-0.915243,3.877479,2.0,publish
bybit_perp,OMGUSDT,20240928,1085,0.989401,2.957625,-3.961827,-1.004202,2.957625,-4.785753,-1.828128,2.95307,-3.963606,-1.010536,2.95307,-4.765792,-1.812722,3.971898,2.0,publish
bybit_perp,OMGUSDT,20241001,1368,0.977851,3.558618,-4.573112,-1.014494,3.558618,-5.136077,-1.577459,3.561737,-4.522311,-0.960574,3.561737,-5.203321,-1.641584,6.290717,2.0,publish
bybit_perp,OMGUSDT,20241004,877,0.979361,2.952462,-4.79342,-1.840957,2.952462,-3.873773,-0.921311,2.957703,-4.799845,-1.842142,2.957703,-3.822919,-0.865216,4.216298,2.0,publish
bybit_perp,OMGUSDT,20241007,2282,0.990754,3.077673,-5.740995,-2.663322,3.077673,-6.182919,-3.105246,3.081162,-5.764948,-2.683786,3.081162,-6.102419,-3.021256,8.73525,2.0,publish
bybit_perp,OMGUSDT,20241010,896,0.991853,2.23849,-4.352234,-2.113744,2.23849,-4.189862,-1.951373,2.237297,-4.34208,-2.104783,2.237297,-4.118763,-1.881466,4.725526,2.0,publish
bybit_perp,OMGUSDT,20241013,832,0.987981,2.414879,-4.035963,-1.621084,2.414879,-4.240219,-1.82534,2.419911,-4.014088,-1.594177,2.419911,-4.186071,-1.76616,4.54034,2.0,publish
bybit_perp,OMGUSDT,20241016,782,0.96688,2.131685,-3.60532,-1.473635,2.131685,-4.651609,-2.519924,2.133573,-3.658039,-1.524466,2.133573,-4.705127,-2.571554,3.919887,2.0,publish
bybit_perp,OMGUSDT,20241019,366,0.980874,2.091716,-3.829992,-1.738276,2.091716,-3.595915,-1.504198,2.095727,-3.842724,-1.746997,2.095727,-3.658296,-1.562569,2.598513,2.0,publish
bybit_perp,OMGUSDT,20241022,514,0.956031,2.24127,-3.74981,-1.50854,2.24127,-4.379356,-2.138086,2.245063,-3.71898,-1.473917,2.245063,-4.288818,-2.043756,3.151423,2.0,publish
bybit_perp,OMGUSDT,20241025,650,0.982462,3.901368,-9.089016,-5.187647,3.901368,-15.368948,-11.467579,3.922978,-9.147048,-5.22407,3.922978,-15.561551,-11.638573,6.268117,2.0,publish
bybit_perp,OMGUSDT,20241028,381,0.970866,2.506026,-5.09817,-2.592144,2.506026,-5.932491,-3.426465,2.515998,-5.07845,-2.562452,2.515998,-5.889841,-3.373842,3.506474,2.0,publish
bybit_perp,OMGUSDT,20241031,331,0.960725,2.402848,-4.920416,-2.517568,2.402848,-6.150952,-3.748105,2.404049,-4.883371,-2.479323,2.404049,-6.126195,-3.722147,3.259616,2.0,publish
bybit_perp,OMGUSDT,20241103,879,0.970307,3.636826,-6.41106,-2.774234,3.636826,-8.019469,-4.382643,3.665666,-6.240496,-2.574829,3.665666,-7.947135,-4.281469,6.990161,2.0,publish
bybit_perp,OMGUSDT,20241106,633,0.959716,2.743967,-5.624503,-2.880536,2.743967,-5.760672,-3.016705,2.755899,-5.60507,-2.849171,2.755899,-5.923027,-3.167127,4.974891,2.0,publish
bybit_perp,OMGUSDT,20241109,380,0.950263,2.616976,-5.444518,-2.827543,2.616976,-6.656742,-4.039767,2.639054,-5.47964,-2.840585,2.639054,-6.777849,-4.138795,3.782777,2.0,publish
bybit_perp,OMGUSDT,20241112,985,0.966091,4.032195,-7.135825,-3.10363,4.032195,-9.021673,-4.989478,4.073403,-7.000611,-2.927208,4.073403,-8.719375,-4.645972,8.99613,2.0,publish
bybit_perp,OMGUSDT,20241115,1450,0.981862,4.233259,-6.779132,-2.545873,4.233259,-2.969237,1.264022,4.263741,-6.71654,-2.452799,4.263741,-2.991,1.272741,11.022766,2.0,publish
bybit_perp,OMGUSDT,20241118,1177,0.968139,3.120128,-5.467543,-2.347415,3.120128,-6.270793,-3.150665,3.150515,-5.383067,-2.232551,3.150515,-6.231623,-3.081108,6.425178,2.0,publish
bybit_perp,OMGUSDT,20241121,1128,0.96977,3.166456,-4.506651,-1.340195,3.166456,-5.785162,-2.618705,3.188683,-4.427478,-1.238795,3.188683,-5.647264,-2.45858,6.155205,2.0,publish
bybit_perp,OMGUSDT,20241124,2130,0.988498,4.460673,-6.500471,-2.039798,4.460673,-8.01639,-3.555717,4.47372,-6.518964,-2.045244,4.47372,-8.111398,-3.637678,12.177818,2.0,publish
bybit_perp,OMGUSDT,20241127,1267,0.972297,3.570575,-4.990928,-1.420352,3.570575,-6.548141,-2.977565,3.59846,-4.957319,-1.358859,3.59846,-6.480791,-2.882331,9.210325,2.0,publish
bybit_perp,OMGUSDT,20241130,1255,0.951474,2.125812,-4.247376,-2.121564,2.125812,-3.697967,-1.572155,2.143372,-4.144971,-2.0016,2.143372,-3.616065,-1.472693,5.046262,2.0,publish
bybit_perp,OMGUSDT,20241203,2668,0.975525,3.474355,-5.449134,-1.974779,3.474355,-4.852514,-1.378159,3.494763,-5.498269,-2.003505,3.494763,-4.584483,-1.089719,11.311488,2.0,publish
bybit_perp,OMGUSDT,20241206,2565,0.963509,3.186808,-6.218825,-3.032017,3.186808,-7.689883,-4.503076,3.213054,-6.317688,-3.104634,3.213054,-7.891727,-4.678673,14.859097,2.0,publish
bybit_perp,OMGUSDT,20241209,2275,0.970462,4.71614,-7.499773,-2.783633,4.71614,-7.841334,-3.125194,4.776293,-7.494541,-2.718248,4.776293,-7.623223,-2.84693,15.051909,2.0,publish
bybit_perp,OMGUSDT,20241212,1942,0.963337,3.14099,-4.957736,-1.816746,3.14099,-4.755042,-1.614052,3.170308,-4.972844,-1.802536,3.170308,-4.657207,-1.486899,8.301911,2.0,publish
bybit_perp,OMGUSDT,20241215,1986,0.968077,2.306516,-4.333205,-2.026689,2.306516,-4.792757,-2.486242,2.310456,-4.339733,-2.029277,2.310456,-4.876702,-2.566246,6.189959,2.0,publish
bybit_perp,OMGUSDT,20241218,3143,0.975978,3.326412,-6.788629,-3.462217,3.326412,-7.581656,-4.255244,3.317727,-6.699961,-3.382234,3.317727,-7.57166,-4.253933,12.479386,2.0,publish
bybit_perp,OMGUSDT,20241221,2221,0.96407,2.802099,-5.157785,-2.355686,2.802099,-5.169829,-2.36773,2.826,-5.127066,-2.301066,2.826,-5.062088,-2.236088,8.218586,2.0,publish
bybit_perp,OMGUSDT,20241224,1210,0.949752,2.093484,-4.227289,-2.133805,2.093484,-4.378153,-2.284668,2.095653,-4.187138,-2.091485,2.095653,-4.29613,-2.200477,4.759206,2.0,publish
bybit_perp,OMGUSDT,20241227,1281,0.935988,2.208928,-4.225048,-2.01612,2.208928,-4.163985,-1.955057,2.229456,-4.166884,-1.937427,2.229456,-4.109597,-1.880141,5.246473,2.0,publish
bybit_perp,OMGUSDT,20241230,1326,0.950075,2.384273,-4.813374,-2.429101,2.384273,-5.015132,-2.630859,2.402872,-4.841654,-2.438782,2.402872,-5.149008,-2.746136,5.977835,2.0,publish
bybit_perp,OMGUSDT,20250102,835,0.941557,3.82954,-4.632056,-0.802515,3.82954,-5.449728,-1.620188,3.841363,-4.542175,-0.700811,3.841363,-5.29938,-1.458017,3.940561,2.0,publish
bybit_perp,OMGUSDT,20250105,727,0.927373,3.409898,-3.745708,-0.33581,3.409898,-4.070076,-0.660178,3.406743,-3.640272,-0.233529,3.406743,-4.028576,-0.621833,3.066525,2.0,publish
bybit_perp,OMGUSDT,20250108,1169,0.953464,4.471854,-5.46188,-0.990026,4.471854,-5.294419,-0.822564,4.495986,-5.422955,-0.926968,4.495986,-5.271266,-0.77528,6.258723,2.0,publish
bybit_perp,OMGUSDT,20250111,625,0.93712,3.758138,-4.774657,-1.016519,3.758138,-5.093878,-1.33574,3.790418,-4.731772,-0.941354,3.790418,-5.102529,-1.312111,3.439528,2.0,publish
bybit_perp,OMGUSDT,20250114,531,0.94275,3.547185,-6.937845,-3.39066,3.547185,-7.195367,-3.648182,3.566913,-6.955573,-3.38866,3.566913,-7.304162,-3.737249,4.625406,2.0,publish
bybit_perp,OMGUSDT,20250117,5082,0.986403,4.606372,-4.55179,0.054582,4.606372,-5.25437,-0.647998,4.597891,-4.521813,0.076078,4.597891,-5.164931,-0.567039,17.053216,2.0,publish
bybit_perp,OMGUSDT,20250120,2173,0.979153,4.11187,-6.599817,-2.487947,4.11187,-8.292062,-4.180192,4.117253,-6.581489,-2.464236,4.117253,-8.322864,-4.205612,10.238595,2.0,publish
bybit_perp,OMGUSDT,20250123,944,0.969386,3.978942,-6.535514,-2.556572,3.978942,-6.75193,-2.772988,4.002489,-6.49543,-2.49294,4.002489,-6.654597,-2.652108,6.279479,2.0,publish
bybit_perp,OMGUSDT,20250126,541,0.95342,3.283449,-5.060075,-1.776625,3.283449,-5.356712,-2.073263,3.310933,-5.027058,-1.716125,3.310933,-5.158162,-1.847229,3.703803,2.0,publish
bybit_perp,OMGUSDT,20250129,458,0.967467,4.3039,-6.06324,-1.759339,4.3039,-8.232045,-3.928144,4.330853,-6.125225,-1.794372,4.330853,-8.451304,-4.120451,5.628852,2.0,publish
bybit_perp,OMGUSDT,20250201,472,0.966314,2.725932,-6.361804,-3.635873,2.725932,-8.349892,-5.62396,2.735898,-6.40011,-3.664212,2.735898,-8.231465,-5.495567,4.13331,2.0,publish
bybit_perp,OMGUSDT,20250204,748,0.980749,4.475231,-10.192221,-5.71699,4.475231,-10.451589,-5.976358,4.481948,-10.199415,-5.717467,4.481948,-10.430451,-5.948503,8.185683,2.0,publish
bybit_perp,OMGUSDT,20250207,2359,0.986435,3.195301,-7.293936,-4.098635,3.195301,-6.965201,-3.769899,3.192734,-7.325922,-4.133188,3.192734,-6.954491,-3.761757,9.61777,2.0,publish
bybit_perp,OMGUSDT,20250210,1032,0.986822,3.269567,-7.750156,-4.48059,3.269567,-9.977457,-6.70789,3.273236,-7.754629,-4.481392,3.273236,-10.150037,-6.876801,8.867289,2.0,publish
bybit_perp,OMGUSDT,20250213,503,0.975746,3.016729,-5.810882,-2.794153,3.016729,-7.379596,-4.362866,3.024206,-5.759811,-2.735606,3.024206,-7.31127,-4.287064,3.822689,2.0,publish
bybit_perp,OMGUSDT,20250216,1229,0.979414,4.628903,-8.342739,-3.713836,4.628903,-4.550402,0.078501,4.62781,-8.344666,-3.716856,4.62781,-4.605837,0.021973,8.472458,2.0,publish
bybit_perp,OMGUSDT,20250219,556,0.976799,3.471244,-7.487907,-4.016664,3.471244,-9.858646,-6.387403,3.477343,-7.493451,-4.016108,3.477343,-9.867707,-6.390364,4.836516,2.0,publish
bybit_perp,OMGUSDT,20250222,193,0.994819,4.16115,-8.364801,-4.203651,4.16115,-9.401723,-5.240573,4.124555,-8.408368,-4.283813,4.124555,-9.195796,-5.07124,3.412451,2.0,publish
bybit_perp,OMGUSDT,20250225,624,0.978045,4.379316,-6.317733,-1.938417,4.379316,-5.331279,-0.951963,4.352404,-6.304833,-1.952429,4.352404,-5.210467,-0.858064,7.427041,2.0,publish
bybit_perp,OMGUSDT,20250228,870,0.971149,3.118367,-6.90414,-3.785773,3.118367,-8.06572,-4.947353,3.121326,-6.97138,-3.850054,3.121326,-8.066452,-4.945125,7.029383,2.0,publish
bybit_perp,OMGUSDT,20250303,1067,0.970291,3.227414,-6.331592,-3.104178,3.227414,-7.773286,-4.545872,3.205067,-6.359223,-3.154157,3.205067,-7.932324,-4.727257,5.972185,2.0,publish
bybit_perp,OMGUSDT,20250306,470,0.965106,3.023857,-6.406881,-3.383024,3.023857,-6.567877,-3.544021,3.034073,-6.405939,-3.371865,3.034073,-6.780375,-3.746301,4.563328,2.0,publish
bybit_perp,OMGUSDT,20250309,762,0.962205,3.05342,-6.608879,-3.555459,3.05342,-6.396417,-3.342997,3.069164,-6.678167,-3.609003,3.069164,-6.28761,-3.218446,5.499707,2.0,publish
bybit_perp,OMGUSDT,20250312,468,0.976923,3.155059,-7.359836,-4.204777,3.155059,-8.87112,-5.716061,3.170454,-7.341989,-4.171535,3.170454,-8.809562,-5.639109,4.401198,2.0,publish
bybit_perp,OMGUSDT,20250315,2435,0.983778,5.651444,0.626145,6.277589,5.651444,15.109613,20.761057,5.644111,0.687054,6.331166,5.644111,14.911186,20.555297,14.90512,2.0,publish
bybit_perp,OMGUSDT,20250318,1874,0.979509,6.183473,-5.407998,0.775476,6.183473,-4.121966,2.061507,6.213954,-5.466536,0.747418,6.213954,-4.12214,2.091814,9.196194,2.0,publish
bybit_perp,OMGUSDT,20250321,1335,0.979925,3.689538,-5.781671,-2.092133,3.689538,-6.694196,-3.004658,3.694176,-5.810008,-2.115831,3.694176,-6.654329,-2.960153,5.299173,2.0,publish
bybit_perp,OMGUSDT,20250324,897,0.972241,4.033917,-6.173097,-2.13918,4.033917,-8.141523,-4.107606,4.046982,-6.258237,-2.211255,4.046982,-8.397933,-4.350951,4.936684,2.0,publish
bybit_perp,OMGUSDT,20250327,418,0.967225,5.16351,-7.748042,-2.584531,5.16351,-6.526725,-1.363214,5.181685,-7.712744,-2.531059,5.181685,-6.497271,-1.315586,3.737616,2.0,publish
bybit_perp,OMGUSDT,20250330,781,0.970294,5.266306,-4.49008,0.776226,5.266306,-4.2468,1.019505,5.26662,-4.462318,0.804301,5.26662,-4.242112,1.024508,4.559159,2.0,publish
bybit_perp,OMGUSDT,20250402,650,0.926154,5.224493,-6.893671,-1.669178,5.224493,-8.097068,-2.872576,5.371017,-6.77889,-1.407873,5.371017,-7.51858,-2.147563,4.439472,2.0,publish
bybit_perp,OMGUSDT,20250405,353,0.941643,4.261512,-5.447855,-1.186343,4.261512,-5.422026,-1.160514,4.309933,-5.602436,-1.292502,4.309933,-5.612154,-1.30222,2.921565,2.0,publish
bybit_perp,OMGUSDT,20250408,833,0.954622,6.509452,-6.877031,-0.367578,6.509452,-7.720963,-1.211511,6.567749,-6.890969,-0.323219,6.567749,-7.623698,-1.055949,7.374682,2.0,publish
bybit_perp,OMGUSDT,20250411,691,0.965702,4.588848,-5.232337,-0.643488,4.588848,-3.837225,0.751623,4.616054,-5.186821,-0.570767,4.616054,-3.776844,0.839209,4.890073,2.0,publish
bybit_perp,OMGUSDT,20250414,857,0.931855,5.519685,-4.270764,1.248921,5.519685,-0.989077,4.530608,5.636783,-4.266437,1.370346,5.636783,-0.966313,4.67047,6.337463,2.0,publish
bybit_perp,OMGUSDT,20250417,434,0.948618,5.614379,-6.531713,-0.917334,5.614379,-7.232801,-1.618422,5.598744,-6.522164,-0.92342,5.598744,-7.006646,-1.407902,4.582697,2.0,publish
bybit_perp,OMGUSDT,20250420,801,0.961798,4.437057,-6.569101,-2.132044,4.437057,-5.982893,-1.545837,4.468368,-6.497999,-2.029631,4.468368,-5.842967,-1.374598,5.057183,2.0,publish
bybit_perp,OMGUSDT,20250423,651,0.954685,5.127271,-6.118328,-0.991057,5.127271,-7.98045,-2.853179,5.161939,-6.087336,-0.925398,5.161939,-7.810596,-2.648658,5.234408,2.0,publish
bybit_perp,OMGUSDT,20250426,643,0.946034,6.652648,-6.93554,-0.282892,6.652648,-10.344735,-3.692088,6.699345,-7.12195,-0.422605,6.699345,-10.387931,-3.688586,6.994981,2.0,publish
bybit_perp,OMGUSDT,20250429,344,0.939535,4.738236,-6.882672,-2.144436,4.738236,-6.487993,-1.749757,4.753365,-6.646283,-1.892918,4.753365,-6.224458,-1.471093,4.563272,2.0,publish
bybit_perp,OMGUSDT,20250502,367,0.941689,5.333769,-5.610757,-0.276988,5.333769,-8.505622,-3.171853,5.340714,-5.792222,-0.451508,5.340714,-8.516717,-3.176004,4.173462,2.0,publish
bybit_perp,OMGUSDT,20250505,468,0.926282,5.149856,-5.82546,-0.675604,5.149856,-5.829012,-0.679156,5.098303,-5.698502,-0.600199,5.098303,-5.931352,-0.83305,4.143697,2.0,publish
bybit_perp,OMGUSDT,20250508,615,0.941138,7.312674,-6.120006,1.192669,7.312674,-6.491315,0.82136,7.289409,-6.028434,1.260975,7.289409,-6.298928,0.99048,5.16987,2.0,publish
bybit_perp,OMGUSDT,20250511,340,0.953235,5.424275,-8.01521,-2.590936,5.424275,-9.036841,-3.612566,5.391572,-7.918728,-2.527156,5.391572,-9.164524,-3.772952,4.889444,2.0,publish
bybit_perp,OMGUSDT,20250514,759,0.966667,6.075956,-6.435696,-0.35974,6.075956,-7.414959,-1.339003,6.048675,-6.327654,-0.278979,6.048675,-7.383422,-1.334747,6.273263,2.0,publish
bybit_perp,OMGUSDT,20250517,533,0.963039,7.615636,-8.881528,-1.265893,7.615636,-10.16437,-2.548734,7.593667,-8.828911,-1.235244,7.593667,-10.24417,-2.650503,6.12679,2.0,publish
bybit_perp,OMGUSDT,20250520,522,0.96954,6.790863,-6.35104,0.439823,6.790863,-6.439656,0.351207,6.776837,-6.197758,0.579079,6.776837,-6.329221,0.447616,4.884165,2.0,publish
bybit_perp,OMGUSDT,20250523,456,0.945614,5.592252,-6.396727,-0.804475,5.592252,-5.463921,0.128331,5.585061,-6.131724,-0.546663,5.585061,-5.353008,0.232053,4.43353,2.0,publish
bybit_perp,OMGUSDT,20250526,215,0.934419,5.411052,-4.629796,0.781255,5.411052,-5.461573,-0.050521,5.420869,-4.433828,0.987041,5.420869,-5.291421,0.129448,2.861029,2.0,publish
bybit_perp,OMGUSDT,20250529,117,0.928205,5.375371,-4.4789,0.896471,5.375371,-5.548329,-0.172957,5.401604,-4.4685,0.933104,5.401604,-5.500927,-0.099323,2.252738,2.0,publish
bybit_perp,OMGUSDT,20250601,5906,0.98918,5.384719,-6.66013,-1.275411,5.384719,-6.232163,-0.847444,5.380279,-6.641479,-1.261201,5.380279,-6.126794,-0.746515,18.113623,2.0,publish
bybit_perp,REEFUSDT,20230401,83,1.0,9.108299,-11.750751,-2.642453,9.108299,-11.313569,-2.20527,9.108299,-11.750751,-2.642453,9.108299,-11.313569,-2.20527,4.511423,2.0,publish
bybit_perp,REEFUSDT,20230404,156,1.0,9.126544,-11.477891,-2.351346,9.126544,-8.995234,0.13131,9.126544,-11.477891,-2.351346,9.126544,-8.995234,0.13131,5.500317,2.0,publish
bybit_perp,REEFUSDT,20230407,111,1.0,9.018284,-13.266822,-4.248538,9.018284,-11.429602,-2.411317,9.018284,-13.266822,-4.248538,9.018284,-11.429602,-2.411317,4.515118,2.0,publish
bybit_perp,REEFUSDT,20230410,81,1.0,8.814245,-11.317775,-2.50353,8.814245,-10.013827,-1.199582,8.814245,-11.317775,-2.50353,8.814245,-10.013827,-1.199582,4.077665,2.0,publish
bybit_perp,REEFUSDT,20230413,84,1.0,8.582513,-11.660699,-3.078187,8.582513,-10.116575,-1.534063,8.582513,-11.660699,-3.078187,8.582513,-10.116575,-1.534063,4.672753,2.0,publish
bybit_perp,REEFUSDT,20230416,130,1.0,8.135212,-11.241665,-3.106452,8.135212,-12.306804,-4.171592,8.135212,-11.241665,-3.106452,8.135212,-12.306804,-4.171592,5.133952,2.0,publish
bybit_perp,REEFUSDT,20230419,362,1.0,9.135001,-17.760685,-8.625684,9.135001,-25.786545,-16.651544,9.135001,-17.760685,-8.625684,9.135001,-25.786545,-16.651544,7.168062,2.0,publish
bybit_perp,REEFUSDT,20230422,43,1.0,9.566262,-12.670027,-3.103765,9.566262,-11.33885,-1.772588,9.566262,-12.670027,-3.103765,9.566262,-11.33885,-1.772588,3.986591,2.0,publish
bybit_perp,REEFUSDT,20230425,53,1.0,9.557648,-11.714111,-2.156464,9.557648,-10.27955,-0.721903,9.557648,-11.714111,-2.156464,9.557648,-10.27955,-0.721903,5.597149,2.0,publish
bybit_perp,REEFUSDT,20230428,33,1.0,2.379112,-6.148239,-3.769127,2.379112,-6.410174,-4.031062,2.379112,-6.148239,-3.769127,2.379112,-6.410174,-4.031062,3.625322,2.0,publish
bybit_perp,REEFUSDT,20230501,111,1.0,3.390102,-5.824475,-2.434373,3.390102,-2.61091,0.779192,3.390102,-5.824475,-2.434373,3.390102,-2.61091,0.779192,4.100873,2.0,publish
bybit_perp,REEFUSDT,20230504,47,1.0,2.193088,-3.474598,-1.281511,2.193088,-6.503627,-4.310539,2.193088,-3.474598,-1.281511,2.193088,-6.503627,-4.310539,2.901003,2.0,publish
bybit_perp,REEFUSDT,20230507,92,1.0,2.203442,-3.407767,-1.204325,2.203442,-3.255191,-1.051749,2.203442,-3.407767,-1.204325,2.203442,-3.255191,-1.051749,3.001964,2.0,publish
bybit_perp,REEFUSDT,20230510,164,1.0,7.600414,-14.027188,-6.426774,7.600414,-11.543032,-3.942618,7.600414,-14.027188,-6.426774,7.600414,-11.543032,-3.942618,5.750167,2.0,publish
bybit_perp,REEFUSDT,20230513,77,1.0,2.44269,-6.187623,-3.744932,2.44269,-6.65659,-4.2139,2.44269,-6.187623,-3.744932,2.44269,-6.65659,-4.2139,2.884648,2.0,publish
bybit_perp,REEFUSDT,20230516,159,1.0,2.72887,-8.429135,-5.700265,2.72887,-6.598012,-3.869142,2.72887,-8.429135,-5.700265,2.72887,-6.598012,-3.869142,3.392801,2.0,publish
bybit_perp,REEFUSDT,20230519,52,1.0,2.314908,-7.983528,-5.668619,2.314908,-9.398008,-7.0831,2.314908,-7.983528,-5.668619,2.314908,-9.398008,-7.0831,3.357323,2.0,publish
bybit_perp,REEFUSDT,20230522,57,1.0,2.432795,-6.053243,-3.620448,2.432795,-7.17236,-4.739566,2.432795,-6.053243,-3.620448,2.432795,-7.17236,-4.739566,2.967289,2.0,publish
bybit_perp,REEFUSDT,20230525,94,1.0,2.595162,-4.812846,-2.217684,2.595162,-3.430577,-0.835415,2.595162,-4.812846,-2.217684,2.595162,-3.430577,-0.835415,2.86941,2.0,publish
bybit_perp,REEFUSDT,20230528,188,1.0,2.317577,-3.794399,-1.476822,2.317577,-4.014579,-1.697002,2.317577,-3.794399,-1.476822,2.317577,-4.014579,-1.697002,2.50685,2.0,publish
bybit_perp,REEFUSDT,20230531,184,1.0,2.625377,-5.193871,-2.568495,2.625377,-6.010201,-3.384825,2.625377,-5.193871,-2.568495,2.625377,-6.010201,-3.384825,3.756344,2.0,publish
bybit_perp,REEFUSDT,20230603,80,1.0,2.369939,-5.581323,-3.211384,2.369939,-5.680765,-3.310826,2.369939,-5.581323,-3.211384,2.369939,-5.680765,-3.310826,2.361577,2.0,publish
bybit_perp,REEFUSDT,20230606,106,1.0,2.70449,-4.432797,-1.728307,2.70449,-3.176136,-0.471646,2.70449,-4.432797,-1.728307,2.70449,-3.176136,-0.471646,3.682895,2.0,publish
bybit_perp,REEFUSDT,20230609,71,1.0,2.977976,-6.019382,-3.041406,2.977976,-7.440555,-4.462579,2.977976,-6.019382,-3.041406,2.977976,-7.440555,-4.462579,3.386261,2.0,publish
bybit_perp,REEFUSDT,20230612,129,1.0,3.473512,-6.146984,-2.673472,3.473512,-7.669283,-4.195771,3.473512,-6.146984,-2.673472,3.473512,-7.669283,-4.195771,4.943887,2.0,publish
bybit_perp,REEFUSDT,20230615,155,1.0,3.32171,-7.413479,-4.091769,3.32171,-7.657583,-4.335873,3.32171,-7.413479,-4.091769,3.32171,-7.657583,-4.335873,4.039741,2.0,publish
bybit_perp,REEFUSDT,20230618,139,1.0,3.280557,-6.589147,-3.308589,3.280557,-8.450013,-5.169456,3.280557,-6.589147,-3.308589,3.280557,-8.450013,-5.169456,3.310431,2.0,publish
bybit_perp,REEFUSDT,20230621,139,1.0,3.35644,-6.988042,-3.631603,3.35644,-8.876827,-5.520388,3.35644,-6.988042,-3.631603,3.35644,-8.876827,-5.520388,4.675453,2.0,publish
bybit_perp,REEFUSDT,20230624,155,1.0,3.018939,-7.014949,-3.99601,3.018939,-11.647054,-8.628115,3.018939,-7.014949,-3.99601,3.018939,-11.647054,-8.628115,4.849861,2.0,publish
bybit_perp,REEFUSDT,20230627,64,1.0,3.077447,-7.205552,-4.128105,3.077447,-7.852581,-4.775134,3.077447,-7.205552,-4.128105,3.077447,-7.852581,-4.775134,3.802467,2.0,publish
bybit_perp,REEFUSDT,20230630,165,1.0,3.204422,-9.373229,-6.168807,3.204422,-7.807507,-4.603085,3.204422,-9.373229,-6.168807,3.204422,-7.807507,-4.603085,6.972938,2.0,publish
bybit_perp,REEFUSDT,20230703,153,1.0,3.035884,-5.660555,-2.624671,3.035884,-6.29499,-3.259106,3.035884,-5.660555,-2.624671,3.035884,-6.29499,-3.259106,4.401478,2.0,publish
bybit_perp,REEFUSDT,20230706,163,1.0,3.033596,-6.241897,-3.208302,3.033596,-7.609974,-4.576378,3.033596,-6.241897,-3.208302,3.033596,-7.609974,-4.576378,5.348527,2.0,publish
bybit_perp,REEFUSDT,20230709,22,1.0,3.323109,-4.898373,-1.575264,3.323109,-7.117161,-3.794052,3.323109,-4.898373,-1.575264,3.323109,-7.117161,-3.794052,3.308859,2.0,publish
bybit_perp,REEFUSDT,20230712,31,1.0,3.076315,-1.739426,1.33689,3.076315,-3.799516,-0.7232,3.076315,-1.739426,1.33689,3.076315,-3.799516,-0.7232,3.626794,2.0,publish
bybit_perp,REEFUSDT,20230715,15,1.0,3.996201,-2.093782,1.902419,3.996201,-0.361031,3.63517,3.996201,-2.093782,1.902419,3.996201,-0.361031,3.63517,3.617684,2.0,publish
bybit_perp,REEFUSDT,20230718,39,1.0,4.062506,-4.94474,-0.882234,4.062506,-6.616069,-2.553563,4.062506,-4.94474,-0.882234,4.062506,-6.616069,-2.553563,3.699904,2.0,publish
bybit_perp,REEFUSDT,20230721,14,1.0,3.243322,-5.399718,-2.156396,3.243322,-2.593775,0.649547,3.243322,-5.399718,-2.156396,3.243322,-2.593775,0.649547,2.912727,2.0,publish
bybit_perp,REEFUSDT,20230724,627,1.0,3.466334,-7.145296,-3.678962,3.466334,-9.298915,-5.832581,3.466334,-7.145296,-3.678962,3.466334,-9.298915,-5.832581,7.912107,2.0,publish
bybit_perp,REEFUSDT,20230727,213,1.0,3.183798,-6.663955,-3.480157,3.183798,-6.692384,-3.508585,3.183798,-6.663955,-3.480157,3.183798,-6.692384,-3.508585,3.385931,2.0,publish
bybit_perp,REEFUSDT,20230730,94,1.0,4.006044,-5.958524,-1.95248,4.006044,-13.206646,-9.200602,4.006044,-5.958524,-1.95248,4.006044,-13.206646,-9.200602,2.92583,2.0,publish
bybit_perp,REEFUSDT,20230802,70,1.0,3.719124,-5.287786,-1.568661,3.719124,-6.156102,-2.436978,3.719124,-5.287786,-1.568661,3.719124,-6.156102,-2.436978,3.394781,2.0,publish
bybit_perp,REEFUSDT,20230805,37,1.0,3.456884,-8.400614,-4.94373,3.456884,-7.180493,-3.723609,3.456884,-8.400614,-4.94373,3.456884,-7.180493,-3.723609,2.943537,2.0,publish
bybit_perp,REEFUSDT,20230808,113,1.0,3.333749,-4.860532,-1.526783,3.333749,-5.794583,-2.460834,3.333749,-4.860532,-1.526783,3.333749,-5.794583,-2.460834,3.833919,2.0,publish
bybit_perp,REEFUSDT,20230811,90,1.0,3.42234,-4.606006,-1.183666,3.42234,-5.594828,-2.172487,3.42234,-4.606006,-1.183666,3.42234,-5.594828,-2.172487,3.440542,2.0,publish
bybit_perp,REEFUSDT,20230814,305,1.0,3.919914,-5.146941,-1.227028,3.919914,-4.740065,-0.820151,3.919914,-5.146941,-1.227028,3.919914,-4.740065,-0.820151,3.846167,2.0,publish
bybit_perp,REEFUSDT,20230817,379,1.0,3.986249,-8.299718,-4.313469,3.986249,-7.507714,-3.521466,3.986249,-8.299718,-4.313469,3.986249,-7.507714,-3.521466,9.306942,2.0,publish
bybit_perp,REEFUSDT,20230820,37,1.0,3.821621,-6.598434,-2.776813,3.821621,-5.681883,-1.860262,3.821621,-6.598434,-2.776813,3.821621,-5.681883,-1.860262,2.694139,2.0,publish
bybit_perp,REEFUSDT,20230823,121,1.0,4.010277,-5.737043,-1.726766,4.010277,-4.174818,-0.164541,4.010277,-5.737043,-1.726766,4.010277,-4.174818,-0.164541,3.538874,2.0,publish
bybit_perp,REEFUSDT,20230826,145,1.0,3.977267,-4.713016,-0.735749,3.977267,-5.300917,-1.32365,3.977267,-4.713016,-0.735749,3.977267,-5.300917,-1.32365,2.619572,2.0,publish
bybit_perp,REEFUSDT,20230829,260,1.0,3.839057,-6.208097,-2.369041,3.839057,-7.12322,-3.284163,3.839057,-6.208097,-2.369041,3.839057,-7.12322,-3.284163,4.977588,2.0,publish
bybit_perp,REEFUSDT,20230901,96,1.0,3.952215,-6.665495,-2.71328,3.952215,-8.247728,-4.295513,3.952215,-6.665495,-2.71328,3.952215,-8.247728,-4.295513,3.928926,2.0,publish
bybit_perp,REEFUSDT,20230904,88,1.0,4.109962,-5.24564,-1.135678,4.109962,-6.244061,-2.134099,4.109962,-5.24564,-1.135678,4.109962,-6.244061,-2.134099,4.501827,2.0,publish
bybit_perp,REEFUSDT,20230907,247,1.0,3.452703,-4.843995,-1.391293,3.452703,-5.328553,-1.875851,3.452703,-4.843995,-1.391293,3.452703,-5.328553,-1.875851,4.625389,2.0,publish
bybit_perp,REEFUSDT,20230910,384,1.0,3.713327,-8.443532,-4.730205,3.713327,-15.051032,-11.337705,3.713327,-8.443532,-4.730205,3.713327,-15.051032,-11.337705,5.008236,2.0,publish
bybit_perp,REEFUSDT,20230913,167,1.0,4.107283,-7.50029,-3.393007,4.107283,-7.967397,-3.860114,4.107283,-7.50029,-3.393007,4.107283,-7.967397,-3.860114,4.654586,2.0,publish
bybit_perp,REEFUSDT,20230916,103,1.0,3.892985,-6.201931,-2.308946,3.892985,-4.805606,-0.912621,3.892985,-6.201931,-2.308946,3.892985,-4.805606,-0.912621,4.119295,2.0,publish
bybit_perp,REEFUSDT,20230919,214,1.0,3.953331,-5.026845,-1.073514,3.953331,-3.951017,0.002313,3.953331,-5.026845,-1.073514,3.953331,-3.951017,0.002313,4.174422,2.0,publish
bybit_perp,REEFUSDT,20230922,61,1.0,3.826969,-4.003813,-0.176844,3.826969,-4.057059,-0.23009,3.826969,-4.003813,-0.176844,3.826969,-4.057059,-0.23009,3.49345,2.0,publish
bybit_perp,REEFUSDT,20230925,98,1.0,3.857897,-5.976908,-2.11901,3.857897,-5.977723,-2.119826,3.857897,-5.976908,-2.11901,3.857897,-5.977723,-2.119826,3.725896,2.0,publish
bybit_perp,REEFUSDT,20230928,71,1.0,3.825687,-5.773329,-1.947642,3.825687,-5.033443,-1.207756,3.825687,-5.773329,-1.947642,3.825687,-5.033443,-1.207756,3.287869,2.0,publish
bybit_perp,REEFUSDT,20231001,265,1.0,3.605091,-6.521096,-2.916005,3.605091,-6.641385,-3.036293,3.605091,-6.521096,-2.916005,3.605091,-6.641385,-3.036293,4.82624,2.0,publish
bybit_perp,REEFUSDT,20231004,197,1.0,3.911632,-8.567089,-4.655458,3.911632,-5.121834,-1.210202,3.911632,-8.567089,-4.655458,3.911632,-5.121834,-1.210202,4.32522,2.0,publish
bybit_perp,REEFUSDT,20231007,47,1.0,3.727519,-6.501297,-2.773778,3.727519,-6.817513,-3.089994,3.727519,-6.501297,-2.773778,3.727519,-6.817513,-3.089994,2.229095,2.0,publish
bybit_perp,REEFUSDT,20231010,85,1.0,4.06901,-5.391509,-1.322499,4.06901,-5.717543,-1.648533,4.06901,-5.391509,-1.322499,4.06901,-5.717543,-1.648533,3.316864,2.0,publish
bybit_perp,REEFUSDT,20231013,103,1.0,4.216273,-6.922655,-2.706382,4.216273,-3.760792,0.455481,4.216273,-6.922655,-2.706382,4.216273,-3.760792,0.455481,3.045905,2.0,publish
bybit_perp,REEFUSDT,20231016,214,1.0,3.934355,-6.794021,-2.859667,3.934355,-4.719548,-0.785193,3.934355,-6.794021,-2.859667,3.934355,-4.719548,-0.785193,3.947719,2.0,publish
bybit_perp,REEFUSDT,20231019,72,1.0,4.187473,-5.163097,-0.975624,4.187473,-6.262675,-2.075203,4.187473,-5.163097,-0.975624,4.187473,-6.262675,-2.075203,3.147397,2.0,publish
bybit_perp,REEFUSDT,20231022,74,1.0,4.459853,-7.280437,-2.820584,4.459853,-6.116868,-1.657015,4.459853,-7.280437,-2.820584,4.459853,-6.116868,-1.657015,4.026179,2.0,publish
bybit_perp,REEFUSDT,20231025,170,1.0,3.61964,-4.713203,-1.093563,3.61964,-4.178933,-0.559293,3.61964,-4.713203,-1.093563,3.61964,-4.178933,-0.559293,5.099527,2.0,publish
bybit_perp,REEFUSDT,20231028,373,1.0,3.715566,-5.743734,-2.028168,3.715566,-3.126213,0.589353,3.715566,-5.743734,-2.028168,3.715566,-3.126213,0.589353,6.033954,2.0,publish
bybit_perp,REEFUSDT,20231031,255,1.0,3.949668,-6.224699,-2.275031,3.949668,-6.327998,-2.37833,3.949668,-6.224699,-2.275031,3.949668,-6.327998,-2.37833,5.139816,2.0,publish
bybit_perp,REEFUSDT,20231103,387,1.0,3.763367,-7.454449,-3.691082,3.763367,-4.95801,-1.194643,3.763367,-7.454449,-3.691082,3.763367,-4.95801,-1.194643,6.511266,2.0,publish
bybit_perp,REEFUSDT,20231106,233,1.0,3.315648,-4.47503,-1.159382,3.315648,-4.449615,-1.133967,3.315648,-4.47503,-1.159382,3.315648,-4.449615,-1.133967,4.360966,2.0,publish
bybit_perp,REEFUSDT,20231109,587,1.0,4.80219,-2.969598,1.832593,4.80219,2.753649,7.55584,4.80219,-2.969598,1.832593,4.80219,2.753649,7.55584,13.176548,2.0,publish
bybit_perp,REEFUSDT,20231112,264,1.0,3.396797,-6.699407,-3.30261,3.396797,-8.063798,-4.667001,3.396797,-6.699407,-3.30261,3.396797,-8.063798,-4.667001,5.902618,2.0,publish
bybit_perp,REEFUSDT,20231115,162,1.0,3.294924,-5.317715,-2.02279,3.294924,-3.902554,-0.60763,3.294924,-5.317715,-2.02279,3.294924,-3.902554,-0.60763,4.385847,2.0,publish
bybit_perp,REEFUSDT,20231118,104,1.0,3.299211,-6.469024,-3.169813,3.299211,-6.204794,-2.905583,3.299211,-6.469024,-3.169813,3.299211,-6.204794,-2.905583,4.439456,2.0,publish
bybit_perp,REEFUSDT,20231121,333,1.0,3.736313,-6.406091,-2.669778,3.736313,-8.691202,-4.954888,3.736313,-6.406091,-2.669778,3.736313,-8.691202,-4.954888,6.619866,2.0,publish
bybit_perp,REEFUSDT,20231124,213,1.0,3.133473,-4.670958,-1.537485,3.133473,-6.400979,-3.267506,3.133473,-4.670958,-1.537485,3.133473,-6.400979,-3.267506,3.940626,2.0,publish
bybit_perp,REEFUSDT,20231127,474,1.0,3.02533,-6.318843,-3.293512,3.02533,-5.687135,-2.661804,3.02533,-6.318843,-3.293512,3.02533,-5.687135,-2.661804,5.913802,2.0,publish
bybit_perp,REEFUSDT,20231130,448,1.0,2.904714,-5.033165,-2.12845,2.904714,-6.01461,-3.109896,2.904714,-5.033165,-2.12845,2.904714,-6.01461,-3.109896,4.473598,2.0,publish
bybit_perp,REEFUSDT,20231203,251,1.0,2.837988,-4.134443,-1.296455,2.837988,-5.071221,-2.233233,2.837988,-4.134443,-1.296455,2.837988,-5.071221,-2.233233,3.007893,2.0,publish
bybit_perp,REEFUSDT,20231206,884,1.0,2.777556,-6.109771,-3.332215,2.777556,-4.837218,-2.059663,2.777556,-6.109771,-3.332215,2.777556,-4.837218,-2.059663,8.395194,2.0,publish
bybit_perp,REEFUSDT,20231209,902,1.0,2.382954,-5.492437,-3.109483,2.382954,-6.313161,-3.930207,2.382954,-5.492437,-3.109483,2.382954,-6.313161,-3.930207,6.586556,2.0,publish
bybit_perp,REEFUSDT,20231212,437,1.0,2.567509,-5.296461,-2.728952,2.567509,-4.686248,-2.118739,2.567509,-5.296461,-2.728952,2.567509,-4.686248,-2.118739,5.209509,2.0,publish
bybit_perp,REEFUSDT,20231215,591,1.0,2.466975,-5.164386,-2.697411,2.466975,-5.501719,-3.034744,2.466975,-5.164386,-2.697411,2.466975,-5.501719,-3.034744,4.880081,2.0,publish
bybit_perp,REEFUSDT,20231218,509,1.0,2.720763,-5.796686,-3.075923,2.720763,-4.775933,-2.05517,2.720763,-5.796686,-3.075923,2.720763,-4.775933,-2.05517,5.442265,2.0,publish
bybit_perp,REEFUSDT,20231221,361,1.0,2.53218,-4.665689,-2.133509,2.53218,-5.67426,-3.14208,2.53218,-4.665689,-2.133509,2.53218,-5.67426,-3.14208,4.445816,2.0,publish
bybit_perp,REEFUSDT,20231224,1996,1.0,2.56279,-6.164535,-3.601745,2.56279,-6.039148,-3.476358,2.56279,-6.164535,-3.601745,2.56279,-6.039148,-3.476358,10.956672,2.0,publish
bybit_perp,REEFUSDT,20231227,613,1.0,2.278318,-4.514042,-2.235724,2.278318,-3.33715,-1.058833,2.278318,-4.514042,-2.235724,2.278318,-3.33715,-1.058833,6.489163,2.0,publish
bybit_perp,REEFUSDT,20231230,437,1.0,2.380481,-4.204866,-1.824385,2.380481,-4.424608,-2.044127,2.380481,-4.204866,-1.824385,2.380481,-4.424608,-2.044127,3.674475,2.0,publish
bybit_perp,REEFUSDT,20240102,487,1.0,2.402569,-3.729276,-1.326707,2.402569,-3.444813,-1.042243,2.402569,-3.729276,-1.326707,2.402569,-3.444813,-1.042243,4.34791,2.0,publish
bybit_perp,REEFUSDT,20240105,828,1.0,3.737278,-9.067514,-5.330236,3.737278,-7.923648,-4.18637,3.737278,-9.067514,-5.330236,3.737278,-7.923648,-4.18637,9.12024,2.0,publish
bybit_perp,REEFUSDT,20240108,686,1.0,3.708385,-5.941149,-2.232764,3.708385,-5.255964,-1.547579,3.708385,-5.941149,-2.232764,3.708385,-5.255964,-1.547579,7.257191,2.0,publish
bybit_perp,REEFUSDT,20240111,746,1.0,3.207302,-4.615973,-1.408671,3.207302,-5.573161,-2.365859,3.207302,-4.615973,-1.408671,3.207302,-5.573161,-2.365859,6.160208,2.0,publish
bybit_perp,REEFUSDT,20240114,384,1.0,3.325818,-5.230756,-1.904938,3.325818,-5.821146,-2.495328,3.325818,-5.230756,-1.904938,3.325818,-5.821146,-2.495328,4.470055,2.0,publish
bybit_perp,REEFUSDT,20240117,333,1.0,3.183083,-5.035483,-1.8524,3.183083,-5.976414,-2.79333,3.183083,-5.035483,-1.8524,3.183083,-5.976414,-2.79333,3.934755,2.0,publish
bybit_perp,REEFUSDT,20240120,136,1.0,3.42149,-4.420356,-0.998867,3.42149,-4.419836,-0.998346,3.42149,-4.420356,-0.998867,3.42149,-4.419836,-0.998346,3.845788,2.0,publish
bybit_perp,REEFUSDT,20240123,216,1.0,3.771288,-3.499765,0.271523,3.771288,-5.825545,-2.054258,3.771288,-3.499765,0.271523,3.771288,-5.825545,-2.054258,5.707434,2.0,publish
bybit_perp,REEFUSDT,20240126,164,1.0,3.479018,-4.80653,-1.327512,3.479018,-4.039369,-0.560351,3.479018,-4.80653,-1.327512,3.479018,-4.039369,-0.560351,3.984444,2.0,publish
bybit_perp,REEFUSDT,20240129,115,1.0,3.57516,-3.79674,-0.22158,3.57516,-3.946454,-0.371294,3.57516,-3.79674,-0.22158,3.57516,-3.946454,-0.371294,3.385557,2.0,publish
bybit_perp,REEFUSDT,20240201,118,1.0,3.560172,-4.295212,-0.73504,3.560172,-3.684985,-0.124813,3.560172,-4.295212,-0.73504,3.560172,-3.684985,-0.124813,3.96292,2.0,publish
bybit_perp,REEFUSDT,20240204,121,1.0,3.633294,-4.320303,-0.687009,3.633294,-2.881972,0.751322,3.633294,-4.320303,-0.687009,3.633294,-2.881972,0.751322,3.062141,2.0,publish
bybit_perp,REEFUSDT,20240207,82,1.0,3.726211,-4.153855,-0.427644,3.726211,-3.864968,-0.138757,3.726211,-4.153855,-0.427644,3.726211,-3.864968,-0.138757,2.921944,2.0,publish
bybit_perp,REEFUSDT,20240210,110,1.0,3.30851,-3.786397,-0.477886,3.30851,-3.937753,-0.629243,3.30851,-3.786397,-0.477886,3.30851,-3.937753,-0.629243,2.63779,2.0,publish
bybit_perp,REEFUSDT,20240213,171,1.0,3.400612,-4.921994,-1.521383,3.400612,-6.846358,-3.445746,3.400612,-4.921994,-1.521383,3.400612,-6.846358,-3.445746,3.563894,2.0,publish
bybit_perp,REEFUSDT,20240216,314,1.0,2.918124,-4.629554,-1.71143,2.918124,-6.035139,-3.117015,2.918124,-4.629554,-1.71143,2.918124,-6.035139,-3.117015,4.095973,2.0,publish
bybit_perp,REEFUSDT,20240219,449,1.0,2.90153,-4.284667,-1.383137,2.90153,-4.554582,-1.653052,2.90153,-4.284667,-1.383137,2.90153,-4.554582,-1.653052,3.94394,2.0,publish
bybit_perp,REEFUSDT,20240222,728,1.0,2.915728,-4.868828,-1.9531,2.915728,-3.260736,-0.345008,2.915728,-4.868828,-1.9531,2.915728,-3.260736,-0.345008,5.713669,2.0,publish
bybit_perp,REEFUSDT,20240225,828,1.0,2.775125,-4.186029,-1.410904,2.775125,-3.290917,-0.515792,2.775125,-4.186029,-1.410904,2.775125,-3.290917,-0.515792,5.115179,2.0,publish
bybit_perp,REEFUSDT,20240228,1138,1.0,3.648884,-10.27448,-6.625596,3.648884,-8.971843,-5.322959,3.648884,-10.27448,-6.625596,3.648884,-8.971843,-5.322959,13.244315,2.0,publish
bybit_perp,REEFUSDT,20240302,1662,1.0,2.35213,-5.370213,-3.018083,2.35213,-6.834247,-4.482118,2.35213,-5.370213,-3.018083,2.35213,-6.834247,-4.482118,9.673026,2.0,publish
bybit_perp,REEFUSDT,20240305,2580,1.0,3.203521,-6.201632,-2.998111,3.203521,-7.857374,-4.653853,3.203521,-6.201632,-2.998111,3.203521,-7.857374,-4.653853,14.847427,2.0,publish
bybit_perp,REEFUSDT,20240308,1011,1.0,2.320209,-6.168746,-3.848536,2.320209,-4.009035,-1.688826,2.320209,-6.168746,-3.848536,2.320209,-4.009035,-1.688826,7.586965,2.0,publish
bybit_perp,REEFUSDT,20240311,1351,1.0,2.391814,-3.754002,-1.362188,2.391814,-4.537949,-2.146135,2.391814,-3.754002,-1.362188,2.391814,-4.537949,-2.146135,8.607422,2.0,publish
bybit_perp,REEFUSDT,20240314,3570,1.0,1.500484,-3.084378,-1.583894,1.500484,-2.667509,-1.167025,1.500484,-3.084378,-1.583894,1.500484,-2.667509,-1.167025,8.326759,2.0,publish
bybit_perp,REEFUSDT,20240317,920,1.0,1.680861,-3.017666,-1.336805,1.680861,-2.445954,-0.765093,1.680861,-3.017666,-1.336805,1.680861,-2.445954,-0.765093,5.818166,2.0,publish
bybit_perp,REEFUSDT,20240320,1595,1.0,1.883642,-3.059277,-1.175635,1.883642,-3.330119,-1.446477,1.883642,-3.059277,-1.175635,1.883642,-3.330119,-1.446477,8.466844,2.0,publish
bybit_perp,REEFUSDT,20240323,923,1.0,1.710324,-3.279521,-1.569197,1.710324,-3.562013,-1.851689,1.710324,-3.279521,-1.569197,1.710324,-3.562013,-1.851689,4.721385,2.0,publish
bybit_perp,REEFUSDT,20240326,1144,1.0,1.598299,-3.380925,-1.782626,1.598299,-2.461454,-0.863155,1.598299,-3.380925,-1.782626,1.598299,-2.461454,-0.863155,5.169698,2.0,publish
bybit_perp,REEFUSDT,20240329,591,1.0,1.690267,-3.706699,-2.016432,1.690267,-4.724505,-3.034238,1.690267,-3.706699,-2.016432,1.690267,-4.724505,-3.034238,4.769537,2.0,publish
bybit_perp,REEFUSDT,20240401,912,1.0,2.104674,-4.816014,-2.711339,2.104674,-3.789153,-1.684478,2.104674,-4.816014,-2.711339,2.104674,-3.789153,-1.684478,6.57275,2.0,publish
bybit_perp,REEFUSDT,20240404,668,1.0,1.786103,-3.787202,-2.001099,1.786103,-3.294821,-1.508717,1.786103,-3.787202,-2.001099,1.786103,-3.294821,-1.508717,4.670032,2.0,publish
bybit_perp,REEFUSDT,20240407,2359,1.0,1.873587,-3.781549,-1.907963,1.873587,-3.801408,-1.927821,1.873587,-3.781549,-1.907963,1.873587,-3.801408,-1.927821,7.151306,2.0,publish
bybit_perp,REEFUSDT,20240410,1308,1.0,1.721026,-3.876483,-2.155457,1.721026,-5.245626,-3.5246,1.721026,-3.876483,-2.155457,1.721026,-5.245626,-3.5246,5.601308,2.0,publish
bybit_perp,REEFUSDT,20240413,3074,1.0,3.800078,-4.928038,-1.127961,3.800078,-3.504307,0.29577,3.800078,-4.928038,-1.127961,3.800078,-3.504307,0.29577,17.267076,2.0,publish
bybit_perp,REEFUSDT,20240416,677,1.0,2.625052,-3.712714,-1.087662,2.625052,-5.046502,-2.42145,2.625052,-3.712714,-1.087662,2.625052,-5.046502,-2.42145,8.019754,2.0,publish
bybit_perp,REEFUSDT,20240419,743,1.0,2.527453,-4.397282,-1.869829,2.527453,-3.742421,-1.214968,2.527453,-4.397282,-1.869829,2.527453,-3.742421,-1.214968,7.4229,2.0,publish
bybit_perp,REEFUSDT,20240422,1234,1.0,2.195456,-3.924074,-1.728617,2.195456,-3.686504,-1.491047,2.195456,-3.924074,-1.728617,2.195456,-3.686504,-1.491047,7.150573,2.0,publish
bybit_perp,REEFUSDT,20240425,483,1.0,2.334713,-2.774794,-0.440081,2.334713,-1.733969,0.600744,2.334713,-2.774794,-0.440081,2.334713,-1.733969,0.600744,5.632653,2.0,publish
bybit_perp,REEFUSDT,20240428,267,1.0,2.344485,-3.031937,-0.687452,2.344485,-3.01299,-0.668505,2.344485,-3.031937,-0.687452,2.344485,-3.01299,-0.668505,3.773279,2.0,publish
bybit_perp,REEFUSDT,20240501,712,1.0,2.743479,-3.158115,-0.414636,2.743479,-3.201208,-0.457729,2.743479,-3.158115,-0.414636,2.743479,-3.201208,-0.457729,7.273495,2.0,publish
bybit_perp,REEFUSDT,20240504,200,1.0,2.40298,-3.299681,-0.896701,2.40298,-3.739747,-1.336767,2.40298,-3.299681,-0.896701,2.40298,-3.739747,-1.336767,3.277748,2.0,publish
bybit_perp,REEFUSDT,20240507,274,1.0,2.526313,-3.440138,-0.913825,2.526313,-4.394974,-1.868661,2.526313,-3.440138,-0.913825,2.526313,-4.394974,-1.868661,4.459324,2.0,publish
bybit_perp,REEFUSDT,20240510,311,1.0,2.570222,-4.081178,-1.510956,2.570222,-3.873723,-1.303501,2.570222,-4.081178,-1.510956,2.570222,-3.873723,-1.303501,4.784457,2.0,publish
bybit_perp,REEFUSDT,20240513,258,1.0,2.660126,-3.486891,-0.826765,2.660126,-3.581603,-0.921477,2.660126,-3.486891,-0.826765,2.660126,-3.581603,-0.921477,4.898399,2.0,publish
bybit_perp,REEFUSDT,20240516,211,1.0,2.709957,-3.916494,-1.206537,2.709957,-4.443754,-1.733797,2.709957,-3.916494,-1.206537,2.709957,-4.443754,-1.733797,4.053755,2.0,publish
bybit_perp,REEFUSDT,20240519,245,1.0,2.614021,-4.832115,-2.218094,2.614021,-4.392803,-1.778782,2.614021,-4.832115,-2.218094,2.614021,-4.392803,-1.778782,3.70564,2.0,publish
bybit_perp,REEFUSDT,20240522,254,1.0,2.423794,-3.90105,-1.477256,2.423794,-5.520549,-3.096755,2.423794,-3.90105,-1.477256,2.423794,-5.520549,-3.096755,5.216662,2.0,publish
bybit_perp,REEFUSDT,20240525,315,1.0,2.337041,-4.819832,-2.482791,2.337041,-4.610741,-2.2737,2.337041,-4.819832,-2.482791,2.337041,-4.610741,-2.2737,3.248241,2.0,publish
bybit_perp,REEFUSDT,20240528,832,1.0,2.45082,-3.942543,-1.491723,2.45082,-4.974219,-2.523399,2.45082,-3.942543,-1.491723,2.45082,-4.974219,-2.523399,5.545227,2.0,publish
bybit_perp,REEFUSDT,20240531,428,1.0,2.395764,-3.483551,-1.087787,2.395764,-3.960993,-1.56523,2.395764,-3.483551,-1.087787,2.395764,-3.960993,-1.56523,4.202499,2.0,publish
bybit_perp,REEFUSDT,20240603,579,1.0,2.472846,-4.016748,-1.543902,2.472846,-4.560432,-2.087586,2.472846,-4.016748,-1.543902,2.472846,-4.560432,-2.087586,5.260328,2.0,publish
bybit_perp,REEFUSDT,20240606,522,1.0,2.326352,-3.073141,-0.746789,2.326352,-3.05491,-0.728559,2.326352,-3.073141,-0.746789,2.326352,-3.05491,-0.728559,3.333403,2.0,publish
bybit_perp,REEFUSDT,20240609,266,1.0,2.658918,-4.465043,-1.806124,2.658918,-3.595932,-0.937014,2.658918,-4.465043,-1.806124,2.658918,-3.595932,-0.937014,3.527326,2.0,publish
bybit_perp,REEFUSDT,20240612,608,1.0,3.239007,-4.561568,-1.322561,3.239007,-5.144263,-1.905256,3.239007,-4.561568,-1.322561,3.239007,-5.144263,-1.905256,5.507792,2.0,publish
bybit_perp,REEFUSDT,20240615,181,1.0,2.980434,-3.970933,-0.990499,2.980434,-4.673185,-1.69275,2.980434,-3.970933,-0.990499,2.980434,-4.673185,-1.69275,3.477919,2.0,publish
bybit_perp,REEFUSDT,20240618,1084,1.0,5.25861,-8.442031,-3.183421,5.25861,-2.041679,3.216931,5.25861,-8.442031,-3.183421,5.25861,-2.041679,3.216931,11.05135,2.0,publish
bybit_perp,REEFUSDT,20240621,255,1.0,3.499512,-4.463678,-0.964165,3.499512,-4.070438,-0.570925,3.499512,-4.463678,-0.964165,3.499512,-4.070438,-0.570925,5.556594,2.0,publish
bybit_perp,REEFUSDT,20240624,389,1.0,4.076401,-11.636214,-7.559813,4.076401,-10.430949,-6.354548,4.076401,-11.636214,-7.559813,4.076401,-10.430949,-6.354548,6.785776,2.0,publish
bybit_perp,REEFUSDT,20240627,221,1.0,3.513958,-4.11482,-0.600862,3.513958,-4.226153,-0.712194,3.513958,-4.11482,-0.600862,3.513958,-4.226153,-0.712194,4.407556,2.0,publish
bybit_perp,REEFUSDT,20240630,253,1.0,3.580317,-5.389876,-1.809558,3.580317,-5.981673,-2.401356,3.580317,-5.389876,-1.809558,3.580317,-5.981673,-2.401356,3.743031,2.0,publish
bybit_perp,REEFUSDT,20240703,206,1.0,3.662106,-4.047149,-0.385043,3.662106,-2.022895,1.639212,3.662106,-4.047149,-0.385043,3.662106,-2.022895,1.639212,4.727381,2.0,publish
bybit_perp,REEFUSDT,20240706,193,1.0,4.180647,-4.585878,-0.405231,4.180647,-4.779044,-0.598398,4.180647,-4.585878,-0.405231,4.180647,-4.779044,-0.598398,4.944808,2.0,publish
bybit_perp,REEFUSDT,20240709,233,1.0,4.075146,-4.823733,-0.748587,4.075146,-5.133366,-1.05822,4.075146,-4.823733,-0.748587,4.075146,-5.133366,-1.05822,5.246761,2.0,publish
bybit_perp,REEFUSDT,20240712,95,1.0,4.277849,-5.637134,-1.359285,4.277849,-4.797521,-0.519672,4.277849,-5.637134,-1.359285,4.277849,-4.797521,-0.519672,4.224044,2.0,publish
bybit_perp,REEFUSDT,20240715,189,1.0,3.795314,-5.249264,-1.453951,3.795314,-6.67686,-2.881546,3.795314,-5.249264,-1.453951,3.795314,-6.67686,-2.881546,4.779836,2.0,publish
bybit_perp,REEFUSDT,20240718,247,1.0,3.61734,-4.609343,-0.992003,3.61734,-4.33051,-0.71317,3.61734,-4.609343,-0.992003,3.61734,-4.33051,-0.71317,4.846022,2.0,publish
bybit_perp,REEFUSDT,20240721,519,1.0,3.718661,-5.932593,-2.213932,3.718661,-6.908628,-3.189966,3.718661,-5.932593,-2.213932,3.718661,-6.908628,-3.189966,6.436918,2.0,publish
bybit_perp,REEFUSDT,20240724,195,1.0,3.659206,-5.197003,-1.537797,3.659206,-5.371122,-1.711916,3.659206,-5.197003,-1.537797,3.659206,-5.371122,-1.711916,4.23539,2.0,publish
bybit_perp,REEFUSDT,20240727,187,1.0,3.460397,-5.11449,-1.654093,3.460397,-6.305599,-2.845202,3.460397,-5.11449,-1.654093,3.460397,-6.305599,-2.845202,4.235103,2.0,publish
bybit_perp,REEFUSDT,20240730,172,1.0,3.778529,-5.459678,-1.68115,3.778529,-6.01695,-2.238421,3.778529,-5.459678,-1.68115,3.778529,-6.01695,-2.238421,4.666305,2.0,publish
bybit_perp,REEFUSDT,20240802,155,1.0,4.43583,-4.251535,0.184296,4.43583,-5.682015,-1.246185,4.43583,-4.251535,0.184296,4.43583,-5.682015,-1.246185,6.614356,2.0,publish
bybit_perp,REEFUSDT,20240805,1156,1.0,6.945646,-11.98426,-5.038614,6.945646,-13.577868,-6.632222,6.945646,-11.98426,-5.038614,6.945646,-13.577868,-6.632222,16.219923,2.0,publish
bybit_perp,REEFUSDT,20240808,150,1.0,4.926395,-4.544586,0.381809,4.926395,-6.675638,-1.749242,4.926395,-4.544586,0.381809,4.926395,-6.675638,-1.749242,5.749705,2.0,publish
bybit_perp,REEFUSDT,20240811,137,1.0,4.743257,-6.230935,-1.487678,4.743257,-6.498603,-1.755346,4.743257,-6.230935,-1.487678,4.743257,-6.498603,-1.755346,4.615035,2.0,publish
bybit_perp,REEFUSDT,20240814,754,1.0,6.166726,-7.747616,-1.58089,6.166726,-9.236785,-3.070059,6.166726,-7.747616,-1.58089,6.166726,-9.236785,-3.070059,6.675262,2.0,publish
bybit_perp,REEFUSDT,20240817,842,1.0,6.123723,-9.240307,-3.116584,6.123723,-7.785635,-1.661912,6.123723,-9.240307,-3.116584,6.123723,-7.785635,-1.661912,9.002915,2.0,publish
bybit_perp,REEFUSDT,20240820,1017,1.0,6.443544,-6.798667,-0.355122,6.443544,-7.728247,-1.284703,6.443544,-6.798667,-0.355122,6.443544,-7.728247,-1.284703,6.67555,2.0,publish
bybit_perp,REEFUSDT,20240823,584,1.0,6.445886,-7.038592,-0.592706,6.445886,-7.457634,-1.011748,6.445886,-7.038592,-0.592706,6.445886,-7.457634,-1.011748,5.535382,2.0,publish
bybit_perp,REEFUSDT,20240826,1675,1.0,7.261389,-8.430405,-1.169016,7.261389,-8.351583,-1.090194,7.261389,-8.430405,-1.169016,7.261389,-8.351583,-1.090194,9.696563,2.0,publish
bybit_perp,REEFUSDT,20240829,321,1.0,7.876442,-10.029311,-2.152868,7.876442,-11.957653,-4.081211,7.876442,-10.029311,-2.152868,7.876442,-11.957653,-4.081211,7.032999,2.0,publish
bybit_perp,REEFUSDT,20240901,4310,1.0,6.583458,-6.06658,0.516878,6.583458,-5.690261,0.893198,6.583458,-6.06658,0.516878,6.583458,-5.690261,0.893198,11.354573,2.0,publish
bybit_perp,REEFUSDT,20240904,6078,1.0,4.779818,-6.140189,-1.360371,4.779818,-6.480382,-1.700564,4.779818,-6.140189,-1.360371,4.779818,-6.480382,-1.700564,16.464267,2.0,publish
bybit_perp,REEFUSDT,20240907,3083,1.0,4.396728,-5.63759,-1.240862,4.396728,-5.762719,-1.36599,4.396728,-5.63759,-1.240862,4.396728,-5.762719,-1.36599,10.634682,2.0,publish
bybit_perp,REEFUSDT,20240910,9832,1.0,2.907119,-3.118377,-0.211259,2.907119,-3.125171,-0.218053,2.907119,-3.118377,-0.211259,2.907119,-3.125171,-0.218053,14.506799,2.0,publish
bybit_perp,REEFUSDT,20240913,11857,1.0,2.683303,-3.698668,-1.015365,2.683303,-3.191871,-0.508569,2.683303,-3.698668,-1.015365,2.683303,-3.191871,-0.508569,14.543354,2.0,publish
bybit_perp,REEFUSDT,20240916,6781,1.0,2.306885,-3.769612,-1.462728,2.306885,-3.960325,-1.65344,2.306885,-3.769612,-1.462728,2.306885,-3.960325,-1.65344,12.736886,2.0,publish
bybit_perp,REEFUSDT,20240919,32205,1.0,1.967904,-2.81238,-0.844475,1.967904,-2.699144,-0.73124,1.967904,-2.81238,-0.844475,1.967904,-2.699144,-0.73124,21.451347,2.0,publish
bybit_perp,REEFUSDT,20240922,17268,1.0,1.762141,-2.596794,-0.834653,1.762141,-2.700377,-0.938236,1.762141,-2.596794,-0.834653,1.762141,-2.700377,-0.938236,16.319413,2.0,publish
bybit_perp,REEFUSDT,20240925,10074,1.0,1.281957,-2.758313,-1.476356,1.281957,-2.618765,-1.336808,1.281957,-2.758313,-1.476356,1.281957,-2.618765,-1.336808,8.973234,2.0,publish
bybit_perp,REEFUSDT,20240928,13418,1.0,1.157496,-2.947352,-1.789856,1.157496,-2.26523,-1.107734,1.157496,-2.947352,-1.789856,1.157496,-2.26523,-1.107734,10.483522,2.0,publish
bybit_perp,REEFUSDT,20241001,13397,1.0,1.421534,-3.406063,-1.984528,1.421534,-3.004921,-1.583387,1.421534,-3.406063,-1.984528,1.421534,-3.004921,-1.583387,14.305161,2.0,publish
bybit_perp,REEFUSDT,20241004,28422,1.0,1.342821,-1.766178,-0.423357,1.342821,-1.526813,-0.183991,1.342821,-1.766178,-0.423357,1.342821,-1.526813,-0.183991,15.520269,2.0,publish
bybit_perp,REEFUSDT,20241007,15541,1.0,1.092492,-2.349868,-1.257376,1.092492,-2.305417,-1.212925,1.092492,-2.349868,-1.257376,1.092492,-2.305417,-1.212925,10.408317,2.0,publish
bybit_perp,REEFUSDT,20241010,18334,1.0,1.08971,-2.355116,-1.265406,1.08971,-2.335784,-1.246073,1.08971,-2.355116,-1.265406,1.08971,-2.335784,-1.246073,10.655592,2.0,publish
bybit_perp,REEFUSDT,20241013,10549,1.0,0.939704,-2.4471,-1.507395,0.939704,-2.259854,-1.320149,0.939704,-2.4471,-1.507395,0.939704,-2.259854,-1.320149,7.709151,2.0,publish
bybit_perp,REEFUSDT,20241016,60354,1.0,3.381613,-3.579534,-0.19792,3.381613,-3.381565,4.8e-05,3.381613,-3.579534,-0.19792,3.381613,-3.381565,4.8e-05,48.504785,2.0,publish
bybit_perp,REEFUSDT,20241019,8318,1.0,2.424845,-3.555233,-1.130388,2.424845,-3.546973,-1.122128,2.424845,-3.555233,-1.130388,2.424845,-3.546973,-1.122128,9.369134,2.0,publish
bybit_perp,REEFUSDT,20241022,3825,1.0,2.47677,-3.619068,-1.142298,2.47677,-3.178021,-0.701251,2.47677,-3.619068,-1.142298,2.47677,-3.178021,-0.701251,7.113066,2.0,publish
bybit_perp,REEFUSDT,20241025,6386,1.0,3.501837,-5.670572,-2.168735,3.501837,-5.422252,-1.920416,3.501837,-5.670572,-2.168735,3.501837,-5.422252,-1.920416,14.672053,2.0,publish
bybit_perp,REEFUSDT,20241028,8519,1.0,3.201038,-4.416676,-1.215638,3.201038,-3.367253,-0.166216,3.201038,-4.416676,-1.215638,3.201038,-3.367253,-0.166216,14.322839,2.0,publish
bybit_perp,REEFUSDT,20241031,2263,1.0,3.231797,-4.394446,-1.16265,3.231797,-4.970035,-1.738238,3.231797,-4.394446,-1.16265,3.231797,-4.970035,-1.738238,8.402867,2.0,publish
bybit_perp,REEFUSDT,20241103,3045,1.0,3.951359,-6.375263,-2.423904,3.951359,-6.16168,-2.210321,3.951359,-6.375263,-2.423904,3.951359,-6.16168,-2.210321,9.239883,2.0,publish
bybit_perp,REEFUSDT,20241106,3163,1.0,3.528379,-5.003555,-1.475176,3.528379,-5.214583,-1.686204,3.528379,-5.003555,-1.475176,3.528379,-5.214583,-1.686204,8.287347,2.0,publish
bybit_perp,REEFUSDT,20241109,2543,1.0,3.568586,-6.378406,-2.80982,3.568586,-6.018484,-2.449898,3.568586,-6.378406,-2.80982,3.568586,-6.018484,-2.449898,9.63555,2.0,publish
bybit_perp,REEFUSDT,20241112,5209,1.0,3.684412,-6.415913,-2.7315,3.684412,-6.163503,-2.47909,3.684412,-6.415913,-2.7315,3.684412,-6.163503,-2.47909,15.594349,2.0,publish
bybit_perp,REEFUSDT,20241115,3517,1.0,3.58658,-5.654267,-2.067687,3.58658,-5.294705,-1.708125,3.58658,-5.654267,-2.067687,3.58658,-5.294705,-1.708125,10.248983,2.0,publish
bybit_perp,REEFUSDT,20241118,2780,1.0,3.460244,-5.09771,-1.637466,3.460244,-4.630579,-1.170335,3.460244,-5.09771,-1.637466,3.460244,-4.630579,-1.170335,8.289148,2.0,publish
bybit_perp,REEFUSDT,20241121,2439,1.0,3.924888,-4.67149,-0.746601,3.924888,-4.51735,-0.592461,3.924888,-4.67149,-0.746601,3.924888,-4.51735,-0.592461,7.438353,2.0,publish
bybit_perp,REEFUSDT,20241124,4585,1.0,3.136485,-4.228926,-1.092441,3.136485,-4.46874,-1.332256,3.136485,-4.228926,-1.092441,3.136485,-4.46874,-1.332256,13.364711,2.0,publish
bybit_perp,REEFUSDT,20241127,2829,1.0,3.183446,-4.67437,-1.490924,3.183446,-3.89319,-0.709745,3.183446,-4.67437,-1.490924,3.183446,-3.89319,-0.709745,8.992481,2.0,publish
bybit_perp,REEFUSDT,20241130,2855,1.0,2.891773,-4.72915,-1.837377,2.891773,-4.456016,-1.564243,2.891773,-4.72915,-1.837377,2.891773,-4.456016,-1.564243,7.874525,2.0,publish
bybit_perp,REEFUSDT,20241203,5357,1.0,2.666081,-3.879129,-1.213048,2.666081,-5.332142,-2.666061,2.666081,-3.879129,-1.213048,2.666081,-5.332142,-2.666061,13.208344,2.0,publish
bybit_perp,REEFUSDT,20241206,3244,1.0,2.539894,-3.766712,-1.226818,2.539894,-3.879015,-1.339121,2.539894,-3.766712,-1.226818,2.539894,-3.879015,-1.339121,8.929023,2.0,publish
bybit_perp,REEFUSDT,20241209,7067,1.0,3.613001,-6.604439,-2.991438,3.613001,-7.410245,-3.797243,3.613001,-6.604439,-2.991438,3.613001,-7.410245,-3.797243,18.8196,2.0,publish
bybit_perp,REEFUSDT,20241212,2914,1.0,3.384157,-4.996457,-1.6123,3.384157,-3.68814,-0.303983,3.384157,-4.996457,-1.6123,3.384157,-3.68814,-0.303983,9.749495,2.0,publish
bybit_perp,REEFUSDT,20241215,1679,1.0,3.620933,-4.5351,-0.914167,3.620933,-4.355736,-0.734803,3.620933,-4.5351,-0.914167,3.620933,-4.355736,-0.734803,6.313236,2.0,publish
bybit_perp,REEFUSDT,20241218,3900,1.0,4.35458,-5.954461,-1.59988,4.35458,-5.319835,-0.965255,4.35458,-5.954461,-1.59988,4.35458,-5.319835,-0.965255,14.276887,2.0,publish
bybit_perp,REEFUSDT,20241221,2839,1.0,4.768505,-6.377327,-1.608822,4.768505,-5.760104,-0.991599,4.768505,-6.377327,-1.608822,4.768505,-5.760104,-0.991599,9.725965,2.0,publish
bybit_perp,REEFUSDT,20241224,1611,1.0,4.649507,-5.974703,-1.325195,4.649507,-5.738219,-1.088711,4.649507,-5.974703,-1.325195,4.649507,-5.738219,-1.088711,6.239872,2.0,publish
bybit_perp,REEFUSDT,20241227,2283,1.0,4.681828,-6.004418,-1.32259,4.681828,-6.540085,-1.858258,4.681828,-6.004418,-1.32259,4.681828,-6.540085,-1.858258,8.604366,2.0,publish
bybit_perp,REEFUSDT,20241230,1345,1.0,4.762494,-5.817168,-1.054674,4.762494,-5.671534,-0.909039,4.762494,-5.817168,-1.054674,4.762494,-5.671534,-0.909039,7.150782,2.0,publish
bybit_perp,REEFUSDT,20250102,1242,1.0,4.517113,-5.980025,-1.462912,4.517113,-5.743149,-1.226035,4.517113,-5.980025,-1.462912,4.517113,-5.743149,-1.226035,6.002089,2.0,publish
bybit_perp,REEFUSDT,20250105,537,1.0,4.202647,-5.901213,-1.698566,4.202647,-5.54452,-1.341872,4.202647,-5.901213,-1.698566,4.202647,-5.54452,-1.341872,3.922847,2.0,publish
bybit_perp,REEFUSDT,20250108,1342,1.0,5.016241,-6.183738,-1.167497,5.016241,-7.220751,-2.204511,5.016241,-6.183738,-1.167497,5.016241,-7.220751,-2.204511,7.758166,2.0,publish
bybit_perp,REEFUSDT,20250111,653,1.0,5.067858,-6.140139,-1.072281,5.067858,-5.966261,-0.898403,5.067858,-6.140139,-1.072281,5.067858,-5.966261,-0.898403,4.699187,2.0,publish
bybit_perp,REEFUSDT,20250114,1438,1.0,0.720232,-2.518434,-1.798202,0.720232,-2.309982,-1.58975,0.720232,-2.518434,-1.798202,0.720232,-2.309982,-1.58975,5.035378,2.0,publish
bybit_perp,REEFUSDT,20250117,7108,1.0,0.719894,-2.609928,-1.890033,0.719894,-1.605565,-0.885671,0.719894,-2.609928,-1.890033,0.719894,-1.605565,-0.885671,10.816078,2.0,publish
bybit_perp,REEFUSDT,20250120,9353,1.0,1.575897,-4.714604,-3.138706,1.575897,-6.246364,-4.670466,1.575897,-4.714604,-3.138706,1.575897,-6.246364,-4.670466,20.981068,2.0,publish
bybit_perp,RENUSDT,20230401,732,0.988115,0.52425,-3.276031,-2.751781,0.52425,-3.356531,-2.832281,0.524353,-3.260802,-2.736449,0.524353,-3.329488,-2.805134,3.544117,2.0,publish
bybit_perp,RENUSDT,20230404,1202,0.992845,0.596115,-3.284821,-2.688706,0.596115,-3.317754,-2.721639,0.596395,-3.269288,-2.672893,0.596395,-3.340263,-2.743869,5.493904,2.0,publish
bybit_perp,RENUSDT,20230407,925,0.979892,0.592755,-3.099425,-2.50667,0.592755,-2.837589,-2.244834,0.594899,-3.098078,-2.503179,0.594899,-2.80877,-2.213871,4.044487,2.0,publish
bybit_perp,RENUSDT,20230410,1663,0.991341,0.597551,-3.289269,-2.691718,0.597551,-3.251797,-2.654245,0.596838,-3.270853,-2.674015,0.596838,-3.206995,-2.610157,5.411237,2.0,publish
bybit_perp,RENUSDT,20230413,1035,0.994686,0.565643,-2.477837,-1.912194,0.565643,-2.088292,-1.522649,0.566034,-2.493128,-1.927094,0.566034,-2.085193,-1.519159,3.681791,2.0,publish
bybit_perp,RENUSDT,20230416,1690,0.995858,0.553747,-3.282599,-2.728851,0.553747,-3.84463,-3.290883,0.553975,-3.268273,-2.714297,0.553975,-3.80417,-3.250195,5.533208,2.0,publish
bybit_perp,RENUSDT,20230419,1898,0.987935,1.335312,-4.285203,-2.94989,1.335312,-4.483379,-3.148067,1.326246,-4.364201,-3.037955,1.326246,-4.466281,-3.140036,6.556889,2.0,publish
bybit_perp,RENUSDT,20230422,644,0.999224,0.608295,-3.235862,-2.627566,0.608295,-2.553756,-1.945461,0.608341,-3.239229,-2.630888,0.608341,-2.5583,-1.949959,3.407842,2.0,publish
bybit_perp,RENUSDT,20230425,901,0.994007,0.623277,-3.256748,-2.633471,0.623277,-3.18785,-2.564573,0.622813,-3.238773,-2.615959,0.622813,-3.184121,-2.561308,3.952935,2.0,publish
bybit_perp,RENUSDT,20230428,628,0.978503,0.582776,-3.093231,-2.510455,0.582776,-3.146516,-2.56374,0.583094,-3.084769,-2.501675,0.583094,-3.169179,-2.586085,3.203161,2.0,publish
bybit_perp,RENUSDT,20230501,756,0.991931,0.715679,-3.498397,-2.782718,0.715679,-3.640039,-2.92436,0.716956,-3.451616,-2.734661,0.716956,-3.621588,-2.904632,3.908597,2.0,publish
bybit_perp,RENUSDT,20230504,410,0.990732,0.606165,-3.297116,-2.690951,0.606165,-2.7881,-2.181935,0.60644,-3.293796,-2.687356,0.60644,-2.797732,-2.191293,2.846669,2.0,publish
bybit_perp,RENUSDT,20230507,475,0.985474,0.648456,-3.923286,-3.27483,0.648456,-3.621423,-2.972967,0.648093,-3.906689,-3.258596,0.648093,-3.650141,-3.002048,3.054074,2.0,publish
bybit_perp,RENUSDT,20230510,1137,0.995075,1.338849,-5.860923,-4.522073,1.338849,-6.458723,-5.119874,1.340231,-5.865225,-4.524994,1.340231,-6.48342,-5.143189,6.186741,2.0,publish
bybit_perp,RENUSDT,20230513,296,0.98277,0.738214,-3.554461,-2.816247,0.738214,-2.4559,-1.717686,0.739475,-3.563966,-2.82449,0.739475,-2.560756,-1.821281,3.688042,2.0,publish
bybit_perp,RENUSDT,20230516,594,0.989057,0.808586,-4.877745,-4.069158,0.808586,-4.298746,-3.49016,0.809567,-4.872057,-4.06249,0.809567,-4.295106,-3.485539,3.807209,2.0,publish
bybit_perp,RENUSDT,20230519,466,0.98412,0.705295,-4.255547,-3.550251,0.705295,-4.998272,-4.292977,0.706385,-4.199567,-3.493182,0.706385,-4.968618,-4.262233,3.1541,2.0,publish
bybit_perp,RENUSDT,20230522,409,0.987042,0.714973,-4.198107,-3.483134,0.714973,-3.932018,-3.217045,0.715606,-4.15379,-3.438184,0.715606,-3.891287,-3.175681,3.15873,2.0,publish
bybit_perp,RENUSDT,20230525,461,0.970065,0.797965,-4.741799,-3.943834,0.797965,-5.13343,-4.335464,0.797023,-4.754303,-3.95728,0.797023,-5.118871,-4.321848,3.090162,2.0,publish
bybit_perp,RENUSDT,20230528,584,0.989897,0.776247,-3.86618,-3.089933,0.776247,-4.620357,-3.844109,0.777396,-3.828234,-3.050838,0.777396,-4.579558,-3.802161,2.815905,2.0,publish
bybit_perp,RENUSDT,20230531,740,0.994459,1.004814,-3.687629,-2.682815,1.004814,-3.163625,-2.158811,1.004253,-3.698912,-2.694659,1.004253,-3.153355,-2.149102,3.699374,2.0,publish
bybit_perp,RENUSDT,20230603,576,0.991667,0.719986,-3.352657,-2.632671,0.719986,-3.897393,-3.177407,0.720462,-3.373931,-2.653469,0.720462,-3.946428,-3.225967,2.656976,2.0,publish
bybit_perp,RENUSDT,20230606,2074,0.992575,0.804296,-3.258245,-2.453949,0.804296,-3.454836,-2.65054,0.804511,-3.254527,-2.450016,0.804511,-3.346833,-2.542322,6.953315,2.0,publish
bybit_perp,RENUSDT,20230609,1378,0.99434,0.71045,-3.058815,-2.348365,0.71045,-2.450048,-1.739598,0.71074,-3.052266,-2.341526,0.71074,-2.439231,-1.728491,5.441996,2.0,publish
bybit_perp,RENUSDT,20230612,882,0.989002,0.948602,-3.769924,-2.821322,0.948602,-4.171982,-3.22338,0.949387,-3.766767,-2.817381,0.949387,-4.182732,-3.233345,6.290332,2.0,publish
bybit_perp,RENUSDT,20230615,1120,0.962857,1.01819,-4.083286,-3.065097,1.01819,-4.214818,-3.196629,1.018224,-4.098474,-3.080251,1.018224,-4.158247,-3.140024,5.280102,2.0,publish
bybit_perp,RENUSDT,20230618,874,0.982494,1.02026,-3.800852,-2.780592,1.02026,-4.580569,-3.560309,1.018025,-3.723556,-2.705531,1.018025,-4.571967,-3.553942,3.51999,2.0,publish
bybit_perp,RENUSDT,20230621,1284,0.99081,1.058653,-4.148377,-3.089724,1.058653,-3.432615,-2.373962,1.059041,-4.133356,-3.074315,1.059041,-3.423311,-2.364271,5.590159,2.0,publish
bybit_perp,RENUSDT,20230624,1109,0.992606,1.003862,-4.28758,-3.283718,1.003862,-3.447746,-2.443883,1.005064,-4.285272,-3.280209,1.005064,-3.30801,-2.302946,5.28684,2.0,publish
bybit_perp,RENUSDT,20230627,678,0.988053,0.844716,-4.161599,-3.316883,0.844716,-3.963141,-3.118426,0.84534,-4.187558,-3.342218,0.84534,-3.945506,-3.100166,3.989326,2.0,publish
bybit_perp,RENUSDT,20230630,1399,0.962759,1.191613,-4.63665,-3.445038,1.191613,-7.576953,-6.38534,1.194481,-4.619237,-3.424757,1.194481,-7.696674,-6.502193,7.842769,2.0,publish
bybit_perp,RENUSDT,20230703,981,0.901223,0.869239,-4.220801,-3.351563,0.869239,-4.35247,-3.483231,0.879303,-4.017462,-3.138159,0.879303,-4.079917,-3.200614,4.306404,2.0,publish
bybit_perp,RENUSDT,20230706,965,0.981036,0.979874,-4.039958,-3.060084,0.979874,-4.467362,-3.487488,0.98204,-4.021054,-3.039015,0.98204,-4.539779,-3.55774,5.468116,2.0,publish
bybit_perp,RENUSDT,20230709,409,0.954768,0.879482,-4.17336,-3.293878,0.879482,-4.285636,-3.406154,0.881903,-4.178401,-3.296499,0.881903,-4.294245,-3.412343,3.146463,2.0,publish
bybit_perp,RENUSDT,20230712,449,0.945434,0.910229,-3.907789,-2.99756,0.910229,-3.23858,-2.328351,0.914823,-3.911164,-2.996341,0.914823,-3.225308,-2.310485,3.395201,2.0,publish
bybit_perp,RENUSDT,20230715,389,0.994087,0.862221,-4.338532,-3.476312,0.862221,-3.904733,-3.042512,0.862818,-4.342245,-3.479427,0.862818,-3.922583,-3.059765,4.466296,2.0,publish
bybit_perp,RENUSDT,20230718,686,0.93309,0.829884,-4.193273,-3.363389,0.829884,-4.318441,-3.488556,0.83495,-4.164638,-3.329688,0.83495,-4.206249,-3.371299,4.881218,2.0,publish
bybit_perp,RENUSDT,20230721,329,0.991489,0.791461,-3.693681,-2.90222,0.791461,-3.588357,-2.796896,0.791843,-3.644659,-2.852816,0.791843,-3.542543,-2.7507,3.291698,2.0,publish
bybit_perp,RENUSDT,20230724,1118,0.995796,1.034051,-3.304492,-2.270441,1.034051,-1.947954,-0.913904,1.032259,-3.318632,-2.286373,1.032259,-1.92129,-0.889031,4.988619,2.0,publish
bybit_perp,RENUSDT,20230727,609,1.0,0.8886,-3.684004,-2.795403,0.8886,-3.694467,-2.805866,0.8886,-3.684004,-2.795403,0.8886,-3.694467,-2.805866,3.049009,2.0,publish
bybit_perp,RENUSDT,20230730,417,0.96283,1.209299,-4.228226,-3.018926,1.209299,-3.509416,-2.300117,1.222486,-4.244894,-3.022408,1.222486,-3.524581,-2.302095,3.074114,2.0,publish
bybit_perp,RENUSDT,20230802,564,0.963475,1.003157,-2.770501,-1.767344,1.003157,-3.567995,-2.564838,1.008939,-2.714091,-1.705152,1.008939,-3.490021,-2.481082,3.045475,2.0,publish
bybit_perp,RENUSDT,20230805,303,0.975578,0.909308,-3.120398,-2.21109,0.909308,-2.831735,-1.922427,0.910377,-3.091719,-2.181343,0.910377,-2.862225,-1.951848,2.240239,2.0,publish
bybit_perp,RENUSDT,20230808,437,0.943249,0.875898,-3.596402,-2.720504,0.875898,-3.690099,-2.814201,0.876202,-3.4766,-2.600398,0.876202,-3.436983,-2.560781,2.842688,2.0,publish
bybit_perp,RENUSDT,20230811,341,0.984457,0.87297,-2.932366,-2.059396,0.87297,-2.968151,-2.095181,0.873311,-2.936623,-2.063312,0.873311,-2.980406,-2.107095,2.073734,2.0,publish
bybit_perp,RENUSDT,20230814,466,0.916953,0.981285,-3.426578,-2.445293,0.981285,-3.945847,-2.964562,0.991707,-3.086981,-2.095274,0.991707,-3.663953,-2.672246,2.929987,2.0,publish
bybit_perp,RENUSDT,20230817,1085,0.979631,1.855898,-7.281939,-5.426041,1.855898,-6.138862,-4.282964,1.873846,-7.35448,-5.480634,1.873846,-6.234823,-4.360977,9.825062,2.0,publish
bybit_perp,RENUSDT,20230820,257,0.928016,1.040659,-4.172489,-3.13183,1.040659,-4.366912,-3.326253,1.041391,-3.936839,-2.895447,1.041391,-3.98325,-2.941858,2.695958,2.0,publish
bybit_perp,RENUSDT,20230823,425,0.961647,1.056922,-3.298643,-2.241721,1.056922,-4.22088,-3.163958,1.058072,-3.346389,-2.288317,1.058072,-4.306529,-3.248457,3.221009,2.0,publish
bybit_perp,RENUSDT,20230826,187,0.840642,1.055064,-3.434105,-2.379041,1.055064,-3.176353,-2.121289,1.05576,-3.354236,-2.298475,1.05576,-3.304437,-2.248677,2.04731,2.0,publish
bybit_perp,RENUSDT,20230829,646,0.964396,1.207375,-3.414632,-2.207256,1.207375,-2.701201,-1.493826,1.213876,-3.358468,-2.144592,1.213876,-2.68815,-1.474273,4.331286,2.0,publish
bybit_perp,RENUSDT,20230901,361,0.9,1.144374,-3.596407,-2.452033,1.144374,-3.678352,-2.533977,1.151101,-3.475482,-2.324381,1.151101,-3.588907,-2.437806,3.228473,2.0,publish
bybit_perp,RENUSDT,20230904,281,0.962989,1.215157,-4.15687,-2.941714,1.215157,-3.676851,-2.461694,1.21809,-4.177636,-2.959546,1.21809,-3.696253,-2.478163,3.40202,2.0,publish
bybit_perp,RENUSDT,20230907,347,0.942075,1.151329,-3.432677,-2.281348,1.151329,-4.275467,-3.124138,1.154638,-3.402493,-2.247855,1.154638,-4.330405,-3.175768,2.618727,2.0,publish
bybit_perp,RENUSDT,20230910,599,0.963606,1.356077,-4.482216,-3.126139,1.356077,-7.470655,-6.114578,1.364965,-4.425712,-3.060747,1.364965,-7.444212,-6.079247,4.206507,2.0,publish
bybit_perp,RENUSDT,20230913,494,0.921255,1.423016,-3.695238,-2.272222,1.423016,-3.739734,-2.316718,1.443242,-3.738557,-2.295315,1.443242,-3.87576,-2.432518,4.002233,2.0,publish
bybit_perp,RENUSDT,20230916,380,0.935263,1.11903,-3.101519,-1.982488,1.11903,-3.327157,-2.208127,1.125322,-3.040176,-1.914854,1.125322,-3.319393,-2.194072,3.716611,2.0,publish
bybit_perp,RENUSDT,20230919,534,0.951311,1.110796,-3.33461,-2.223814,1.110796,-4.598627,-3.487832,1.106354,-3.269749,-2.163395,1.106354,-4.527411,-3.421058,3.366116,2.0,publish
bybit_perp,RENUSDT,20230922,370,0.977838,1.139342,-3.447462,-2.308121,1.139342,-2.367487,-1.228146,1.139958,-3.430234,-2.290276,1.139958,-2.421509,-1.281551,3.065506,2.0,publish
bybit_perp,RENUSDT,20230925,251,0.969721,1.139642,-4.100953,-2.961312,1.139642,-4.904622,-3.76498,1.140866,-4.026724,-2.885858,1.140866,-4.862951,-3.722085,2.929329,2.0,publish
bybit_perp,RENUSDT,20230928,396,0.944697,1.152063,-3.305911,-2.153848,1.152063,-4.197429,-3.045366,1.157335,-3.250846,-2.093511,1.157335,-4.171196,-3.013861,2.899444,2.0,publish
bybit_perp,RENUSDT,20231001,343,0.961808,1.269821,-4.665338,-3.395517,1.269821,-4.739706,-3.469885,1.276591,-4.631888,-3.355297,1.276591,-4.835908,-3.559317,2.916706,2.0,publish
bybit_perp,RENUSDT,20231004,401,0.976808,1.483404,-4.554341,-3.070937,1.483404,-6.728549,-5.245145,1.491081,-4.566598,-3.075518,1.491081,-6.877378,-5.386297,3.438094,2.0,publish
bybit_perp,RENUSDT,20231007,265,0.961509,1.16869,-3.17256,-2.00387,1.16869,-3.671347,-2.502657,1.171665,-3.13771,-1.966045,1.171665,-3.691906,-2.520241,2.637173,2.0,publish
bybit_perp,RENUSDT,20231010,419,0.975895,1.204168,-3.870157,-2.665989,1.204168,-3.542319,-2.338151,1.205793,-3.836927,-2.631134,1.205793,-3.504559,-2.298766,3.098644,2.0,publish
bybit_perp,RENUSDT,20231013,431,0.979814,1.261117,-3.659664,-2.398547,1.261117,-2.38662,-1.125503,1.262971,-3.700047,-2.437075,1.262971,-2.350847,-1.087876,3.204634,2.0,publish
bybit_perp,RENUSDT,20231016,674,0.97181,1.526668,-3.070731,-1.544063,1.526668,-3.096108,-1.56944,1.53188,-3.029014,-1.497134,1.53188,-3.249967,-1.718087,3.844348,2.0,publish
bybit_perp,RENUSDT,20231019,420,0.985714,1.497545,-2.216389,-0.718844,1.497545,-2.243814,-0.746269,1.501623,-2.368345,-0.866722,1.501623,-2.3708,-0.869176,3.173909,2.0,publish
bybit_perp,RENUSDT,20231022,639,0.970736,1.389883,-3.734335,-2.344452,1.389883,-1.753867,-0.363984,1.383698,-3.912096,-2.528397,1.383698,-1.580366,-0.196668,4.182226,2.0,publish
bybit_perp,RENUSDT,20231025,713,0.989201,1.178545,-2.992758,-1.814213,1.178545,-2.354092,-1.175547,1.180146,-2.938331,-1.758186,1.180146,-2.326776,-1.14663,5.352661,2.0,publish
bybit_perp,RENUSDT,20231028,526,0.969962,1.161448,-3.428706,-2.267258,1.161448,-4.434767,-3.27332,1.164324,-3.396427,-2.232103,1.164324,-4.36092,-3.196596,3.121086,2.0,publish
bybit_perp,RENUSDT,20231031,791,0.947661,1.446148,-5.379885,-3.933737,1.446148,-3.510334,-2.064186,1.463011,-5.370806,-3.907795,1.463011,-3.305546,-1.842535,5.71822,2.0,publish
bybit_perp,RENUSDT,20231103,10938,0.991324,1.872208,-3.472394,-1.600186,1.872208,-0.97753,0.894678,1.871825,-3.556978,-1.685153,1.871825,-1.186745,0.68508,26.988704,2.0,publish
bybit_perp,RENUSDT,20231106,4546,0.989265,1.395825,-3.687293,-2.291467,1.395825,0.595408,1.991233,1.399565,-3.734383,-2.334818,1.399565,0.517221,1.916786,12.825467,2.0,publish
bybit_perp,RENUSDT,20231109,3541,0.978565,1.892818,-2.734165,-0.841347,1.892818,1.100732,2.99355,1.90772,-2.828158,-0.920438,1.90772,0.714142,2.621862,13.948823,2.0,publish
bybit_perp,RENUSDT,20231112,1348,0.972552,1.161875,-3.780024,-2.618149,1.161875,-4.076779,-2.914904,1.164931,-3.816262,-2.651332,1.164931,-4.213615,-3.048684,6.923997,2.0,publish
bybit_perp,RENUSDT,20231115,1148,0.958362,0.991193,-3.360477,-2.369284,0.991193,-2.575203,-1.584011,0.99232,-3.352977,-2.360658,0.99232,-2.636093,-1.643773,4.748077,2.0,publish
bybit_perp,RENUSDT,20231118,935,0.937433,1.083036,-3.177324,-2.094289,1.083036,-4.094325,-3.011289,1.083166,-3.088898,-2.005732,1.083166,-3.851416,-2.76825,5.11087,2.0,publish
bybit_perp,RENUSDT,20231121,1624,0.975369,1.352475,-3.264341,-1.911866,1.352475,-2.858659,-1.506184,1.359832,-3.224642,-1.86481,1.359832,-2.786572,-1.42674,7.518612,2.0,publish
bybit_perp,RENUSDT,20231124,1153,0.966869,1.141288,-3.684431,-2.543143,1.141288,-5.065552,-3.924264,1.149173,-3.610557,-2.461384,1.149173,-5.075091,-3.925918,5.337814,2.0,publish
bybit_perp,RENUSDT,20231127,1054,0.96907,1.094955,-3.026522,-1.931567,1.094955,-2.773664,-1.678708,1.099618,-3.043034,-1.943416,1.099618,-2.819907,-1.720289,4.915567,2.0,publish
bybit_perp,RENUSDT,20231130,758,0.964908,1.048446,-3.356,-2.307555,1.048446,-3.982076,-2.933631,1.047724,-3.309318,-2.261593,1.047724,-3.971108,-2.923384,3.739279,2.0,publish
bybit_perp,RENUSDT,20231203,830,0.921325,1.165662,-3.448741,-2.28308,1.165662,-4.329046,-3.163384,1.17286,-3.419995,-2.247135,1.17286,-4.265261,-3.092401,3.433882,2.0,publish
bybit_perp,RENUSDT,20231206,1245,0.952851,1.306134,-4.054482,-2.748348,1.306134,-4.40482,-3.098686,1.313912,-4.056058,-2.742146,1.313912,-4.322854,-3.008942,6.325259,2.0,publish
bybit_perp,RENUSDT,20231209,1336,0.933907,1.158053,-4.073834,-2.915781,1.158053,-3.744113,-2.58606,1.168783,-4.01693,-2.848147,1.168783,-3.784028,-2.615246,6.318796,2.0,publish
bybit_perp,RENUSDT,20231212,935,0.951444,1.467744,-3.89002,-2.422276,1.467744,-3.082337,-1.614593,1.483664,-3.824992,-2.341328,1.483664,-2.886141,-1.402477,6.223536,2.0,publish
bybit_perp,RENUSDT,20231215,851,0.929612,1.191228,-4.080095,-2.888867,1.191228,-3.700237,-2.509009,1.203064,-4.032601,-2.829537,1.203064,-3.828618,-2.625554,5.095206,2.0,publish
bybit_perp,RENUSDT,20231218,578,0.92699,1.835249,-3.812552,-1.977303,1.835249,-2.636076,-0.800827,1.875937,-3.544682,-1.668744,1.875937,-2.264066,-0.388128,5.76164,2.0,publish
bybit_perp,RENUSDT,20231221,347,0.916427,1.400872,-3.368228,-1.967355,1.400872,-3.77581,-2.374938,1.424813,-3.348452,-1.923639,1.424813,-3.881016,-2.456203,4.63416,2.0,publish
bybit_perp,RENUSDT,20231224,879,0.931627,1.874593,-3.510564,-1.635971,1.874593,-2.950713,-1.07612,1.906599,-3.49663,-1.59003,1.906599,-2.825135,-0.918536,5.269737,2.0,publish
bybit_perp,RENUSDT,20231227,1142,0.896935,1.283349,-3.766073,-2.482724,1.283349,-4.218733,-2.935384,1.291354,-3.661639,-2.370285,1.291354,-3.902892,-2.611538,6.739479,2.0,publish
bybit_perp,RENUSDT,20231230,1147,0.917088,1.312792,-3.802015,-2.489223,1.312792,-5.374179,-4.061388,1.326227,-3.751096,-2.424869,1.326227,-5.46736,-4.141133,4.998168,2.0,publish
bybit_perp,RENUSDT,20240102,750,0.889467,1.397928,-3.166313,-1.768384,1.397928,-2.733361,-1.335433,1.386745,-3.114111,-1.727366,1.386745,-2.69901,-1.312265,4.604264,2.0,publish
bybit_perp,RENUSDT,20240105,1155,0.887013,2.206851,-5.366135,-3.159284,2.206851,-5.682665,-3.475814,2.276907,-5.349825,-3.072918,2.276907,-5.950713,-3.673806,8.222075,2.0,publish
bybit_perp,RENUSDT,20240108,976,0.885143,2.081634,-4.425824,-2.344189,2.081634,-5.896176,-3.814541,2.144582,-4.501935,-2.357353,2.144582,-6.148096,-4.003515,7.166774,2.0,publish
bybit_perp,RENUSDT,20240111,898,0.959911,1.988058,-4.228761,-2.240703,1.988058,-5.89524,-3.907182,1.990453,-4.184137,-2.193685,1.990453,-5.712284,-3.721831,6.445832,2.0,publish
bybit_perp,RENUSDT,20240114,419,0.954177,1.645807,-3.859487,-2.21368,1.645807,-3.53458,-1.888772,1.658711,-3.74394,-2.085229,1.658711,-3.316474,-1.657763,4.288921,2.0,publish
bybit_perp,RENUSDT,20240117,498,0.950803,1.338947,-3.599302,-2.260356,1.338947,-4.621663,-3.282716,1.336376,-3.642316,-2.30594,1.336376,-4.641065,-3.304688,4.112231,2.0,publish
bybit_perp,RENUSDT,20240120,457,0.905689,1.401383,-3.362364,-1.960981,1.401383,-3.322932,-1.921548,1.405528,-3.373681,-1.968153,1.405528,-3.194002,-1.788474,3.733087,2.0,publish
bybit_perp,RENUSDT,20240123,576,0.974306,1.918615,-3.966709,-2.048095,1.918615,-3.944446,-2.025831,1.932015,-3.877134,-1.945119,1.932015,-3.764129,-1.832115,6.179126,2.0,publish
bybit_perp,RENUSDT,20240126,376,0.868617,1.387502,-2.965346,-1.577845,1.387502,-3.521906,-2.134404,1.44201,-2.774218,-1.332208,1.44201,-3.135208,-1.693198,3.423494,2.0,publish
bybit_perp,RENUSDT,20240129,607,0.773311,1.153306,-3.347464,-2.194158,1.153306,-3.315374,-2.162068,1.157728,-3.198291,-2.040563,1.157728,-3.299917,-2.142189,3.248912,2.0,publish
bybit_perp,RENUSDT,20240201,742,0.837871,1.293545,-3.386467,-2.092922,1.293545,-3.532128,-2.238583,1.307861,-3.298768,-1.990907,1.307861,-3.495597,-2.187736,3.73352,2.0,publish
bybit_perp,RENUSDT,20240204,716,0.763128,1.233982,-3.502502,-2.26852,1.233982,-3.98308,-2.749098,1.282401,-3.177227,-1.894826,1.282401,-3.668217,-2.385817,3.281701,2.0,publish
bybit_perp,RENUSDT,20240207,755,0.748079,1.223472,-3.618942,-2.39547,1.223472,-3.918088,-2.694616,1.30081,-3.240548,-1.939738,1.30081,-3.609542,-2.308733,3.187669,2.0,publish
bybit_perp,RENUSDT,20240210,613,0.66248,1.037945,-3.386776,-2.348832,1.037945,-2.990854,-1.952909,1.088855,-3.302641,-2.213786,1.088855,-2.548279,-1.459424,2.764551,2.0,publish
bybit_perp,RENUSDT,20240213,847,0.807202,1.393512,-4.946803,-3.553291,1.393512,-4.436119,-3.042608,1.496338,-4.917571,-3.421232,1.496338,-4.105439,-2.609101,4.659909,2.0,publish
bybit_perp,RENUSDT,20240216,1069,0.620393,1.275693,-3.838161,-2.562468,1.275693,-4.35995,-3.084257,1.461796,-3.507599,-2.045804,1.461796,-4.183325,-2.72153,4.305104,2.0,publish
bybit_perp,RENUSDT,20240219,1200,0.854,1.012893,-3.182361,-2.169468,1.012893,-3.075108,-2.062215,1.03921,-3.135649,-2.096439,1.03921,-2.990926,-1.951716,3.951562,2.0,publish
bybit_perp,RENUSDT,20240222,1811,0.880839,1.785558,-4.492264,-2.706706,1.785558,-4.61337,-2.827811,1.800916,-4.496945,-2.696029,1.800916,-4.616915,-2.815999,6.536926,2.0,publish
bybit_perp,RENUSDT,20240225,1683,0.815567,1.382096,-4.56529,-3.183194,1.382096,-3.972091,-2.589995,1.423458,-4.491583,-3.068125,1.423458,-3.828394,-2.404936,5.649861,2.0,publish
bybit_perp,RENUSDT,20240228,3385,0.858966,2.947106,-2.447966,0.49914,2.947106,0.783765,3.730872,2.851871,-3.502036,-0.650165,2.851871,-1.269415,1.582455,13.671683,2.0,publish
bybit_perp,RENUSDT,20240302,1445,0.797924,1.56968,-4.094191,-2.52451,1.56968,-3.490555,-1.920874,1.603653,-3.994714,-2.391061,1.603653,-3.494808,-1.891155,6.265526,2.0,publish
bybit_perp,RENUSDT,20240305,2622,0.829901,4.713941,-5.294479,-0.580538,4.713941,-8.966289,-4.252349,4.254071,-5.690348,-1.436277,4.254071,-8.214881,-3.96081,13.379512,2.0,publish
bybit_perp,RENUSDT,20240308,2139,0.69453,1.776389,-4.533968,-2.757579,1.776389,-2.60802,-0.831631,1.866159,-4.701308,-2.835149,1.866159,-3.44439,-1.578231,7.990969,2.0,publish
bybit_perp,RENUSDT,20240311,1935,0.889819,2.117341,-3.989063,-1.871722,2.117341,-4.420027,-2.302686,2.171076,-3.939831,-1.768755,2.171076,-4.198643,-2.027567,7.935194,2.0,publish
bybit_perp,RENUSDT,20240314,1886,0.901856,2.510255,-4.360021,-1.849766,2.510255,-3.121822,-0.611567,2.573656,-4.408722,-1.835066,2.573656,-3.180701,-0.607045,8.574743,2.0,publish
bybit_perp,RENUSDT,20240317,914,0.891794,1.393492,-3.105464,-1.711972,1.393492,-2.847282,-1.45379,1.452157,-3.033351,-1.581194,1.452157,-2.865951,-1.413794,5.620405,2.0,publish
bybit_perp,RENUSDT,20240320,1374,0.908734,1.969614,-3.300734,-1.33112,1.969614,-4.22783,-2.258216,2.018764,-3.289385,-1.270621,2.018764,-4.208667,-2.189904,7.549661,2.0,publish
bybit_perp,RENUSDT,20240323,2042,0.819295,0.882471,-3.247174,-2.364704,0.882471,-3.794976,-2.912506,0.876307,-3.036425,-2.160118,0.876307,-3.462443,-2.586136,4.340209,2.0,publish
bybit_perp,RENUSDT,20240326,3414,0.935677,1.47019,-3.772252,-2.302062,1.47019,-3.395314,-1.925124,1.490539,-3.753479,-2.26294,1.490539,-3.399216,-1.908677,9.606404,2.0,publish
bybit_perp,RENUSDT,20240329,1740,0.789655,0.945247,-3.222908,-2.277661,0.945247,-4.564214,-3.618967,1.001918,-3.132198,-2.130281,1.001918,-3.153155,-2.151238,5.174249,2.0,publish
bybit_perp,RENUSDT,20240401,5540,0.575072,1.441178,-4.576452,-3.135274,1.441178,-6.792366,-5.351189,1.787979,-3.480835,-1.692856,1.787979,-4.562887,-2.774908,10.082074,2.0,publish
bybit_perp,RENUSDT,20240404,4687,0.764263,0.924295,-3.192695,-2.268401,0.924295,-3.187711,-2.263416,0.978676,-3.013534,-2.034857,0.978676,-3.365755,-2.387079,7.627954,2.0,publish
bybit_perp,RENUSDT,20240407,9694,0.490623,0.99153,-3.090326,-2.098796,0.99153,-2.776902,-1.785372,1.145095,-3.091111,-1.946016,1.145095,-3.110124,-1.96503,9.346647,2.0,publish
bybit_perp,RENUSDT,20240410,1934,0.871406,1.178857,-3.037588,-1.858731,1.178857,-3.493569,-2.314712,1.223422,-2.967477,-1.744055,1.223422,-3.209231,-1.985809,5.866235,2.0,publish
bybit_perp,RENUSDT,20240413,3158,0.94677,4.501226,-6.230967,-1.72974,4.501226,-4.769311,-0.268084,4.582851,-6.705622,-2.12277,4.582851,-4.453978,0.128873,18.110218,2.0,publish
bybit_perp,RENUSDT,20240416,1207,0.962883,1.882024,-3.906989,-2.024965,1.882024,-3.953946,-2.071923,1.901398,-3.882055,-1.980657,1.901398,-3.819375,-1.917978,8.566356,2.0,publish
bybit_perp,RENUSDT,20240419,1178,0.955942,1.490628,-3.838069,-2.347441,1.490628,-4.530585,-3.039957,1.507481,-3.74781,-2.240329,1.507481,-4.585389,-3.077909,7.089954,2.0,publish
bybit_perp,RENUSDT,20240422,866,0.899769,1.170112,-3.36599,-2.195877,1.170112,-3.171985,-2.001873,1.201554,-3.298203,-2.096649,1.201554,-3.105629,-1.904075,4.704319,2.0,publish
bybit_perp,RENUSDT,20240425,2056,0.583074,1.234514,-3.05323,-1.818717,1.234514,-2.42585,-1.191336,1.359876,-3.227802,-1.867926,1.359876,-2.85192,-1.492044,5.634657,2.0,publish
bybit_perp,RENUSDT,20240428,921,0.946688,1.112005,-2.886307,-1.774303,1.112005,-1.876456,-0.764451,1.115521,-2.941115,-1.825594,1.115521,-1.929123,-0.813602,3.8986,2.0,publish
bybit_perp,RENUSDT,20240501,1118,0.968247,1.823447,-2.484907,-0.66146,1.823447,-1.546042,0.277405,1.836827,-2.490433,-0.653606,1.836827,-1.855555,-0.018728,7.237998,2.0,publish
bybit_perp,RENUSDT,20240504,651,0.983564,1.091495,-2.40523,-1.313735,1.091495,-2.927035,-1.83554,1.091598,-2.391204,-1.299607,1.091598,-2.850546,-1.758948,3.076052,2.0,publish
bybit_perp,RENUSDT,20240507,992,0.997077,1.174724,-2.778406,-1.603682,1.174724,-2.652913,-1.478189,1.174285,-2.77862,-1.604334,1.174285,-2.652773,-1.478488,4.167897,2.0,publish
bybit_perp,RENUSDT,20240510,638,0.98652,1.485211,-3.358058,-1.872847,1.485211,-3.355016,-1.869805,1.485494,-3.354644,-1.86915,1.485494,-3.385957,-1.900463,4.499783,2.0,publish
bybit_perp,RENUSDT,20240513,771,0.986122,1.424164,-2.917975,-1.493811,1.424164,-3.400326,-1.976163,1.425131,-2.912967,-1.487836,1.425131,-3.438219,-2.013087,5.093497,2.0,publish
bybit_perp,RENUSDT,20240516,309,0.978317,1.456117,-3.640724,-2.184607,1.456117,-4.016664,-2.560547,1.46779,-3.593554,-2.125765,1.46779,-4.041545,-2.573755,3.936824,2.0,publish
bybit_perp,RENUSDT,20240519,373,0.995174,1.455581,-3.552586,-2.097004,1.455581,-3.913324,-2.457743,1.458574,-3.54837,-2.089796,1.458574,-3.886773,-2.4282,3.531499,2.0,publish
bybit_perp,RENUSDT,20240522,480,0.996458,1.666244,-4.079896,-2.413652,1.666244,-6.326404,-4.66016,1.66954,-4.122408,-2.452869,1.66954,-6.419448,-4.749908,5.489469,2.0,publish
bybit_perp,RENUSDT,20240525,4890,0.995992,2.021167,-3.070468,-1.049301,2.021167,-4.346331,-2.325164,2.020699,-3.08283,-1.062131,2.020699,-4.353525,-2.332827,12.379229,2.0,publish
bybit_perp,RENUSDT,20240528,3600,0.995611,1.027793,-2.917981,-1.890188,1.027793,-2.871195,-1.843402,1.027882,-2.928279,-1.900397,1.027882,-2.884502,-1.85662,6.654876,2.0,publish
bybit_perp,RENUSDT,20240531,1994,0.996138,0.94099,-2.49255,-1.55156,0.94099,-2.74169,-1.8007,0.941846,-2.49085,-1.549004,0.941846,-2.739996,-1.79815,3.674171,2.0,publish
bybit_perp,RENUSDT,20240603,1554,0.997748,1.020307,-2.83362,-1.813312,1.020307,-3.729734,-2.709427,1.019433,-2.837757,-1.818323,1.019433,-3.738888,-2.719455,4.25455,2.0,publish
bybit_perp,RENUSDT,20240606,2534,0.995896,1.457965,-3.181081,-1.723116,1.457965,-2.615922,-1.157957,1.458423,-3.181316,-1.722893,1.458423,-2.631837,-1.173414,7.580109,2.0,publish
bybit_perp,RENUSDT,20240609,991,0.995055,0.975054,-2.5515,-1.576446,0.975054,-2.31776,-1.342706,0.975939,-2.556984,-1.581045,0.975939,-2.335878,-1.359938,3.025545,2.0,publish
bybit_perp,RENUSDT,20240612,1622,0.993711,1.818501,-3.748501,-1.93,1.818501,-2.772112,-0.953611,1.815998,-3.683549,-1.867551,1.815998,-2.733105,-0.917106,5.765294,2.0,publish
bybit_perp,RENUSDT,20240615,832,0.984255,1.13517,-3.307681,-2.172511,1.13517,-3.479275,-2.344104,1.134694,-3.280317,-2.145622,1.134694,-3.405784,-2.27109,3.51659,2.0,publish
bybit_perp,RENUSDT,20240618,2364,0.994755,3.029836,-7.170915,-4.141079,3.029836,-9.291317,-6.261481,3.019142,-7.010102,-3.990961,3.019142,-9.179286,-6.160144,11.789117,2.0,publish
bybit_perp,RENUSDT,20240621,549,0.988889,1.868086,-3.827008,-1.958922,1.868086,-4.462828,-2.594742,1.866122,-3.823168,-1.957047,1.866122,-4.481427,-2.615305,5.215476,2.0,publish
bybit_perp,RENUSDT,20240624,1158,0.993351,2.013817,-6.025131,-4.011314,2.013817,-3.148725,-1.134908,2.013389,-6.04911,-4.035721,2.013389,-3.223737,-1.210348,7.013963,2.0,publish
bybit_perp,RENUSDT,20240627,706,0.996601,1.566047,-3.108804,-1.542757,1.566047,-3.211455,-1.645408,1.567881,-3.110007,-1.542126,1.567881,-3.188033,-1.620153,3.778222,2.0,publish
bybit_perp,RENUSDT,20240630,306,0.996078,1.777862,-3.056753,-1.278891,1.777862,-4.127685,-2.349824,1.779906,-3.054858,-1.274952,1.779906,-4.11017,-2.330264,3.396548,2.0,publish
bybit_perp,RENUSDT,20240703,430,0.993953,1.777444,-3.139531,-1.362087,1.777444,-3.490248,-1.712804,1.780098,-3.135857,-1.355759,1.780098,-3.501104,-1.721007,4.065944,2.0,publish
bybit_perp,RENUSDT,20240706,288,0.996875,2.566111,-3.563364,-0.997254,2.566111,-4.242852,-1.676742,2.570449,-3.548594,-0.978145,2.570449,-4.1598,-1.589351,4.396355,2.0,publish
bybit_perp,RENUSDT,20240709,366,0.984973,2.132973,-2.670591,-0.537618,2.132973,-2.846745,-0.713772,2.131144,-2.740565,-0.609421,2.131144,-2.881041,-0.749897,4.761509,2.0,publish
bybit_perp,RENUSDT,20240712,336,0.98244,1.549099,-3.052594,-1.503495,1.549099,-3.063973,-1.514875,1.551277,-3.06787,-1.516594,1.551277,-2.963831,-1.412554,3.686229,2.0,publish
bybit_perp,RENUSDT,20240715,573,0.992845,1.394948,-2.754916,-1.359968,1.394948,-2.922113,-1.527164,1.397438,-2.755731,-1.358294,1.397438,-2.955153,-1.557715,4.27924,2.0,publish
bybit_perp,RENUSDT,20240718,380,0.996842,1.550436,-2.91519,-1.364754,1.550436,-2.174178,-0.623742,1.551952,-2.919939,-1.367987,1.551952,-2.17767,-0.625718,4.051024,2.0,publish
bybit_perp,RENUSDT,20240721,411,0.989781,2.0662,-4.112311,-2.046111,2.0662,-3.637634,-1.571434,2.065493,-4.085347,-2.019854,2.065493,-3.658587,-1.593093,4.583185,2.0,publish
bybit_perp,RENUSDT,20240724,433,0.996074,1.827594,-2.96643,-1.138836,1.827594,-3.066494,-1.2389,1.813807,-2.951421,-1.137614,1.813807,-3.148803,-1.334996,4.039075,2.0,publish
bybit_perp,RENUSDT,20240727,882,0.988209,1.705853,-2.910226,-1.204373,1.705853,-2.236193,-0.53034,1.70921,-2.92638,-1.217171,1.70921,-2.223049,-0.513839,5.375614,2.0,publish
bybit_perp,RENUSDT,20240730,434,0.991475,1.424951,-2.753039,-1.328088,1.424951,-3.042987,-1.618036,1.427348,-2.775792,-1.348443,1.427348,-3.100508,-1.673159,3.827085,2.0,publish
bybit_perp,RENUSDT,20240802,659,0.998786,2.037248,-2.810342,-0.773093,2.037248,-3.310238,-1.272989,2.038202,-2.80574,-0.767538,2.038202,-3.299497,-1.261295,6.100795,2.0,publish
bybit_perp,RENUSDT,20240805,2622,0.995576,4.828085,-8.272181,-3.444096,4.828085,-8.185373,-3.357288,4.835487,-8.314636,-3.479149,4.835487,-8.055148,-3.21966,16.846279,2.0,publish
bybit_perp,RENUSDT,20240808,814,0.996806,2.168682,-4.438053,-2.269371,2.168682,-5.475336,-3.306654,2.165487,-4.436681,-2.271193,2.165487,-5.451025,-3.285537,5.692701,2.0,publish
bybit_perp,RENUSDT,20240811,454,0.986564,1.918207,-2.743595,-0.825388,1.918207,-3.36831,-1.450103,1.920111,-3.073507,-1.153396,1.920111,-3.303434,-1.383322,4.72809,2.0,publish
bybit_perp,RENUSDT,20240814,380,1.0,1.626808,-3.962189,-2.335381,1.626808,-7.069942,-5.443134,1.626808,-3.962189,-2.335381,1.626808,-7.069942,-5.443134,4.456644,2.0,publish
bybit_perp,RENUSDT,20240817,1455,0.990584,2.316547,-4.458313,-2.141766,2.316547,-3.907276,-1.590729,2.315596,-4.449569,-2.133973,2.315596,-3.902097,-1.586501,7.120901,2.0,publish
bybit_perp,RENUSDT,20240820,1285,0.994163,1.586776,-4.039482,-2.452706,1.586776,-4.375636,-2.78886,1.589359,-4.025927,-2.436568,1.589359,-4.31953,-2.730171,5.091159,2.0,publish
bybit_perp,RENUSDT,20240823,887,0.98929,1.524251,-3.486392,-1.962141,1.524251,-3.794952,-2.2707,1.525843,-3.448927,-1.923084,1.525843,-3.728526,-2.202683,4.241878,2.0,publish
bybit_perp,RENUSDT,20240826,602,0.993355,1.898824,-3.241781,-1.342957,1.898824,-4.188459,-2.289636,1.898671,-3.22945,-1.330779,1.898671,-4.171705,-2.273034,4.339799,2.0,publish
bybit_perp,RENUSDT,20240829,4418,0.994183,2.865006,-3.991398,-1.126392,2.865006,-7.085065,-4.220059,2.866295,-4.002854,-1.136559,2.866295,-7.128114,-4.261819,11.704403,2.0,publish
bybit_perp,RENUSDT,20240901,2440,0.986311,1.504529,-4.584017,-3.079488,1.504529,-4.588731,-3.084203,1.506994,-4.594614,-3.08762,1.506994,-4.574886,-3.067893,5.884207,2.0,publish
bybit_perp,RENUSDT,20240904,1974,0.991388,1.696004,-4.137533,-2.441529,1.696004,-5.196818,-3.500814,1.696847,-4.122786,-2.425939,1.696847,-5.186314,-3.489467,5.190575,2.0,publish
bybit_perp,RENUSDT,20240907,875,0.983771,1.605831,-3.545923,-1.940092,1.605831,-3.196807,-1.590975,1.605053,-3.54822,-1.943167,1.605053,-3.086626,-1.481573,3.568287,2.0,publish
bybit_perp,RENUSDT,20240910,1177,0.984027,1.424294,-3.544957,-2.120663,1.424294,-3.758278,-2.333983,1.424333,-3.531767,-2.107435,1.424333,-3.758851,-2.334518,3.302772,2.0,publish
bybit_perp,RENUSDT,20240913,1067,0.979475,1.500367,-4.042146,-2.541779,1.500367,-4.5725,-3.072133,1.502375,-4.017508,-2.515132,1.502375,-4.583158,-3.080783,3.533853,2.0,publish
bybit_perp,RENUSDT,20240916,1249,0.98751,1.507623,-3.592411,-2.084788,1.507623,-3.454973,-1.94735,1.508999,-3.578147,-2.069147,1.508999,-3.416265,-1.907266,4.10937,2.0,publish
bybit_perp,RENUSDT,20240919,1157,0.985998,1.414394,-3.560831,-2.146436,1.414394,-3.41099,-1.996596,1.413855,-3.554897,-2.141042,1.413855,-3.332551,-1.918697,3.638941,2.0,publish
bybit_perp,RENUSDT,20240922,1170,0.983761,1.42266,-4.413669,-2.991009,1.42266,-4.679889,-3.257229,1.424043,-4.394234,-2.970191,1.424043,-4.687051,-3.263008,4.138819,2.0,publish
bybit_perp,RENUSDT,20240925,1122,0.990107,1.395727,-3.156864,-1.761136,1.395727,-3.462324,-2.066597,1.396311,-3.165619,-1.769308,1.396311,-3.454988,-2.058678,4.123975,2.0,publish
bybit_perp,RENUSDT,20240928,881,0.985698,1.585712,-3.632532,-2.04682,1.585712,-4.131719,-2.546006,1.589216,-3.597573,-2.008357,1.589216,-4.086976,-2.497759,3.714383,2.0,publish
bybit_perp,RENUSDT,20241001,2266,0.996778,3.365176,-4.036636,-0.67146,3.365176,-2.484673,0.880504,3.362272,-4.049124,-0.686852,3.362272,-2.428761,0.93351,7.846532,2.0,publish
bybit_perp,RENUSDT,20241004,768,0.991797,1.927559,-3.188866,-1.261307,1.927559,-2.888414,-0.960855,1.929144,-3.15349,-1.224346,1.929144,-2.836794,-0.90765,4.469765,2.0,publish
bybit_perp,RENUSDT,20241007,624,0.994872,1.929082,-3.381241,-1.452158,1.929082,-4.097328,-2.168245,1.927582,-3.3923,-1.464718,1.927582,-4.133281,-2.205699,4.127973,2.0,publish
bybit_perp,RENUSDT,20241010,391,0.991049,1.849328,-3.647345,-1.798017,1.849328,-2.935948,-1.086619,1.849732,-3.640478,-1.790746,1.849732,-2.970387,-1.120655,4.452282,2.0,publish
bybit_perp,RENUSDT,20241013,433,0.989838,1.925165,-4.01419,-2.089025,1.925165,-2.253767,-0.328602,1.922088,-4.006684,-2.084596,1.922088,-2.279637,-0.357549,4.114789,2.0,publish
bybit_perp,RENUSDT,20241016,1140,0.952982,1.728492,-4.619953,-2.891461,1.728492,-5.181567,-3.453075,1.742253,-4.573758,-2.831505,1.742253,-5.041189,-3.298936,5.234471,2.0,publish
bybit_perp,RENUSDT,20241019,454,0.919604,1.64897,-3.650089,-2.001119,1.64897,-4.335353,-2.686383,1.656454,-3.583112,-1.926658,1.656454,-4.344195,-2.687741,2.496087,2.0,publish
bybit_perp,RENUSDT,20241022,877,0.96146,1.714389,-4.048615,-2.334227,1.714389,-4.252206,-2.537817,1.719988,-4.016622,-2.296634,1.719988,-4.194015,-2.474027,4.051623,2.0,publish
bybit_perp,RENUSDT,20241025,928,0.970905,3.354328,-4.982335,-1.628007,3.354328,-1.421464,1.932864,3.400334,-4.994006,-1.593671,3.400334,-1.347825,2.052509,6.720913,2.0,publish
bybit_perp,RENUSDT,20241028,726,0.96281,2.273926,-4.756917,-2.482992,2.273926,-4.687874,-2.413949,2.288067,-4.603148,-2.315081,2.288067,-4.504873,-2.216807,4.715755,2.0,publish
bybit_perp,RENUSDT,20241031,618,0.970874,1.696607,-3.955597,-2.25899,1.696607,-4.525513,-2.828906,1.70259,-3.910971,-2.208381,1.70259,-4.50036,-2.79777,3.837712,2.0,publish
bybit_perp,RENUSDT,20241103,775,0.982194,1.904556,-3.532846,-1.62829,1.904556,-3.897155,-1.992599,1.904783,-3.466255,-1.561472,1.904783,-3.8712,-1.966417,4.956687,2.0,publish
bybit_perp,RENUSDT,20241106,905,0.976354,2.102577,-4.710979,-2.608402,2.102577,-5.53499,-3.432414,2.11836,-4.682266,-2.563906,2.11836,-5.539832,-3.421472,5.816742,2.0,publish
bybit_perp,RENUSDT,20241109,753,0.975963,1.915218,-4.02499,-2.109772,1.915218,-4.342098,-2.42688,1.924926,-3.949136,-2.02421,1.924926,-4.262567,-2.337641,4.284196,2.0,publish
bybit_perp,RENUSDT,20241112,1500,0.983467,3.304404,-5.845746,-2.541342,3.304404,-8.293991,-4.989587,3.314033,-5.906195,-2.592161,3.314033,-8.592315,-5.278282,9.492571,2.0,publish
bybit_perp,RENUSDT,20241115,1346,0.990342,3.085305,-5.491839,-2.406534,3.085305,-6.69174,-3.606435,3.096093,-5.462786,-2.366693,3.096093,-6.6469,-3.550807,9.175371,2.0,publish
bybit_perp,RENUSDT,20241118,1632,0.987868,2.082556,-4.721179,-2.638623,2.082556,-5.1718,-3.089244,2.079795,-4.666266,-2.586471,2.079795,-5.080576,-3.000781,5.833214,2.0,publish
bybit_perp,RENUSDT,20241121,1069,0.985407,2.087735,-4.92353,-2.835796,2.087735,-4.738938,-2.651204,2.093189,-4.91933,-2.826141,2.093189,-4.731912,-2.638723,6.148669,2.0,publish
bybit_perp,RENUSDT,20241124,1958,0.981971,2.199147,-5.553684,-3.354537,2.199147,-3.806799,-1.607652,2.210666,-5.494087,-3.283421,2.210666,-3.75032,-1.539655,8.353072,2.0,publish
bybit_perp,RENUSDT,20241127,5046,0.989298,2.045587,-3.734198,-1.688611,2.045587,-3.702706,-1.657119,2.049156,-3.746795,-1.697639,2.049156,-3.679949,-1.630793,10.686685,2.0,publish
bybit_perp,RENUSDT,20241130,20043,0.993384,2.928271,-4.212381,-1.28411,2.928271,-2.805936,0.122335,2.924411,-4.183826,-1.259415,2.924411,-2.793605,0.130806,21.945498,2.0,publish
bybit_perp,RENUSDT,20241203,10238,0.994374,3.429756,-5.641029,-2.211273,3.429756,-4.057314,-0.627559,3.425794,-5.655032,-2.229238,3.425794,-4.178527,-0.752733,16.513858,2.0,publish
bybit_perp,RENUSDT,20241206,5246,0.989954,3.271234,-4.687331,-1.416097,3.271234,-5.254013,-1.98278,3.267354,-4.677869,-1.410515,3.267354,-5.269007,-2.001653,8.500615,2.0,publish
bybit_perp,RENUSDT,20241209,5381,0.988924,5.130187,-5.346066,-0.215879,5.130187,-3.382045,1.748142,5.129138,-5.355396,-0.226258,5.129138,-3.537598,1.591539,12.214823,2.0,publish
bybit_perp,RENUSDT,20241212,2649,0.989279,5.039955,-5.194836,-0.154881,5.039955,-5.93634,-0.896385,5.04029,-5.191082,-0.150792,5.04029,-5.92906,-0.88877,6.385079,2.0,publish
bybit_perp,RENUSDT,20241215,3060,0.989412,3.979156,-5.506327,-1.527172,3.979156,-6.926942,-2.947786,3.97638,-5.489306,-1.512927,3.97638,-6.817811,-2.841431,7.220358,2.0,publish
bybit_perp,RENUSDT,20241218,4266,0.988022,4.499098,-6.123868,-1.62477,4.499098,-7.856473,-3.357375,4.500166,-6.130758,-1.630592,4.500166,-7.85546,-3.355295,9.452036,2.0,publish
bybit_perp,RENUSDT,20241221,1800,0.989778,6.363227,-8.184045,-1.820818,6.363227,-11.027609,-4.664381,6.383316,-8.169286,-1.78597,6.383316,-11.077905,-4.694589,6.848653,2.0,publish
bybit_perp,RENUSDT,20241224,1573,0.991926,5.044932,-5.942313,-0.897381,5.044932,-7.183575,-2.138644,5.052949,-5.932661,-0.879712,5.052949,-7.192314,-2.139365,5.121831,2.0,publish
bybit_perp,RENUSDT,20241227,2298,0.99121,6.166875,-8.487188,-2.320313,6.166875,-9.02501,-2.858135,6.167993,-8.512047,-2.344054,6.167993,-9.052383,-2.88439,9.056505,2.0,publish
bybit_perp,RENUSDT,20241230,1576,0.994162,7.052385,-7.504719,-0.452334,7.052385,-8.703573,-1.651188,7.059529,-7.535795,-0.476266,7.059529,-8.765591,-1.706063,6.790929,2.0,publish
bybit_perp,RENUSDT,20250102,1006,0.960338,6.373461,-6.103906,0.269555,6.373461,-7.109993,-0.736532,6.39006,-6.229589,0.16047,6.39006,-7.312099,-0.922039,3.999826,2.0,publish
bybit_perp,RENUSDT,20250105,1056,0.963447,5.517897,-7.23358,-1.715683,5.517897,-7.270138,-1.752242,5.541504,-7.214792,-1.673288,5.541504,-7.238306,-1.696802,5.076759,2.0,publish
bybit_perp,RENUSDT,20250108,2331,0.991463,5.19168,-7.579522,-2.387842,5.19168,-9.202854,-4.011174,5.183394,-7.570942,-2.387549,5.183394,-9.195935,-4.012541,8.629947,2.0,publish
bybit_perp,RENUSDT,20250111,2475,0.992485,5.017788,-5.612099,-0.594311,5.017788,-6.74056,-1.722772,5.019264,-5.600285,-0.581021,5.019264,-6.707656,-1.688392,7.442991,2.0,publish
bybit_perp,RENUSDT,20250114,1711,0.992577,4.757847,-6.194513,-1.436666,4.757847,-6.222422,-1.464574,4.757565,-6.227789,-1.470224,4.757565,-6.201183,-1.443618,5.998336,2.0,publish
bybit_perp,RENUSDT,20250117,1041,0.966571,4.507962,-5.808898,-1.300935,4.507962,-7.118705,-2.610743,4.519865,-5.787001,-1.267136,4.519865,-7.127181,-2.607316,4.4752,2.0,publish
bybit_perp,RENUSDT,20250120,3327,0.992726,4.865445,-7.157263,-2.291818,4.865445,-7.18007,-2.314625,4.859729,-7.174262,-2.314534,4.859729,-7.226826,-2.367097,10.231917,2.0,publish
bybit_perp,RENUSDT,20250123,1273,0.989709,5.887969,-7.733104,-1.845135,5.887969,-7.582297,-1.694329,5.887186,-7.704761,-1.817575,5.887186,-7.60129,-1.714103,6.46618,2.0,publish
bybit_perp,RENUSDT,20250126,541,0.983919,4.726946,-5.857771,-1.130825,4.726946,-6.241576,-1.51463,4.729499,-5.850558,-1.121059,4.729499,-6.223911,-1.494412,3.542267,2.0,publish
bybit_perp,RENUSDT,20250129,966,0.989027,5.977358,-8.43267,-2.455311,5.977358,-8.545702,-2.568343,5.973295,-8.477808,-2.504512,5.973295,-8.559566,-2.58627,6.498415,2.0,publish
bybit_perp,RENUSDT,20250201,1193,0.983236,3.87144,-7.347157,-3.475717,3.87144,-7.114709,-3.243269,3.883036,-7.33863,-3.455594,3.883036,-7.116186,-3.23315,5.652391,2.0,publish
bybit_perp,RENUSDT,20250204,1593,0.983992,5.794087,-10.110891,-4.316804,5.794087,-12.31648,-6.522393,5.784457,-10.041561,-4.257105,5.784457,-11.815721,-6.031264,11.249993,2.0,publish
bybit_perp,RENUSDT,20250207,1313,0.981569,5.230286,-12.20303,-6.972745,5.230286,-12.430491,-7.200205,5.241541,-12.242001,-7.00046,5.241541,-12.583837,-7.342296,9.056474,2.0,publish
bybit_perp,RENUSDT,20250210,680,0.989559,5.019922,-10.161943,-5.14202,5.019922,-10.74446,-5.724538,5.021172,-10.1535,-5.132328,5.021172,-10.694663,-5.673491,5.940714,2.0,publish
bybit_perp,RENUSDT,20250213,1542,0.987938,3.765883,-9.932423,-6.16654,3.765883,-8.871875,-5.105993,3.775974,-9.988113,-6.212139,3.775974,-8.965271,-5.189296,9.917177,2.0,publish
bybit_perp,RENUSDT,20250216,793,0.989912,3.585441,-8.927285,-5.341844,3.585441,-10.001252,-6.415811,3.595532,-8.964127,-5.368594,3.595532,-10.111576,-6.516044,4.943336,2.0,publish
bybit_perp,RENUSDT,20250219,813,0.984994,4.535777,-8.950012,-4.414236,4.535777,-9.060285,-4.524509,4.516818,-9.009674,-4.492856,4.516818,-9.078127,-4.561309,5.908334,2.0,publish
bybit_perp,RENUSDT,20250222,109,1.0,8.448471,-6.549991,1.89848,8.448471,-5.997675,2.450796,8.448471,-6.549991,1.89848,8.448471,-5.997675,2.450796,3.957443,2.0,publish
bybit_perp,RENUSDT,20250225,844,0.989336,6.826844,-8.949668,-2.122824,6.826844,-10.157216,-3.330372,6.82202,-8.947518,-2.125498,6.82202,-10.120727,-3.298707,7.588771,2.0,publish
bybit_perp,RENUSDT,20250228,1140,0.977544,9.220573,-8.359212,0.861361,9.220573,-6.858357,2.362216,9.278089,-8.380873,0.897216,9.278089,-6.977865,2.300224,7.523728,2.0,publish
bybit_perp,RENUSDT,20250303,807,0.989219,9.843985,-8.270578,1.573408,9.843985,-6.792059,3.051926,9.865577,-8.286709,1.578867,9.865577,-6.763387,3.102189,7.849117,2.0,publish
bybit_perp,RENUSDT,20250306,171,0.995906,10.714776,-8.473682,2.241094,10.714776,-9.543848,1.170928,10.724536,-8.508512,2.216024,10.724536,-9.44595,1.278586,6.234609,2.0,publish
bybit_perp,STMXUSDT,20230401,213,1.0,5.12323,-7.842537,-2.719306,5.12323,-7.335102,-2.211872,5.12323,-7.842537,-2.719306,5.12323,-7.335102,-2.211872,4.837847,2.0,publish
bybit_perp,STMXUSDT,20230404,171,1.0,4.491022,-5.363048,-0.872026,4.491022,-4.578854,-0.087832,4.491022,-5.363048,-0.872026,4.491022,-4.578854,-0.087832,3.994292,2.0,publish
bybit_perp,STMXUSDT,20230407,253,1.0,4.318525,-5.98623,-1.667705,4.318525,-6.961257,-2.642732,4.318525,-5.98623,-1.667705,4.318525,-6.961257,-2.642732,3.73266,2.0,publish
bybit_perp,STMXUSDT,20230410,284,1.0,4.337329,-4.655058,-0.317729,4.337329,-4.558812,-0.221483,4.337329,-4.655058,-0.317729,4.337329,-4.558812,-0.221483,3.064734,2.0,publish
bybit_perp,STMXUSDT,20230413,171,1.0,4.298957,-7.522062,-3.223105,4.298957,-8.328384,-4.029427,4.298957,-7.522062,-3.223105,4.298957,-8.328384,-4.029427,4.245401,2.0,publish
bybit_perp,STMXUSDT,20230416,432,1.0,4.357325,-5.73339,-1.376065,4.357325,-6.197726,-1.840401,4.357325,-5.73339,-1.376065,4.357325,-6.197726,-1.840401,4.349085,2.0,publish
bybit_perp,STMXUSDT,20230419,655,1.0,4.645596,-7.460095,-2.814499,4.645596,-5.043058,-0.397462,4.645596,-7.460095,-2.814499,4.645596,-5.043058,-0.397462,6.419205,2.0,publish
bybit_perp,STMXUSDT,20230422,251,1.0,4.776921,-6.504874,-1.727953,4.776921,-7.917034,-3.140113,4.776921,-6.504874,-1.727953,4.776921,-7.917034,-3.140113,4.60275,2.0,publish
bybit_perp,STMXUSDT,20230425,558,1.0,4.690698,-6.500313,-1.809615,4.690698,-6.990884,-2.300187,4.690698,-6.500313,-1.809615,4.690698,-6.990884,-2.300187,5.975619,2.0,publish
bybit_perp,STMXUSDT,20230428,1555,1.0,4.812014,-4.397068,0.414946,4.812014,-4.025475,0.786539,4.812014,-4.397068,0.414946,4.812014,-4.025475,0.786539,6.698531,2.0,publish
bybit_perp,STMXUSDT,20230501,305,1.0,4.992341,-5.993282,-1.000942,4.992341,-6.934407,-1.942067,4.992341,-5.993282,-1.000942,4.992341,-6.934407,-1.942067,4.101282,2.0,publish
bybit_perp,STMXUSDT,20230504,246,1.0,4.749043,-5.713273,-0.96423,4.749043,-6.313421,-1.564378,4.749043,-5.713273,-0.96423,4.749043,-6.313421,-1.564378,3.3371,2.0,publish
bybit_perp,STMXUSDT,20230507,4727,1.0,4.821507,-4.348676,0.47283,4.821507,-4.898945,-0.077438,4.821507,-4.348676,0.47283,4.821507,-4.898945,-0.077438,10.244145,2.0,publish
bybit_perp,STMXUSDT,20230510,594,1.0,5.595861,-6.904278,-1.308417,5.595861,-5.635008,-0.039147,5.595861,-6.904278,-1.308417,5.595861,-5.635008,-0.039147,5.845877,2.0,publish
bybit_perp,STMXUSDT,20230513,377,1.0,5.606123,-6.178963,-0.57284,5.606123,-6.784373,-1.17825,5.606123,-6.178963,-0.57284,5.606123,-6.784373,-1.17825,4.3338,2.0,publish
bybit_perp,STMXUSDT,20230516,218,1.0,5.627487,-7.274169,-1.646682,5.627487,-7.627489,-2.000001,5.627487,-7.274169,-1.646682,5.627487,-7.627489,-2.000001,3.444569,2.0,publish
bybit_perp,STMXUSDT,20230519,138,1.0,5.581281,-7.82218,-2.2409,5.581281,-8.097812,-2.516532,5.581281,-7.82218,-2.2409,5.581281,-8.097812,-2.516532,4.22802,2.0,publish
bybit_perp,STMXUSDT,20230522,112,1.0,5.966856,-9.29072,-3.323864,5.966856,-12.030183,-6.063327,5.966856,-9.29072,-3.323864,5.966856,-12.030183,-6.063327,3.604856,2.0,publish
bybit_perp,STMXUSDT,20230525,121,1.0,5.991647,-6.57125,-0.579602,5.991647,-6.043619,-0.051972,5.991647,-6.57125,-0.579602,5.991647,-6.043619,-0.051972,4.169571,2.0,publish
bybit_perp,STMXUSDT,20230528,190,1.0,5.853961,-5.464525,0.389437,5.853961,-5.120548,0.733413,5.853961,-5.464525,0.389437,5.853961,-5.120548,0.733413,2.853876,2.0,publish
bybit_perp,STMXUSDT,20230531,100,1.0,5.849907,-7.832335,-1.982427,5.849907,-7.731295,-1.881388,5.849907,-7.832335,-1.982427,5.849907,-7.731295,-1.881388,3.291795,2.0,publish
bybit_perp,STMXUSDT,20230603,75,1.0,5.912691,-7.839562,-1.926871,5.912691,-6.990511,-1.07782,5.912691,-7.839562,-1.926871,5.912691,-6.990511,-1.07782,2.595291,2.0,publish
bybit_perp,STMXUSDT,20230606,109,1.0,6.559217,-9.415378,-2.856161,6.559217,-10.751409,-4.192192,6.559217,-9.415378,-2.856161,6.559217,-10.751409,-4.192192,3.911315,2.0,publish
bybit_perp,STMXUSDT,20230609,389,1.0,6.409943,-5.927562,0.482381,6.409943,-6.013197,0.396746,6.409943,-5.927562,0.482381,6.409943,-6.013197,0.396746,4.366506,2.0,publish
bybit_perp,STMXUSDT,20230612,128,1.0,7.629841,-8.01326,-0.383419,7.629841,-5.559137,2.070704,7.629841,-8.01326,-0.383419,7.629841,-5.559137,2.070704,5.921287,2.0,publish
bybit_perp,STMXUSDT,20230615,127,1.0,8.102063,-10.228757,-2.126694,8.102063,-9.894906,-1.792844,8.102063,-10.228757,-2.126694,8.102063,-9.894906,-1.792844,4.306531,2.0,publish
bybit_perp,STMXUSDT,20230618,84,1.0,8.195268,-9.065043,-0.869774,8.195268,-8.533989,-0.338721,8.195268,-9.065043,-0.869774,8.195268,-8.533989,-0.338721,3.917674,2.0,publish
bybit_perp,STMXUSDT,20230621,110,1.0,7.54811,-9.214106,-1.665995,7.54811,-8.432455,-0.884345,7.54811,-9.214106,-1.665995,7.54811,-8.432455,-0.884345,4.804042,2.0,publish
bybit_perp,STMXUSDT,20230624,107,1.0,7.307592,-8.767195,-1.459603,7.307592,-9.474179,-2.166587,7.307592,-8.767195,-1.459603,7.307592,-9.474179,-2.166587,4.24527,2.0,publish
bybit_perp,STMXUSDT,20230627,74,1.0,8.16903,-10.654467,-2.485438,8.16903,-6.922294,1.246735,8.16903,-10.654467,-2.485438,8.16903,-6.922294,1.246735,3.789211,2.0,publish
bybit_perp,STMXUSDT,20230630,150,1.0,8.30037,-11.582605,-3.282235,8.30037,-11.026767,-2.726397,8.30037,-11.582605,-3.282235,8.30037,-11.026767,-2.726397,6.303567,2.0,publish
bybit_perp,STMXUSDT,20230703,126,1.0,6.965132,-7.802165,-0.837032,6.965132,-8.242921,-1.277788,6.965132,-7.802165,-0.837032,6.965132,-8.242921,-1.277788,3.879064,2.0,publish
bybit_perp,STMXUSDT,20230706,203,1.0,7.11354,-8.909121,-1.795581,7.11354,-8.665593,-1.552053,7.11354,-8.909121,-1.795581,7.11354,-8.665593,-1.552053,5.164858,2.0,publish
bybit_perp,STMXUSDT,20230709,130,1.0,6.897244,-10.211269,-3.314025,6.897244,-9.640204,-2.74296,6.897244,-10.211269,-3.314025,6.897244,-9.640204,-2.74296,3.622577,2.0,publish
bybit_perp,STMXUSDT,20230712,367,1.0,6.128335,-6.652575,-0.52424,6.128335,-6.839166,-0.710831,6.128335,-6.652575,-0.52424,6.128335,-6.839166,-0.710831,3.934921,2.0,publish
bybit_perp,STMXUSDT,20230715,217,1.0,5.857078,-8.337458,-2.48038,5.857078,-7.947723,-2.090645,5.857078,-8.337458,-2.48038,5.857078,-7.947723,-2.090645,4.175126,2.0,publish
bybit_perp,STMXUSDT,20230718,3882,1.0,5.521388,-3.971064,1.550324,5.521388,-3.681347,1.840041,5.521388,-3.971064,1.550324,5.521388,-3.681347,1.840041,11.899565,2.0,publish
bybit_perp,STMXUSDT,20230721,6424,1.0,4.434216,-4.999348,-0.565132,4.434216,-5.381409,-0.947193,4.434216,-4.999348,-0.565132,4.434216,-5.381409,-0.947193,15.220534,2.0,publish
bybit_perp,STMXUSDT,20230724,10304,1.0,3.938174,-5.110445,-1.172271,3.938174,-5.690522,-1.752348,3.938174,-5.110445,-1.172271,3.938174,-5.690522,-1.752348,14.03591,2.0,publish
bybit_perp,STMXUSDT,20230727,913,1.0,4.383338,-5.028365,-0.645027,4.383338,-4.523151,-0.139812,4.383338,-5.028365,-0.645027,4.383338,-4.523151,-0.139812,6.084371,2.0,publish
bybit_perp,STMXUSDT,20230730,8633,1.0,3.482354,-3.928448,-0.446095,3.482354,-3.617647,-0.135293,3.482354,-3.928448,-0.446095,3.482354,-3.617647,-0.135293,10.421989,2.0,publish
bybit_perp,STMXUSDT,20230802,2458,1.0,3.945097,-5.087022,-1.141925,3.945097,-4.129834,-0.184738,3.945097,-5.087022,-1.141925,3.945097,-4.129834,-0.184738,8.850088,2.0,publish
bybit_perp,STMXUSDT,20230805,2409,1.0,3.569222,-5.168421,-1.599199,3.569222,-4.885466,-1.316244,3.569222,-5.168421,-1.599199,3.569222,-4.885466,-1.316244,7.489588,2.0,publish
bybit_perp,STMXUSDT,20230808,780,1.0,3.712951,-5.146699,-1.433747,3.712951,-4.367659,-0.654707,3.712951,-5.146699,-1.433747,3.712951,-4.367659,-0.654707,4.328055,2.0,publish
bybit_perp,STMXUSDT,20230811,1964,1.0,3.631337,-5.165146,-1.533809,3.631337,-3.882449,-0.251112,3.631337,-5.165146,-1.533809,3.631337,-3.882449,-0.251112,7.847415,2.0,publish
bybit_perp,STMXUSDT,20230814,257,1.0,3.733657,-4.890656,-1.156998,3.733657,-4.688201,-0.954544,3.733657,-4.890656,-1.156998,3.733657,-4.688201,-0.954544,2.944179,2.0,publish
bybit_perp,STMXUSDT,20230817,950,1.0,5.171936,-8.572415,-3.400479,5.171936,-15.198244,-10.026308,5.171936,-8.572415,-3.400479,5.171936,-15.198244,-10.026308,10.797214,2.0,publish
bybit_perp,STMXUSDT,20230820,235,1.0,4.740916,-8.337195,-3.596279,4.740916,-5.992221,-1.251305,4.740916,-8.337195,-3.596279,4.740916,-5.992221,-1.251305,4.580573,2.0,publish
bybit_perp,STMXUSDT,20230823,583,1.0,4.738958,-7.21636,-2.477402,4.738958,-6.563677,-1.824719,4.738958,-7.21636,-2.477402,4.738958,-6.563677,-1.824719,4.766969,2.0,publish
bybit_perp,STMXUSDT,20230826,139,1.0,4.802591,-6.644275,-1.841684,4.802591,-7.894672,-3.092081,4.802591,-6.644275,-1.841684,4.802591,-7.894672,-3.092081,3.228549,2.0,publish
bybit_perp,STMXUSDT,20230829,323,1.0,4.944666,-5.827592,-0.882926,4.944666,-7.558011,-2.613345,4.944666,-5.827592,-0.882926,4.944666,-7.558011,-2.613345,4.704812,2.0,publish
bybit_perp,STMXUSDT,20230901,224,1.0,5.313265,-10.62402,-5.310755,5.313265,-12.744892,-7.431628,5.313265,-10.62402,-5.310755,5.313265,-12.744892,-7.431628,4.855078,2.0,publish
bybit_perp,STMXUSDT,20230904,382,1.0,5.068251,-6.648282,-1.580032,5.068251,-6.525855,-1.457605,5.068251,-6.648282,-1.580032,5.068251,-6.525855,-1.457605,5.010183,2.0,publish
bybit_perp,STMXUSDT,20230907,106,1.0,5.233834,-7.904575,-2.670742,5.233834,-8.392559,-3.158725,5.233834,-7.904575,-2.670742,5.233834,-8.392559,-3.158725,2.888016,2.0,publish
bybit_perp,STMXUSDT,20230910,247,1.0,5.297938,-6.577094,-1.279156,5.297938,-6.365906,-1.067968,5.297938,-6.577094,-1.279156,5.297938,-6.365906,-1.067968,4.159082,2.0,publish
bybit_perp,STMXUSDT,20230913,107,1.0,5.390331,-7.253767,-1.863437,5.390331,-6.811673,-1.421342,5.390331,-7.253767,-1.863437,5.390331,-6.811673,-1.421342,3.951039,2.0,publish
bybit_perp,STMXUSDT,20230916,3747,1.0,3.613002,-6.302154,-2.689152,3.613002,-6.109437,-2.496435,3.613002,-6.302154,-2.689152,3.613002,-6.109437,-2.496435,14.020215,2.0,publish
bybit_perp,STMXUSDT,20230919,2441,1.0,3.864901,-5.644915,-1.780015,3.864901,-4.656157,-0.791256,3.864901,-5.644915,-1.780015,3.864901,-4.656157,-0.791256,11.743803,2.0,publish
bybit_perp,STMXUSDT,20230922,1026,1.0,3.852535,-6.125445,-2.27291,3.852535,-6.675544,-2.823009,3.852535,-6.125445,-2.27291,3.852535,-6.675544,-2.823009,8.422349,2.0,publish
bybit_perp,STMXUSDT,20230925,952,1.0,3.847984,-5.651695,-1.803711,3.847984,-6.076655,-2.22867,3.847984,-5.651695,-1.803711,3.847984,-6.076655,-2.22867,7.42246,2.0,publish
bybit_perp,STMXUSDT,20230928,417,1.0,3.533661,-5.163243,-1.629583,3.533661,-4.114488,-0.580828,3.533661,-5.163243,-1.629583,3.533661,-4.114488,-0.580828,5.470138,2.0,publish
bybit_perp,STMXUSDT,20231001,700,1.0,3.646526,-5.337392,-1.690866,3.646526,-5.779357,-2.132831,3.646526,-5.337392,-1.690866,3.646526,-5.779357,-2.132831,6.046518,2.0,publish
bybit_perp,STMXUSDT,20231004,369,1.0,4.039464,-6.011286,-1.971822,4.039464,-7.378763,-3.339299,4.039464,-6.011286,-1.971822,4.039464,-7.378763,-3.339299,5.031738,2.0,publish
bybit_perp,STMXUSDT,20231007,470,1.0,3.60317,-7.326991,-3.723821,3.60317,-5.985476,-2.382306,3.60317,-7.326991,-3.723821,3.60317,-5.985476,-2.382306,5.024578,2.0,publish
bybit_perp,STMXUSDT,20231010,178,1.0,3.951703,-6.215085,-2.263382,3.951703,-4.654368,-0.702665,3.951703,-6.215085,-2.263382,3.951703,-4.654368,-0.702665,4.126977,2.0,publish
bybit_perp,STMXUSDT,20231013,295,1.0,3.859843,-6.631403,-2.77156,3.859843,-6.113105,-2.253261,3.859843,-6.631403,-2.77156,3.859843,-6.113105,-2.253261,4.12538,2.0,publish
bybit_perp,STMXUSDT,20231016,788,1.0,3.790514,-5.158321,-1.367807,3.790514,-4.011987,-0.221473,3.790514,-5.158321,-1.367807,3.790514,-4.011987,-0.221473,4.516653,2.0,publish
bybit_perp,STMXUSDT,20231019,388,1.0,3.922412,-5.826149,-1.903737,3.922412,-5.448967,-1.526555,3.922412,-5.826149,-1.903737,3.922412,-5.448967,-1.526555,5.311274,2.0,publish
bybit_perp,STMXUSDT,20231022,269,1.0,3.905495,-5.488053,-1.582558,3.905495,-5.828678,-1.923183,3.905495,-5.488053,-1.582558,3.905495,-5.828678,-1.923183,3.76902,2.0,publish
bybit_perp,STMXUSDT,20231025,499,1.0,3.59783,-4.372092,-0.774261,3.59783,-3.869408,-0.271578,3.59783,-4.372092,-0.774261,3.59783,-3.869408,-0.271578,5.300738,2.0,publish
bybit_perp,STMXUSDT,20231028,572,1.0,3.483583,-5.349259,-1.865676,3.483583,-5.867318,-2.383736,3.483583,-5.349259,-1.865676,3.483583,-5.867318,-2.383736,4.423619,2.0,publish
bybit_perp,STMXUSDT,20231031,1631,1.0,3.31876,-5.674184,-2.355424,3.31876,-6.088177,-2.769417,3.31876,-5.674184,-2.355424,3.31876,-6.088177,-2.769417,8.229016,2.0,publish
bybit_perp,STMXUSDT,20231103,1352,1.0,3.116184,-5.077758,-1.961574,3.116184,-5.30945,-2.193266,3.116184,-5.077758,-1.961574,3.116184,-5.30945,-2.193266,5.847259,2.0,publish
bybit_perp,STMXUSDT,20231106,753,1.0,3.022321,-4.501237,-1.478915,3.022321,-3.636589,-0.614267,3.022321,-4.501237,-1.478915,3.022321,-3.636589,-0.614267,5.011682,2.0,publish
bybit_perp,STMXUSDT,20231109,1777,1.0,3.78405,1.02847,4.81252,3.78405,-0.647194,3.136856,3.78405,1.02847,4.81252,3.78405,-0.647194,3.136856,16.331386,2.0,publish
bybit_perp,STMXUSDT,20231112,2259,1.0,2.841435,-5.381004,-2.539569,2.841435,-5.903225,-3.061789,2.841435,-5.381004,-2.539569,2.841435,-5.903225,-3.061789,9.512919,2.0,publish
bybit_perp,STMXUSDT,20231115,1291,1.0,2.95939,-4.728381,-1.768991,2.95939,-5.156439,-2.197049,2.95939,-4.728381,-1.768991,2.95939,-5.156439,-2.197049,5.715084,2.0,publish
bybit_perp,STMXUSDT,20231118,727,1.0,3.166273,-5.843507,-2.677234,3.166273,-6.036341,-2.870068,3.166273,-5.843507,-2.677234,3.166273,-6.036341,-2.870068,5.03339,2.0,publish
bybit_perp,STMXUSDT,20231121,1065,1.0,3.33877,-5.34139,-2.00262,3.33877,-5.017477,-1.678707,3.33877,-5.34139,-2.00262,3.33877,-5.017477,-1.678707,6.52632,2.0,publish
bybit_perp,STMXUSDT,20231124,375,1.0,3.314148,-4.705444,-1.391297,3.314148,-5.152082,-1.837935,3.314148,-4.705444,-1.391297,3.314148,-5.152082,-1.837935,3.445207,2.0,publish
bybit_perp,STMXUSDT,20231127,519,1.0,3.283569,-4.947967,-1.664398,3.283569,-5.050805,-1.767236,3.283569,-4.947967,-1.664398,3.283569,-5.050805,-1.767236,4.27267,2.0,publish
bybit_perp,STMXUSDT,20231130,696,1.0,3.625178,-8.887068,-5.26189,3.625178,-8.977771,-5.352592,3.625178,-8.887068,-5.26189,3.625178,-8.977771,-5.352592,7.464073,2.0,publish
bybit_perp,STMXUSDT,20231203,219,1.0,3.15227,-4.697262,-1.544992,3.15227,-5.617977,-2.465707,3.15227,-4.697262,-1.544992,3.15227,-5.617977,-2.465707,3.192124,2.0,publish
bybit_perp,STMXUSDT,20231206,1089,1.0,1.3697,-2.895023,-1.525323,1.3697,-2.756721,-1.387021,1.3697,-2.895023,-1.525323,1.3697,-2.756721,-1.387021,5.823999,2.0,publish
bybit_perp,STMXUSDT,20231209,2465,1.0,2.519579,-3.578948,-1.059368,2.519579,-3.3257,-0.806121,2.519579,-3.578948,-1.059368,2.519579,-3.3257,-0.806121,12.268889,2.0,publish
bybit_perp,STMXUSDT,20231212,825,1.0,1.878968,-3.904329,-2.025361,1.878968,-3.63683,-1.757862,1.878968,-3.904329,-2.025361,1.878968,-3.63683,-1.757862,4.676465,2.0,publish
bybit_perp,STMXUSDT,20231215,464,1.0,1.358372,-3.815039,-2.456667,1.358372,-4.004443,-2.646071,1.358372,-3.815039,-2.456667,1.358372,-4.004443,-2.646071,3.474294,2.0,publish
bybit_perp,STMXUSDT,20231218,535,1.0,2.655214,-4.505265,-1.850051,2.655214,-3.915478,-1.260264,2.655214,-4.505265,-1.850051,2.655214,-3.915478,-1.260264,5.024463,2.0,publish
bybit_perp,STMXUSDT,20231221,340,1.0,1.787534,-3.411629,-1.624095,1.787534,-4.169796,-2.382262,1.787534,-3.411629,-1.624095,1.787534,-4.169796,-2.382262,3.665583,2.0,publish
bybit_perp,STMXUSDT,20231224,560,1.0,1.850618,-4.096271,-2.245653,1.850618,-4.878847,-3.028229,1.850618,-4.096271,-2.245653,1.850618,-4.878847,-3.028229,4.203482,2.0,publish
bybit_perp,STMXUSDT,20231227,660,1.0,1.142626,-3.207072,-2.064446,1.142626,-3.45928,-2.316654,1.142626,-3.207072,-2.064446,1.142626,-3.45928,-2.316654,3.783835,2.0,publish
bybit_perp,STMXUSDT,20231230,673,1.0,1.066888,-2.916895,-1.850007,1.066888,-3.177731,-2.110843,1.066888,-2.916895,-1.850007,1.066888,-3.177731,-2.110843,2.937508,2.0,publish
bybit_perp,STMXUSDT,20240102,765,1.0,1.16446,-2.358027,-1.193568,1.16446,-2.377546,-1.213086,1.16446,-2.358027,-1.193568,1.16446,-2.377546,-1.213086,3.279817,2.0,publish
bybit_perp,STMXUSDT,20240105,1237,1.0,1.5024,-4.350211,-2.84781,1.5024,-5.001189,-3.498789,1.5024,-4.350211,-2.84781,1.5024,-5.001189,-3.498789,5.677625,2.0,publish
bybit_perp,STMXUSDT,20240108,1342,1.0,1.994014,-4.436537,-2.442523,1.994014,-4.021009,-2.026995,1.994014,-4.436537,-2.442523,1.994014,-4.021009,-2.026995,6.446326,2.0,publish
bybit_perp,STMXUSDT,20240111,1741,1.0,1.975154,-3.667977,-1.692823,1.975154,-3.611193,-1.63604,1.975154,-3.667977,-1.692823,1.975154,-3.611193,-1.63604,6.412918,2.0,publish
bybit_perp,STMXUSDT,20240114,876,1.0,1.461295,-4.147908,-2.686612,1.461295,-5.023373,-3.562077,1.461295,-4.147908,-2.686612,1.461295,-5.023373,-3.562077,3.90576,2.0,publish
bybit_perp,STMXUSDT,20240117,739,1.0,1.250361,-3.822546,-2.572185,1.250361,-4.103944,-2.853582,1.250361,-3.822546,-2.572185,1.250361,-4.103944,-2.853582,3.143211,2.0,publish
bybit_perp,STMXUSDT,20240120,891,1.0,1.042614,-3.932746,-2.890132,1.042614,-4.023984,-2.981371,1.042614,-3.932746,-2.890132,1.042614,-4.023984,-2.981371,2.843276,2.0,publish
bybit_perp,STMXUSDT,20240123,1089,1.0,1.656815,-3.850291,-2.193476,1.656815,-3.822179,-2.165363,1.656815,-3.850291,-2.193476,1.656815,-3.822179,-2.165363,5.273117,2.0,publish
bybit_perp,STMXUSDT,20240126,778,1.0,1.08254,-3.127787,-2.045247,1.08254,-3.500443,-2.417903,1.08254,-3.127787,-2.045247,1.08254,-3.500443,-2.417903,2.919123,2.0,publish
bybit_perp,STMXUSDT,20240129,1122,1.0,1.122943,-3.147816,-2.024873,1.122943,-3.199082,-2.076139,1.122943,-3.147816,-2.024873,1.122943,-3.199082,-2.076139,3.14786,2.0,publish
bybit_perp,STMXUSDT,20240201,760,1.0,1.685617,-3.38831,-1.702693,1.685617,-3.401708,-1.716091,1.685617,-3.38831,-1.702693,1.685617,-3.401708,-1.716091,3.46537,2.0,publish
bybit_perp,STMXUSDT,20240204,648,1.0,1.133044,-3.310882,-2.177838,1.133044,-3.325878,-2.192834,1.133044,-3.310882,-2.177838,1.133044,-3.325878,-2.192834,2.771672,2.0,publish
bybit_perp,STMXUSDT,20240207,683,1.0,1.570816,-2.623681,-1.052865,1.570816,-2.810708,-1.239892,1.570816,-2.623681,-1.052865,1.570816,-2.810708,-1.239892,2.377701,2.0,publish
bybit_perp,STMXUSDT,20240210,511,1.0,1.06212,-2.729407,-1.667287,1.06212,-2.610062,-1.547942,1.06212,-2.729407,-1.667287,1.06212,-2.610062,-1.547942,1.980435,2.0,publish
bybit_perp,STMXUSDT,20240213,917,1.0,1.186198,-3.176876,-1.990678,1.186198,-3.599102,-2.412904,1.186198,-3.176876,-1.990678,1.186198,-3.599102,-2.412904,2.814436,2.0,publish
bybit_perp,STMXUSDT,20240216,1511,1.0,1.544855,-3.347266,-1.802412,1.544855,-3.762126,-2.217272,1.544855,-3.347266,-1.802412,1.544855,-3.762126,-2.217272,4.13004,2.0,publish
bybit_perp,STMXUSDT,20240219,1248,1.0,1.374019,-2.877552,-1.503533,1.374019,-2.873541,-1.499522,1.374019,-2.877552,-1.503533,1.374019,-2.873541,-1.499522,3.308104,2.0,publish
bybit_perp,STMXUSDT,20240222,1697,1.0,1.405329,-3.657884,-2.252555,1.405329,-4.015758,-2.610428,1.405329,-3.657884,-2.252555,1.405329,-4.015758,-2.610428,6.155231,2.0,publish
bybit_perp,STMXUSDT,20240225,1133,1.0,0.967794,-2.720023,-1.752229,0.967794,-2.858038,-1.890245,0.967794,-2.720023,-1.752229,0.967794,-2.858038,-1.890245,2.762024,2.0,publish
bybit_perp,STMXUSDT,20240228,1440,1.0,2.156908,-2.999551,-0.842643,2.156908,-3.065929,-0.909021,2.156908,-2.999551,-0.842643,2.156908,-3.065929,-0.909021,7.180893,2.0,publish
bybit_perp,STMXUSDT,20240302,2421,1.0,1.644288,-3.8614,-2.217112,1.644288,-3.383714,-1.739427,1.644288,-3.8614,-2.217112,1.644288,-3.383714,-1.739427,8.337382,2.0,publish
bybit_perp,STMXUSDT,20240305,2614,1.0,2.727223,-5.235287,-2.508065,2.727223,-5.020813,-2.29359,2.727223,-5.235287,-2.508065,2.727223,-5.020813,-2.29359,12.885036,2.0,publish
bybit_perp,STMXUSDT,20240308,996,1.0,2.367569,-4.561263,-2.193695,2.367569,-6.755555,-4.387987,2.367569,-4.561263,-2.193695,2.367569,-6.755555,-4.387987,7.425648,2.0,publish
bybit_perp,STMXUSDT,20240311,1765,1.0,1.342586,-2.89547,-1.552884,1.342586,-3.01035,-1.667764,1.342586,-2.89547,-1.552884,1.342586,-3.01035,-1.667764,6.099608,2.0,publish
bybit_perp,STMXUSDT,20240314,1492,1.0,1.755078,-3.607452,-1.852373,1.755078,-3.061953,-1.306875,1.755078,-3.607452,-1.852373,1.755078,-3.061953,-1.306875,7.114181,2.0,publish
bybit_perp,STMXUSDT,20240317,1237,1.0,2.403012,-4.213281,-1.810269,2.403012,-3.763507,-1.360495,2.403012,-4.213281,-1.810269,2.403012,-3.763507,-1.360495,6.830914,2.0,publish
bybit_perp,STMXUSDT,20240320,1230,1.0,2.595326,-4.52357,-1.928244,2.595326,-4.951959,-2.356633,2.595326,-4.52357,-1.928244,2.595326,-4.951959,-2.356633,7.989872,2.0,publish
bybit_perp,STMXUSDT,20240323,1201,1.0,1.194738,-2.139983,-0.945245,1.194738,-2.039669,-0.844931,1.194738,-2.139983,-0.945245,1.194738,-2.039669,-0.844931,4.341561,2.0,publish
bybit_perp,STMXUSDT,20240326,2564,1.0,2.503124,-3.771627,-1.268503,2.503124,-2.908731,-0.405607,2.503124,-3.771627,-1.268503,2.503124,-2.908731,-0.405607,11.841034,2.0,publish
bybit_perp,STMXUSDT,20240329,1382,1.0,0.834802,-2.853082,-2.01828,0.834802,-3.239512,-2.404711,0.834802,-2.853082,-2.01828,0.834802,-3.239512,-2.404711,4.432606,2.0,publish
bybit_perp,STMXUSDT,20240401,1242,1.0,1.678819,-3.774329,-2.09551,1.678819,-4.672859,-2.994039,1.678819,-3.774329,-2.09551,1.678819,-4.672859,-2.994039,5.885136,2.0,publish
bybit_perp,STMXUSDT,20240404,890,1.0,1.734488,-3.816613,-2.082125,1.734488,-4.057867,-2.323379,1.734488,-3.816613,-2.082125,1.734488,-4.057867,-2.323379,4.416346,2.0,publish
bybit_perp,STMXUSDT,20240407,670,1.0,1.073848,-3.050948,-1.9771,1.073848,-3.113043,-2.039195,1.073848,-3.050948,-1.9771,1.073848,-3.113043,-2.039195,3.099207,2.0,publish
bybit_perp,STMXUSDT,20240410,1446,1.0,1.074168,-3.04609,-1.971922,1.074168,-3.494637,-2.420469,1.074168,-3.04609,-1.971922,1.074168,-3.494637,-2.420469,4.866906,2.0,publish
bybit_perp,STMXUSDT,20240413,2401,1.0,4.72639,-11.326298,-6.599908,4.72639,-6.848674,-2.122284,4.72639,-11.326298,-6.599908,4.72639,-6.848674,-2.122284,20.208242,2.0,publish
bybit_perp,STMXUSDT,20240416,1119,1.0,1.775667,-3.635318,-1.859651,1.775667,-3.236028,-1.460361,1.775667,-3.635318,-1.859651,1.775667,-3.236028,-1.460361,7.934831,2.0,publish
bybit_perp,STMXUSDT,20240419,1628,1.0,2.274517,-3.632656,-1.35814,2.274517,-5.331801,-3.057284,2.274517,-3.632656,-1.35814,2.274517,-5.331801,-3.057284,8.483001,2.0,publish
bybit_perp,STMXUSDT,20240422,1211,1.0,1.10365,-2.843892,-1.740241,1.10365,-2.539904,-1.436254,1.10365,-2.843892,-1.740241,1.10365,-2.539904,-1.436254,4.897693,2.0,publish
bybit_perp,STMXUSDT,20240425,971,1.0,1.382476,-2.105884,-0.723408,1.382476,-2.154548,-0.772071,1.382476,-2.105884,-0.723408,1.382476,-2.154548,-0.772071,5.108664,2.0,publish
bybit_perp,STMXUSDT,20240428,1278,1.0,1.200341,-2.104983,-0.904642,1.200341,-0.961063,0.239278,1.200341,-2.104983,-0.904642,1.200341,-0.961063,0.239278,4.212178,2.0,publish
bybit_perp,STMXUSDT,20240501,1566,1.0,1.586975,-2.425574,-0.838599,1.586975,-4.223905,-2.63693,1.586975,-2.425574,-0.838599,1.586975,-4.223905,-2.63693,6.432539,2.0,publish
bybit_perp,STMXUSDT,20240504,1379,1.0,0.795407,-2.356991,-1.561584,0.795407,-2.381429,-1.586022,0.795407,-2.356991,-1.561584,0.795407,-2.381429,-1.586022,2.887658,2.0,publish
bybit_perp,STMXUSDT,20240507,1037,1.0,1.12282,-2.257848,-1.135029,1.12282,-2.170993,-1.048173,1.12282,-2.257848,-1.135029,1.12282,-2.170993,-1.048173,3.980013,2.0,publish
bybit_perp,STMXUSDT,20240510,712,1.0,1.546018,-2.747929,-1.201911,1.546018,-2.245066,-0.699049,1.546018,-2.747929,-1.201911,1.546018,-2.245066,-0.699049,4.253445,2.0,publish
bybit_perp,STMXUSDT,20240513,635,1.0,1.435432,-2.065942,-0.63051,1.435432,-1.829054,-0.393622,1.435432,-2.065942,-0.63051,1.435432,-1.829054,-0.393622,3.98974,2.0,publish
bybit_perp,STMXUSDT,20240516,732,1.0,1.009738,-2.501855,-1.492116,1.009738,-2.513812,-1.504074,1.009738,-2.501855,-1.492116,1.009738,-2.513812,-1.504074,3.506697,2.0,publish
bybit_perp,STMXUSDT,20240519,675,1.0,0.949984,-2.308795,-1.358811,0.949984,-2.214657,-1.264673,0.949984,-2.308795,-1.358811,0.949984,-2.214657,-1.264673,2.95485,2.0,publish
bybit_perp,STMXUSDT,20240522,6401,1.0,1.998788,-2.56987,-0.571082,1.998788,-1.848229,0.150559,1.998788,-2.56987,-0.571082,1.998788,-1.848229,0.150559,10.212715,2.0,publish
bybit_perp,STMXUSDT,20240525,1142,1.0,0.720282,-2.129142,-1.40886,0.720282,-2.246008,-1.525726,0.720282,-2.129142,-1.40886,0.720282,-2.246008,-1.525726,2.325618,2.0,publish
bybit_perp,STMXUSDT,20240528,1609,1.0,1.09735,-2.508274,-1.410924,1.09735,-2.111149,-1.013799,1.09735,-2.508274,-1.410924,1.09735,-2.111149,-1.013799,4.769855,2.0,publish
bybit_perp,STMXUSDT,20240531,1272,1.0,0.846819,-2.790926,-1.944107,0.846819,-2.864419,-2.0176,0.846819,-2.790926,-1.944107,0.846819,-2.864419,-2.0176,3.565845,2.0,publish
bybit_perp,STMXUSDT,20240603,1218,1.0,0.850474,-1.871894,-1.02142,0.850474,-1.610103,-0.759629,0.850474,-1.871894,-1.02142,0.850474,-1.610103,-0.759629,3.2354,2.0,publish
bybit_perp,STMXUSDT,20240606,639,1.0,0.851029,-1.977974,-1.126945,0.851029,-1.577825,-0.726795,0.851029,-1.977974,-1.126945,0.851029,-1.577825,-0.726795,2.243791,2.0,publish
bybit_perp,STMXUSDT,20240609,828,1.0,0.871779,-2.255199,-1.38342,0.871779,-2.310226,-1.438447,0.871779,-2.255199,-1.38342,0.871779,-2.310226,-1.438447,2.793923,2.0,publish
bybit_perp,STMXUSDT,20240612,1656,1.0,1.340708,-3.069269,-1.728561,1.340708,-1.7601,-0.419392,1.340708,-3.069269,-1.728561,1.340708,-1.7601,-0.419392,4.751889,2.0,publish
bybit_perp,STMXUSDT,20240615,945,1.0,0.909966,-2.437035,-1.527069,0.909966,-2.762177,-1.852211,0.909966,-2.437035,-1.527069,0.909966,-2.762177,-1.852211,2.690123,2.0,publish
bybit_perp,STMXUSDT,20240618,4371,1.0,2.305724,-3.986255,-1.680531,2.305724,-3.984784,-1.67906,2.305724,-3.986255,-1.680531,2.305724,-3.984784,-1.67906,10.137459,2.0,publish
bybit_perp,STMXUSDT,20240621,1870,1.0,1.313851,-3.184622,-1.870771,1.313851,-2.397459,-1.083608,1.313851,-3.184622,-1.870771,1.313851,-2.397459,-1.083608,4.949968,2.0,publish
bybit_perp,STMXUSDT,20240624,1852,1.0,1.840597,-3.529172,-1.688575,1.840597,-3.964151,-2.123554,1.840597,-3.529172,-1.688575,1.840597,-3.964151,-2.123554,7.050002,2.0,publish
bybit_perp,STMXUSDT,20240627,1466,1.0,1.317771,-2.758879,-1.441108,1.317771,-2.738402,-1.420632,1.317771,-2.758879,-1.441108,1.317771,-2.738402,-1.420632,4.08027,2.0,publish
bybit_perp,STMXUSDT,20240630,2377,1.0,1.225703,-3.475969,-2.250266,1.225703,-4.131803,-2.9061,1.225703,-3.475969,-2.250266,1.225703,-4.131803,-2.9061,4.415841,2.0,publish
bybit_perp,STMXUSDT,20240703,4032,1.0,2.195009,-3.723733,-1.528724,2.195009,-4.826273,-2.631264,2.195009,-3.723733,-1.528724,2.195009,-4.826273,-2.631264,9.376597,2.0,publish
bybit_perp,STMXUSDT,20240706,7052,1.0,2.093838,-3.777167,-1.683329,2.093838,-4.170698,-2.07686,2.093838,-3.777167,-1.683329,2.093838,-4.170698,-2.07686,10.790659,2.0,publish
bybit_perp,STMXUSDT,20240709,3554,1.0,1.824221,-3.664045,-1.839824,1.824221,-3.9904,-2.166179,1.824221,-3.664045,-1.839824,1.824221,-3.9904,-2.166179,8.227304,2.0,publish
bybit_perp,STMXUSDT,20240712,2911,1.0,1.323213,-2.762382,-1.439168,1.323213,-2.804755,-1.481541,1.323213,-2.762382,-1.439168,1.323213,-2.804755,-1.481541,5.082611,2.0,publish
bybit_perp,STMXUSDT,20240715,2372,1.0,1.091182,-2.44756,-1.356378,1.091182,-2.474875,-1.383693,1.091182,-2.44756,-1.356378,1.091182,-2.474875,-1.383693,3.540478,2.0,publish
bybit_perp,STMXUSDT,20240718,2205,1.0,1.155597,-2.795713,-1.640116,1.155597,-3.018582,-1.862985,1.155597,-2.795713,-1.640116,1.155597,-3.018582,-1.862985,3.774785,2.0,publish
bybit_perp,STMXUSDT,20240721,1912,1.0,1.158564,-2.388392,-1.229828,1.158564,-2.483168,-1.324603,1.158564,-2.388392,-1.229828,1.158564,-2.483168,-1.324603,3.565947,2.0,publish
bybit_perp,STMXUSDT,20240724,13574,1.0,1.740256,-2.075535,-0.33528,1.740256,-2.191846,-0.45159,1.740256,-2.075535,-0.33528,1.740256,-2.191846,-0.45159,12.109482,2.0,publish
bybit_perp,STMXUSDT,20240727,29821,1.0,1.051733,-1.716738,-0.665005,1.051733,-1.746542,-0.694809,1.051733,-1.716738,-0.665005,1.051733,-1.746542,-0.694809,13.207647,2.0,publish
bybit_perp,STMXUSDT,20240730,16477,1.0,0.94593,-2.515374,-1.569444,0.94593,-2.531589,-1.585658,0.94593,-2.515374,-1.569444,0.94593,-2.531589,-1.585658,11.310642,2.0,publish
bybit_perp,STMXUSDT,20240802,9210,1.0,0.881256,-2.519107,-1.637851,0.881256,-2.687701,-1.806444,0.881256,-2.519107,-1.637851,0.881256,-2.687701,-1.806444,9.62576,2.0,publish
bybit_perp,STMXUSDT,20240805,18451,1.0,1.913021,-3.142561,-1.229541,1.913021,-3.12413,-1.21111,1.913021,-3.142561,-1.229541,1.913021,-3.12413,-1.21111,18.892377,2.0,publish
bybit_perp,STMXUSDT,20240808,5894,1.0,1.065369,-2.232832,-1.167463,1.065369,-2.556055,-1.490685,1.065369,-2.232832,-1.167463,1.065369,-2.556055,-1.490685,7.191502,2.0,publish
bybit_perp,STMXUSDT,20240811,5600,1.0,0.891042,-2.086859,-1.195817,0.891042,-2.192332,-1.30129,0.891042,-2.086859,-1.195817,0.891042,-2.192332,-1.30129,4.558809,2.0,publish
bybit_perp,STMXUSDT,20240814,4054,1.0,1.035224,-2.388796,-1.353572,1.035224,-2.687994,-1.65277,1.035224,-2.388796,-1.353572,1.035224,-2.687994,-1.65277,4.753745,2.0,publish
bybit_perp,STMXUSDT,20240817,2373,1.0,0.988387,-2.775262,-1.786874,0.988387,-3.037147,-2.04876,0.988387,-2.775262,-1.786874,0.988387,-3.037147,-2.04876,3.660933,2.0,publish
bybit_perp,STMXUSDT,20240820,3090,1.0,0.996907,-2.640901,-1.643994,0.996907,-2.44966,-1.452753,0.996907,-2.640901,-1.643994,0.996907,-2.44966,-1.452753,4.301841,2.0,publish
bybit_perp,STMXUSDT,20240823,2565,1.0,0.999161,-2.368055,-1.368893,0.999161,-1.727891,-0.72873,0.999161,-2.368055,-1.368893,0.999161,-1.727891,-0.72873,4.364898,2.0,publish
bybit_perp,STMXUSDT,20240826,2519,1.0,1.041954,-2.85285,-1.810896,1.041954,-2.929542,-1.887588,1.041954,-2.85285,-1.810896,1.041954,-2.929542,-1.887588,4.303529,2.0,publish
bybit_perp,STMXUSDT,20240829,2914,1.0,1.117789,-2.594216,-1.476427,1.117789,-2.6663,-1.548512,1.117789,-2.594216,-1.476427,1.117789,-2.6663,-1.548512,4.728476,2.0,publish
bybit_perp,STMXUSDT,20240901,8818,1.0,1.101751,-2.13837,-1.036619,1.101751,-2.250323,-1.148572,1.101751,-2.13837,-1.036619,1.101751,-2.250323,-1.148572,7.360251,2.0,publish
bybit_perp,STMXUSDT,20240904,6603,1.0,1.184019,-3.10815,-1.924132,1.184019,-3.784014,-2.599995,1.184019,-3.10815,-1.924132,1.184019,-3.784014,-2.599995,8.450492,2.0,publish
bybit_perp,STMXUSDT,20240907,2360,1.0,1.002529,-2.402305,-1.399775,1.002529,-2.545255,-1.542725,1.002529,-2.402305,-1.399775,1.002529,-2.545255,-1.542725,4.374536,2.0,publish
bybit_perp,STMXUSDT,20240910,2525,1.0,0.933696,-2.177442,-1.243746,0.933696,-2.18593,-1.252235,0.933696,-2.177442,-1.243746,0.933696,-2.18593,-1.252235,3.592056,2.0,publish
bybit_perp,STMXUSDT,20240913,3783,1.0,1.07847,-2.701151,-1.622681,1.07847,-2.937345,-1.858874,1.07847,-2.701151,-1.622681,1.07847,-2.937345,-1.858874,6.273495,2.0,publish
bybit_perp,STMXUSDT,20240916,2741,1.0,0.966746,-1.930522,-0.963776,0.966746,-2.292429,-1.325683,0.966746,-1.930522,-0.963776,0.966746,-2.292429,-1.325683,3.508575,2.0,publish
bybit_perp,STMXUSDT,20240919,2222,1.0,0.94083,-1.886425,-0.945595,0.94083,-2.146261,-1.20543,0.94083,-1.886425,-0.945595,0.94083,-2.146261,-1.20543,3.122579,2.0,publish
bybit_perp,STMXUSDT,20240922,2398,1.0,0.923589,-2.430132,-1.506542,0.923589,-2.48393,-1.560341,0.923589,-2.430132,-1.506542,0.923589,-2.48393,-1.560341,3.796251,2.0,publish
bybit_perp,STMXUSDT,20240925,2768,1.0,0.885347,-2.595742,-1.710395,0.885347,-2.633499,-1.748151,0.885347,-2.595742,-1.710395,0.885347,-2.633499,-1.748151,4.175586,2.0,publish
bybit_perp,STMXUSDT,20240928,2690,1.0,0.908993,-2.738852,-1.829858,0.908993,-2.402649,-1.493656,0.908993,-2.738852,-1.829858,0.908993,-2.402649,-1.493656,4.776866,2.0,publish
bybit_perp,STMXUSDT,20241001,3419,1.0,1.169345,-2.889105,-1.71976,1.169345,-2.658516,-1.489171,1.169345,-2.889105,-1.71976,1.169345,-2.658516,-1.489171,6.973465,2.0,publish
bybit_perp,STMXUSDT,20241004,2271,1.0,0.969018,-2.293562,-1.324544,0.969018,-2.012936,-1.043918,0.969018,-2.293562,-1.324544,0.969018,-2.012936,-1.043918,4.165763,2.0,publish
bybit_perp,STMXUSDT,20241007,1931,1.0,0.98283,-2.184169,-1.201339,0.98283,-1.980861,-0.998031,0.98283,-2.184169,-1.201339,0.98283,-1.980861,-0.998031,3.660071,2.0,publish
bybit_perp,STMXUSDT,20241010,1980,1.0,1.03691,-2.425246,-1.388336,1.03691,-2.650747,-1.613837,1.03691,-2.425246,-1.388336,1.03691,-2.650747,-1.613837,4.141119,2.0,publish
bybit_perp,STMXUSDT,20241013,1596,1.0,1.023212,-2.434281,-1.411069,1.023212,-2.276596,-1.253384,1.023212,-2.434281,-1.411069,1.023212,-2.276596,-1.253384,2.974256,2.0,publish
bybit_perp,STMXUSDT,20241016,2489,1.0,1.032956,-2.537884,-1.504928,1.032956,-2.815613,-1.782657,1.032956,-2.537884,-1.504928,1.032956,-2.815613,-1.782657,3.953103,2.0,publish
bybit_perp,STMXUSDT,20241019,1165,1.0,0.938391,-2.109131,-1.17074,0.938391,-2.174268,-1.235877,0.938391,-2.109131,-1.17074,0.938391,-2.174268,-1.235877,2.039983,2.0,publish
bybit_perp,STMXUSDT,20241022,2116,1.0,0.976755,-2.218305,-1.24155,0.976755,-2.474725,-1.49797,0.976755,-2.218305,-1.24155,0.976755,-2.474725,-1.49797,3.38247,2.0,publish
bybit_perp,STMXUSDT,20241025,2316,1.0,1.327785,-1.745943,-0.418159,1.327785,-0.741538,0.586247,1.327785,-1.745943,-0.418159,1.327785,-0.741538,0.586247,5.466651,2.0,publish
bybit_perp,STMXUSDT,20241028,1673,1.0,1.063471,-2.959107,-1.895635,1.063471,-2.953154,-1.889682,1.063471,-2.959107,-1.895635,1.063471,-2.953154,-1.889682,3.938098,2.0,publish
bybit_perp,STMXUSDT,20241031,1708,1.0,1.041789,-2.415403,-1.373614,1.041789,-2.893368,-1.851579,1.041789,-2.415403,-1.373614,1.041789,-2.893368,-1.851579,3.497146,2.0,publish
bybit_perp,STMXUSDT,20241103,1574,1.0,1.12486,-2.600898,-1.476038,1.12486,-2.283639,-1.158779,1.12486,-2.600898,-1.476038,1.12486,-2.283639,-1.158779,4.642407,2.0,publish
bybit_perp,STMXUSDT,20241106,1512,1.0,1.190558,-2.658638,-1.46808,1.190558,-2.01239,-0.821832,1.190558,-2.658638,-1.46808,1.190558,-2.01239,-0.821832,4.492827,2.0,publish
bybit_perp,STMXUSDT,20241109,1033,1.0,1.068375,-3.210562,-2.142187,1.068375,-3.763392,-2.695017,1.068375,-3.210562,-2.142187,1.068375,-3.763392,-2.695017,3.422995,2.0,publish
bybit_perp,STMXUSDT,20241112,2980,1.0,1.718577,-4.503142,-2.784565,1.718577,-6.836407,-5.11783,1.718577,-4.503142,-2.784565,1.718577,-6.836407,-5.11783,10.656099,2.0,publish
bybit_perp,STMXUSDT,20241115,1625,1.0,1.093901,-3.429417,-2.335516,1.093901,-3.267077,-2.173176,1.093901,-3.429417,-2.335516,1.093901,-3.267077,-2.173176,5.801647,2.0,publish
bybit_perp,STMXUSDT,20241118,1849,1.0,0.95786,-3.56357,-2.605711,0.95786,-4.049658,-3.091798,0.95786,-3.56357,-2.605711,0.95786,-4.049658,-3.091798,5.117363,2.0,publish
bybit_perp,STMXUSDT,20241121,4965,1.0,0.95459,-3.153374,-2.198784,0.95459,-2.943647,-1.989058,0.95459,-3.153374,-2.198784,0.95459,-2.943647,-1.989058,6.383836,2.0,publish
bybit_perp,STMXUSDT,20241124,6055,1.0,0.98622,-3.369208,-2.382988,0.98622,-4.057006,-3.070786,0.98622,-3.369208,-2.382988,0.98622,-4.057006,-3.070786,8.010859,2.0,publish
bybit_perp,STMXUSDT,20241127,5735,1.0,0.995836,-3.056187,-2.060351,0.995836,-3.055978,-2.060142,0.995836,-3.056187,-2.060351,0.995836,-3.055978,-2.060142,7.266476,2.0,publish
bybit_perp,STMXUSDT,20241130,3305,1.0,0.907897,-2.418259,-1.510363,0.907897,-2.293937,-1.386041,0.907897,-2.418259,-1.510363,0.907897,-2.293937,-1.386041,3.679433,2.0,publish
bybit_perp,STMXUSDT,20241203,5310,1.0,1.546815,-3.796809,-2.249994,1.546815,-3.882298,-2.335482,1.546815,-3.796809,-2.249994,1.546815,-3.882298,-2.335482,8.524522,2.0,publish
bybit_perp,STMXUSDT,20241206,4588,1.0,1.497758,-3.341965,-1.844207,1.497758,-2.845129,-1.347371,1.497758,-3.341965,-1.844207,1.497758,-2.845129,-1.347371,8.211414,2.0,publish
bybit_perp,STMXUSDT,20241209,3900,1.0,2.539391,-5.683571,-3.14418,2.539391,-5.688055,-3.148664,2.539391,-5.683571,-3.14418,2.539391,-5.688055,-3.148664,12.51887,2.0,publish
bybit_perp,STMXUSDT,20241212,2582,1.0,1.418212,-3.678112,-2.2599,1.418212,-3.888238,-2.470026,1.418212,-3.678112,-2.2599,1.418212,-3.888238,-2.470026,6.761289,2.0,publish
bybit_perp,STMXUSDT,20241215,2152,1.0,1.155533,-3.101224,-1.945692,1.155533,-3.207332,-2.051799,1.155533,-3.101224,-1.945692,1.155533,-3.207332,-2.051799,4.984074,2.0,publish
bybit_perp,STMXUSDT,20241218,3209,1.0,2.092218,-3.684978,-1.592759,2.092218,-4.489345,-2.397127,2.092218,-3.684978,-1.592759,2.092218,-4.489345,-2.397127,9.195996,2.0,publish
bybit_perp,STMXUSDT,20241221,2505,1.0,1.835503,-3.563807,-1.728304,1.835503,-4.107736,-2.272233,1.835503,-3.563807,-1.728304,1.835503,-4.107736,-2.272233,7.296986,2.0,publish
bybit_perp,STMXUSDT,20241224,2098,1.0,1.314019,-2.637621,-1.323602,1.314019,-3.128787,-1.814768,1.314019,-2.637621,-1.323602,1.314019,-3.128787,-1.814768,4.690711,2.0,publish
bybit_perp,STMXUSDT,20241227,1674,1.0,1.509258,-2.857967,-1.34871,1.509258,-2.789128,-1.27987,1.509258,-2.857967,-1.34871,1.509258,-2.789128,-1.27987,5.341606,2.0,publish
bybit_perp,STMXUSDT,20241230,2504,1.0,1.319454,-3.474562,-2.155108,1.319454,-3.380333,-2.060879,1.319454,-3.474562,-2.155108,1.319454,-3.380333,-2.060879,6.472906,2.0,publish
bybit_perp,STMXUSDT,20250102,4972,1.0,1.573175,-2.986942,-1.413767,1.573175,-2.341966,-0.768792,1.573175,-2.986942,-1.413767,1.573175,-2.341966,-0.768792,13.325726,2.0,publish
bybit_perp,STMXUSDT,20250105,2089,1.0,1.154278,-2.638482,-1.484205,1.154278,-2.480093,-1.325815,1.154278,-2.638482,-1.484205,1.154278,-2.480093,-1.325815,3.541703,2.0,publish
bybit_perp,STMXUSDT,20250108,3057,1.0,1.539868,-3.237445,-1.697576,1.539868,-2.873993,-1.334124,1.539868,-3.237445,-1.697576,1.539868,-2.873993,-1.334124,8.951243,2.0,publish
bybit_perp,STMXUSDT,20250111,6182,1.0,1.22864,-2.770453,-1.541813,1.22864,-3.550991,-2.322351,1.22864,-2.770453,-1.541813,1.22864,-3.550991,-2.322351,9.786271,2.0,publish
bybit_perp,STMXUSDT,20250114,3429,1.0,0.874869,-3.055977,-2.181108,0.874869,-3.340503,-2.465634,0.874869,-3.055977,-2.181108,0.874869,-3.340503,-2.465634,6.003005,2.0,publish
bybit_perp,STMXUSDT,20250117,2093,1.0,0.852949,-2.836368,-1.983419,0.852949,-2.715837,-1.862888,0.852949,-2.836368,-1.983419,0.852949,-2.715837,-1.862888,3.722628,2.0,publish
bybit_perp,STMXUSDT,20250120,3825,1.0,1.058972,-3.066692,-2.00772,1.058972,-3.365847,-2.306875,1.058972,-3.066692,-2.00772,1.058972,-3.365847,-2.306875,9.552978,2.0,publish
bybit_perp,STMXUSDT,20250123,2262,1.0,1.051392,-3.296387,-2.244995,1.051392,-3.095762,-2.04437,1.051392,-3.296387,-2.244995,1.051392,-3.095762,-2.04437,6.133275,2.0,publish
bybit_perp,STMXUSDT,20250126,1025,1.0,0.990008,-3.194049,-2.204041,0.990008,-2.549384,-1.559376,0.990008,-3.194049,-2.204041,0.990008,-2.549384,-1.559376,3.657672,2.0,publish
bybit_perp,STMXUSDT,20250129,1192,1.0,1.058927,-3.694608,-2.635681,1.058927,-4.213537,-3.15461,1.058927,-3.694608,-2.635681,1.058927,-4.213537,-3.15461,5.762332,2.0,publish
bybit_perp,STMXUSDT,20250201,1206,1.0,1.021345,-4.065458,-3.044113,1.021345,-5.213233,-4.191888,1.021345,-4.065458,-3.044113,1.021345,-5.213233,-4.191888,4.684379,2.0,publish
bybit_perp,STMXUSDT,20250204,1817,1.0,1.241127,-3.774996,-2.533868,1.241127,-3.507105,-2.265977,1.241127,-3.774996,-2.533868,1.241127,-3.507105,-2.265977,8.744021,2.0,publish
bybit_perp,STMXUSDT,20250207,1060,1.0,1.271249,-3.91183,-2.640581,1.271249,-3.804137,-2.532888,1.271249,-3.91183,-2.640581,1.271249,-3.804137,-2.532888,6.161718,2.0,publish
bybit_perp,STMXUSDT,20250210,842,1.0,1.164802,-3.406206,-2.241403,1.164802,-3.022805,-1.858003,1.164802,-3.406206,-2.241403,1.164802,-3.022805,-1.858003,4.566141,2.0,publish
bybit_perp,STMXUSDT,20250213,792,1.0,1.13556,-3.701017,-2.565457,1.13556,-3.286537,-2.150978,1.13556,-3.701017,-2.565457,1.13556,-3.286537,-2.150978,4.336811,2.0,publish
bybit_perp,STMXUSDT,20250216,4280,1.0,1.313861,-1.06621,0.247651,1.313861,-1.230459,0.083402,1.313861,-1.06621,0.247651,1.313861,-1.230459,0.083402,5.656633,2.0,publish
bybit_perp,STMXUSDT,20250219,2420,1.0,1.444506,-3.606794,-2.162289,1.444506,-3.12981,-1.685304,1.444506,-3.606794,-2.162289,1.444506,-3.12981,-1.685304,5.513949,2.0,publish
bybit_perp,STMXUSDT,20250222,8639,1.0,5.633888,-6.506792,-0.872904,5.633888,-4.71293,0.920958,5.633888,-6.506792,-0.872904,5.633888,-4.71293,0.920958,43.127368,2.0,publish
