coin,date,n_fills,mean_fill_size,spread_capture_bp_10s,adverse_select_bp_10s,net_markout_bp_10s,spread_capture_bp_60s,adverse_select_bp_60s,net_markout_bp_60s,spread_capture_szw_bp_10s,adverse_select_szw_bp_10s,net_markout_szw_bp_10s,spread_capture_szw_bp_60s,adverse_select_szw_bp_60s,net_markout_szw_bp_60s,rv_10s_bp
AAVE,20250727,483,0.674638,0.78135,-1.513369,-0.732019,0.78135,-2.186224,-1.404873,0.823685,-1.502711,-0.679026,0.823685,-1.996837,-1.173152,2.825759
AAVE,20250801,696,0.709411,1.19816,-2.428348,-1.230188,1.19816,-2.418326,-1.220166,1.160443,-2.511075,-1.350632,1.160443,-2.154087,-0.993643,5.573412
AAVE,20250806,147,0.718571,1.022075,-2.105608,-1.083533,1.022075,-3.019812,-1.997737,1.068223,-2.149199,-1.080977,1.068223,-2.746549,-1.678327,3.218869
AAVE,20250811,545,0.788807,0.985407,-0.581296,0.40411,0.985407,-1.855785,-0.870378,1.050905,-0.642673,0.408232,1.050905,-1.680184,-0.629278,4.181505
AAVE,20250816,250,0.5398,0.753268,-1.325226,-0.571957,0.753268,-1.71807,-0.964802,0.844043,-0.782446,0.061597,0.844043,-1.124283,-0.28024,2.582322
AAVE,20250821,736,0.567201,0.889201,-1.894683,-1.005482,0.889201,-1.97186,-1.082659,0.950671,-1.458175,-0.507504,0.950671,-1.280243,-0.329572,4.008588
AAVE,20250826,896,0.559676,1.06392,-1.499574,-0.435654,1.06392,-1.387228,-0.323308,1.170569,-1.497692,-0.327123,1.170569,-1.955861,-0.785292,5.4265
AAVE,20250831,188,0.563723,0.888637,-0.91702,-0.028383,0.888637,-0.912926,-0.024289,1.04161,-1.460105,-0.418495,1.04161,-1.393639,-0.352029,2.588478
AAVE,20250905,369,0.697182,1.119756,-1.515761,-0.396005,1.119756,-3.18668,-2.066924,1.153361,-1.594458,-0.441097,1.153361,-3.804315,-2.650954,3.534875
AAVE,20250910,229,0.669825,1.027174,-1.295817,-0.268643,1.027174,-2.215442,-1.188268,1.144703,-1.179924,-0.035221,1.144703,-1.811818,-0.667115,3.02387
AAVE,20250915,262,0.685992,0.780009,-0.685576,0.094433,0.780009,-0.217347,0.562661,0.875357,-0.657821,0.217536,0.875357,-0.597141,0.278216,3.053256
AAVE,20250920,103,0.589223,0.771298,-0.258623,0.512675,0.771298,-0.612818,0.15848,0.812593,-0.091149,0.721444,0.812593,-0.055248,0.757345,1.86318
AAVE,20250925,445,0.673461,1.019039,-1.31889,-0.299851,1.019039,-0.251585,0.767453,1.161474,-1.394522,-0.233048,1.161474,-0.726393,0.43508,4.838513
AAVE,20250930,189,0.688307,0.888634,-0.873795,0.014839,0.888634,-1.745607,-0.856974,0.884138,-0.738667,0.145471,0.884138,-1.253703,-0.369565,3.040406
AAVE,20251005,192,0.710573,0.855192,-0.788037,0.067155,0.855192,-1.21315,-0.357958,0.853244,-0.441562,0.411682,0.853244,-0.073356,0.779888,3.138198
AAVE,20251010,964,0.69221,9.010921,-11.699888,-2.688966,9.010921,-31.447815,-22.436893,9.578153,-13.854321,-4.276167,9.578153,-38.987777,-29.409623,49.318117
AAVE,20251015,258,0.748992,1.023878,-0.136254,0.887623,1.023878,0.078195,1.102072,1.060569,-0.148235,0.912335,1.060569,0.100262,1.160831,5.023011
AAVE,20251025,183,0.753115,1.020736,-1.517151,-0.496415,1.020736,-3.977124,-2.956388,1.048453,-1.667079,-0.618626,1.048453,-3.961482,-2.913029,2.207341
AAVE,20251030,266,0.836692,1.15855,-1.202257,-0.043707,1.15855,-1.401547,-0.242997,1.192279,-1.083813,0.108465,1.192279,-1.402636,-0.210357,5.22977
AAVE,20251104,565,0.828106,1.515869,-2.250363,-0.734494,1.515869,-1.298555,0.217313,1.543189,-2.054487,-0.511298,1.543189,-1.005172,0.538017,8.349997
AAVE,20251109,158,0.778924,1.224852,-0.269042,0.95581,1.224852,-1.86606,-0.641208,1.323991,0.00207,1.326061,1.323991,-1.903316,-0.579325,4.077505
AAVE,20251114,573,0.772932,1.174854,-1.502226,-0.327372,1.174854,-1.457695,-0.282841,1.248768,-1.893822,-0.645055,1.248768,-2.341504,-1.092736,7.742228
AAVE,20251129,79,0.80962,0.861436,-0.496498,0.364939,0.861436,-2.278793,-1.417357,0.916743,-0.506337,0.410406,0.916743,-2.464468,-1.547726,2.443176
AAVE,20251204,162,0.713951,0.99883,-0.864262,0.134569,0.99883,-2.066735,-1.067905,1.061252,-0.604261,0.456991,1.061252,-1.306497,-0.245245,3.527058
AAVE,20251209,226,0.801858,1.737561,-0.857841,0.87972,1.737561,-2.086806,-0.349246,1.813444,-1.139046,0.674398,1.813444,-1.722172,0.091272,4.901352
AAVE,20251214,220,0.599727,0.712952,-0.081844,0.631108,0.712952,-0.162937,0.550015,0.752205,0.093348,0.845553,0.752205,1.418019,2.170224,3.095239
AAVE,20251219,263,0.643042,0.875407,-0.207324,0.668084,0.875407,-1.079288,-0.203881,0.961931,-0.033595,0.928336,0.961931,-0.27891,0.683021,4.514042
AAVE,20251224,457,0.697921,0.752855,-0.663672,0.089184,0.752855,-0.152461,0.600395,0.808771,-0.500323,0.308448,0.808771,-0.050386,0.758385,3.263459
AAVE,20251229,361,0.698227,0.833008,-0.424222,0.408786,0.833008,0.023549,0.856557,0.938254,-0.561605,0.376648,0.938254,0.068522,1.006775,3.713719
AAVE,20260103,271,0.789852,0.833377,-1.383494,-0.550117,0.833377,-1.778265,-0.944889,0.864419,-1.451327,-0.586909,0.864419,-1.813097,-0.948678,2.967923
AAVE,20260108,285,0.718667,1.016503,-0.792357,0.224145,1.016503,1.0874,2.103903,1.134979,-0.942223,0.192756,1.134979,0.822157,1.957136,4.002934
AAVE,20260113,237,0.584388,1.263145,-1.643054,-0.37991,1.263145,-2.566197,-1.303052,1.343589,-1.490383,-0.146794,1.343589,-2.093428,-0.749839,4.069087
AAVE,20260118,154,0.77513,0.979468,0.410145,1.389613,0.979468,-0.697812,0.281656,1.029093,-0.149263,0.87983,1.029093,-1.450975,-0.421882,2.900112
AAVE,20260123,115,0.771739,1.014982,-0.590833,0.42415,1.014982,-0.946051,0.068931,1.092196,-0.340828,0.751367,1.092196,-0.258367,0.833829,3.370669
AAVE,20260128,181,0.773481,1.080028,-0.638162,0.441866,1.080028,-0.590385,0.489643,1.162237,-0.621915,0.540322,1.162237,-0.685537,0.4767,3.734907
AAVE,20260202,217,0.793318,1.638282,-1.484483,0.153799,1.638282,-1.589441,0.048841,1.719812,-1.510209,0.209603,1.719812,-0.697675,1.022137,6.639243
AAVE,20260207,208,0.833846,1.906181,1.075402,2.981583,1.906181,1.661689,3.56787,1.977466,1.084537,3.062003,1.977466,1.887389,3.864854,5.780809
AAVE,20260212,289,0.871349,1.88549,-1.236661,0.648829,1.88549,-1.747405,0.138085,1.962592,-1.119734,0.842858,1.962592,-1.731281,0.231311,5.951204
AAVE,20260217,157,0.850955,1.207813,-0.540836,0.666977,1.207813,-1.146608,0.061205,1.272554,-0.544491,0.728063,1.272554,-1.438366,-0.165812,4.479892
AAVE,20260222,124,0.778387,0.914953,-1.602625,-0.687673,0.914953,-1.441886,-0.526933,0.920428,-1.887294,-0.966866,0.920428,-1.493278,-0.57285,2.353312
AAVE,20260227,283,0.794735,1.327386,-1.624423,-0.297037,1.327386,0.361961,1.689346,1.401737,-1.326103,0.075635,1.401737,0.572928,1.974665,4.812095
AAVE,20260304,250,0.8602,1.554347,-0.121264,1.433083,1.554347,-0.352741,1.201606,1.63151,0.080842,1.712352,1.63151,-0.655138,0.976372,5.597914
AAVE,20260309,195,0.852154,1.235397,-1.438646,-0.20325,1.235397,-0.992757,0.242639,1.2739,-1.29248,-0.018581,1.2739,-0.68898,0.58492,4.782988
AAVE,20260314,104,0.832596,1.061664,-1.440282,-0.378618,1.061664,-2.078625,-1.016961,1.103251,-1.337668,-0.234417,1.103251,-2.082021,-0.97877,2.140351
AAVE,20260319,113,0.803805,1.049897,-0.156404,0.893493,1.049897,0.477159,1.527056,1.121378,-0.407133,0.714245,1.121378,-0.475403,0.645975,3.761551
AAVE,20260324,89,0.873483,1.296995,-1.806402,-0.509406,1.296995,-3.404552,-2.107557,1.389604,-1.770788,-0.381185,1.389604,-3.462249,-2.072645,3.512413
AAVE,20260329,99,0.819596,0.771623,-1.361404,-0.589781,0.771623,-1.932876,-1.161253,0.816359,-1.592467,-0.776108,0.816359,-2.100308,-1.283949,3.085447
AAVE,20260403,72,0.735556,0.573157,-1.186357,-0.613199,0.573157,-0.488701,0.084456,0.564508,-0.867781,-0.303273,0.564508,-0.366504,0.198005,2.451465
AAVE,20260408,221,0.789819,0.492803,-0.618718,-0.125915,0.492803,-1.511312,-1.018509,0.530534,-0.632627,-0.102093,0.530534,-1.277879,-0.747345,3.738898
AAVE,20260413,461,0.794382,0.814167,-1.266558,-0.452392,0.814167,-3.095643,-2.281476,0.85249,-1.187332,-0.334843,0.85249,-2.895519,-2.043029,5.527821
AAVE,20260418,1561,0.792396,1.81333,-1.023282,0.790049,1.81333,-0.960364,0.852966,1.846878,-1.353029,0.493849,1.846878,-1.39487,0.452008,8.995208
AAVE,20260423,272,0.847647,1.43406,-0.659881,0.774179,1.43406,-1.749458,-0.315398,1.476688,-0.776223,0.700465,1.476688,-2.385894,-0.909206,4.149394
AAVE,20260428,132,0.706439,0.957164,-1.344215,-0.387051,0.957164,-1.276911,-0.319747,0.969492,-1.571967,-0.602475,0.969492,-2.138098,-1.168606,3.402333
AAVE,20260503,112,0.770089,1.781381,-0.948719,0.832662,1.781381,-2.196638,-0.415257,1.968536,-1.093923,0.874613,1.968536,-2.230149,-0.261613,2.175281
AAVE,20260508,379,0.868654,1.084562,-0.404091,0.680471,1.084562,-0.172293,0.91227,1.070198,-0.391981,0.678217,1.070198,0.012055,1.082253,2.768287
AAVE,20260513,264,0.853144,1.072749,-1.155306,-0.082557,1.072749,-1.121447,-0.048698,1.082263,-1.045688,0.036574,1.082263,-0.882915,0.199348,3.103187
AAVE,20260518,110,0.762636,1.253548,-1.035528,0.21802,1.253548,-2.604193,-1.350645,1.318012,-1.025067,0.292945,1.318012,-2.416725,-1.098714,3.370889
AAVE,20260523,228,0.799386,1.130258,-2.693587,-1.563329,1.130258,-0.165356,0.964902,1.191173,-2.705412,-1.514239,1.191173,-0.622194,0.568979,3.154974
AAVE,20260528,350,0.837429,1.214755,-2.09969,-0.884936,1.214755,-2.280643,-1.065888,1.216797,-2.237039,-1.020242,1.216797,-2.442944,-1.226147,3.979967
APT,20250727,50,0.9802,1.443078,-1.874007,-0.430929,1.443078,-2.789279,-1.346201,1.461698,-1.825518,-0.36382,1.461698,-2.771915,-1.310216,2.82359
APT,20250801,208,0.984327,1.426425,-2.334724,-0.908299,1.426425,-5.870816,-4.444391,1.445362,-2.368527,-0.923164,1.445362,-5.857633,-4.412271,5.991226
APT,20250806,110,0.996545,1.099495,-1.486898,-0.387403,1.099495,-1.099656,-0.000161,1.099667,-1.488817,-0.38915,1.099667,-1.058985,0.040682,3.512952
APT,20250811,142,0.999437,1.029983,-0.24758,0.782403,1.029983,-0.515137,0.514846,1.030269,-0.249014,0.781255,1.030269,-0.516546,0.513724,4.44588
APT,20250816,100,1.0,1.258932,-0.935785,0.323147,1.258932,-1.124839,0.134093,1.258932,-0.935785,0.323147,1.258932,-1.124839,0.134093,2.840816
APT,20250821,134,0.962687,0.885851,-0.390993,0.494858,0.885851,0.646124,1.531975,0.910472,-0.307188,0.603284,0.910472,1.045828,1.956299,3.334251
APT,20250826,190,0.971421,0.869169,-2.491505,-1.622336,0.869169,-3.112819,-2.243651,0.865009,-2.308756,-1.443747,0.865009,-2.914225,-2.049216,3.63153
APT,20250831,22,0.95,1.0588,-1.175198,-0.116398,1.0588,-2.500481,-1.441681,1.077394,-1.155556,-0.078162,1.077394,-2.319546,-1.242151,1.74038
APT,20250905,124,0.945323,1.159638,-0.863815,0.295824,1.159638,-2.947849,-1.788211,1.181012,-1.135551,0.045461,1.181012,-3.021206,-1.840194,2.54664
APT,20250910,112,1.0,1.15075,-2.012537,-0.861787,1.15075,-1.982165,-0.831415,1.15075,-2.012537,-0.861787,1.15075,-1.982165,-0.831415,2.689641
APT,20250915,156,0.971346,0.620351,-2.21879,-1.598439,0.620351,-5.447472,-4.827121,0.621436,-2.282684,-1.661248,0.621436,-5.614309,-4.992873,3.411609
APT,20250920,116,0.984483,0.893157,-0.987389,-0.094232,0.893157,-2.342795,-1.449637,0.891586,-1.015756,-0.12417,0.891586,-2.297761,-1.406176,3.053666
APT,20250925,214,0.976729,0.945,-1.225459,-0.28046,0.945,-0.424054,0.520945,0.953463,-1.3651,-0.411637,0.953463,-0.639206,0.314257,4.33327
APT,20250930,405,0.991802,0.764972,-0.564596,0.200376,0.764972,0.477458,1.24243,0.763786,-0.548928,0.214858,0.763786,0.422524,1.18631,3.413403
APT,20251005,299,0.973378,1.068709,-0.681513,0.387196,1.068709,-1.22126,-0.152551,1.079788,-0.72716,0.352628,1.079788,-1.397016,-0.317228,5.639732
APT,20251010,657,0.989041,9.247674,-8.716484,0.53119,9.247674,-6.419568,2.828106,9.280661,-8.505786,0.774875,9.280661,-6.885371,2.395289,59.397789
APT,20251015,218,0.982248,1.050874,-2.094488,-1.043614,1.050874,-1.877821,-0.826947,1.04779,-2.04645,-0.99866,1.04779,-1.350419,-0.302628,5.453146
APT,20251025,65,0.984615,0.812451,-1.204719,-0.392267,0.812451,-1.912645,-1.100194,0.820403,-1.150025,-0.329623,0.820403,-1.809725,-0.989322,2.691796
APT,20251030,341,0.981261,1.122908,-0.782352,0.340556,1.122908,-1.317889,-0.194981,1.125551,-0.768946,0.356605,1.125551,-1.446475,-0.320923,5.99851
APT,20251104,431,0.986775,1.371718,-1.090111,0.281607,1.371718,-1.014076,0.357642,1.37546,-1.09183,0.28363,1.37546,-1.109124,0.266335,9.334032
APT,20251109,221,0.97362,1.263848,-0.987773,0.276075,1.263848,-0.509167,0.754681,1.284972,-0.985065,0.299907,1.284972,-0.470274,0.814698,5.696077
APT,20251114,181,0.994475,1.121976,-1.416036,-0.29406,1.121976,0.789056,1.911032,1.126331,-1.464282,-0.33795,1.126331,0.770902,1.897233,7.338057
APT,20251129,271,0.977897,0.891732,-0.48075,0.410982,0.891732,-0.477238,0.414493,0.899127,-0.428846,0.470281,0.899127,-0.33984,0.559287,3.752893
APT,20251204,159,0.988616,1.100535,-0.320612,0.779923,1.100535,-0.554552,0.545983,1.103062,-0.310939,0.792123,1.103062,-0.595301,0.507761,4.003798
APT,20251209,288,0.988854,1.350791,-1.573058,-0.222267,1.350791,-2.358164,-1.007373,1.354671,-1.538657,-0.183987,1.354671,-2.336334,-0.981663,5.321276
APT,20251214,120,0.9835,0.869517,0.155604,1.025121,0.869517,-0.05621,0.813307,0.874016,0.197864,1.07188,0.874016,0.083023,0.957039,3.804508
APT,20251219,181,0.981934,1.277296,-0.948885,0.328411,1.277296,0.019152,1.296448,1.281378,-0.95009,0.331287,1.281378,-0.057641,1.223737,5.404252
APT,20251224,76,0.990921,1.426984,-0.406187,1.020796,1.426984,1.972716,3.3997,1.42869,-0.364439,1.064251,1.42869,1.987948,3.416639,4.077099
APT,20251229,135,0.994741,0.917558,-1.014046,-0.096488,0.917558,-2.12644,-1.208883,0.920918,-0.959763,-0.038845,0.920918,-2.13321,-1.212292,4.648191
APT,20260103,67,1.0,1.31704,-0.062899,1.254141,1.31704,2.604936,3.921976,1.31704,-0.062899,1.254141,1.31704,2.604936,3.921976,3.185777
APT,20260108,103,0.980583,0.980571,-1.606899,-0.626328,0.980571,-2.057308,-1.076737,0.99456,-1.726067,-0.731508,0.99456,-2.141672,-1.147112,4.241233
APT,20260113,109,0.99633,1.58386,-1.780715,-0.196856,1.58386,0.808445,2.392304,1.579882,-1.774519,-0.194637,1.579882,0.841838,2.42172,5.320438
APT,20260118,59,0.983051,1.717645,-0.754421,0.963224,1.717645,2.147486,3.865131,1.737812,-0.762704,0.975108,1.737812,2.094762,3.832574,3.42536
APT,20260123,108,0.990741,1.173976,-2.01964,-0.845664,1.173976,-1.637164,-0.463188,1.181954,-1.954699,-0.772744,1.181954,-1.619537,-0.437583,4.49942
APT,20260128,69,0.985507,1.058742,-1.553112,-0.49437,1.058742,-0.716914,0.341828,1.06507,-1.557468,-0.492398,1.06507,-0.708973,0.356097,3.934439
APT,20260202,124,1.0,1.401176,-0.992591,0.408585,1.401176,1.775097,3.176273,1.401176,-0.992591,0.408585,1.401176,1.775097,3.176273,6.867512
APT,20260207,124,0.999919,1.91492,0.171727,2.086647,1.91492,-0.972512,0.942408,1.914964,0.17174,2.086705,1.914964,-0.972185,0.942779,5.678202
APT,20260212,187,0.985989,1.361497,-0.423444,0.938053,1.361497,-0.838742,0.522755,1.370464,-0.385653,0.984811,1.370464,-0.801252,0.569212,5.719471
APT,20260217,88,0.988864,1.064529,-1.462497,-0.397968,1.064529,-0.154289,0.91024,1.052178,-1.448544,-0.396365,1.052178,-0.137772,0.914406,4.695572
APT,20260222,88,1.0,1.156713,-0.797435,0.359278,1.156713,-1.354338,-0.197625,1.156713,-0.797435,0.359278,1.156713,-1.354338,-0.197625,3.24448
APT,20260227,127,0.984331,1.323173,-0.857771,0.465403,1.323173,-0.42481,0.898364,1.336011,-0.822124,0.513888,1.336011,-0.242221,1.09379,5.022047
APT,20260304,308,0.998019,1.722415,-1.090292,0.632123,1.722415,-1.665391,0.057024,1.723846,-1.092455,0.63139,1.723846,-1.678634,0.045211,6.410351
APT,20260309,80,1.0,1.362148,-0.776043,0.586106,1.362148,2.608521,3.97067,1.362148,-0.776043,0.586106,1.362148,2.608521,3.97067,4.652896
APT,20260314,51,1.0,1.006099,-1.268812,-0.262713,1.006099,0.03868,1.044779,1.006099,-1.268812,-0.262713,1.006099,0.03868,1.044779,2.459892
APT,20260319,112,1.0,1.518322,-1.790276,-0.271954,1.518322,-1.505077,0.013245,1.518322,-1.790276,-0.271954,1.518322,-1.505077,0.013245,4.05178
APT,20260324,366,0.997377,1.684361,-1.179595,0.504766,1.684361,-0.074739,1.609622,1.678367,-1.200061,0.478306,1.678367,-0.121731,1.556636,7.259131
APT,20260329,78,1.0,1.149067,-1.45121,-0.302142,1.149067,-1.779338,-0.630271,1.149067,-1.45121,-0.302142,1.149067,-1.779338,-0.630271,3.152865
APT,20260403,65,0.993846,1.326056,-0.577617,0.748439,1.326056,-0.223007,1.103049,1.330662,-0.566773,0.763889,1.330662,-0.173915,1.156746,2.772022
APT,20260408,129,1.0,1.391821,-0.974538,0.417283,1.391821,-1.787956,-0.396135,1.391821,-0.974538,0.417283,1.391821,-1.787956,-0.396135,3.306414
APT,20260413,134,1.0,1.42354,-0.696523,0.727017,1.42354,0.170351,1.59389,1.42354,-0.696523,0.727017,1.42354,0.170351,1.59389,3.896455
APT,20260418,82,1.0,1.187372,-0.45851,0.728862,1.187372,0.276596,1.463968,1.187372,-0.45851,0.728862,1.187372,0.276596,1.463968,3.497735
APT,20260423,82,1.0,1.396018,-1.71046,-0.314442,1.396018,-0.577219,0.818799,1.396018,-1.71046,-0.314442,1.396018,-0.577219,0.818799,3.305442
APT,20260428,75,0.986667,1.35544,-0.384831,0.970609,1.35544,-0.183163,1.172277,1.359652,-0.397083,0.962569,1.359652,-0.199461,1.160192,3.298388
APT,20260503,59,0.983898,0.909376,-1.036301,-0.126925,0.909376,-1.58039,-0.671014,0.915891,-1.053261,-0.137369,0.915891,-1.631355,-0.715464,2.643981
APT,20260508,180,0.991389,1.361846,-1.882507,-0.520662,1.361846,0.163704,1.52555,1.369512,-1.865003,-0.495491,1.369512,0.201268,1.570781,5.698089
APT,20260513,104,0.980769,0.953443,-1.05084,-0.097397,0.953443,-2.451702,-1.498259,0.953713,-1.044935,-0.091221,0.953713,-2.56013,-1.606416,3.74157
APT,20260518,116,1.0,1.290519,-1.603915,-0.313396,1.290519,-1.582132,-0.291613,1.290519,-1.603915,-0.313396,1.290519,-1.582132,-0.291613,3.947468
APT,20260523,108,0.982593,1.787839,-1.026953,0.760885,1.787839,-3.561097,-1.773259,1.809954,-1.014672,0.795282,1.809954,-3.44794,-1.637986,4.059119
APT,20260528,200,0.98005,1.424699,-3.736147,-2.311448,1.424699,-0.13878,1.285919,1.439746,-3.767409,-2.327663,1.439746,0.206967,1.646713,5.034276
ARB,20250727,145,0.998621,1.375212,-0.079145,1.296067,1.375212,-1.24484,0.130372,1.374991,-0.0788,1.296191,1.374991,-1.254286,0.120704,4.008197
ARB,20250801,446,0.998655,1.330333,-1.654169,-0.323836,1.330333,-3.192134,-1.8618,1.331617,-1.649784,-0.318168,1.331617,-3.195247,-1.86363,7.09599
ARB,20250806,114,1.0,1.183861,-1.079378,0.104484,1.183861,-1.712619,-0.528758,1.183861,-1.079378,0.104484,1.183861,-1.712619,-0.528758,4.345131
ARB,20250811,322,0.999689,0.824352,-1.858332,-1.03398,0.824352,-2.292407,-1.468055,0.824189,-1.858107,-1.033917,0.824189,-2.289874,-1.465685,5.561341
ARB,20250816,128,0.992969,0.748404,-1.673211,-0.924807,0.748404,-2.382233,-1.633829,0.752966,-1.685059,-0.932092,0.752966,-2.410894,-1.657927,4.119846
ARB,20250821,261,0.988889,0.742109,-2.243204,-1.501095,0.742109,-0.728726,0.013383,0.748982,-2.176068,-1.427086,0.748982,-0.695469,0.053514,5.298458
ARB,20250826,479,0.983925,0.689677,-1.934424,-1.244747,0.689677,-0.924857,-0.23518,0.697951,-1.857483,-1.159531,0.697951,-0.8908,-0.192848,5.911595
ARB,20250831,63,1.0,0.956543,-2.453342,-1.496799,0.956543,-2.166453,-1.209911,0.956543,-2.453342,-1.496799,0.956543,-2.166453,-1.209911,3.558409
ARB,20250905,173,0.996532,1.234079,-0.626681,0.607398,1.234079,-2.027294,-0.793215,1.236282,-0.624329,0.611953,1.236282,-2.005411,-0.769129,4.529211
ARB,20250910,556,0.996942,0.592926,-1.560953,-0.968027,0.592926,-1.270216,-0.67729,0.590012,-1.555152,-0.96514,0.590012,-1.313913,-0.723901,4.477165
ARB,20250915,191,0.990052,0.740855,-0.219477,0.521378,0.740855,-2.314255,-1.573401,0.746791,-0.204201,0.542591,0.746791,-2.154879,-1.408087,4.50225
ARB,20250920,109,0.997248,0.596319,-0.372116,0.224203,0.596319,-0.828811,-0.232492,0.594888,-0.364192,0.230696,0.594888,-0.842847,-0.247959,2.60648
ARB,20250925,429,0.986014,0.604613,-0.859806,-0.255193,0.604613,-0.786132,-0.181519,0.610877,-0.820608,-0.209731,0.610877,-0.648169,-0.037292,5.448963
ARB,20250930,123,0.986179,0.761114,-0.235026,0.526089,0.761114,-2.404849,-1.643735,0.765891,-0.218377,0.547514,0.765891,-2.443645,-1.677755,4.332777
ARB,20251005,136,0.992647,0.521551,-1.232073,-0.710522,0.521551,-1.118221,-0.59667,0.524566,-1.249685,-0.725119,0.524566,-1.097653,-0.573088,3.857034
ARB,20251010,909,0.9967,6.968211,-0.817196,6.151015,6.968211,-6.059972,0.908239,6.967468,-0.853299,6.114169,6.967468,-6.341882,0.625586,62.672523
ARB,20251015,266,0.992481,0.795328,-0.196087,0.599241,0.795328,1.727756,2.523084,0.796829,-0.246312,0.550517,0.796829,1.684994,2.481823,5.702579
ARB,20251025,50,0.898,1.000174,-0.376366,0.623808,1.000174,-2.013563,-1.013389,1.010571,-0.336779,0.673793,1.010571,-2.393413,-1.382842,2.470731
ARB,20251030,217,0.976959,0.939531,-0.672282,0.267249,0.939531,-2.213767,-1.274237,0.940373,-0.71036,0.230013,0.940373,-2.221189,-1.280816,6.087425
ARB,20251104,421,0.995249,1.070887,-0.651745,0.419142,1.070887,0.70105,1.771937,1.074632,-0.58155,0.493082,1.074632,0.692622,1.767254,9.52513
ARB,20251109,76,0.946053,0.978206,-1.007364,-0.029158,0.978206,0.813407,1.791614,0.986163,-0.966921,0.019243,0.986163,1.010947,1.99711,5.072154
ARB,20251114,159,1.0,1.109895,-1.202541,-0.092646,1.109895,-2.351541,-1.241646,1.109895,-1.202541,-0.092646,1.109895,-2.351541,-1.241646,7.928179
ARB,20251129,64,0.979687,0.783166,-0.965451,-0.182285,0.783166,-1.356564,-0.573398,0.790948,-1.103022,-0.312074,0.790948,-1.530436,-0.739488,2.986787
ARB,20251204,91,1.0,0.840941,-1.486362,-0.645421,0.840941,-2.713866,-1.872925,0.840941,-1.486362,-0.645421,0.840941,-2.713866,-1.872925,4.265353
ARB,20251209,163,0.990798,1.062806,1.0475,2.110306,1.062806,2.056905,3.119711,1.066555,1.039986,2.106541,1.066555,2.077035,3.14359,5.35047
ARB,20251214,141,1.0,0.670682,-0.456802,0.21388,0.670682,2.345928,3.01661,0.670682,-0.456802,0.21388,0.670682,2.345928,3.01661,3.822076
ARB,20251219,210,0.995238,0.961338,-0.457486,0.503852,0.961338,-1.793563,-0.832224,0.964617,-0.491375,0.473242,0.964617,-1.781011,-0.816394,4.976878
ARB,20251224,117,0.97094,0.884701,-0.343491,0.541211,0.884701,-2.077186,-1.192485,0.895567,-0.432334,0.463233,0.895567,-2.396946,-1.501379,3.869983
ARB,20251229,114,0.968421,0.761362,-0.714817,0.046544,0.761362,-1.855098,-1.093736,0.773402,-0.738586,0.034816,0.773402,-1.931895,-1.158493,4.089492
ARB,20260103,48,0.98125,0.711906,-1.233159,-0.521254,0.711906,-2.567321,-1.855416,0.720893,-1.252107,-0.531214,0.720893,-2.607146,-1.886253,3.038837
ARB,20260108,74,0.987838,1.012731,-1.696117,-0.683386,1.012731,-1.513207,-0.500476,1.016275,-1.874672,-0.858398,1.016275,-1.876933,-0.860659,4.586835
ARB,20260113,69,1.0,1.589544,3.657321,5.246865,1.589544,18.141177,19.730721,1.589544,3.657321,5.246865,1.589544,18.141177,19.730721,4.796114
ARB,20260118,46,0.980435,1.140118,-1.299562,-0.159444,1.140118,0.93945,2.079568,1.153652,-1.343931,-0.190279,1.153652,1.147163,2.300815,3.616238
ARB,20260123,49,0.979592,1.677313,0.798459,2.475773,1.677313,1.090265,2.767579,1.706328,0.809164,2.515492,1.706328,1.184133,2.890461,4.427188
ARB,20260128,64,0.985938,1.214442,-0.206405,1.008037,1.214442,-1.152294,0.062148,1.214986,-0.175793,1.039193,1.214986,-1.227453,-0.012467,3.973895
ARB,20260202,136,1.0,1.928268,-2.980994,-1.052726,1.928268,-2.160394,-0.232126,1.928268,-2.980994,-1.052726,1.928268,-2.160394,-0.232126,7.381959
ARB,20260207,151,1.0,2.333171,2.026398,4.35957,2.333171,2.329,4.662171,2.333171,2.026398,4.35957,2.333171,2.329,4.662171,6.432816
ARB,20260212,150,1.0,1.314609,-0.650607,0.664001,1.314609,-1.870016,-0.555407,1.314609,-0.650607,0.664001,1.314609,-1.870016,-0.555407,4.998153
ARB,20260217,70,1.0,1.392092,-1.188841,0.203251,1.392092,-1.440881,-0.048789,1.392092,-1.188841,0.203251,1.392092,-1.440881,-0.048789,4.2757
ARB,20260222,92,1.0,1.313324,-1.32317,-0.009845,1.313324,-2.087514,-0.77419,1.313324,-1.32317,-0.009845,1.313324,-2.087514,-0.77419,3.0401
ARB,20260227,226,1.0,1.773024,-0.993478,0.779546,1.773024,-1.892933,-0.119909,1.773024,-0.993478,0.779546,1.773024,-1.892933,-0.119909,7.870354
ARB,20260304,134,1.0,1.4223,-0.315722,1.106578,1.4223,-1.268368,0.153932,1.4223,-0.315722,1.106578,1.4223,-1.268368,0.153932,5.72376
ARB,20260309,177,0.99548,1.470295,-0.798617,0.671678,1.470295,-1.543287,-0.072992,1.467577,-0.828078,0.639499,1.467577,-1.503322,-0.035746,5.141448
ARB,20260314,43,1.0,1.374451,0.13761,1.512061,1.374451,-0.069001,1.30545,1.374451,0.13761,1.512061,1.374451,-0.069001,1.30545,2.482281
ARB,20260319,117,1.0,1.181569,-1.218337,-0.036768,1.181569,-1.624817,-0.443248,1.181569,-1.218337,-0.036768,1.181569,-1.624817,-0.443248,3.520225
ARB,20260324,110,1.0,1.193195,-1.120719,0.072476,1.193195,-1.348078,-0.154882,1.193195,-1.120719,0.072476,1.193195,-1.348078,-0.154882,4.218045
ARB,20260329,95,1.0,1.242495,-1.740342,-0.497847,1.242495,0.564393,1.806888,1.242495,-1.740342,-0.497847,1.242495,0.564393,1.806888,3.261999
ARB,20260403,64,1.0,1.46215,-0.667298,0.794851,1.46215,-0.080874,1.381276,1.46215,-0.667298,0.794851,1.46215,-0.080874,1.381276,3.028629
ARB,20260408,154,1.0,1.410423,-1.03443,0.375993,1.410423,-1.730139,-0.319716,1.410423,-1.03443,0.375993,1.410423,-1.730139,-0.319716,4.198226
ARB,20260413,130,0.993077,1.323741,-0.578638,0.745104,1.323741,-0.827516,0.496225,1.329853,-0.439337,0.890516,1.329853,-0.702414,0.627439,3.516971
ARB,20260418,141,0.986525,1.525337,-0.237006,1.288331,1.525337,0.406813,1.932151,1.54092,-0.16194,1.37898,1.54092,0.347432,1.888352,4.197836
ARB,20260423,172,0.997093,1.458661,-1.757346,-0.298685,1.458661,-3.010001,-1.55134,1.461751,-1.782242,-0.32049,1.461751,-3.058321,-1.59657,4.178201
ARB,20260428,144,0.993056,1.356831,-0.343086,1.013746,1.356831,-0.927791,0.42904,1.363529,-0.345485,1.018044,1.363529,-0.911952,0.451577,3.110386
ARB,20260503,157,0.998726,1.278601,-1.242953,0.035647,1.278601,-2.580687,-1.302087,1.279702,-1.25777,0.021932,1.279702,-2.597739,-1.318037,3.357462
ARB,20260508,237,1.0,1.652739,-1.976982,-0.324243,1.652739,-2.779253,-1.126514,1.652739,-1.976982,-0.324243,1.652739,-2.779253,-1.126514,6.775056
ARB,20260513,147,0.993197,1.424655,-2.007022,-0.582367,1.424655,-4.54807,-3.123415,1.42698,-2.003424,-0.576444,1.42698,-4.50241,-3.07543,3.865263
ARB,20260518,134,1.0,1.586795,-1.420464,0.166331,1.586795,-2.037065,-0.45027,1.586795,-1.420464,0.166331,1.586795,-2.037065,-0.45027,3.829697
ARB,20260523,149,1.0,1.540417,-0.882629,0.657788,1.540417,0.779861,2.320278,1.540417,-0.882629,0.657788,1.540417,0.779861,2.320278,3.963126
ARB,20260528,154,1.0,1.876674,-1.459222,0.417452,1.876674,-1.037044,0.83963,1.876674,-1.459222,0.417452,1.876674,-1.037044,0.83963,4.439497
AVAX,20250727,167,0.94491,0.848098,-1.526487,-0.678389,0.848098,-2.528711,-1.680612,0.847883,-1.49859,-0.650706,0.847883,-2.66395,-1.816067,3.354681
AVAX,20250801,502,0.980139,1.041632,-2.135335,-1.093702,1.041632,-1.704497,-0.662865,1.035333,-2.127131,-1.091798,1.035333,-1.677841,-0.642508,5.75369
AVAX,20250806,185,0.95,0.722484,-0.88525,-0.162767,0.722484,-1.628192,-0.905708,0.728835,-0.963171,-0.234336,0.728835,-1.525505,-0.79667,3.517851
AVAX,20250811,282,0.964255,0.601184,-0.956603,-0.355419,0.601184,-0.42515,0.176035,0.610583,-0.96511,-0.354527,0.610583,-0.41115,0.199433,4.382833
AVAX,20250816,320,0.952969,0.620393,-0.948688,-0.328295,0.620393,-1.875589,-1.255196,0.613824,-0.810753,-0.19693,0.613824,-1.675732,-1.061909,3.35875
AVAX,20250821,167,0.961257,0.679972,-0.657582,0.02239,0.679972,-0.467274,0.212698,0.687761,-0.653295,0.034466,0.687761,-0.279406,0.408355,3.481499
AVAX,20250826,226,0.959159,0.621196,-0.787064,-0.165868,0.621196,-1.243621,-0.622425,0.633297,-0.710839,-0.077542,0.633297,-0.916385,-0.283088,4.327515
AVAX,20250831,102,0.975784,0.667473,-0.037767,0.629706,0.667473,-0.854757,-0.187284,0.678881,-0.057023,0.621858,0.678881,-0.896078,-0.217197,2.441738
AVAX,20250905,224,0.953616,1.033253,-0.733868,0.299385,1.033253,-1.75435,-0.721097,1.0526,-0.753124,0.299476,1.0526,-2.018857,-0.966257,3.438882
AVAX,20250910,1144,0.931748,0.781206,-1.627324,-0.846118,0.781206,-2.60001,-1.818803,0.799308,-1.51583,-0.716522,0.799308,-2.478457,-1.67915,5.347414
AVAX,20250915,626,0.961166,0.733196,-0.574663,0.158533,0.733196,0.552912,1.286108,0.739686,-0.580634,0.159052,0.739686,0.317379,1.057065,4.875596
AVAX,20250920,518,0.926004,0.584186,-0.736752,-0.152565,0.584186,-1.455303,-0.871117,0.5919,-0.784648,-0.192748,0.5919,-1.476905,-0.885005,2.808646
AVAX,20250925,1452,0.948829,0.644435,-0.69428,-0.049845,0.644435,-0.928255,-0.28382,0.652491,-0.662242,-0.00975,0.652491,-0.912218,-0.259727,5.108186
AVAX,20250930,496,0.939577,0.733853,-1.520301,-0.786449,0.733853,-1.150871,-0.417018,0.753101,-1.416236,-0.663136,0.753101,-1.215551,-0.46245,4.006358
AVAX,20251005,439,0.933052,0.588684,-0.653589,-0.064905,0.588684,-1.102652,-0.513968,0.593252,-0.616019,-0.022767,0.593252,-1.040586,-0.447334,3.405141
AVAX,20251010,1393,0.953338,9.368552,-5.458942,3.90961,9.368552,-29.072726,-19.704175,9.255741,-5.089351,4.16639,9.255741,-29.956601,-20.700861,58.581658
AVAX,20251015,379,0.999208,0.673843,-0.413557,0.260287,0.673843,-0.570696,0.103147,0.674043,-0.419111,0.254933,0.674043,-0.5832,0.090843,5.015487
AVAX,20251025,89,0.978202,0.674396,0.007593,0.681989,0.674396,-0.163004,0.511392,0.681133,-0.034628,0.646505,0.681133,-0.222064,0.459069,2.031046
AVAX,20251030,353,0.982181,0.699452,-0.232089,0.467363,0.699452,-0.527082,0.17237,0.699742,-0.231532,0.46821,0.699742,-0.62003,0.079712,5.388533
AVAX,20251104,616,0.98388,0.931063,-0.522058,0.409005,0.931063,-1.129431,-0.198368,0.933063,-0.542416,0.390647,0.933063,-0.784304,0.148759,7.858108
AVAX,20251109,136,0.984265,0.675523,0.653233,1.328756,0.675523,-0.105914,0.56961,0.68075,0.680585,1.361336,0.68075,-0.056647,0.624103,4.21046
AVAX,20251114,313,0.977955,0.843978,-0.826569,0.017409,0.843978,-1.266147,-0.422169,0.852037,-0.810173,0.041864,0.852037,-1.183824,-0.331787,6.671755
AVAX,20251129,102,0.971471,0.72346,-0.773417,-0.049957,0.72346,-0.508946,0.214514,0.728692,-0.753525,-0.024833,0.728692,-0.512021,0.216671,2.113142
AVAX,20251204,148,0.955405,0.880634,-1.011869,-0.131235,0.880634,-1.771402,-0.890768,0.8822,-0.983276,-0.101076,0.8822,-1.690482,-0.808282,2.933814
AVAX,20251209,187,0.987166,0.756113,-0.033253,0.72286,0.756113,-1.642616,-0.886503,0.760742,0.010405,0.771148,0.760742,-1.62223,-0.861487,3.892912
AVAX,20251214,135,0.977111,0.778481,-0.934471,-0.15599,0.778481,0.064331,0.842812,0.784029,-0.943695,-0.159666,0.784029,0.034193,0.818223,2.89966
AVAX,20251219,277,0.984404,0.761749,-0.538947,0.222802,0.761749,-1.447884,-0.686135,0.759578,-0.518365,0.241214,0.759578,-1.33538,-0.575802,4.426484
AVAX,20251224,100,0.9727,0.65284,-0.542332,0.110509,0.65284,0.85525,1.50809,0.659489,-0.544086,0.115403,0.659489,0.929462,1.588952,2.791425
AVAX,20251229,211,0.97673,0.739077,-0.785166,-0.046089,0.739077,-1.884319,-1.145242,0.738788,-0.788927,-0.050139,0.738788,-1.608751,-0.869963,3.537795
AVAX,20260103,236,0.950805,0.872051,-0.040277,0.831774,0.872051,-1.040272,-0.168221,0.892269,0.014963,0.907232,0.892269,-1.116625,-0.224356,3.768832
AVAX,20260108,92,0.963696,0.962763,-2.253951,-1.291187,0.962763,-2.664332,-1.701569,0.983437,-2.347918,-1.364481,0.983437,-2.710528,-1.727091,3.730495
AVAX,20260113,162,0.949506,0.895707,-0.687087,0.208619,0.895707,0.738126,1.633833,0.852547,-0.475314,0.377233,0.852547,0.9461,1.798647,3.755206
AVAX,20260118,78,0.944615,0.72269,-0.453052,0.269637,0.72269,0.219884,0.942574,0.74347,-0.315816,0.427654,0.74347,0.375886,1.119355,2.633789
AVAX,20260123,160,0.941625,0.650245,-1.880595,-1.23035,0.650245,-2.427073,-1.776829,0.655464,-1.894579,-1.239115,0.655464,-2.407093,-1.751629,3.134493
AVAX,20260128,91,0.964725,0.692487,-1.224766,-0.532279,0.692487,-3.851537,-3.15905,0.70262,-1.250265,-0.547645,0.70262,-3.930639,-3.228019,3.206394
AVAX,20260202,210,0.96619,0.883675,-2.020591,-1.136916,0.883675,-3.676043,-2.792369,0.89256,-1.994998,-1.102438,0.89256,-3.647495,-2.754935,6.227748
AVAX,20260207,147,0.98551,1.23334,-2.199244,-0.965904,1.23334,0.519111,1.752451,1.24642,-2.205911,-0.95949,1.24642,0.632025,1.878445,5.25582
AVAX,20260212,162,0.981235,0.654631,-1.797232,-1.142601,0.654631,-2.231563,-1.576932,0.663663,-1.843158,-1.179495,0.663663,-2.106903,-1.44324,3.887904
AVAX,20260217,135,0.97637,0.630625,-0.878965,-0.248339,0.630625,-1.505652,-0.875026,0.639878,-0.9136,-0.273723,0.639878,-1.41551,-0.775633,3.320105
AVAX,20260222,66,0.968636,0.600533,-1.18396,-0.583428,0.600533,-1.111683,-0.51115,0.617253,-1.119818,-0.502565,0.617253,-0.93801,-0.320757,1.974333
AVAX,20260227,195,0.971231,0.784857,-0.18533,0.599528,0.784857,0.34835,1.133207,0.788051,-0.149717,0.638334,0.788051,0.324629,1.11268,3.378112
AVAX,20260304,244,0.972869,0.72072,-1.502423,-0.781703,0.72072,-0.174132,0.546588,0.730782,-1.4286,-0.697818,0.730782,-0.126811,0.603971,4.528614
AVAX,20260309,167,0.971617,0.872825,-1.602719,-0.729894,0.872825,-0.767309,0.105516,0.889837,-1.583017,-0.69318,0.889837,-0.782439,0.107398,4.15352
AVAX,20260314,105,0.964381,0.629807,-0.516178,0.113629,0.629807,-0.090536,0.539272,0.646331,-0.411643,0.234688,0.646331,-0.040514,0.605817,1.810336
AVAX,20260319,213,0.96169,0.551193,-0.734965,-0.183772,0.551193,-1.212266,-0.661072,0.556946,-0.648953,-0.092007,0.556946,-1.158057,-0.601111,3.012921
AVAX,20260324,186,0.950914,0.445129,-1.227978,-0.782849,0.445129,-0.87845,-0.433321,0.459178,-1.191141,-0.731964,0.459178,-0.906335,-0.447158,3.187579
AVAX,20260329,126,0.952381,0.729278,-0.832058,-0.10278,0.729278,-0.683304,0.045974,0.729205,-0.785199,-0.055994,0.729205,-0.760373,-0.031168,2.789609
AVAX,20260403,121,0.94405,0.506372,-0.824767,-0.318395,0.506372,-0.695977,-0.189605,0.516101,-0.784277,-0.268175,0.516101,-0.622449,-0.106348,2.688098
AVAX,20260408,289,0.965779,0.602744,-0.732064,-0.12932,0.602744,-0.977655,-0.374911,0.59565,-0.678675,-0.083025,0.59565,-0.97942,-0.383769,3.263448
AVAX,20260413,250,0.95268,0.532624,-1.192562,-0.659938,0.532624,-2.46033,-1.927706,0.535925,-1.204337,-0.668411,0.535925,-2.428761,-1.892836,3.908519
AVAX,20260418,147,0.977211,0.736236,-0.889564,-0.153328,0.736236,-1.481741,-0.745506,0.737673,-0.739183,-0.001511,0.737673,-1.022455,-0.284782,2.713157
AVAX,20260423,82,0.969634,0.618386,-0.599366,0.01902,0.618386,-1.823367,-1.204982,0.624641,-0.5807,0.043941,0.624641,-1.830819,-1.206178,2.836791
AVAX,20260428,42,0.95881,0.444918,-0.468603,-0.023685,0.444918,0.235482,0.6804,0.455824,-0.496557,-0.040733,0.455824,0.182107,0.637931,1.956241
AVAX,20260503,66,0.986667,0.620088,-1.365078,-0.74499,0.620088,-1.906391,-1.286303,0.627723,-1.365331,-0.737608,0.627723,-1.911475,-1.283753,1.839628
AVAX,20260508,108,0.968333,0.49453,-0.760007,-0.265477,0.49453,-1.338281,-0.843751,0.497672,-0.769262,-0.271591,0.497672,-1.338108,-0.840437,2.815327
AVAX,20260513,92,0.9675,0.73243,-0.948532,-0.216102,0.73243,-1.163744,-0.431314,0.751028,-0.802673,-0.051646,0.751028,-0.94171,-0.190682,2.692102
AVAX,20260518,144,0.979444,0.57253,-0.844246,-0.271716,0.57253,-1.68293,-1.1104,0.575835,-0.829925,-0.254089,0.575835,-1.743121,-1.167285,3.23952
AVAX,20260523,144,0.952569,0.792315,-1.409179,-0.616865,0.792315,-4.061209,-3.268894,0.797274,-1.391027,-0.593753,0.797274,-3.649616,-2.852342,3.066262
AVAX,20260528,90,0.996889,0.662174,-2.476768,-1.814594,0.662174,-2.638179,-1.976005,0.663892,-2.467113,-1.80322,0.663892,-2.627637,-1.963744,3.422764
BNB,20250727,995,0.527887,0.843342,-0.709516,0.133826,0.843342,-0.434552,0.40879,0.862091,-0.871035,-0.008944,0.862091,-1.312885,-0.450794,2.823877
BNB,20250801,912,0.648736,0.424825,-0.871127,-0.446302,0.424825,-0.753761,-0.328936,0.446203,-0.963234,-0.517032,0.446203,-0.676788,-0.230585,4.011177
BNB,20250806,208,0.556889,0.336089,-0.813721,-0.477631,0.336089,-1.083677,-0.747588,0.351625,-0.89243,-0.540805,0.351625,-0.808238,-0.456613,2.017076
BNB,20250811,449,0.70361,0.372504,-0.991689,-0.619185,0.372504,-1.098367,-0.725863,0.389924,-0.998226,-0.608302,0.389924,-1.085105,-0.695182,2.838016
BNB,20250816,128,0.451922,0.206093,-1.270542,-1.064449,0.206093,-2.024469,-1.818376,0.233384,-1.01851,-0.785127,0.233384,-0.953196,-0.719812,1.642706
BNB,20250821,296,0.654446,0.427931,-0.606126,-0.178195,0.427931,-1.357077,-0.929147,0.43462,-0.707148,-0.272528,0.43462,-1.669915,-1.235295,2.45258
BNB,20250826,323,0.556762,0.393882,-1.288419,-0.894537,0.393882,-1.003265,-0.609384,0.447449,-1.106882,-0.659434,0.447449,-1.129255,-0.681806,2.326979
BNB,20250831,118,0.406068,0.26152,-0.762482,-0.500962,0.26152,-0.722012,-0.460492,0.39676,-0.760354,-0.363594,0.39676,-0.685155,-0.288394,1.1369
BNB,20250905,147,0.325429,0.329033,-1.358212,-1.029179,0.329033,-0.83766,-0.508627,0.301613,-0.781649,-0.480035,0.301613,0.471828,0.773442,1.314759
BNB,20250910,174,0.641862,0.357791,-0.505632,-0.14784,0.357791,-0.966566,-0.608775,0.355379,-0.413364,-0.057985,0.355379,-0.668696,-0.313317,1.902226
BNB,20250915,226,0.516566,0.2545,-0.926705,-0.672205,0.2545,-1.108166,-0.853666,0.286738,-0.805164,-0.518426,0.286738,-1.053551,-0.766813,1.806478
BNB,20250920,602,0.607136,0.690145,-1.453903,-0.763758,0.690145,-2.771813,-2.081668,0.741006,-1.288459,-0.547454,0.741006,-2.835782,-2.094776,2.711026
BNB,20250925,702,0.538218,0.41509,-1.900343,-1.485252,0.41509,-2.095941,-1.68085,0.458804,-1.768076,-1.309272,0.458804,-2.790785,-2.331982,3.521713
BNB,20250930,230,0.520596,0.671554,-1.454378,-0.782824,0.671554,-1.475712,-0.804158,0.753279,-1.303125,-0.549847,0.753279,-1.74072,-0.987441,2.312943
BNB,20251005,495,0.555186,0.616449,-0.536788,0.079661,0.616449,-0.369316,0.247133,0.624151,-0.529147,0.095004,0.624151,-0.493484,0.130667,2.89767
BNB,20251010,2554,0.487338,3.919095,-1.453961,2.465135,3.919095,-3.68772,0.231375,4.492297,-1.965968,2.52633,4.492297,-4.79601,-0.303713,23.360463
BNB,20251015,1076,0.625069,0.706559,-1.105712,-0.399153,0.706559,-1.659331,-0.952773,0.706968,-1.18216,-0.475193,0.706968,-1.344362,-0.637395,4.591191
BNB,20251025,158,0.621462,0.625944,-0.872066,-0.246122,0.625944,-0.269911,0.356033,0.623352,-0.709574,-0.086222,0.623352,-0.443473,0.179879,1.650395
BNB,20251030,449,0.548844,0.705144,-0.944977,-0.239833,0.705144,-1.027268,-0.322124,0.730122,-0.398568,0.331554,0.730122,-0.540403,0.189719,3.898969
BNB,20251104,804,0.500596,0.565312,-1.676856,-1.111544,0.565312,-1.642099,-1.076786,0.565654,-1.480214,-0.914559,0.565654,-1.807004,-1.241349,6.657189
BNB,20251109,145,0.483828,0.353374,-0.831498,-0.478124,0.353374,-1.63339,-1.280016,0.472444,-0.774836,-0.302392,0.472444,-1.397773,-0.925329,2.752319
BNB,20251114,268,0.458071,0.367097,-1.445385,-1.078288,0.367097,-0.770702,-0.403605,0.319394,-1.384321,-1.064927,0.319394,-1.206423,-0.887029,4.821251
BNB,20251129,112,0.431795,0.161833,-1.038982,-0.877149,0.161833,-1.414524,-1.252692,0.159084,-0.885056,-0.725972,0.159084,-1.323073,-1.163989,1.47705
BNB,20251204,224,0.422951,0.387208,-0.868503,-0.481295,0.387208,-2.171287,-1.78408,0.495098,-0.902706,-0.407608,0.495098,-1.433471,-0.938373,2.569637
BNB,20251209,175,0.485891,0.419249,-0.755259,-0.33601,0.419249,-1.4871,-1.067851,0.420758,-0.745619,-0.324861,0.420758,-0.789543,-0.368785,2.700187
BNB,20251214,268,0.353485,0.363354,-0.772089,-0.408735,0.363354,-0.830842,-0.467488,0.300296,-0.412107,-0.111811,0.300296,-0.598082,-0.297786,1.87355
BNB,20251219,196,0.363179,0.362282,-0.726078,-0.363796,0.362282,-2.16011,-1.797828,0.406482,-0.807422,-0.400941,0.406482,-1.738009,-1.331527,2.441997
BNB,20251224,171,0.304053,0.288779,-0.781651,-0.492872,0.288779,-1.166778,-0.878,0.430091,-0.799223,-0.369132,0.430091,-0.980409,-0.550318,1.500828
BNB,20251229,235,0.293719,0.362474,-0.933123,-0.570649,0.362474,-0.780932,-0.418458,0.492947,-1.438809,-0.945861,0.492947,-0.360559,0.132388,1.854694
BNB,20260103,118,0.321034,0.403156,-0.56565,-0.162494,0.403156,-0.710406,-0.30725,0.507662,-0.484582,0.023081,0.507662,-0.485856,0.021807,1.133627
BNB,20260108,217,0.408078,0.482493,-0.605951,-0.123458,0.482493,-1.541647,-1.059154,0.553047,-0.544826,0.008221,0.553047,-0.800001,-0.246953,2.08546
BNB,20260113,273,0.432744,0.439825,-1.104457,-0.664632,0.439825,-0.488229,-0.048404,0.551409,-0.934506,-0.383096,0.551409,0.35475,0.906159,2.275983
BNB,20260118,138,0.413826,0.513864,-0.359996,0.153868,0.513864,-1.457756,-0.943892,0.641896,-0.415576,0.22632,0.641896,-1.656907,-1.01501,1.309354
BNB,20260123,141,0.254553,0.385849,-0.416718,-0.030869,0.385849,0.15829,0.544139,0.573443,-0.260415,0.313028,0.573443,0.849779,1.423222,1.710554
BNB,20260128,202,0.401411,0.430379,-0.38368,0.046699,0.430379,-0.640268,-0.209889,0.481445,-0.281199,0.200246,0.481445,-0.962221,-0.480776,1.664628
BNB,20260202,388,0.365402,0.79825,-1.630695,-0.832445,0.79825,-2.964576,-2.166326,0.882263,-1.550475,-0.668212,0.882263,-3.396695,-2.514431,5.128816
BNB,20260207,444,0.424158,0.824192,-0.130651,0.693541,0.824192,-0.337594,0.486598,0.994535,0.96652,1.961055,0.994535,-0.560979,0.433556,4.299207
BNB,20260212,232,0.385388,0.66947,-1.023901,-0.35443,0.66947,-0.872331,-0.202861,0.782492,-0.694904,0.087588,0.782492,-0.215543,0.56695,3.064187
BNB,20260217,205,0.381068,0.771206,-0.61143,0.159776,0.771206,-0.285192,0.486014,0.898226,-0.481727,0.416499,0.898226,-0.587744,0.310481,2.606291
BNB,20260222,139,0.38177,0.857714,-0.638625,0.219088,0.857714,-0.731602,0.126112,1.120194,-0.447033,0.673161,1.120194,-0.715668,0.404527,1.394693
BNB,20260227,273,0.374864,0.743827,-0.941057,-0.19723,0.743827,-1.009386,-0.265559,0.83602,-0.80209,0.03393,0.83602,-0.650701,0.185319,2.391993
BNB,20260304,217,0.430793,0.752668,-0.615273,0.137396,0.752668,-0.680396,0.072272,0.824544,-0.420457,0.404086,0.824544,-0.254184,0.57036,3.089414
BNB,20260309,218,0.405284,0.835493,-0.359195,0.476297,0.835493,0.604297,1.439789,0.884796,-0.476028,0.408768,0.884796,0.087852,0.972649,2.680108
BNB,20260314,186,0.440634,0.406695,-0.463681,-0.056985,0.406695,-0.561722,-0.155027,0.482982,-0.406353,0.076629,0.482982,-0.538433,-0.055452,1.119615
BNB,20260319,230,0.485387,0.429075,-0.71829,-0.289215,0.429075,-0.875118,-0.446043,0.482129,-0.597586,-0.115457,0.482129,-1.151629,-0.6695,2.122868
BNB,20260324,217,0.400359,0.511095,-0.821372,-0.310276,0.511095,-0.095421,0.415674,0.572172,-0.897575,-0.325403,0.572172,0.183795,0.755967,2.076322
BNB,20260329,170,0.511959,0.537666,-0.804946,-0.26728,0.537666,-1.802135,-1.264469,0.601683,-0.12071,0.480974,0.601683,-1.616264,-1.014581,1.617766
BNB,20260403,84,0.403643,0.407388,-0.710519,-0.303131,0.407388,0.02735,0.434738,0.569018,-0.183396,0.385621,0.569018,1.25955,1.828568,1.558462
BNB,20260408,175,0.417166,0.572863,-0.956072,-0.383209,0.572863,-2.229144,-1.656281,0.666997,-0.662084,0.004913,0.666997,-1.346836,-0.679839,1.735197
BNB,20260413,327,0.449272,0.338195,-0.934782,-0.596587,0.338195,-0.994035,-0.65584,0.384459,-0.799841,-0.415382,0.384459,-0.643483,-0.259024,1.75516
BNB,20260418,165,0.361533,0.47839,-0.923855,-0.445465,0.47839,-1.786231,-1.307841,0.502518,-0.249997,0.252521,0.502518,-0.649821,-0.147303,1.634141
BNB,20260423,136,0.463735,0.392598,-0.650731,-0.258133,0.392598,-0.748606,-0.356009,0.459711,-0.779013,-0.319302,0.459711,-0.538278,-0.078567,1.671793
BNB,20260428,85,0.450212,0.410626,-0.54597,-0.135344,0.410626,-0.993797,-0.583171,0.479099,-0.351218,0.127881,0.479099,-0.900066,-0.420967,1.070041
BNB,20260503,59,0.316508,0.315056,-0.799227,-0.484171,0.315056,-0.942881,-0.627825,0.322119,-0.787891,-0.465772,0.322119,-1.335343,-1.013225,0.872584
BNB,20260508,170,0.372965,0.561798,-0.885157,-0.323359,0.561798,-0.853804,-0.292006,0.631623,-0.516265,0.115358,0.631623,-0.654031,-0.022408,1.540265
BNB,20260513,274,0.437314,0.585962,-0.72064,-0.134678,0.585962,-1.853774,-1.267812,0.67439,-0.491638,0.182752,0.67439,-1.716884,-1.042493,2.166567
BNB,20260518,203,0.429399,0.502838,-0.86101,-0.358172,0.502838,-1.279319,-0.776481,0.531432,-0.357318,0.174114,0.531432,-1.432651,-0.901219,2.106815
BNB,20260523,212,0.449557,0.538269,-0.397314,0.140955,0.538269,-0.189863,0.348406,0.631325,-0.425407,0.205918,0.631325,0.611123,1.242448,1.698199
BNB,20260528,175,0.4548,0.579512,-1.942468,-1.362956,0.579512,-2.459302,-1.87979,0.513964,-1.894839,-1.380876,0.513964,-2.238579,-1.724616,1.854966
BTC,20250727,2020,0.123367,0.102443,-0.66728,-0.564836,0.102443,-0.820488,-0.718044,0.109403,-0.451384,-0.341981,0.109403,-0.487584,-0.378181,0.972581
BTC,20250801,10594,0.111888,0.19465,-0.927966,-0.733316,0.19465,-0.889759,-0.695109,0.185713,-0.548524,-0.362811,0.185713,-0.525362,-0.339649,2.434123
BTC,20250806,4588,0.100309,0.138847,-1.037314,-0.898467,0.138847,-1.077457,-0.93861,0.119856,-0.753934,-0.634078,0.119856,-0.736769,-0.616913,1.333627
BTC,20250811,7104,0.121641,0.16346,-0.708231,-0.544771,0.16346,-1.013867,-0.850408,0.142561,-0.465524,-0.322963,0.142561,-0.490569,-0.348008,1.98833
BTC,20250816,1366,0.093188,0.224813,-0.927206,-0.702392,0.224813,-1.050909,-0.826095,0.122272,-0.752142,-0.62987,0.122272,-0.765801,-0.643528,0.74307
BTC,20250821,3226,0.125182,0.125982,-0.925008,-0.799026,0.125982,-1.354919,-1.228937,0.133639,-0.593791,-0.460152,0.133639,-0.918949,-0.78531,1.492882
BTC,20250826,5836,0.124552,0.1605,-0.703236,-0.542737,0.1605,-0.434131,-0.273631,0.140017,-0.200686,-0.06067,0.140017,-0.22342,-0.083404,2.150485
BTC,20250831,2265,0.0998,0.125097,-0.812031,-0.686933,0.125097,-0.688132,-0.563035,0.124939,-0.536534,-0.411595,0.124939,-0.242433,-0.117494,1.023784
BTC,20250905,6530,0.123902,0.213402,-0.751397,-0.537995,0.213402,-0.143021,0.07038,0.208115,-0.398841,-0.190726,0.208115,0.162967,0.371082,2.179542
BTC,20250910,5100,0.116919,0.174001,-0.568709,-0.394708,0.174001,-0.113732,0.060269,0.169739,-0.502346,-0.332606,0.169739,-0.17525,-0.005511,1.564029
BTC,20250915,4186,0.11859,0.118871,-0.506079,-0.387207,0.118871,-0.65084,-0.531968,0.11882,-0.409123,-0.290303,0.11882,-0.542763,-0.423943,1.421964
BTC,20250920,1055,0.099262,0.074443,-0.435432,-0.360989,0.074443,-0.686552,-0.612109,0.074351,-0.377045,-0.302694,0.074351,-0.699512,-0.625162,0.431897
BTC,20250925,7221,0.1117,0.144872,-0.805981,-0.66111,0.144872,-1.052311,-0.907439,0.144804,-0.518842,-0.374038,0.144804,-0.80565,-0.660846,1.979301
BTC,20250930,4331,0.103997,0.109333,-0.711435,-0.602102,0.109333,-0.790201,-0.680868,0.116142,-0.408848,-0.292706,0.116142,-0.692925,-0.576783,1.423834
BTC,20251005,6456,0.100008,0.137587,-0.868482,-0.730895,0.137587,-1.088155,-0.950568,0.169476,-0.42929,-0.259814,0.169476,-0.280202,-0.110726,1.993148
BTC,20251010,23078,0.090084,0.8671,-0.261779,0.60532,0.8671,2.227966,3.095066,0.767013,-0.0665,0.700513,0.767013,-0.530325,0.236688,10.801643
BTC,20251015,9399,0.087859,0.131452,-0.794909,-0.663456,0.131452,-0.814824,-0.683372,0.136195,-0.391713,-0.255518,0.136195,-0.984773,-0.848578,2.45791
BTC,20251025,2611,0.07689,0.13016,-0.559438,-0.429278,0.13016,-0.714162,-0.584002,0.131074,-0.234574,-0.1035,0.131074,-0.230123,-0.099048,0.938697
BTC,20251030,17460,0.071042,0.119955,-0.95228,-0.832325,0.119955,-1.46078,-1.340826,0.146032,-0.335432,-0.1894,0.146032,-0.765358,-0.619326,2.713521
BTC,20251104,19528,0.091459,0.165609,-0.590254,-0.424645,0.165609,-0.457786,-0.292177,0.159949,-0.119827,0.040122,0.159949,-0.30474,-0.144792,3.943264
BTC,20251109,4490,0.079727,0.144144,-0.760974,-0.61683,0.144144,-0.626998,-0.482853,0.147528,-0.407258,-0.25973,0.147528,-0.650378,-0.50285,1.999272
BTC,20251114,13963,0.07446,0.17797,-0.511855,-0.333885,0.17797,-0.246452,-0.068482,0.176614,-0.187437,-0.010823,0.176614,0.128834,0.305448,4.392175
BTC,20251129,3682,0.067114,0.127435,-0.76662,-0.639185,0.127435,-0.910985,-0.78355,0.184424,-0.432213,-0.247789,0.184424,-0.520408,-0.335985,1.249297
BTC,20251204,7383,0.092539,0.147087,-0.831997,-0.68491,0.147087,-0.846659,-0.699572,0.134427,-0.300437,-0.16601,0.134427,-0.578041,-0.443613,2.496678
BTC,20251209,8795,0.092198,0.181093,-0.826297,-0.645204,0.181093,-0.820828,-0.639734,0.164993,-0.299103,-0.134109,0.164993,-0.197024,-0.03203,2.584049
BTC,20251214,4294,0.082363,0.157342,-0.548089,-0.390747,0.157342,-0.528817,-0.371475,0.176721,-0.049376,0.127345,0.176721,0.0342,0.210921,1.780919
BTC,20251219,8756,0.092756,0.165477,-1.157988,-0.992512,0.165477,-1.717552,-1.552075,0.17935,-0.493555,-0.314205,0.17935,-1.605224,-1.425873,2.95365
BTC,20251224,4089,0.082036,0.184515,-0.95586,-0.771345,0.184515,-0.980187,-0.795673,0.165937,-0.649475,-0.483537,0.165937,-0.44642,-0.280483,1.649162
BTC,20251229,6607,0.086219,0.171557,-0.923762,-0.752205,0.171557,-0.442623,-0.271065,0.183587,-0.557567,-0.37398,0.183587,-0.17284,0.010747,2.141327
BTC,20260103,2249,0.088988,0.126826,-0.837633,-0.710808,0.126826,-0.94372,-0.816894,0.150669,-0.736664,-0.585995,0.150669,-1.020154,-0.869486,0.912277
BTC,20260108,8513,0.079119,0.201309,-0.715763,-0.514454,0.201309,-0.49251,-0.291201,0.193387,-0.56291,-0.369522,0.193387,-0.545219,-0.351831,2.054757
BTC,20260113,8776,0.101542,0.26823,-0.698961,-0.430731,0.26823,-0.636141,-0.367911,0.216926,-0.562371,-0.345445,0.216926,-0.860131,-0.643205,2.603425
BTC,20260118,2206,0.089742,0.191706,-1.073646,-0.881941,0.191706,-1.157518,-0.965812,0.255632,-1.281101,-1.025469,0.255632,-1.472151,-1.216519,1.020767
BTC,20260123,6804,0.077051,0.157656,-0.888812,-0.731157,0.157656,-0.402449,-0.244793,0.178006,-0.459555,-0.281549,0.178006,-0.131406,0.0466,2.119286
BTC,20260128,6027,0.081793,0.177417,-0.745989,-0.568572,0.177417,-0.446138,-0.268721,0.187518,-0.549531,-0.362013,0.187518,-0.770457,-0.582939,2.197546
BTC,20260202,15586,0.078859,0.173775,-0.671627,-0.497852,0.173775,-0.681878,-0.508103,0.187952,-0.003289,0.184664,0.187952,0.013353,0.201305,4.738176
BTC,20260207,10211,0.104676,0.268988,-0.413389,-0.144401,0.268988,-0.124355,0.144633,0.264699,-0.081794,0.182905,0.264699,0.619029,0.883728,4.64149
BTC,20260212,11672,0.087504,0.15843,-0.684645,-0.526215,0.15843,-0.700233,-0.541803,0.214972,-0.139749,0.075223,0.214972,-0.258186,-0.043214,3.596331
BTC,20260217,6749,0.094241,0.170106,-1.039838,-0.869732,0.170106,-1.714419,-1.544313,0.187762,-0.696492,-0.508731,0.187762,-0.729491,-0.541729,2.753046
BTC,20260222,2658,0.072194,0.150853,-0.817624,-0.666771,0.150853,-0.801649,-0.650796,0.153929,-0.475492,-0.321562,0.153929,-0.719519,-0.56559,1.255421
BTC,20260227,8498,0.075518,0.155887,-0.812493,-0.656606,0.155887,-0.91538,-0.759493,0.230785,-0.530232,-0.299447,0.230785,-0.376048,-0.145263,2.891064
BTC,20260304,17364,0.078286,0.167101,-0.690198,-0.523096,0.167101,-0.638756,-0.471655,0.215941,-0.654869,-0.438928,0.215941,-0.799369,-0.583428,3.983122
BTC,20260309,12297,0.084508,0.160372,-0.770159,-0.609788,0.160372,-0.698239,-0.537867,0.194076,-0.585914,-0.391838,0.194076,-0.44307,-0.248993,3.235551
BTC,20260314,4182,0.058008,0.123694,-0.850398,-0.726705,0.123694,-1.084745,-0.961051,0.181201,-0.668764,-0.487563,0.181201,-0.873273,-0.692072,1.365834
BTC,20260319,12093,0.07142,0.14581,-0.836709,-0.690899,0.14581,-0.917835,-0.772025,0.195223,-0.668367,-0.473143,0.195223,-0.856206,-0.660982,2.773881
BTC,20260324,11318,0.063487,0.151469,-0.92266,-0.771192,0.151469,-1.169894,-1.018425,0.198934,-0.422272,-0.223339,0.198934,-0.494906,-0.295972,2.765332
BTC,20260329,5768,0.056292,0.185548,-0.804945,-0.619398,0.185548,-0.559956,-0.374408,0.238448,-0.630564,-0.392115,0.238448,-0.477394,-0.238945,2.002136
BTC,20260403,5701,0.050948,0.134014,-0.641795,-0.50778,0.134014,-0.932455,-0.798441,0.187709,-0.539232,-0.351523,0.187709,-1.191695,-1.003986,1.584147
BTC,20260408,14464,0.05157,0.111416,-0.840508,-0.729092,0.111416,-1.027739,-0.916323,0.144524,-0.614339,-0.469815,0.144524,-0.965672,-0.821148,2.308931
BTC,20260413,9974,0.06592,0.141067,-1.107095,-0.966028,0.141067,-1.439247,-1.29818,0.161036,-0.60884,-0.447804,0.161036,-0.981045,-0.820009,2.429092
BTC,20260418,6141,0.057029,0.104682,-0.541161,-0.436479,0.104682,-0.215354,-0.110672,0.134068,-0.637872,-0.503804,0.134068,-0.229921,-0.095853,1.528803
BTC,20260423,13080,0.060689,0.104269,-0.745735,-0.641466,0.104269,-0.573338,-0.469068,0.136953,-0.491089,-0.354136,0.136953,-0.775101,-0.638148,2.286853
BTC,20260428,6058,0.080357,0.101185,-0.865546,-0.764361,0.101185,-0.765825,-0.66464,0.123804,-0.764673,-0.640869,0.123804,-0.637611,-0.513806,1.547487
BTC,20260503,3604,0.077177,0.110326,-1.010091,-0.899765,0.110326,-0.918423,-0.808097,0.125974,-0.743743,-0.617769,0.125974,0.062657,0.188631,1.143067
BTC,20260508,5572,0.077975,0.091454,-0.749311,-0.657858,0.091454,-0.96226,-0.870806,0.147382,-0.563638,-0.416257,0.147382,-0.78444,-0.637059,1.578826
BTC,20260513,6292,0.076896,0.098544,-0.777572,-0.679028,0.098544,-1.051043,-0.952499,0.13516,-0.505709,-0.370549,0.13516,-0.683342,-0.548182,1.453598
BTC,20260518,8627,0.072839,0.113723,-0.900692,-0.786969,0.113723,-0.794832,-0.68111,0.144678,-0.515351,-0.370673,0.144678,-0.225343,-0.080664,2.231301
BTC,20260523,5652,0.085903,0.123886,-0.972701,-0.848815,0.123886,-1.312304,-1.188418,0.164443,-0.910672,-0.746228,0.164443,-1.625812,-1.461369,1.732762
BTC,20260528,7185,0.094017,0.104742,-0.643706,-0.538964,0.104742,-1.132092,-1.02735,0.155196,-0.630472,-0.475275,0.155196,-1.542663,-1.387466,2.153206
DOGE,20250727,678,1.0,0.417511,-0.987048,-0.569538,0.417511,-1.402551,-0.98504,0.417511,-0.987048,-0.569538,0.417511,-1.402551,-0.98504,4.17163
DOGE,20250801,1797,1.0,0.668744,-1.514423,-0.84568,0.668744,-0.677476,-0.008732,0.668744,-1.514423,-0.84568,0.668744,-0.677476,-0.008732,6.772635
DOGE,20250806,400,1.0,0.498642,-1.388738,-0.890097,0.498642,-2.525288,-2.026646,0.498642,-1.388738,-0.890097,0.498642,-2.525288,-2.026646,3.790639
DOGE,20250811,1237,1.0,0.450632,-1.246384,-0.795753,0.450632,-1.359411,-0.908779,0.450632,-1.246384,-0.795753,0.450632,-1.359411,-0.908779,4.923593
DOGE,20250816,474,1.0,0.475123,-0.687462,-0.212338,0.475123,0.377564,0.852687,0.475123,-0.687462,-0.212338,0.475123,0.377564,0.852687,4.062484
DOGE,20250821,372,1.0,0.356662,-0.920041,-0.563379,0.356662,-0.682348,-0.325687,0.356662,-0.920041,-0.563379,0.356662,-0.682348,-0.325687,3.822545
DOGE,20250826,589,1.0,0.517397,-0.957463,-0.440066,0.517397,-0.112192,0.405205,0.517397,-0.957463,-0.440066,0.517397,-0.112192,0.405205,4.235461
DOGE,20250831,437,1.0,0.420007,-0.677457,-0.257449,0.420007,-0.687564,-0.267557,0.420007,-0.677457,-0.257449,0.420007,-0.687564,-0.267557,2.413652
DOGE,20250905,631,1.0,0.590364,-0.862143,-0.271779,0.590364,0.151844,0.742209,0.590364,-0.862143,-0.271779,0.590364,0.151844,0.742209,3.495764
DOGE,20250910,1114,1.0,0.466316,-0.691228,-0.224912,0.466316,-0.896902,-0.430586,0.466316,-0.691228,-0.224912,0.466316,-0.896902,-0.430586,3.849115
DOGE,20250915,1487,1.0,0.519115,-0.509021,0.010094,0.519115,-0.672055,-0.15294,0.519115,-0.509021,0.010094,0.519115,-0.672055,-0.15294,5.255994
DOGE,20250920,753,1.0,0.387517,-0.89053,-0.503013,0.387517,-1.180398,-0.792881,0.387517,-0.89053,-0.503013,0.387517,-1.180398,-0.792881,2.351107
DOGE,20250925,1240,1.0,0.481781,-1.23292,-0.751139,0.481781,-1.54871,-1.066929,0.481781,-1.23292,-0.751139,0.481781,-1.54871,-1.066929,5.050361
DOGE,20250930,396,1.0,0.408599,-0.385644,0.022955,0.408599,0.164246,0.572845,0.408599,-0.385644,0.022955,0.408599,0.164246,0.572845,3.30391
DOGE,20251005,1032,1.0,0.422835,-0.82012,-0.397285,0.422835,-1.07664,-0.653806,0.422835,-0.82012,-0.397285,0.422835,-1.07664,-0.653806,3.819287
DOGE,20251010,2626,1.0,6.178065,-2.914393,3.263672,6.178065,-4.844678,1.333387,6.178065,-2.914393,3.263672,6.178065,-4.844678,1.333387,46.840444
DOGE,20251015,803,1.0,0.522362,-0.131243,0.391119,0.522362,0.317391,0.839753,0.522362,-0.131243,0.391119,0.522362,0.317391,0.839753,5.268704
DOGE,20251025,135,1.0,0.339216,-0.434887,-0.095671,0.339216,-1.015226,-0.67601,0.339216,-0.434887,-0.095671,0.339216,-1.015226,-0.67601,1.880954
DOGE,20251030,745,1.0,0.664018,-0.58286,0.081158,0.664018,0.260598,0.924616,0.664018,-0.58286,0.081158,0.664018,0.260598,0.924616,5.074666
DOGE,20251104,1541,1.0,0.648268,-0.050613,0.597655,0.648268,-0.968455,-0.320187,0.648268,-0.050613,0.597655,0.648268,-0.968455,-0.320187,8.491774
DOGE,20251109,202,1.0,0.433668,-0.186687,0.246981,0.433668,0.290536,0.724204,0.433668,-0.186687,0.246981,0.433668,0.290536,0.724204,3.911512
DOGE,20251114,524,1.0,0.581371,-1.270973,-0.689602,0.581371,-1.594374,-1.013003,0.581371,-1.270973,-0.689602,0.581371,-1.594374,-1.013003,6.843936
DOGE,20251129,70,1.0,0.692649,-0.51937,0.17328,0.692649,-0.868834,-0.176185,0.692649,-0.51937,0.17328,0.692649,-0.868834,-0.176185,2.166128
DOGE,20251204,201,1.0,0.604458,-1.027323,-0.422865,0.604458,-0.597352,0.007106,0.604458,-1.027323,-0.422865,0.604458,-0.597352,0.007106,3.154579
DOGE,20251209,207,1.0,0.63212,-0.560649,0.071472,0.63212,-0.327214,0.304906,0.63212,-0.560649,0.071472,0.63212,-0.327214,0.304906,4.141716
DOGE,20251214,142,1.0,0.686386,-0.66532,0.021066,0.686386,1.362378,2.048764,0.686386,-0.66532,0.021066,0.686386,1.362378,2.048764,2.582719
DOGE,20251219,276,1.0,0.605825,-0.06811,0.537715,0.605825,0.092939,0.698764,0.605825,-0.06811,0.537715,0.605825,0.092939,0.698764,4.109634
DOGE,20251224,100,1.0,0.589238,-0.96136,-0.372122,0.589238,-1.793187,-1.203949,0.589238,-0.96136,-0.372122,0.589238,-1.793187,-1.203949,2.610691
DOGE,20251229,158,1.0,0.594743,0.073682,0.668425,0.594743,-0.563969,0.030774,0.594743,0.073682,0.668425,0.594743,-0.563969,0.030774,3.134273
DOGE,20260103,224,1.0,0.615718,-0.301432,0.314286,0.615718,-0.610796,0.004922,0.615718,-0.301432,0.314286,0.615718,-0.610796,0.004922,3.273486
DOGE,20260108,281,1.0,0.769717,-1.781224,-1.011507,0.769717,-0.684604,0.085113,0.769717,-1.781224,-1.011507,0.769717,-0.684604,0.085113,4.342488
DOGE,20260113,216,1.0,0.71411,-0.570179,0.14393,0.71411,3.710298,4.424408,0.71411,-0.570179,0.14393,0.71411,3.710298,4.424408,4.139796
DOGE,20260118,183,1.0,0.738591,1.289645,2.028236,0.738591,3.201226,3.939817,0.738591,1.289645,2.028236,0.738591,3.201226,3.939817,2.569748
DOGE,20260123,113,1.0,0.671432,-0.283468,0.387964,0.671432,0.577143,1.248575,0.671432,-0.283468,0.387964,0.671432,0.577143,1.248575,3.254721
DOGE,20260128,180,1.0,0.583229,-0.940658,-0.357429,0.583229,-0.976452,-0.393223,0.583229,-0.940658,-0.357429,0.583229,-0.976452,-0.393223,3.082119
DOGE,20260202,434,1.0,0.970861,-0.585442,0.385419,0.970861,-1.683441,-0.71258,0.970861,-0.585442,0.385419,0.970861,-1.683441,-0.71258,7.122216
DOGE,20260207,281,1.0,0.944282,-0.401597,0.542685,0.944282,0.686556,1.630838,0.944282,-0.401597,0.542685,0.944282,0.686556,1.630838,5.094339
DOGE,20260212,223,1.0,0.546799,-0.058375,0.488424,0.546799,-1.474705,-0.927907,0.546799,-0.058375,0.488424,0.546799,-1.474705,-0.927907,3.952667
DOGE,20260217,191,1.0,0.846745,-1.320344,-0.4736,0.846745,-1.214752,-0.368007,0.846745,-1.320344,-0.4736,0.846745,-1.214752,-0.368007,4.216548
DOGE,20260222,77,1.0,0.527509,-0.391883,0.135626,0.527509,-0.154518,0.372991,0.527509,-0.391883,0.135626,0.527509,-0.154518,0.372991,2.276834
DOGE,20260227,126,1.0,0.623479,-1.509463,-0.885984,0.623479,-2.946412,-2.322933,0.623479,-1.509463,-0.885984,0.623479,-2.946412,-2.322933,3.82931
DOGE,20260304,353,1.0,0.777034,-0.189126,0.587907,0.777034,-1.160949,-0.383915,0.777034,-0.189126,0.587907,0.777034,-1.160949,-0.383915,6.835871
DOGE,20260309,207,1.0,0.620533,-0.272324,0.348209,0.620533,-0.139988,0.480545,0.620533,-0.272324,0.348209,0.620533,-0.139988,0.480545,4.181839
DOGE,20260314,139,1.0,0.227893,-0.564718,-0.336825,0.227893,0.10047,0.328363,0.227893,-0.564718,-0.336825,0.227893,0.10047,0.328363,2.108118
DOGE,20260319,178,1.0,0.414163,-0.519066,-0.104902,0.414163,0.557066,0.971229,0.414163,-0.519066,-0.104902,0.414163,0.557066,0.971229,3.295
DOGE,20260324,196,1.0,0.356498,-0.472375,-0.115878,0.356498,-1.877321,-1.520823,0.356498,-0.472375,-0.115878,0.356498,-1.877321,-1.520823,3.358095
DOGE,20260329,202,1.0,0.467389,0.611099,1.078488,0.467389,1.293957,1.761346,0.467389,0.611099,1.078488,0.467389,1.293957,1.761346,2.690273
DOGE,20260403,126,1.0,0.252912,-0.024599,0.228313,0.252912,-0.30318,-0.050269,0.252912,-0.024599,0.228313,0.252912,-0.30318,-0.050269,2.343991
DOGE,20260408,270,1.0,0.30528,-0.149339,0.155941,0.30528,0.066546,0.371826,0.30528,-0.149339,0.155941,0.30528,0.066546,0.371826,2.664212
DOGE,20260413,189,1.0,0.36154,-0.483674,-0.122134,0.36154,0.655804,1.017344,0.36154,-0.483674,-0.122134,0.36154,0.655804,1.017344,2.576216
DOGE,20260418,310,1.0,0.346743,-0.572701,-0.225958,0.346743,-0.211932,0.134811,0.346743,-0.572701,-0.225958,0.346743,-0.211932,0.134811,2.696687
DOGE,20260423,199,1.0,0.251618,-0.322817,-0.071199,0.251618,-0.550638,-0.29902,0.251618,-0.322817,-0.071199,0.251618,-0.550638,-0.29902,2.672057
DOGE,20260428,231,1.0,0.385738,-0.412227,-0.026489,0.385738,-0.498274,-0.112536,0.385738,-0.412227,-0.026489,0.385738,-0.498274,-0.112536,2.634106
DOGE,20260503,207,1.0,0.719881,-0.947048,-0.227167,0.719881,-1.505717,-0.785836,0.719881,-0.947048,-0.227167,0.719881,-1.505717,-0.785836,1.937382
DOGE,20260508,248,1.0,0.660021,-0.683272,-0.023251,0.660021,-0.299326,0.360695,0.660021,-0.683272,-0.023251,0.660021,-0.299326,0.360695,2.528427
DOGE,20260513,535,1.0,0.70057,-0.491128,0.209443,0.70057,-0.875905,-0.175334,0.70057,-0.491128,0.209443,0.70057,-0.875905,-0.175334,3.476271
DOGE,20260518,749,1.0,0.666099,-0.528955,0.137145,0.666099,-0.153533,0.512566,0.666099,-0.528955,0.137145,0.666099,-0.153533,0.512566,4.204062
DOGE,20260523,354,1.0,0.79569,-0.564961,0.230729,0.79569,-1.300927,-0.505237,0.79569,-0.564961,0.230729,0.79569,-1.300927,-0.505237,3.331421
DOGE,20260528,188,1.0,0.643438,-3.407117,-2.763679,0.643438,-1.785382,-1.141944,0.643438,-3.407117,-2.763679,0.643438,-1.785382,-1.141944,3.32347
ETH,20250727,2161,0.493282,0.219852,-1.421223,-1.201371,0.219852,-1.35794,-1.138087,0.241551,-1.072767,-0.831215,0.241551,-1.096663,-0.855112,2.612105
ETH,20250801,10476,0.473101,0.295747,-1.191943,-0.896196,0.295747,-1.461608,-1.165861,0.286144,-0.831014,-0.54487,0.286144,-0.853784,-0.56764,4.630377
ETH,20250806,4499,0.375236,0.26604,-1.106126,-0.840086,0.26604,-1.207235,-0.941195,0.266279,-0.720254,-0.453974,0.266279,-1.035812,-0.769533,2.841297
ETH,20250811,7413,0.464009,0.237341,-0.674073,-0.436733,0.237341,-0.820012,-0.582671,0.233723,-0.487266,-0.253543,0.233723,-0.747427,-0.513704,3.960762
ETH,20250816,3335,0.367734,0.24259,-0.947609,-0.705019,0.24259,-0.688095,-0.445505,0.231336,-0.728051,-0.496716,0.231336,-0.136312,0.095024,2.518979
ETH,20250821,5108,0.466767,0.21282,-1.091193,-0.878374,0.21282,-1.086961,-0.874142,0.217389,-0.856366,-0.638977,0.217389,-0.888238,-0.670849,3.491496
ETH,20250826,10506,0.433822,0.234085,-0.833648,-0.599563,0.234085,-0.909308,-0.675224,0.235894,-0.761226,-0.525333,0.235894,-1.011787,-0.775894,4.250734
ETH,20250831,2595,0.471558,0.223036,-1.146162,-0.923125,0.223036,-0.851626,-0.62859,0.207927,-0.988812,-0.780885,0.207927,-0.653399,-0.445472,2.309208
ETH,20250905,6094,0.440473,0.278828,-0.998999,-0.720171,0.278828,-0.931673,-0.652846,0.27638,-0.901919,-0.625539,0.27638,-0.978659,-0.702279,3.465942
ETH,20250910,3491,0.449474,0.202682,-0.820358,-0.617675,0.202682,-1.114821,-0.912138,0.191068,-0.624381,-0.433313,0.191068,-1.05057,-0.859502,2.446657
ETH,20250915,3826,0.469981,0.196634,-0.620799,-0.424165,0.196634,-0.862211,-0.665577,0.196628,-0.428033,-0.231404,0.196628,-0.661094,-0.464466,2.595691
ETH,20250920,1078,0.405149,0.210418,-0.82153,-0.611112,0.210418,-1.026412,-0.815993,0.183678,-0.759722,-0.576044,0.183678,-1.111146,-0.927468,1.142898
ETH,20250925,6166,0.467743,0.28698,-1.295739,-1.008759,0.28698,-0.841215,-0.554235,0.255439,-0.939924,-0.684485,0.255439,-0.607321,-0.351881,4.612768
ETH,20250930,2324,0.462155,0.221663,-0.790129,-0.568466,0.221663,-0.899751,-0.678088,0.20841,-0.659556,-0.451146,0.20841,-0.568957,-0.360547,2.5954
ETH,20251005,3026,0.372498,0.216281,-0.775618,-0.559337,0.216281,-0.853268,-0.636987,0.190978,-0.745673,-0.554695,0.190978,-0.847338,-0.656361,2.499619
ETH,20251010,13307,0.366662,1.158174,-1.72367,-0.565497,1.158174,-2.253065,-1.094892,1.104324,-1.251697,-0.147373,1.104324,-2.153762,-1.049438,14.989329
ETH,20251015,5365,0.369656,0.238693,-0.478164,-0.23947,0.238693,-0.184741,0.053953,0.233684,-0.391196,-0.157512,0.233684,-0.23257,0.001114,4.355796
ETH,20251025,946,0.307142,0.244893,-1.111688,-0.866795,0.244893,-1.054895,-0.810002,0.224239,-0.88013,-0.655892,0.224239,-1.040209,-0.81597,1.491882
ETH,20251030,5560,0.349041,0.270091,-0.889253,-0.619162,0.270091,-1.027193,-0.757103,0.24823,-0.752902,-0.504672,0.24823,-0.781133,-0.532903,3.984167
ETH,20251104,9128,0.41059,0.361599,-0.761674,-0.400075,0.361599,-0.95367,-0.592071,0.321588,-0.643417,-0.321829,0.321588,-1.189689,-0.868101,7.042083
ETH,20251109,1891,0.418192,0.281565,-0.803977,-0.522411,0.281565,-0.839042,-0.557476,0.25298,-0.696609,-0.443629,0.25298,-0.844507,-0.591527,3.247918
ETH,20251114,6300,0.334014,0.311166,-0.934081,-0.622915,0.311166,-1.434763,-1.123596,0.289864,-0.637018,-0.347154,0.289864,-0.714996,-0.425132,6.981129
ETH,20251129,1771,0.388431,0.3381,-1.187064,-0.848964,0.3381,-1.170412,-0.832312,0.323098,-1.215833,-0.892735,0.323098,-1.40178,-1.078682,2.083226
ETH,20251204,4269,0.419531,0.332941,-1.044217,-0.711276,0.332941,-1.712299,-1.379358,0.293555,-1.027809,-0.734255,0.293555,-1.523844,-1.230289,3.648059
ETH,20251209,6103,0.402355,0.329313,-0.933096,-0.603783,0.329313,-1.178239,-0.848926,0.298243,-0.716565,-0.418322,0.298243,-0.77598,-0.477736,4.08292
ETH,20251214,2452,0.348889,0.329097,-1.168305,-0.839208,0.329097,-1.210047,-0.88095,0.284761,-1.047473,-0.762712,0.284761,-0.800466,-0.515705,2.761471
ETH,20251219,3586,0.446649,0.375131,-1.280591,-0.90546,0.375131,-1.647968,-1.272837,0.330574,-0.815289,-0.484715,0.330574,-1.357878,-1.027304,4.128758
ETH,20251224,1541,0.438363,0.383524,-0.866724,-0.4832,0.383524,-1.35929,-0.975766,0.315714,-1.056903,-0.741189,0.315714,-1.342023,-1.026309,2.32479
ETH,20251229,2850,0.461227,0.329995,-1.06849,-0.738494,0.329995,-0.833093,-0.503098,0.305638,-1.012867,-0.70723,0.305638,-0.657955,-0.352317,3.019116
ETH,20260103,1207,0.513979,0.244468,-0.841966,-0.597498,0.244468,-0.938595,-0.694127,0.23874,-0.838142,-0.599403,0.23874,-0.981002,-0.742263,1.396793
ETH,20260108,4060,0.456475,0.27685,-1.087476,-0.810626,0.27685,-0.876167,-0.599318,0.249922,-1.083825,-0.833903,0.249922,-0.991829,-0.741907,2.867628
ETH,20260113,3355,0.422288,0.405855,-1.645367,-1.239511,0.405855,-2.010296,-1.60444,0.353932,-1.706177,-1.352245,0.353932,-2.73399,-2.380059,3.562474
ETH,20260118,1744,0.354565,0.274198,-0.938936,-0.664738,0.274198,-1.498761,-1.224562,0.269064,-0.79465,-0.525586,0.269064,-0.837056,-0.567992,1.525341
ETH,20260123,4414,0.411257,0.31417,-1.183775,-0.869605,0.31417,-1.21928,-0.90511,0.281297,-0.975067,-0.693771,0.281297,-0.942677,-0.661381,3.12564
ETH,20260128,2912,0.446664,0.300494,-1.199317,-0.898824,0.300494,-1.053915,-0.753421,0.292616,-0.996555,-0.703939,0.292616,-1.052427,-0.759811,2.754441
ETH,20260202,10003,0.441359,0.445871,-1.034811,-0.58894,0.445871,-0.763252,-0.317381,0.3914,-0.647167,-0.255767,0.3914,-0.400517,-0.009117,7.403857
ETH,20260207,4432,0.467643,0.782052,-1.0892,-0.307148,0.782052,0.515099,1.297151,0.805304,0.093445,0.898749,0.805304,1.357173,2.162477,9.073225
ETH,20260212,3965,0.351037,0.360731,-1.502479,-1.141748,0.360731,-0.991546,-0.630815,0.380942,-0.806912,-0.425969,0.380942,-0.228065,0.152877,4.10443
ETH,20260217,2360,0.476045,0.396424,-1.437565,-1.041141,0.396424,-1.759011,-1.362587,0.373535,-1.145519,-0.771984,0.373535,-1.85463,-1.481096,3.61086
ETH,20260222,763,0.456224,0.398211,-1.17399,-0.775779,0.398211,-1.104737,-0.706527,0.370499,-1.01166,-0.641162,0.370499,-0.817223,-0.446725,1.703118
ETH,20260227,2661,0.447757,0.421383,-1.1965,-0.775117,0.421383,-1.006603,-0.58522,0.403637,-0.744303,-0.340666,0.403637,-0.54359,-0.139953,3.85711
ETH,20260304,4092,0.446224,0.388726,-1.039704,-0.650978,0.388726,-0.800226,-0.4115,0.391308,-0.855626,-0.464318,0.391308,0.029064,0.420372,4.962338
ETH,20260309,3293,0.484338,0.370992,-0.994088,-0.623095,0.370992,-0.551796,-0.180804,0.36957,-0.828764,-0.459194,0.36957,-0.333442,0.036128,4.093376
ETH,20260314,808,0.470624,0.348369,-1.078403,-0.730034,0.348369,-0.778648,-0.430279,0.316098,-0.940937,-0.624838,0.316098,-1.048784,-0.732685,1.667795
ETH,20260319,3522,0.465278,0.354518,-1.044538,-0.69002,0.354518,-1.041677,-0.687159,0.349832,-0.878065,-0.528234,0.349832,-1.188284,-0.838453,3.751534
ETH,20260324,2695,0.466102,0.340945,-0.89748,-0.556535,0.340945,-0.819614,-0.47867,0.340223,-0.794778,-0.454555,0.340223,-1.107712,-0.767489,3.412242
ETH,20260329,1379,0.397098,0.382088,-1.513382,-1.131293,0.382088,-1.327193,-0.945105,0.41289,-0.972891,-0.560001,0.41289,-1.554969,-1.142079,2.458102
ETH,20260403,1837,0.318555,0.307443,-1.05584,-0.748397,0.307443,-0.988332,-0.680888,0.315255,-0.737048,-0.421794,0.315255,-0.590964,-0.27571,1.95085
ETH,20260408,4269,0.312095,0.286721,-1.177809,-0.891088,0.286721,-1.086789,-0.800068,0.289916,-1.115643,-0.825727,0.289916,-0.885987,-0.596071,2.892867
ETH,20260413,3692,0.367854,0.331788,-1.253283,-0.921495,0.331788,-2.105465,-1.773678,0.31342,-0.738365,-0.424945,0.31342,-0.67443,-0.36101,3.409592
ETH,20260418,1303,0.42754,0.362667,-1.196475,-0.833808,0.362667,-0.776399,-0.413732,0.280467,-0.614374,-0.333907,0.280467,-0.333812,-0.053345,2.146341
ETH,20260423,2981,0.416174,0.292208,-1.099542,-0.807334,0.292208,-0.973581,-0.681373,0.288717,-0.886289,-0.597572,0.288717,-0.835615,-0.546897,2.746689
ETH,20260428,1820,0.387645,0.275691,-1.433691,-1.158,0.275691,-1.313374,-1.037683,0.299619,-0.930845,-0.631226,0.299619,-0.570947,-0.271328,1.827609
ETH,20260503,1089,0.392351,0.335844,-0.792319,-0.456475,0.335844,-0.255064,0.08078,0.284385,-1.342826,-1.058442,0.284385,-0.469836,-0.185452,1.543455
ETH,20260508,1389,0.442876,0.262242,-1.245743,-0.983501,0.262242,-0.981236,-0.718994,0.273582,-1.167381,-0.893799,0.273582,-0.890788,-0.617206,1.897661
ETH,20260513,1995,0.471939,0.278311,-0.910415,-0.632104,0.278311,-1.144996,-0.866685,0.272436,-0.550578,-0.278141,0.272436,-0.86339,-0.590953,1.891421
ETH,20260518,2631,0.48826,0.327372,-1.085002,-0.75763,0.327372,-0.987388,-0.660016,0.361347,-1.010182,-0.648836,0.361347,-0.87772,-0.516374,3.02919
ETH,20260523,2206,0.457656,0.320599,-1.24408,-0.923481,0.320599,-2.163962,-1.843363,0.358055,-0.972453,-0.614399,0.358055,-1.05236,-0.694305,2.626092
ETH,20260528,2309,0.494878,0.328637,-1.462511,-1.133874,0.328637,-1.04546,-0.716823,0.357116,-1.300434,-0.943318,0.357116,-1.15743,-0.800315,2.927733
HYPE,20250727,3719,0.874127,0.522259,-0.708203,-0.185944,0.522259,-0.87547,-0.353211,0.535914,-0.742877,-0.206963,0.535914,-0.929556,-0.393642,3.568738
HYPE,20250801,13576,0.904797,0.555261,-1.273207,-0.717946,0.555261,-1.704841,-1.14958,0.56528,-1.241085,-0.675805,0.56528,-1.707891,-1.142611,7.762558
HYPE,20250806,5786,0.8773,0.458984,-0.757957,-0.298972,0.458984,-1.072332,-0.613347,0.481453,-0.712953,-0.2315,0.481453,-1.053308,-0.571855,4.705396
HYPE,20250811,8603,0.879515,0.407096,-0.921585,-0.514489,0.407096,-1.120016,-0.71292,0.418173,-0.876918,-0.458745,0.418173,-1.113309,-0.695136,4.578315
HYPE,20250816,3505,0.880057,0.374595,-1.261292,-0.886697,0.374595,-1.45308,-1.078484,0.394221,-1.168249,-0.774029,0.394221,-1.334481,-0.940261,3.392013
HYPE,20250821,5348,0.899218,0.434628,-0.990617,-0.555989,0.434628,-0.821337,-0.386709,0.447476,-0.949839,-0.502363,0.447476,-0.802629,-0.355153,4.252414
HYPE,20250826,10615,0.889621,0.541687,-1.229341,-0.687654,0.541687,-1.372391,-0.830705,0.558103,-1.176507,-0.618405,0.558103,-1.234334,-0.676231,6.292282
HYPE,20250831,2877,0.847994,0.394492,-1.00742,-0.612929,0.394492,-0.839998,-0.445507,0.419203,-0.997476,-0.578273,0.419203,-0.810408,-0.391204,3.05856
HYPE,20250905,6776,0.889107,0.529735,-0.83945,-0.309715,0.529735,-0.922545,-0.39281,0.549941,-0.835419,-0.285479,0.549941,-0.931634,-0.381693,4.247484
HYPE,20250910,7820,0.893607,0.58265,-0.882807,-0.300157,0.58265,-1.236876,-0.654226,0.601744,-0.88217,-0.280426,0.601744,-1.275431,-0.673687,4.900629
HYPE,20250915,5394,0.876177,0.595446,-0.818429,-0.222983,0.595446,-1.274888,-0.679442,0.613899,-0.778447,-0.164548,0.613899,-1.185571,-0.571672,4.04972
HYPE,20250920,4397,0.780389,0.35786,-0.892192,-0.534332,0.35786,-1.419842,-1.061982,0.367449,-0.826497,-0.459047,0.367449,-1.393659,-1.02621,2.697631
HYPE,20250925,11886,0.88513,0.70752,-1.160819,-0.453299,0.70752,-1.721413,-1.013893,0.730611,-1.053773,-0.323163,0.730611,-1.52697,-0.79636,8.563296
HYPE,20250930,7146,0.879338,0.565303,-1.149417,-0.584114,0.565303,-1.331211,-0.765908,0.577707,-1.089611,-0.511904,0.577707,-1.201086,-0.623379,6.446512
HYPE,20251005,4760,0.872269,0.553852,-0.893593,-0.339741,0.553852,-0.953941,-0.400089,0.573767,-0.840117,-0.266349,0.573767,-0.966079,-0.392312,4.788895
HYPE,20251010,13457,0.70347,5.740331,-2.321356,3.418975,5.740331,-4.079198,1.661133,5.045301,-3.22801,1.817291,5.045301,-4.370374,0.674927,25.410238
HYPE,20251015,6393,0.853526,0.582862,-1.242728,-0.659866,0.582862,-1.631963,-1.049101,0.603191,-1.084687,-0.481496,0.603191,-1.553894,-0.950703,6.612195
HYPE,20251025,4639,0.832272,0.601228,-0.818769,-0.217542,0.601228,-1.497511,-0.896283,0.63398,-0.726408,-0.092428,0.63398,-1.329966,-0.695986,4.834057
HYPE,20251030,11030,0.850265,0.595033,-0.923132,-0.328099,0.595033,-1.53859,-0.943557,0.614159,-0.83515,-0.220991,0.614159,-1.459114,-0.844955,8.025399
HYPE,20251104,11315,0.893388,0.660159,-1.237787,-0.577628,0.660159,-2.229891,-1.569732,0.678016,-1.181163,-0.503148,0.678016,-2.226837,-1.548821,10.493956
HYPE,20251109,3706,0.837455,0.38171,-1.126582,-0.744872,0.38171,-1.372795,-0.991085,0.4004,-1.024494,-0.624094,0.4004,-1.379737,-0.979337,5.067722
HYPE,20251114,5716,0.906022,0.461874,-1.146108,-0.684234,0.461874,-2.47158,-2.009706,0.468721,-1.162305,-0.693584,0.468721,-2.381734,-1.913014,6.684822
HYPE,20251129,4081,0.905859,0.579347,-1.12408,-0.544733,0.579347,-0.845896,-0.266549,0.595381,-1.201324,-0.605943,0.595381,-0.870848,-0.275467,5.515309
HYPE,20251204,4051,0.891827,0.450232,-1.130132,-0.679901,0.450232,-1.386974,-0.936742,0.458642,-1.070345,-0.611703,0.458642,-1.251196,-0.792554,4.884152
HYPE,20251209,5896,0.895726,0.61563,-0.913208,-0.297577,0.61563,-1.538392,-0.922761,0.632965,-0.909894,-0.276929,0.632965,-1.560964,-0.927999,6.649378
HYPE,20251214,4383,0.892227,0.511494,-0.974775,-0.463281,0.511494,-0.95871,-0.447216,0.516573,-0.932167,-0.415594,0.516573,-0.886518,-0.369945,4.950659
HYPE,20251219,4239,0.906226,0.600229,-1.159094,-0.558865,0.600229,-1.053995,-0.453766,0.612736,-1.182787,-0.570051,0.612736,-1.065758,-0.453022,6.492188
HYPE,20251224,2163,0.903981,0.591605,-1.060497,-0.468892,0.591605,-1.222606,-0.631001,0.605322,-1.090498,-0.485176,0.605322,-1.12675,-0.521428,4.227553
HYPE,20251229,3309,0.908157,0.564067,-1.121062,-0.556995,0.564067,-1.267833,-0.703765,0.576477,-1.125079,-0.548603,0.576477,-1.270211,-0.693735,4.732329
HYPE,20260103,2545,0.916515,0.527637,-1.19901,-0.671373,0.527637,-1.728004,-1.200368,0.54011,-1.172736,-0.632626,0.54011,-1.700519,-1.160409,3.88305
HYPE,20260108,3218,0.923135,0.537611,-0.894161,-0.35655,0.537611,-1.471434,-0.933824,0.546906,-0.878535,-0.331629,0.546906,-1.397587,-0.850681,4.210834
HYPE,20260113,3200,0.944122,0.606579,-1.17384,-0.567261,0.606579,-1.395699,-0.789119,0.61213,-1.131007,-0.518877,0.61213,-1.31035,-0.698219,4.748603
HYPE,20260118,1879,0.878819,0.499715,-1.155122,-0.655408,0.499715,-1.202517,-0.702803,0.521751,-1.187568,-0.665816,0.521751,-1.248344,-0.726593,3.32491
HYPE,20260123,3918,0.935048,0.538977,-1.075491,-0.536514,0.538977,-1.49113,-0.952153,0.543975,-1.049226,-0.505251,0.543975,-1.370208,-0.826233,5.193581
HYPE,20260128,13005,0.920121,0.759804,-0.804023,-0.044219,0.759804,-0.709582,0.050223,0.770627,-0.769936,0.000691,0.770627,-0.567597,0.20303,10.346351
HYPE,20260202,10045,0.921988,0.999265,-0.893549,0.105716,0.999265,-1.996451,-0.997186,1.017965,-0.884795,0.13317,1.017965,-2.020626,-1.002661,10.649709
HYPE,20260207,3309,0.886914,0.841151,-1.086228,-0.245077,0.841151,-1.63357,-0.792419,0.862153,-0.993435,-0.131282,0.862153,-1.50966,-0.647507,7.489059
HYPE,20260212,4865,0.915209,0.477659,-0.780173,-0.302514,0.477659,-0.956939,-0.47928,0.485337,-0.783196,-0.297859,0.485337,-0.963794,-0.478457,5.969964
HYPE,20260217,3408,0.895255,0.49014,-0.731766,-0.241626,0.49014,-0.531228,-0.041087,0.506066,-0.732939,-0.226873,0.506066,-0.577569,-0.071503,4.61165
HYPE,20260222,1496,0.907219,0.335407,-0.904654,-0.569247,0.335407,-1.168244,-0.832837,0.343238,-0.878855,-0.535617,0.343238,-1.166925,-0.823688,2.620472
HYPE,20260227,3933,0.911098,0.534743,-0.822185,-0.287443,0.534743,-0.817234,-0.282492,0.54571,-0.777213,-0.231503,0.54571,-0.757445,-0.211735,5.207641
HYPE,20260304,5365,0.920945,0.477243,-0.8028,-0.325558,0.477243,-0.495742,-0.018499,0.484277,-0.762527,-0.27825,0.484277,-0.52333,-0.039053,5.587836
HYPE,20260309,6593,0.91789,0.6491,-1.375399,-0.726299,0.6491,-1.766873,-1.117772,0.661591,-1.327277,-0.665685,0.661591,-1.552993,-0.891402,7.170729
HYPE,20260314,3239,0.903384,0.436352,-0.997822,-0.56147,0.436352,-1.099778,-0.663426,0.447329,-0.958413,-0.511084,0.447329,-1.024205,-0.576876,3.628437
HYPE,20260319,5689,0.895989,0.561908,-0.719452,-0.157545,0.561908,-0.904857,-0.342949,0.574794,-0.662453,-0.087659,0.574794,-0.949842,-0.375048,5.727072
HYPE,20260324,5120,0.908566,0.420645,-0.92825,-0.507604,0.420645,-1.334019,-0.913374,0.433363,-0.910113,-0.47675,0.433363,-1.338226,-0.904863,5.002961
HYPE,20260329,2336,0.89777,0.342603,-0.693789,-0.351186,0.342603,-0.593145,-0.250542,0.35362,-0.682602,-0.328982,0.35362,-0.591549,-0.237929,3.02158
HYPE,20260403,2249,0.925051,0.300919,-0.621913,-0.320994,0.300919,-0.730977,-0.430058,0.306702,-0.62589,-0.319187,0.306702,-0.752359,-0.445656,2.715379
HYPE,20260408,4703,0.906632,0.436689,-0.757213,-0.320524,0.436689,-0.632979,-0.196289,0.450167,-0.758283,-0.308117,0.450167,-0.620781,-0.170614,4.459077
HYPE,20260413,4727,0.885441,0.385565,-0.798693,-0.413128,0.385565,-0.63509,-0.249525,0.398736,-0.777863,-0.379127,0.398736,-0.551184,-0.152448,4.51237
HYPE,20260418,2500,0.898876,0.315536,-0.731499,-0.415963,0.315536,-0.694748,-0.379212,0.326004,-0.77113,-0.445127,0.326004,-0.833999,-0.507995,2.898486
HYPE,20260423,2852,0.908093,0.320788,-0.766151,-0.445363,0.320788,-0.825086,-0.504298,0.328253,-0.800155,-0.471901,0.328253,-0.941102,-0.612849,3.427459
HYPE,20260428,3263,0.913592,0.275621,-1.154663,-0.879042,0.275621,-1.64048,-1.364859,0.282994,-1.144017,-0.861023,0.282994,-1.596808,-1.313814,2.988593
HYPE,20260503,1314,0.891081,0.264253,-1.047065,-0.782812,0.264253,-0.756234,-0.491981,0.276678,-1.066215,-0.789537,0.276678,-0.745212,-0.468535,2.178501
HYPE,20260508,2192,0.923335,0.318733,-0.903123,-0.58439,0.318733,-0.983757,-0.665024,0.326776,-0.893335,-0.566559,0.326776,-0.930407,-0.603631,2.739866
HYPE,20260513,2734,0.916156,0.279214,-0.978969,-0.699755,0.279214,-0.779734,-0.500519,0.285621,-0.956986,-0.671365,0.285621,-0.828926,-0.543305,2.705606
HYPE,20260518,9331,0.880962,0.476638,-0.790917,-0.314279,0.476638,-0.824336,-0.347698,0.488518,-0.762922,-0.274404,0.488518,-0.705714,-0.217196,6.659567
HYPE,20260523,6435,0.886145,0.381999,-1.033133,-0.651134,0.381999,-1.073869,-0.69187,0.397608,-1.006078,-0.60847,0.397608,-1.075665,-0.678057,6.494217
HYPE,20260528,8980,0.893254,0.412698,-0.857501,-0.444803,0.412698,-0.971496,-0.558798,0.425365,-0.840765,-0.4154,0.425365,-0.941149,-0.515784,6.200872
INJ,20250727,75,0.973333,1.226911,-2.171022,-0.944111,1.226911,-3.201473,-1.974562,1.197838,-2.321963,-1.124125,1.197838,-3.221024,-2.023186,4.108192
INJ,20250801,229,0.989956,1.812748,-5.06186,-3.249112,1.812748,-5.734404,-3.921656,1.793582,-5.078454,-3.284872,1.793582,-5.968269,-4.174687,7.377756
INJ,20250806,79,0.93038,1.854249,-2.48229,-0.628041,1.854249,-1.565607,0.288642,1.92822,-2.665759,-0.737539,1.92822,-0.876082,1.052138,4.793949
INJ,20250811,161,0.970807,1.193849,-2.644704,-1.450855,1.193849,-1.18867,0.005179,1.212732,-2.695161,-1.482429,1.212732,-1.451403,-0.238671,5.226951
INJ,20250816,47,0.895745,1.52472,-2.551854,-1.027133,1.52472,-1.337844,0.186877,1.620551,-2.289459,-0.668908,1.620551,-0.858483,0.762068,3.437947
INJ,20250821,129,0.927132,1.036026,-2.911515,-1.875489,1.036026,-4.933145,-3.897119,1.047456,-2.860301,-1.812845,1.047456,-4.976415,-3.928959,3.92018
INJ,20250826,96,0.955208,1.696378,-1.938486,-0.242108,1.696378,-4.571736,-2.875358,1.735663,-1.929494,-0.193831,1.735663,-4.321809,-2.586146,5.349358
INJ,20250831,44,0.952273,1.203124,-1.223457,-0.020333,1.203124,-0.976732,0.226392,1.226535,-1.254495,-0.02796,1.226535,-0.837433,0.389101,2.720471
INJ,20250905,89,0.959551,1.981669,-5.018287,-3.036618,1.981669,-5.706535,-3.724866,1.985175,-5.153898,-3.168723,1.985175,-5.70729,-3.722115,4.033775
INJ,20250910,94,0.973404,1.733641,-1.507719,0.225921,1.733641,-1.447876,0.285764,1.743716,-1.493923,0.249793,1.743716,-1.606479,0.137237,3.762894
INJ,20250915,107,0.968224,1.667859,-1.684469,-0.01661,1.667859,-1.083316,0.584543,1.650329,-1.701875,-0.051546,1.650329,-0.76091,0.889419,4.042552
INJ,20250920,25,1.0,1.123495,-2.175714,-1.052219,1.123495,-3.099968,-1.976472,1.123495,-2.175714,-1.052219,1.123495,-3.099968,-1.976472,2.160636
INJ,20250925,91,0.954945,1.319542,-0.825137,0.494404,1.319542,0.974866,2.294407,1.338777,-0.872899,0.465879,1.338777,0.71523,2.054007,5.47281
INJ,20250930,28,0.964286,1.601133,-2.987155,-1.386022,1.601133,-3.570787,-1.969653,1.621507,-2.994856,-1.373349,1.621507,-3.652291,-2.030784,3.367643
INJ,20251005,115,0.973913,1.750157,-0.625662,1.124495,1.750157,-1.625122,0.125034,1.733813,-0.86752,0.866293,1.733813,-1.880382,-0.146569,3.629712
INJ,20251010,333,0.944745,19.292897,-17.080759,2.212138,19.292897,-5.839685,13.453212,19.729504,-21.230095,-1.500591,19.729504,-6.103562,13.625942,73.661765
INJ,20251015,24,0.991667,1.277424,-3.908136,-2.630712,1.277424,1.405281,2.682705,1.274835,-3.967626,-2.692791,1.274835,1.417978,2.692813,5.412771
INJ,20251025,4,0.85,1.80029,-2.803911,-1.003621,1.80029,-6.313904,-4.513614,1.836764,-3.694517,-1.857753,1.836764,-7.553111,-5.716347,2.339304
INJ,20251030,65,1.0,1.27851,-3.55309,-2.27458,1.27851,-10.59253,-9.31402,1.27851,-3.55309,-2.27458,1.27851,-10.59253,-9.31402,5.926592
INJ,20251104,79,0.987342,1.446992,-1.069065,0.377928,1.446992,0.073166,1.520158,1.460782,-1.074199,0.386582,1.460782,0.076961,1.537743,9.50314
INJ,20251109,24,1.0,1.541571,-0.86378,0.677791,1.541571,0.456591,1.998162,1.541571,-0.86378,0.677791,1.541571,0.456591,1.998162,5.654764
INJ,20251114,55,0.998182,1.802366,-3.036427,-1.234061,1.802366,-6.631319,-4.828953,1.804885,-2.997495,-1.192611,1.804885,-6.601229,-4.796345,9.048665
INJ,20251129,28,1.0,1.371338,-0.617631,0.753707,1.371338,0.718014,2.089352,1.371338,-0.617631,0.753707,1.371338,0.718014,2.089352,3.24523
INJ,20251204,34,0.979412,2.122165,-2.566635,-0.44447,2.122165,-5.813726,-3.69156,2.131811,-2.59961,-0.467798,2.131811,-5.836289,-3.704478,4.332525
INJ,20251209,88,0.973864,1.736042,-2.80932,-1.073278,1.736042,-2.668504,-0.932461,1.771116,-2.899892,-1.128776,1.771116,-2.663059,-0.891943,5.340477
INJ,20251214,63,0.939683,1.61137,-1.186498,0.424871,1.61137,-2.316542,-0.705173,1.616281,-1.16973,0.446551,1.616281,-2.433682,-0.8174,3.585832
INJ,20251219,48,0.96875,1.204484,-4.128967,-2.924484,1.204484,-6.790615,-5.586132,1.196083,-4.197115,-3.001032,1.196083,-6.726854,-5.53077,5.277684
INJ,20251224,12,0.975,3.955503,-1.555167,2.400336,3.955503,-1.633807,2.321696,4.028319,-1.569296,2.459023,4.028319,-1.647092,2.381227,3.433533
INJ,20251229,22,1.0,2.321239,0.942335,3.263574,2.321239,-0.835287,1.485951,2.321239,0.942335,3.263574,2.321239,-0.835287,1.485951,4.129926
INJ,20260103,28,1.0,2.138582,0.091587,2.230169,2.138582,2.22153,4.360112,2.138582,0.091587,2.230169,2.138582,2.22153,4.360112,3.668475
INJ,20260108,39,0.958974,1.684348,-2.835664,-1.151317,1.684348,-4.220725,-2.536378,1.702141,-2.936146,-1.234005,1.702141,-4.165174,-2.463033,4.591862
INJ,20260113,60,0.95,3.390172,-2.678046,0.712127,3.390172,0.891655,4.281827,3.380757,-2.815947,0.56481,3.380757,0.928362,4.309119,5.67821
INJ,20260118,59,0.947458,2.367381,-0.922928,1.444453,2.367381,-1.017688,1.349693,2.451075,-0.821508,1.629567,2.451075,-1.146676,1.304398,3.444911
INJ,20260123,26,1.0,3.230849,0.051653,3.282503,3.230849,5.232484,8.463333,3.230849,0.051653,3.282503,3.230849,5.232484,8.463333,4.294139
INJ,20260128,18,0.977778,1.999051,-0.702518,1.296534,1.999051,0.146457,2.145508,1.987014,-0.674416,1.312598,1.987014,0.135101,2.122115,3.856194
INJ,20260202,33,0.945455,2.585337,-1.277817,1.30752,2.585337,6.826502,9.411839,2.613759,-1.090373,1.523386,2.613759,7.564967,10.178726,7.325445
INJ,20260207,18,1.0,2.481556,-10.168454,-7.686898,2.481556,-16.403503,-13.921946,2.481556,-10.168454,-7.686898,2.481556,-16.403503,-13.921946,5.900772
INJ,20260212,14,1.0,3.165587,-1.243958,1.921629,3.165587,-0.750256,2.415331,3.165587,-1.243958,1.921629,3.165587,-0.750256,2.415331,4.633803
INJ,20260217,12,1.0,2.673629,-1.557926,1.115703,2.673629,3.351834,6.025463,2.673629,-1.557926,1.115703,2.673629,3.351834,6.025463,4.088803
INJ,20260222,180,0.983333,1.979739,-1.37736,0.602379,1.979739,-1.977453,0.002286,1.973319,-1.383328,0.58999,1.973319,-1.956024,0.017294,4.478264
INJ,20260227,60,0.991667,2.80326,-2.670674,0.132586,2.80326,-1.310361,1.4929,2.805238,-2.701209,0.104028,2.805238,-1.3443,1.460937,4.578246
INJ,20260304,76,0.993421,3.329783,-1.245199,2.084584,3.329783,-2.559844,0.76994,3.35077,-1.240667,2.110103,3.35077,-2.516097,0.834673,4.552988
INJ,20260309,71,1.0,2.13946,-1.127702,1.011758,2.13946,-0.236803,1.902657,2.13946,-1.127702,1.011758,2.13946,-0.236803,1.902657,4.09877
INJ,20260314,30,1.0,1.504118,-0.453427,1.050692,1.504118,-1.994982,-0.490864,1.504118,-0.453427,1.050692,1.504118,-1.994982,-0.490864,1.824026
INJ,20260319,38,0.984211,1.769833,-0.834321,0.935511,1.769833,-2.069148,-0.299315,1.771588,-0.853034,0.918554,1.771588,-2.046404,-0.274816,2.72401
INJ,20260324,52,0.980769,1.846765,-1.303494,0.543271,1.846765,0.166576,2.013341,1.752217,-1.306728,0.445489,1.752217,0.249574,2.001791,3.231348
INJ,20260329,51,0.982353,2.045944,-0.456705,1.589239,2.045944,0.120544,2.166488,2.051006,-0.468078,1.582928,2.051006,0.141724,2.19273,2.605645
INJ,20260403,47,0.993617,1.754605,-1.286823,0.467783,1.754605,-0.670363,1.084242,1.75697,-1.295859,0.461111,1.75697,-0.665133,1.091837,2.480412
INJ,20260408,73,0.975342,1.698437,-0.327535,1.370902,1.698437,-1.725137,-0.0267,1.710272,-0.327816,1.382456,1.710272,-1.885051,-0.174779,2.932723
INJ,20260413,46,1.0,1.118981,-0.20636,0.912621,1.118981,0.133307,1.252288,1.118981,-0.20636,0.912621,1.118981,0.133307,1.252288,2.998266
INJ,20260418,40,0.985,1.326406,-0.429741,0.896665,1.326406,-1.158995,0.16741,1.320439,-0.455496,0.864943,1.320439,-1.325931,-0.005492,3.023325
INJ,20260423,34,1.0,1.557757,-1.60592,-0.048163,1.557757,-2.38162,-0.823863,1.557757,-1.60592,-0.048163,1.557757,-2.38162,-0.823863,3.036692
INJ,20260428,42,0.985714,1.613063,-2.197127,-0.584065,1.613063,-3.382088,-1.769026,1.614979,-2.191892,-0.576913,1.614979,-3.365111,-1.750132,3.563397
INJ,20260503,68,0.989706,1.472969,-0.958987,0.513982,1.472969,-1.257669,0.2153,1.486893,-0.928458,0.558435,1.486893,-1.126892,0.360001,2.939738
INJ,20260508,139,0.960432,2.406911,-1.485824,0.921086,2.406911,-3.152635,-0.745724,2.388869,-1.282056,1.106814,2.388869,-3.066743,-0.677874,5.809577
INJ,20260513,1096,0.980383,2.310068,-2.135767,0.1743,2.310068,-2.797709,-0.487641,2.322124,-2.120637,0.201487,2.322124,-2.706525,-0.384401,12.740916
INJ,20260518,113,0.990265,2.351055,-1.099337,1.251717,2.351055,0.611096,2.962151,2.371851,-1.057471,1.31438,2.371851,0.638093,3.009944,6.421969
INJ,20260523,229,0.991266,2.620653,-4.01352,-1.392867,2.620653,-3.898211,-1.277558,2.624899,-4.037673,-1.412775,2.624899,-4.023968,-1.399069,7.960459
INJ,20260528,226,0.969912,2.286786,-2.310741,-0.023955,2.286786,-1.612841,0.673944,2.316379,-2.252335,0.064044,2.316379,-1.648892,0.667487,7.213794
LINK,20250727,137,0.978832,0.989412,-1.966229,-0.976817,0.989412,-3.389859,-2.400447,0.991306,-1.954355,-0.96305,0.991306,-3.467337,-2.476031,3.651268
LINK,20250801,553,0.990778,1.172596,-2.21169,-1.039094,1.172596,-3.10417,-1.931573,1.173859,-2.198375,-1.024516,1.173859,-3.077572,-1.903713,5.819174
LINK,20250806,103,0.972816,1.086071,-0.898958,0.187113,1.086071,-1.920816,-0.834745,1.09823,-0.987122,0.111108,1.09823,-1.907895,-0.809665,3.419099
LINK,20250811,1242,0.974316,0.963521,-1.070811,-0.10729,0.963521,-0.748737,0.214785,0.965713,-1.046906,-0.081194,0.965713,-0.710408,0.255305,5.210084
LINK,20250816,503,0.974155,0.732139,-0.788734,-0.056595,0.732139,-1.383201,-0.651062,0.732911,-0.755259,-0.022349,0.732911,-1.281475,-0.548564,4.309426
LINK,20250821,1321,0.980696,0.801496,-0.581868,0.219628,0.801496,-0.408605,0.392891,0.806688,-0.601721,0.204967,0.806688,-0.461589,0.345099,5.633238
LINK,20250826,1267,0.969376,0.755743,-0.914883,-0.15914,0.755743,-1.882625,-1.126882,0.760931,-0.907891,-0.146959,0.760931,-1.860351,-1.09942,5.692005
LINK,20250831,311,0.952733,0.675144,-0.692377,-0.017233,0.675144,-0.979313,-0.304169,0.684756,-0.692442,-0.007687,0.684756,-1.014533,-0.329778,2.910072
LINK,20250905,347,0.957925,0.844439,-0.406451,0.437988,0.844439,0.355813,1.200251,0.832287,-0.330745,0.501542,0.832287,0.638336,1.470623,4.032887
LINK,20250910,510,0.961373,0.609986,-0.633362,-0.023376,0.609986,-0.394844,0.215141,0.617553,-0.646627,-0.029074,0.617553,-0.429779,0.187775,3.414652
LINK,20250915,280,0.975,0.635471,-0.493909,0.141562,0.635471,-0.176707,0.458764,0.640241,-0.523525,0.116717,0.640241,-0.342091,0.29815,3.822593
LINK,20250920,118,0.944915,0.63848,-0.141526,0.496955,0.63848,-0.522745,0.115735,0.638543,-0.169458,0.469085,0.638543,-0.654719,-0.016176,2.075331
LINK,20250925,399,0.969424,0.842842,-0.745662,0.09718,0.842842,-1.139925,-0.297083,0.853628,-0.812903,0.040725,0.853628,-1.295141,-0.441512,4.799561
LINK,20250930,192,0.975,1.01225,-0.490843,0.521407,1.01225,0.238681,1.250931,1.027721,-0.634991,0.39273,1.027721,0.298276,1.325997,3.783184
LINK,20251005,236,0.986441,0.717521,-0.700516,0.017004,0.717521,-1.365701,-0.648181,0.712885,-0.666909,0.045977,0.712885,-1.330527,-0.617642,3.39574
LINK,20251010,1156,0.966176,17.429436,-13.116443,4.312993,17.429436,-25.905637,-8.476201,17.379886,-13.541,3.838886,17.379886,-26.514398,-9.134512,53.4919
LINK,20251015,261,0.972414,0.718674,-0.793298,-0.074624,0.718674,0.57091,1.289584,0.728241,-0.812679,-0.084438,0.728241,0.735604,1.463845,5.140356
LINK,20251025,73,0.983562,0.51801,-0.547997,-0.029987,0.51801,0.014687,0.532696,0.519271,-0.53848,-0.019209,0.519271,0.036326,0.555597,2.201298
LINK,20251030,412,0.969417,0.716774,-0.384835,0.33194,0.716774,-1.317283,-0.600509,0.724368,-0.319242,0.405127,0.724368,-1.34616,-0.621791,5.915123
LINK,20251104,626,0.968211,0.880321,-1.207979,-0.327658,0.880321,-0.775759,0.104561,0.883395,-1.15252,-0.269125,0.883395,-0.461873,0.421522,8.64861
LINK,20251109,210,0.992857,0.762474,-0.192403,0.570071,0.762474,0.168917,0.931391,0.762972,-0.203281,0.559691,0.762972,0.125671,0.888643,4.59117
LINK,20251114,346,0.97948,0.65316,-1.430999,-0.777839,0.65316,-0.588933,0.064227,0.656315,-1.441803,-0.785487,0.656315,-0.43195,0.224365,7.290151
LINK,20251129,73,0.976712,0.821845,-1.09702,-0.275175,0.821845,-1.33413,-0.512285,0.811031,-1.113036,-0.302004,0.811031,-1.239131,-0.4281,2.381179
LINK,20251204,190,0.965263,0.751296,0.268531,1.019827,0.751296,-0.164499,0.586797,0.760086,0.090039,0.850125,0.760086,-0.423414,0.336672,4.178722
LINK,20251209,159,0.97673,0.874874,-0.582042,0.292832,0.874874,-0.260467,0.614408,0.879975,-0.565362,0.314613,0.879975,-0.320198,0.559776,4.838293
LINK,20251214,64,0.953125,0.688098,-0.553432,0.134665,0.688098,-3.164572,-2.476474,0.6922,-0.487905,0.204295,0.6922,-3.0189,-2.3267,3.236899
LINK,20251219,141,0.939716,0.798889,0.188124,0.987013,0.798889,0.912147,1.711036,0.806282,0.221312,1.027593,0.806282,0.941221,1.747503,4.354604
LINK,20251224,57,0.989474,0.854875,-0.497339,0.357536,0.854875,0.305745,1.16062,0.855185,-0.52459,0.330595,0.855185,0.401229,1.256414,2.986461
LINK,20251229,122,0.99918,0.955451,-0.791455,0.163996,0.955451,-0.575817,0.379634,0.955902,-0.793767,0.162135,0.955902,-0.576622,0.37928,3.747386
LINK,20260103,86,0.973256,0.635586,-0.442173,0.193413,0.635586,0.640033,1.27562,0.642686,-0.439952,0.202735,0.642686,0.691464,1.334151,2.164679
LINK,20260108,146,0.99863,0.789013,-0.541811,0.247203,0.789013,0.108123,0.897137,0.789576,-0.542554,0.247023,0.789576,0.108272,0.897848,3.609845
LINK,20260113,156,0.962179,0.790777,-0.967481,-0.176703,0.790777,-1.36819,-0.577413,0.788698,-1.048969,-0.260272,0.788698,-1.703343,-0.914645,3.513835
LINK,20260118,66,0.969697,0.769444,-0.89374,-0.124296,0.769444,-1.340285,-0.570842,0.782143,-0.870636,-0.088493,0.782143,-1.484867,-0.702725,2.17663
LINK,20260123,109,0.968807,0.697524,-1.188468,-0.490944,0.697524,-0.143542,0.553982,0.703274,-0.894682,-0.191408,0.703274,0.018852,0.722126,3.036898
LINK,20260128,94,0.992553,0.778992,-0.235158,0.543833,0.778992,-0.208395,0.570597,0.778437,-0.233723,0.544714,0.778437,-0.267548,0.510889,3.118893
LINK,20260202,179,0.967039,0.816078,-2.110153,-1.294075,0.816078,-2.190294,-1.374217,0.820677,-2.150553,-1.329877,0.820677,-2.056118,-1.235441,7.145365
LINK,20260207,167,0.988623,1.430349,-0.701747,0.728602,1.430349,1.368576,2.798925,1.442578,-0.732643,0.709934,1.442578,1.296356,2.738934,5.646476
LINK,20260212,156,0.982051,0.848742,-0.882727,-0.033985,0.848742,-1.030738,-0.181996,0.85075,-0.881757,-0.031007,0.85075,-1.061737,-0.210987,4.291078
LINK,20260217,85,1.0,0.685331,-0.627212,0.05812,0.685331,0.094926,0.780257,0.685331,-0.627212,0.05812,0.685331,0.094926,0.780257,3.890146
LINK,20260222,51,0.972549,0.735718,-0.840081,-0.104364,0.735718,-0.379706,0.356011,0.733913,-0.756431,-0.022519,0.733913,-0.440883,0.29303,2.057357
LINK,20260227,162,0.981481,1.069939,-0.651373,0.418566,1.069939,0.338688,1.408627,1.081615,-0.619933,0.461682,1.081615,0.490921,1.572537,3.85948
LINK,20260304,209,0.976077,0.870906,-1.135675,-0.264769,0.870906,-1.398992,-0.528087,0.881837,-1.106167,-0.22433,0.881837,-1.345891,-0.464054,4.98722
LINK,20260309,110,0.974545,0.894539,-1.10556,-0.211021,0.894539,-1.175063,-0.280524,0.88973,-1.139595,-0.249866,0.88973,-1.198865,-0.309135,4.357949
LINK,20260314,147,0.992517,0.406127,-1.695012,-1.288885,0.406127,-1.627501,-1.221374,0.407363,-1.705671,-1.298308,0.407363,-1.637034,-1.229671,1.92722
LINK,20260319,238,0.978992,0.508174,-1.601861,-1.093687,0.508174,-2.064646,-1.556473,0.501388,-1.600853,-1.099466,0.501388,-1.919377,-1.417989,3.199725
LINK,20260324,179,0.983799,0.578094,-1.243811,-0.665717,0.578094,-2.268826,-1.690732,0.58142,-1.268662,-0.687242,0.58142,-2.245838,-1.664418,3.328615
LINK,20260329,108,0.97963,0.622699,-1.106477,-0.483777,0.622699,-0.784833,-0.162134,0.624407,-1.096762,-0.472355,0.624407,-0.797943,-0.173537,2.743961
LINK,20260403,117,0.976068,0.541737,-0.819962,-0.278224,0.541737,-0.527151,0.014586,0.548058,-0.835082,-0.287024,0.548058,-0.505926,0.042132,2.279722
LINK,20260408,118,0.988136,0.666913,-1.011156,-0.344243,0.666913,0.03566,0.702574,0.667274,-0.968781,-0.301507,0.667274,0.214578,0.881852,2.915151
LINK,20260413,127,0.974016,0.842163,-1.140561,-0.298398,0.842163,-1.334928,-0.492765,0.855258,-1.191835,-0.336577,0.855258,-1.294373,-0.439115,3.22125
LINK,20260418,68,0.964706,0.610255,-0.934817,-0.324562,0.610255,0.797169,1.407424,0.623739,-0.996585,-0.372846,0.623739,0.660056,1.283795,2.45325
LINK,20260423,87,0.990805,0.586517,-1.273017,-0.6865,0.586517,-2.225366,-1.63885,0.588932,-1.293156,-0.704224,0.588932,-2.216183,-1.627251,2.423007
LINK,20260428,32,0.99375,0.622831,-0.644401,-0.02157,0.622831,-1.325641,-0.70281,0.626065,-0.657,-0.030935,0.626065,-1.432092,-0.806027,1.758514
LINK,20260503,41,0.968293,0.468703,-0.861583,-0.39288,0.468703,-1.676877,-1.208174,0.470198,-0.922517,-0.452318,0.470198,-1.691408,-1.22121,1.524039
LINK,20260508,146,0.977397,0.921083,-1.215042,-0.293959,0.921083,-2.095552,-1.174469,0.926358,-1.272479,-0.346121,0.926358,-2.108611,-1.182253,2.890014
LINK,20260513,226,0.980531,1.075229,-0.782087,0.293142,1.075229,-2.327874,-1.252645,1.059267,-0.763135,0.296132,1.059267,-2.181865,-1.122597,3.116917
LINK,20260518,145,0.962069,0.826054,-1.29926,-0.473206,0.826054,-2.346856,-1.520802,0.847057,-1.331839,-0.484783,0.847057,-2.336996,-1.48994,3.316124
LINK,20260523,215,0.970698,0.925032,-1.053103,-0.128071,0.925032,-2.101529,-1.176497,0.944194,-1.0655,-0.121306,0.944194,-2.046139,-1.101945,3.135486
LINK,20260528,305,0.990492,1.041064,-3.634073,-2.593009,1.041064,-2.887929,-1.846866,1.047927,-3.642667,-2.59474,1.047927,-2.897997,-1.85007,3.499182
LTC,20250727,108,0.691759,1.227212,-1.531182,-0.30397,1.227212,-2.792213,-1.565001,1.233587,-1.537812,-0.304225,1.233587,-3.065425,-1.831838,2.895519
LTC,20250801,376,0.929894,1.537882,-2.796091,-1.258209,1.537882,-3.799701,-2.261818,1.529687,-2.96536,-1.435673,1.529687,-4.031221,-2.501535,5.377265
LTC,20250806,309,0.868479,1.206459,-0.958379,0.24808,1.206459,-0.703189,0.50327,1.246105,-0.960014,0.286091,1.246105,-0.955557,0.290549,3.529348
LTC,20250811,551,0.884465,1.106028,-1.118481,-0.012453,1.106028,-0.980641,0.125387,1.136451,-0.937618,0.198833,1.136451,-0.887689,0.248761,5.170336
LTC,20250816,60,0.905667,0.77618,-0.857944,-0.081764,0.77618,-0.107651,0.668529,0.798266,-0.881471,-0.083205,0.798266,-0.285081,0.513186,2.455376
LTC,20250821,69,0.832609,1.102289,-1.303977,-0.201688,1.102289,0.927654,2.029943,1.190629,-1.152532,0.038097,1.190629,0.945069,2.135698,2.849863
LTC,20250826,173,0.874971,1.08525,-1.781141,-0.695891,1.08525,-0.257886,0.827364,1.128051,-1.711031,-0.58298,1.128051,-0.144178,0.983873,3.392757
LTC,20250831,52,0.728269,0.797773,-0.948093,-0.150319,0.797773,-1.245502,-0.447729,0.838267,-0.745545,0.092723,0.838267,-0.647436,0.190831,1.658576
LTC,20250905,80,0.761375,0.997701,-2.684242,-1.686541,0.997701,-1.613159,-0.615458,1.069211,-2.590904,-1.521693,1.069211,-0.689596,0.379615,2.551134
LTC,20250910,379,0.862823,0.926225,-3.459017,-2.532792,0.926225,-3.347693,-2.421468,0.939025,-3.484643,-2.545618,0.939025,-3.32501,-2.385985,3.171322
LTC,20250915,141,0.707589,0.829852,-1.887434,-1.057582,0.829852,-2.381892,-1.55204,0.870769,-1.706332,-0.835563,0.870769,-1.551955,-0.681187,2.64437
LTC,20250920,56,0.7025,0.970608,-0.899586,0.071021,0.970608,-0.626726,0.343882,0.99698,-0.734045,0.262935,0.99698,-0.906271,0.090709,1.477636
LTC,20250925,171,0.817836,0.967163,-3.747912,-2.780749,0.967163,-2.820691,-1.853528,0.94558,-3.496263,-2.550683,0.94558,-2.159187,-1.213606,3.499714
LTC,20250930,58,0.836034,0.896605,-1.915843,-1.019238,0.896605,-2.397587,-1.500982,0.915106,-2.061503,-1.146397,0.915106,-2.636585,-1.721479,1.997022
LTC,20251005,283,0.838869,1.135415,-0.431345,0.70407,1.135415,-0.543205,0.59221,1.176402,-0.544403,0.631999,1.176402,-0.40037,0.776032,3.092448
LTC,20251010,2964,0.846886,3.892909,-2.02124,1.871669,3.892909,-2.836386,1.056522,4.098215,-2.282974,1.815241,4.098215,-4.583116,-0.484901,43.945416
LTC,20251015,124,0.925081,1.149961,-1.358567,-0.208606,1.149961,0.861473,2.011434,1.211801,-1.31233,-0.100529,1.211801,0.626082,1.837883,4.263844
LTC,20251025,49,0.840612,0.851024,-0.40842,0.442604,0.851024,-0.063851,0.787173,0.902565,-0.257403,0.645162,0.902565,0.237333,1.139898,1.716562
LTC,20251030,144,0.839583,1.254306,-0.257986,0.99632,1.254306,0.82241,2.076715,1.344031,0.050188,1.394219,1.344031,0.594359,1.93839,4.567742
LTC,20251104,260,0.863115,1.282237,-1.856133,-0.573896,1.282237,2.113998,3.396235,1.36552,-1.882816,-0.517296,1.36552,1.795796,3.161316,7.569257
LTC,20251109,913,0.835411,1.72162,-1.296649,0.424971,1.72162,-1.486572,0.235048,1.766388,-1.141545,0.624843,1.766388,-1.523276,0.243111,9.030868
LTC,20251114,235,0.818255,0.777026,-1.323692,-0.546666,0.777026,-0.722204,0.054821,0.840678,-1.207344,-0.366666,0.840678,-0.64804,0.192638,6.959433
LTC,20251129,46,0.845435,1.236212,-2.295234,-1.059022,1.236212,-2.912396,-1.676185,1.361053,-2.729113,-1.36806,1.361053,-3.809738,-2.448685,2.292271
LTC,20251204,84,0.821429,0.809191,-0.749899,0.059292,0.809191,-0.977285,-0.168094,0.841015,-0.659308,0.181707,0.841015,-1.33075,-0.489736,2.702023
LTC,20251209,124,0.799919,0.882195,-1.442061,-0.559866,0.882195,-2.420333,-1.538138,0.997238,-1.15794,-0.160702,0.997238,-2.708103,-1.710866,3.475805
LTC,20251214,82,0.80061,1.156367,-0.394708,0.76166,1.156367,-1.774545,-0.618178,1.182592,-0.55458,0.628012,1.182592,-1.815629,-0.633036,2.565747
LTC,20251219,99,0.766869,0.772096,-0.83725,-0.065154,0.772096,-0.776725,-0.004628,0.859345,-0.824134,0.035211,0.859345,-0.582818,0.276527,3.22586
LTC,20251224,47,0.755319,0.844307,-2.096608,-1.252301,0.844307,2.703429,3.547737,0.920509,-2.565173,-1.644664,0.920509,1.556345,2.476854,2.560517
LTC,20251229,77,0.835195,1.024362,-1.332018,-0.307655,1.024362,-1.102235,-0.077873,1.094442,-1.37033,-0.275888,1.094442,-1.631558,-0.537116,2.913284
LTC,20260103,78,0.830128,0.751245,-0.493156,0.258089,0.751245,-0.26657,0.484675,0.813515,-0.487763,0.325752,0.813515,-0.597867,0.215649,2.11896
LTC,20260108,77,0.816494,0.750997,-1.309133,-0.558136,0.750997,-1.15529,-0.404293,0.799291,-1.639853,-0.840563,0.799291,-0.798131,0.001159,2.68925
LTC,20260113,434,0.89682,0.896899,-1.061101,-0.164202,0.896899,-0.754453,0.142446,0.925939,-1.282955,-0.357016,0.925939,-1.73469,-0.808751,4.067822
LTC,20260118,166,0.849699,1.418795,-2.422656,-1.003861,1.418795,-2.168954,-0.750159,1.481924,-2.92268,-1.440756,1.481924,-2.199951,-0.718026,3.15805
LTC,20260123,113,0.828584,0.745958,-0.724831,0.021127,0.745958,0.216463,0.962421,0.79627,-0.813992,-0.017722,0.79627,-0.341513,0.454757,2.845489
LTC,20260128,78,0.89641,0.482101,-1.002751,-0.52065,0.482101,-1.006193,-0.524092,0.503132,-0.963087,-0.459955,0.503132,-0.987556,-0.484424,2.616438
LTC,20260202,98,0.908469,0.80092,-0.585328,0.215593,0.80092,0.51454,1.31546,0.80513,-0.903523,-0.098393,0.80513,0.382495,1.187625,5.750233
LTC,20260207,121,0.921157,1.147574,-1.378309,-0.230735,1.147574,-1.799944,-0.65237,1.201396,-1.368711,-0.167315,1.201396,-1.815961,-0.614566,4.99407
LTC,20260212,55,0.884727,0.74129,-1.737817,-0.996526,0.74129,-1.610352,-0.869062,0.762517,-1.522859,-0.760343,0.762517,-1.596963,-0.834447,3.616353
LTC,20260217,54,0.909259,0.683819,-1.629816,-0.945998,0.683819,-0.281557,0.402262,0.718152,-1.514034,-0.795882,0.718152,-0.150259,0.567894,3.52429
LTC,20260222,34,0.857647,0.463793,-1.322653,-0.85886,0.463793,-2.131343,-1.667551,0.453316,-1.439822,-0.986506,0.453316,-1.967054,-1.513738,2.000441
LTC,20260227,90,0.874222,0.597363,-1.989605,-1.392241,0.597363,-3.317268,-2.719905,0.620317,-1.875381,-1.255064,0.620317,-2.985218,-2.364901,3.329029
LTC,20260304,93,0.913226,0.711569,-1.585895,-0.874326,0.711569,-2.796956,-2.085387,0.74324,-1.473885,-0.730645,0.74324,-2.72909,-1.985851,3.888287
LTC,20260309,58,0.849138,0.527731,-2.020118,-1.492387,0.527731,-1.076291,-0.54856,0.53767,-1.897059,-1.359389,0.53767,-1.320609,-0.782938,3.297684
LTC,20260314,34,0.808824,0.225233,-0.940273,-0.71504,0.225233,-0.547169,-0.321937,0.211662,-0.991607,-0.779944,0.211662,-0.148316,0.063347,1.661156
LTC,20260319,106,0.931321,0.662633,-0.661772,0.000862,0.662633,-0.001277,0.661357,0.690956,-0.654369,0.036587,0.690956,-0.340523,0.350433,2.476575
LTC,20260324,55,0.912545,0.413912,-0.734909,-0.320998,0.413912,-0.438602,-0.024691,0.425545,-0.678513,-0.252968,0.425545,-0.250205,0.17534,2.33554
LTC,20260329,49,0.835714,0.829232,-0.838721,-0.009489,0.829232,0.200919,1.030151,0.913647,-0.812666,0.100981,0.913647,1.674115,2.587762,2.163565
LTC,20260403,38,0.929474,0.468649,-0.641239,-0.172591,0.468649,0.673306,1.141955,0.481872,-0.211567,0.270306,0.481872,1.234089,1.715962,1.787601
LTC,20260408,39,0.852564,0.551427,-1.019567,-0.468141,0.551427,-0.115271,0.436156,0.61096,-1.098312,-0.487353,0.61096,-0.029003,0.581956,1.863907
LTC,20260413,51,0.902157,0.460268,-0.402608,0.057661,0.460268,-0.613726,-0.153458,0.496172,-0.460066,0.036106,0.496172,-0.397395,0.098777,2.01078
LTC,20260418,52,0.721923,0.429788,-0.710659,-0.280871,0.429788,-1.977954,-1.548165,0.555537,-0.193261,0.362276,0.555537,-1.018686,-0.463149,1.996837
LTC,20260423,39,0.778462,0.85208,-0.509672,0.342408,0.85208,0.220665,1.072745,1.059565,-0.334231,0.725334,1.059565,0.898143,1.957709,2.075364
LTC,20260428,33,0.77,0.37598,-1.083209,-0.707229,0.37598,-0.833802,-0.457823,0.404206,-1.143166,-0.73896,0.404206,-0.734735,-0.330529,1.289497
LTC,20260503,17,0.838824,0.708613,-1.569449,-0.860836,0.708613,-2.984147,-2.275534,0.824772,-1.387108,-0.562336,0.824772,-2.398426,-1.573654,1.248223
LTC,20260508,69,0.876232,0.607943,-1.600223,-0.99228,0.607943,-2.917287,-2.309344,0.608153,-1.617794,-1.009641,0.608153,-2.682994,-2.074841,2.085584
LTC,20260513,52,0.939038,0.764425,-1.700719,-0.936293,0.764425,-2.130591,-1.366166,0.8049,-1.494734,-0.689835,0.8049,-1.884882,-1.079983,2.251492
LTC,20260518,54,0.809444,0.784593,-0.423107,0.361486,0.784593,0.247507,1.032099,0.854467,-0.448705,0.405762,0.854467,-0.273952,0.580515,2.682752
LTC,20260523,59,0.797966,0.664387,-1.991638,-1.327251,0.664387,-0.123186,0.541202,0.762592,-2.198774,-1.436181,0.762592,0.487454,1.250046,2.421306
LTC,20260528,73,0.816712,1.043734,-0.700498,0.343236,1.043734,-0.886928,0.156806,1.096699,-0.339548,0.757151,1.096699,-0.085771,1.010929,2.435756
NEAR,20250727,53,1.0,1.45841,-0.699313,0.759097,1.45841,-2.23257,-0.77416,1.45841,-0.699313,0.759097,1.45841,-2.23257,-0.77416,3.836038
NEAR,20250801,123,1.0,1.572088,-3.86764,-2.295552,1.572088,-1.917029,-0.344941,1.572088,-3.86764,-2.295552,1.572088,-1.917029,-0.344941,6.811125
NEAR,20250806,39,1.0,1.074654,-2.540743,-1.466089,1.074654,0.015047,1.089701,1.074654,-2.540743,-1.466089,1.074654,0.015047,1.089701,4.504502
NEAR,20250811,58,1.0,0.758225,-2.809046,-2.050822,0.758225,-3.742731,-2.984506,0.758225,-2.809046,-2.050822,0.758225,-3.742731,-2.984506,4.805828
NEAR,20250816,28,1.0,1.190401,0.304035,1.494436,1.190401,0.924972,2.115373,1.190401,0.304035,1.494436,1.190401,0.924972,2.115373,3.329451
NEAR,20250821,79,0.987342,1.550601,-0.966717,0.583884,1.550601,-1.113382,0.437219,1.547224,-1.048878,0.498346,1.547224,-1.179336,0.367889,3.706713
NEAR,20250826,54,1.0,1.211077,-2.18057,-0.969493,1.211077,-3.235618,-2.02454,1.211077,-2.18057,-0.969493,1.211077,-3.235618,-2.02454,4.554416
NEAR,20250831,29,0.955172,0.9563,-0.264535,0.691765,0.9563,-0.572659,0.383641,0.991585,-0.173684,0.817901,0.991585,-0.251109,0.740476,2.38685
NEAR,20250905,34,1.0,1.868835,-2.25847,-0.389635,1.868835,3.78119,5.650025,1.868835,-2.25847,-0.389635,1.868835,3.78119,5.650025,3.571646
NEAR,20250910,45,1.0,2.184304,-0.130531,2.053772,2.184304,-2.1003,0.084004,2.184304,-0.130531,2.053772,2.184304,-2.1003,0.084004,3.685429
NEAR,20250915,109,1.0,1.474662,-2.520517,-1.045855,1.474662,-1.166415,0.308247,1.474662,-2.520517,-1.045855,1.474662,-1.166415,0.308247,4.282621
NEAR,20250920,131,0.967176,1.532189,-1.159566,0.372622,1.532189,-3.557706,-2.025517,1.564039,-1.057404,0.506635,1.564039,-3.545893,-1.981854,4.513465
NEAR,20250925,206,0.996602,1.228863,-2.128458,-0.899595,1.228863,-3.678805,-2.449941,1.229473,-2.140829,-0.911355,1.229473,-3.724906,-2.495432,5.562666
NEAR,20250930,41,0.978049,1.415089,-0.303579,1.111509,1.415089,-0.683985,0.731104,1.442651,-0.289404,1.153247,1.442651,-0.623777,0.818874,4.273061
NEAR,20251005,196,0.989286,1.490213,-1.976044,-0.485832,1.490213,-1.961055,-0.470843,1.488471,-2.048328,-0.559857,1.488471,-2.028253,-0.539782,4.667157
NEAR,20251010,493,0.990872,14.112231,-9.997585,4.114646,14.112231,-26.550292,-12.438062,14.222498,-10.080387,4.142111,14.222498,-26.72677,-12.504272,48.256827
NEAR,20251015,52,1.0,1.61934,-0.203364,1.415976,1.61934,4.006789,5.626129,1.61934,-0.203364,1.415976,1.61934,4.006789,5.626129,6.07088
NEAR,20251025,47,0.980851,2.05555,-1.623839,0.431711,2.05555,-1.683571,0.37198,2.001359,-1.676978,0.324381,2.001359,-1.763599,0.23776,2.645705
NEAR,20251030,96,1.0,1.810138,-1.854079,-0.043942,1.810138,-0.73116,1.078978,1.810138,-1.854079,-0.043942,1.810138,-0.73116,1.078978,5.6599
NEAR,20251104,166,1.0,2.886659,-2.15422,0.732439,2.886659,-2.034331,0.852327,2.886659,-2.15422,0.732439,2.886659,-2.034331,0.852327,8.601001
NEAR,20251109,1353,0.992166,2.692677,-2.082594,0.610083,2.692677,-2.468112,0.224566,2.698822,-2.041418,0.657405,2.698822,-2.250185,0.448637,11.559204
NEAR,20251114,248,0.975806,1.4146,-2.054722,-0.640122,1.4146,-1.386977,0.027623,1.431765,-2.145198,-0.713433,1.431765,-1.477618,-0.045854,7.408596
NEAR,20251129,73,1.0,1.658918,-0.513589,1.145329,1.658918,-0.508167,1.150751,1.658918,-0.513589,1.145329,1.658918,-0.508167,1.150751,3.083934
NEAR,20251204,242,0.996281,1.807334,-1.041726,0.765608,1.807334,-1.565948,0.241386,1.801989,-1.044607,0.757382,1.801989,-1.443824,0.358165,4.449759
NEAR,20251209,273,0.99707,1.563904,0.429006,1.99291,1.563904,1.273786,2.83769,1.548317,0.447086,1.995403,1.548317,1.281735,2.830052,5.212441
NEAR,20251214,87,0.991954,1.374605,-0.362801,1.011804,1.374605,-0.432947,0.941658,1.383213,-0.370827,1.012386,1.383213,-0.33734,1.045874,3.574417
NEAR,20251219,164,1.0,1.611563,-0.525335,1.086229,1.611563,-3.531509,-1.919946,1.611563,-0.525335,1.086229,1.611563,-3.531509,-1.919946,5.374391
NEAR,20251224,59,1.0,1.115682,-0.36134,0.754341,1.115682,0.152435,1.268116,1.115682,-0.36134,0.754341,1.115682,0.152435,1.268116,3.743688
NEAR,20251229,132,1.0,1.282427,-0.287168,0.995259,1.282427,-1.354657,-0.07223,1.282427,-0.287168,0.995259,1.282427,-1.354657,-0.07223,4.137153
NEAR,20260103,53,1.0,2.15531,-1.028595,1.126715,2.15531,-0.997336,1.157974,2.15531,-1.028595,1.126715,2.15531,-0.997336,1.157974,3.461827
NEAR,20260108,71,1.0,1.824993,-0.647167,1.177826,1.824993,2.764146,4.589139,1.824993,-0.647167,1.177826,1.824993,2.764146,4.589139,4.531909
NEAR,20260113,143,0.993007,2.19254,1.080597,3.273137,2.19254,-0.614539,1.578001,2.205956,1.092254,3.298211,2.205956,-0.65327,1.552687,5.710197
NEAR,20260118,76,1.0,1.672144,-1.205373,0.466771,1.672144,-1.827024,-0.15488,1.672144,-1.205373,0.466771,1.672144,-1.827024,-0.15488,3.755092
NEAR,20260123,60,0.988333,2.10182,-1.795754,0.306066,2.10182,0.000174,2.101994,2.115058,-1.820809,0.294249,2.115058,0.015606,2.130664,3.917857
NEAR,20260128,34,0.982353,1.852451,-0.943143,0.909308,1.852451,0.041287,1.893738,1.867667,-1.008252,0.859415,1.867667,0.13836,2.006027,3.821343
NEAR,20260202,106,0.990566,2.634294,-0.347989,2.286305,2.634294,-0.411044,2.22325,2.630781,-0.326788,2.303993,2.630781,-0.427216,2.203565,7.03398
NEAR,20260207,96,0.98125,3.070043,-2.617145,0.452898,3.070043,-5.636445,-2.566402,3.029548,-2.509504,0.520045,3.029548,-5.826378,-2.79683,6.082581
NEAR,20260212,107,1.0,3.971964,-0.456399,3.515566,3.971964,-3.911007,0.060958,3.971964,-0.456399,3.515566,3.971964,-3.911007,0.060958,4.917683
NEAR,20260217,78,0.997436,2.461287,-1.225507,1.23578,2.461287,-1.043736,1.417551,2.463974,-1.192247,1.271727,2.463974,-0.996659,1.467315,3.993787
NEAR,20260222,133,0.995489,1.661578,-1.1055,0.556078,1.661578,-0.123938,1.537639,1.65119,-1.121708,0.529483,1.65119,-0.198409,1.452782,2.985886
NEAR,20260227,140,0.987857,2.351442,-2.461451,-0.110008,2.351442,-1.947222,0.404221,2.369515,-2.524779,-0.155264,2.369515,-2.172466,0.197049,4.750685
NEAR,20260304,372,1.0,1.765802,-2.072628,-0.306826,1.765802,-3.3422,-1.576398,1.765802,-2.072628,-0.306826,1.765802,-3.3422,-1.576398,6.827052
NEAR,20260309,140,0.997857,1.887455,-1.338161,0.549295,1.887455,-2.589038,-0.701583,1.886309,-1.339301,0.547008,1.886309,-2.608463,-0.722154,4.99524
NEAR,20260314,134,0.957463,1.015923,-1.644446,-0.628523,1.015923,-1.296869,-0.280946,1.028669,-1.610391,-0.581722,1.028669,-1.280901,-0.252232,2.707338
NEAR,20260319,231,0.995671,1.339134,-0.669506,0.669628,1.339134,-1.28215,0.056985,1.341816,-0.699112,0.642704,1.341816,-1.261029,0.080787,3.327749
NEAR,20260324,97,1.0,1.362821,-1.417192,-0.054371,1.362821,-1.302419,0.060402,1.362821,-1.417192,-0.054371,1.362821,-1.302419,0.060402,3.689931
NEAR,20260329,89,0.995506,1.527247,-0.563304,0.963943,1.527247,1.19373,2.720977,1.532201,-0.530899,1.001302,1.532201,1.228242,2.760443,3.061236
NEAR,20260403,496,0.996371,1.203431,-0.65126,0.552171,1.203431,-0.762122,0.441309,1.204731,-0.646399,0.558332,1.204731,-0.758246,0.446484,3.327099
NEAR,20260408,334,0.996407,1.205278,-0.952869,0.252409,1.205278,-1.434121,-0.228844,1.203497,-0.974483,0.229013,1.203497,-1.51142,-0.307923,4.124417
NEAR,20260413,354,0.990395,1.233388,-1.849451,-0.616063,1.233388,-2.646776,-1.413389,1.2383,-1.850787,-0.612487,1.2383,-2.573458,-1.335158,4.638264
NEAR,20260418,435,1.0,1.06267,-0.552656,0.510014,1.06267,-0.815006,0.247664,1.06267,-0.552656,0.510014,1.06267,-0.815006,0.247664,3.329511
NEAR,20260423,119,0.995798,1.242879,-0.56001,0.68287,1.242879,0.018228,1.261107,1.246615,-0.52466,0.721955,1.246615,0.004728,1.251343,2.875875
NEAR,20260428,34,0.976471,1.133011,-1.296744,-0.163732,1.133011,-1.05448,0.078532,1.151388,-1.274441,-0.123053,1.151388,-1.035265,0.116124,2.231354
NEAR,20260503,36,1.0,0.999821,-0.773557,0.226264,0.999821,-0.565995,0.433826,0.999821,-0.773557,0.226264,0.999821,-0.565995,0.433826,2.126888
NEAR,20260508,454,0.994714,1.886139,-1.065251,0.820888,1.886139,-2.097028,-0.210889,1.877893,-1.102496,0.775397,1.877893,-2.145772,-0.267879,5.205473
NEAR,20260513,550,0.987455,2.112677,-0.696683,1.415994,2.112677,-1.011938,1.100739,2.115274,-0.699427,1.415846,2.115274,-1.094556,1.020717,5.693405
NEAR,20260518,212,0.988208,2.016431,-0.979637,1.036794,2.016431,-0.939108,1.077323,2.024399,-0.948976,1.075423,2.024399,-0.888216,1.136182,4.919914
NEAR,20260523,2694,0.992205,1.848502,-1.972922,-0.12442,1.848502,-2.280904,-0.432402,1.853937,-1.969882,-0.115945,1.853937,-2.335757,-0.48182,10.767518
NEAR,20260528,1857,0.996123,1.677102,-1.461579,0.215523,1.677102,-1.418874,0.258228,1.681461,-1.471434,0.210027,1.681461,-1.397375,0.284087,8.18063
OP,20250727,32,1.0,1.548306,-0.77263,0.775676,1.548306,-0.064544,1.483762,1.548306,-0.77263,0.775676,1.548306,-0.064544,1.483762,4.548763
OP,20250801,210,1.0,1.947099,-3.959338,-2.012239,1.947099,-0.748767,1.198331,1.947099,-3.959338,-2.012239,1.947099,-0.748767,1.198331,7.24475
OP,20250806,59,1.0,1.200949,-1.83048,-0.629531,1.200949,-4.055628,-2.854678,1.200949,-1.83048,-0.629531,1.200949,-4.055628,-2.854678,4.451609
OP,20250811,133,1.0,1.296182,-0.056127,1.240055,1.296182,0.084165,1.380348,1.296182,-0.056127,1.240055,1.296182,0.084165,1.380348,5.454537
OP,20250816,91,0.986813,1.49592,-1.329926,0.165995,1.49592,-1.324662,0.171258,1.51014,-1.303239,0.206901,1.51014,-1.353796,0.156344,3.285403
OP,20250821,136,1.0,1.218183,-1.743214,-0.525031,1.218183,-1.494182,-0.275999,1.218183,-1.743214,-0.525031,1.218183,-1.494182,-0.275999,3.849246
OP,20250826,117,1.0,1.438584,-0.845417,0.593167,1.438584,-0.897263,0.541321,1.438584,-0.845417,0.593167,1.438584,-0.897263,0.541321,4.823536
OP,20250831,44,0.965909,1.8448,-0.70221,1.14259,1.8448,-1.933159,-0.088358,1.879647,-0.669821,1.209826,1.879647,-2.084514,-0.204867,2.837071
OP,20250905,75,0.986667,1.554868,0.10642,1.661288,1.554868,-3.071492,-1.516624,1.560665,0.121171,1.681836,1.560665,-3.097783,-1.537119,3.855496
OP,20250910,103,0.994175,1.760879,-0.845553,0.915326,1.760879,0.031825,1.792704,1.763996,-0.842928,0.921068,1.763996,0.075974,1.83997,3.712607
OP,20250915,118,1.0,1.774167,-0.698883,1.075284,1.774167,-2.35831,-0.584143,1.774167,-0.698883,1.075284,1.774167,-2.35831,-0.584143,4.429658
OP,20250920,60,1.0,1.453676,-1.343904,0.109773,1.453676,-2.960987,-1.507311,1.453676,-1.343904,0.109773,1.453676,-2.960987,-1.507311,2.854343
OP,20250925,89,0.998876,1.618546,-2.22528,-0.606734,1.618546,-0.805046,0.8135,1.618441,-2.227616,-0.609175,1.618441,-0.786021,0.83242,5.203195
OP,20250930,66,0.984848,1.147502,-1.420715,-0.273213,1.147502,-1.120123,0.027379,1.147888,-1.451781,-0.303893,1.147888,-1.101669,0.046219,3.607577
OP,20251005,39,0.974359,1.327283,-0.138607,1.188676,1.327283,1.293288,2.620572,1.360417,-0.176358,1.184059,1.360417,1.115519,2.475936,3.467792
OP,20251010,269,0.995911,11.961126,-14.726226,-2.7651,11.961126,-22.32998,-10.368854,12.006004,-14.772638,-2.766635,12.006004,-22.391338,-10.385334,38.073331
OP,20251015,37,1.0,1.856116,-1.704437,0.151679,1.856116,-1.038148,0.817968,1.856116,-1.704437,0.151679,1.856116,-1.038148,0.817968,5.664019
OP,20251025,14,1.0,1.184586,-0.232635,0.951951,1.184586,0.361962,1.546548,1.184586,-0.232635,0.951951,1.184586,0.361962,1.546548,2.230377
OP,20251030,35,1.0,2.755931,-3.924214,-1.168284,2.755931,-8.351372,-5.595442,2.755931,-3.924214,-1.168284,2.755931,-8.351372,-5.595442,5.576031
OP,20251104,75,0.993333,3.343754,-2.409736,0.934018,3.343754,4.364381,7.708135,3.363361,-2.367325,0.996036,3.363361,4.453201,7.816562,9.357685
OP,20251109,25,1.0,4.665197,0.307446,4.972642,4.665197,10.437357,15.102554,4.665197,0.307446,4.972642,4.665197,10.437357,15.102554,5.233501
OP,20251114,17,1.0,2.061437,-0.630359,1.431078,2.061437,0.12819,2.189627,2.061437,-0.630359,1.431078,2.061437,0.12819,2.189627,7.904248
OP,20251129,21,1.0,1.990959,-2.322758,-0.331799,1.990959,-4.530973,-2.540013,1.990959,-2.322758,-0.331799,1.990959,-4.530973,-2.540013,2.950535
OP,20251204,32,1.0,1.836245,0.308379,2.144624,1.836245,-0.778643,1.057602,1.836245,0.308379,2.144624,1.836245,-0.778643,1.057602,4.291529
OP,20251209,53,0.983019,2.015709,-0.126376,1.889332,2.015709,-2.236262,-0.220553,2.045084,-0.153059,1.892025,2.045084,-2.193226,-0.148142,4.931665
OP,20251214,47,1.0,1.330486,-2.268903,-0.938417,1.330486,-3.635818,-2.305332,1.330486,-2.268903,-0.938417,1.330486,-3.635818,-2.305332,3.656448
OP,20251219,72,0.990278,0.90949,-1.168712,-0.259222,0.90949,-0.220832,0.688658,0.91305,-1.276822,-0.363771,0.91305,-0.054782,0.858268,5.276941
OP,20251224,32,0.984375,1.558043,0.906526,2.464569,1.558043,0.423599,1.981642,1.549714,0.923921,2.473635,1.549714,0.661739,2.211453,3.733496
OP,20251229,45,0.977778,1.126911,-0.961045,0.165866,1.126911,-0.587578,0.539333,1.140234,-0.89277,0.247464,1.140234,-0.584547,0.555687,4.491082
OP,20260103,32,0.99375,2.160024,-0.236586,1.923437,2.160024,-1.26052,0.899504,2.166487,-0.254353,1.912134,2.166487,-1.313214,0.853273,3.182538
OP,20260108,83,0.991566,2.872763,-1.011665,1.861098,2.872763,-1.187449,1.685314,2.88646,-1.041744,1.844715,2.88646,-1.243183,1.643276,5.931728
OP,20260113,78,1.0,4.026144,-3.566751,0.459393,4.026144,-4.020871,0.005273,4.026144,-3.566751,0.459393,4.026144,-4.020871,0.005273,6.312401
OP,20260118,44,1.0,1.419473,-3.126124,-1.706651,1.419473,-1.944257,-0.524784,1.419473,-3.126124,-1.706651,1.419473,-1.944257,-0.524784,3.684294
OP,20260123,25,1.0,1.474568,-2.932013,-1.457445,1.474568,-0.311505,1.163063,1.474568,-2.932013,-1.457445,1.474568,-0.311505,1.163063,4.921101
OP,20260128,39,1.0,2.01009,-0.346339,1.663751,2.01009,1.708926,3.719016,2.01009,-0.346339,1.663751,2.01009,1.708926,3.719016,4.318449
OP,20260202,57,1.0,4.060279,-4.586412,-0.526133,4.060279,-2.833175,1.227104,4.060279,-4.586412,-0.526133,4.060279,-2.833175,1.227104,7.200623
OP,20260207,50,1.0,3.033594,0.173891,3.207485,3.033594,2.261989,5.295583,3.033594,0.173891,3.207485,3.033594,2.261989,5.295583,6.178649
OP,20260212,43,1.0,2.391782,-0.616898,1.774884,2.391782,-1.79026,0.601522,2.391782,-0.616898,1.774884,2.391782,-1.79026,0.601522,4.820559
OP,20260217,35,1.0,2.201445,-1.078969,1.122476,2.201445,0.31257,2.514015,2.201445,-1.078969,1.122476,2.201445,0.31257,2.514015,4.014764
OP,20260222,90,0.988889,2.730932,-0.725165,2.005767,2.730932,-1.447808,1.283124,2.748188,-0.728837,2.019351,2.748188,-1.517791,1.230397,4.256212
OP,20260227,88,1.0,2.743914,-1.396909,1.347006,2.743914,-2.100693,0.643221,2.743914,-1.396909,1.347006,2.743914,-2.100693,0.643221,5.586438
OP,20260304,86,1.0,2.238345,-0.626089,1.612255,2.238345,-1.593257,0.645088,2.238345,-0.626089,1.612255,2.238345,-1.593257,0.645088,5.53837
OP,20260309,94,1.0,1.868643,-0.365994,1.502649,1.868643,-1.49995,0.368692,1.868643,-0.365994,1.502649,1.868643,-1.49995,0.368692,4.971889
OP,20260314,58,1.0,1.337195,0.139392,1.476587,1.337195,-0.845999,0.491197,1.337195,0.139392,1.476587,1.337195,-0.845999,0.491197,2.953096
OP,20260319,148,1.0,1.717182,-0.66231,1.054872,1.717182,-0.359587,1.357595,1.717182,-0.66231,1.054872,1.717182,-0.359587,1.357595,3.585484
OP,20260324,138,1.0,2.093202,-0.901399,1.191803,2.093202,-2.177684,-0.084483,2.093202,-0.901399,1.191803,2.093202,-2.177684,-0.084483,4.790099
OP,20260329,82,1.0,2.418792,-2.551869,-0.133078,2.418792,-2.705692,-0.2869,2.418792,-2.551869,-0.133078,2.418792,-2.705692,-0.2869,3.486993
OP,20260403,47,1.0,1.634542,-2.773968,-1.139425,1.634542,-1.563536,0.071006,1.634542,-2.773968,-1.139425,1.634542,-1.563536,0.071006,3.47551
OP,20260408,109,1.0,1.621472,0.182537,1.804009,1.621472,1.601105,3.222577,1.621472,0.182537,1.804009,1.621472,1.601105,3.222577,3.755622
OP,20260413,78,1.0,1.72676,-0.906274,0.820486,1.72676,-0.887321,0.839439,1.72676,-0.906274,0.820486,1.72676,-0.887321,0.839439,4.373281
OP,20260418,80,1.0,1.421458,-2.08446,-0.663002,1.421458,-1.053005,0.368453,1.421458,-2.08446,-0.663002,1.421458,-1.053005,0.368453,4.026016
OP,20260423,60,1.0,1.635153,-1.634508,0.000644,1.635153,-3.063454,-1.428301,1.635153,-1.634508,0.000644,1.635153,-3.063454,-1.428301,3.744408
OP,20260428,50,1.0,1.490032,-0.863718,0.626314,1.490032,0.989514,2.479547,1.490032,-0.863718,0.626314,1.490032,0.989514,2.479547,2.917354
OP,20260503,27,1.0,2.733355,-0.470793,2.262562,2.733355,-1.068548,1.664807,2.733355,-0.470793,2.262562,2.733355,-1.068548,1.664807,2.847195
OP,20260508,157,1.0,2.903207,-3.665579,-0.762372,2.903207,-4.400156,-1.496949,2.903207,-3.665579,-0.762372,2.903207,-4.400156,-1.496949,8.670045
OP,20260513,91,1.0,2.769497,-2.080465,0.689032,2.769497,-1.320698,1.448799,2.769497,-2.080465,0.689032,2.769497,-1.320698,1.448799,3.52076
OP,20260518,33,1.0,2.414273,-1.208972,1.205301,2.414273,-2.544579,-0.130305,2.414273,-1.208972,1.205301,2.414273,-2.544579,-0.130305,3.688152
OP,20260523,55,1.0,2.773033,-3.500185,-0.727152,2.773033,-1.397441,1.375592,2.773033,-3.500185,-0.727152,2.773033,-1.397441,1.375592,4.010178
OP,20260528,41,1.0,4.537529,-1.312495,3.225034,4.537529,3.677227,8.214756,4.537529,-1.312495,3.225034,4.537529,3.677227,8.214756,4.918292
SEI,20250727,154,1.0,1.459142,-1.500982,-0.041841,1.459142,-1.534755,-0.075613,1.459142,-1.500982,-0.041841,1.459142,-1.534755,-0.075613,4.138128
SEI,20250801,537,1.0,1.560325,-2.021357,-0.461031,1.560325,-2.464238,-0.903912,1.560325,-2.021357,-0.461031,1.560325,-2.464238,-0.903912,6.764473
SEI,20250806,126,1.0,1.266665,-1.017285,0.24938,1.266665,-1.924805,-0.65814,1.266665,-1.017285,0.24938,1.266665,-1.924805,-0.65814,4.528245
SEI,20250811,266,1.0,1.041596,-1.283101,-0.241506,1.041596,-1.307799,-0.266203,1.041596,-1.283101,-0.241506,1.041596,-1.307799,-0.266203,5.214266
SEI,20250816,45,1.0,1.225763,-1.408237,-0.182473,1.225763,-1.666339,-0.440575,1.225763,-1.408237,-0.182473,1.225763,-1.666339,-0.440575,3.80703
SEI,20250821,93,1.0,0.943445,-1.750754,-0.807309,0.943445,-2.011268,-1.067823,0.943445,-1.750754,-0.807309,0.943445,-2.011268,-1.067823,4.075965
SEI,20250826,106,1.0,0.853531,-1.890886,-1.037356,0.853531,-4.469037,-3.615506,0.853531,-1.890886,-1.037356,0.853531,-4.469037,-3.615506,4.530123
SEI,20250831,38,1.0,1.13233,-0.843738,0.288592,1.13233,-0.51297,0.619361,1.13233,-0.843738,0.288592,1.13233,-0.51297,0.619361,2.945843
SEI,20250905,135,1.0,1.261277,-2.370302,-1.109025,1.261277,-1.671478,-0.4102,1.261277,-2.370302,-1.109025,1.261277,-1.671478,-0.4102,4.358304
SEI,20250910,109,1.0,1.216446,-0.313832,0.902614,1.216446,1.067623,2.284069,1.216446,-0.313832,0.902614,1.216446,1.067623,2.284069,4.243135
SEI,20250915,186,1.0,0.969163,0.182648,1.151812,0.969163,-0.168111,0.801053,0.969163,0.182648,1.151812,0.969163,-0.168111,0.801053,4.292611
SEI,20250920,74,1.0,1.057096,-1.071463,-0.014367,1.057096,0.464782,1.521878,1.057096,-1.071463,-0.014367,1.057096,0.464782,1.521878,2.849165
SEI,20250925,157,1.0,1.227607,-0.614021,0.613586,1.227607,-3.639307,-2.4117,1.227607,-0.614021,0.613586,1.227607,-3.639307,-2.4117,5.295766
SEI,20250930,76,1.0,1.253991,0.04922,1.30321,1.253991,-1.621854,-0.367863,1.253991,0.04922,1.30321,1.253991,-1.621854,-0.367863,3.916175
SEI,20251005,48,1.0,0.967982,0.857084,1.825066,0.967982,3.900395,4.868377,0.967982,0.857084,1.825066,0.967982,3.900395,4.868377,4.018706
SEI,20251010,365,1.0,13.386775,-15.258186,-1.871411,13.386775,-3.356107,10.030668,13.386775,-15.258186,-1.871411,13.386775,-3.356107,10.030668,56.109246
SEI,20251015,127,1.0,1.148232,-0.992601,0.155631,1.148232,-2.578264,-1.430032,1.148232,-0.992601,0.155631,1.148232,-2.578264,-1.430032,5.969664
SEI,20251025,30,1.0,1.372161,-0.851208,0.520953,1.372161,-0.779875,0.592286,1.372161,-0.851208,0.520953,1.372161,-0.779875,0.592286,2.850269
SEI,20251030,361,1.0,1.988738,0.093736,2.082475,1.988738,-2.62518,-0.636442,1.988738,0.093736,2.082475,1.988738,-2.62518,-0.636442,6.189848
SEI,20251104,307,1.0,1.334106,-0.734151,0.599955,1.334106,-0.395614,0.938492,1.334106,-0.734151,0.599955,1.334106,-0.395614,0.938492,9.349719
SEI,20251109,64,1.0,1.17837,-1.074079,0.104291,1.17837,-0.800196,0.378174,1.17837,-1.074079,0.104291,1.17837,-0.800196,0.378174,5.286925
SEI,20251114,101,1.0,1.321737,-0.639886,0.681851,1.321737,-2.197182,-0.875445,1.321737,-0.639886,0.681851,1.321737,-2.197182,-0.875445,7.217997
SEI,20251129,70,1.0,1.113102,-0.943928,0.169174,1.113102,0.126064,1.239167,1.113102,-0.943928,0.169174,1.113102,0.126064,1.239167,2.876976
SEI,20251204,61,1.0,1.181442,-1.830889,-0.649447,1.181442,-3.202431,-2.02099,1.181442,-1.830889,-0.649447,1.181442,-3.202431,-2.02099,4.257391
SEI,20251209,70,1.0,1.418845,-1.969223,-0.550378,1.418845,-5.534048,-4.115203,1.418845,-1.969223,-0.550378,1.418845,-5.534048,-4.115203,4.778238
SEI,20251214,63,1.0,1.423062,-0.122412,1.300651,1.423062,0.932584,2.355646,1.423062,-0.122412,1.300651,1.423062,0.932584,2.355646,3.908483
SEI,20251219,66,1.0,1.568278,-1.590049,-0.021771,1.568278,-1.474631,0.093647,1.568278,-1.590049,-0.021771,1.568278,-1.474631,0.093647,4.601179
SEI,20251224,38,1.0,1.631996,0.374338,2.006334,1.631996,2.659868,4.291864,1.631996,0.374338,2.006334,1.631996,2.659868,4.291864,3.268402
SEI,20251229,69,1.0,2.197008,-0.922614,1.274394,2.197008,-3.352038,-1.15503,2.197008,-0.922614,1.274394,2.197008,-3.352038,-1.15503,4.100805
SEI,20260103,43,1.0,1.286145,-0.176749,1.109396,1.286145,0.04312,1.329265,1.286145,-0.176749,1.109396,1.286145,0.04312,1.329265,2.869528
SEI,20260108,85,1.0,1.931027,-2.105129,-0.174102,1.931027,0.247463,2.17849,1.931027,-2.105129,-0.174102,1.931027,0.247463,2.17849,4.296904
SEI,20260113,64,1.0,1.602043,-0.645875,0.956168,1.602043,-1.471426,0.130616,1.602043,-0.645875,0.956168,1.602043,-1.471426,0.130616,4.01572
SEI,20260118,46,1.0,1.694443,0.762392,2.456835,1.694443,3.388857,5.0833,1.694443,0.762392,2.456835,1.694443,3.388857,5.0833,2.868716
SEI,20260123,37,1.0,1.596658,-2.075069,-0.478411,1.596658,-1.987395,-0.390737,1.596658,-2.075069,-0.478411,1.596658,-1.987395,-0.390737,3.542577
SEI,20260128,36,1.0,1.787692,-1.480624,0.307067,1.787692,-1.535961,0.25173,1.787692,-1.480624,0.307067,1.787692,-1.535961,0.25173,3.048067
SEI,20260202,55,1.0,1.917009,-3.086564,-1.169555,1.917009,-6.141757,-4.224748,1.917009,-3.086564,-1.169555,1.917009,-6.141757,-4.224748,6.243324
SEI,20260207,43,1.0,2.016095,2.390573,4.406669,2.016095,2.791311,4.807406,2.016095,2.390573,4.406669,2.016095,2.791311,4.807406,4.782321
SEI,20260212,56,1.0,2.286599,-1.14778,1.138819,2.286599,-2.228158,0.058441,2.286599,-1.14778,1.138819,2.286599,-2.228158,0.058441,4.270626
SEI,20260217,24,1.0,1.867872,-0.507983,1.359889,1.867872,-0.758051,1.109822,1.867872,-0.507983,1.359889,1.867872,-0.758051,1.109822,3.355056
SEI,20260222,29,1.0,1.256594,-1.101803,0.154791,1.256594,-2.257973,-1.001379,1.256594,-1.101803,0.154791,1.256594,-2.257973,-1.001379,2.38382
SEI,20260227,39,1.0,1.172012,-0.647226,0.524786,1.172012,-2.599921,-1.427908,1.172012,-0.647226,0.524786,1.172012,-2.599921,-1.427908,3.247229
SEI,20260304,72,1.0,1.481585,-2.093004,-0.611419,1.481585,-0.321699,1.159886,1.481585,-2.093004,-0.611419,1.481585,-0.321699,1.159886,4.133259
SEI,20260309,111,1.0,1.430519,-1.284883,0.145635,1.430519,-0.656597,0.773922,1.430519,-1.284883,0.145635,1.430519,-0.656597,0.773922,5.253792
SEI,20260314,43,1.0,0.950466,-1.27335,-0.322885,0.950466,-2.249218,-1.298752,0.950466,-1.27335,-0.322885,0.950466,-2.249218,-1.298752,2.794987
SEI,20260319,161,1.0,1.155397,-1.369241,-0.213844,1.155397,-1.880005,-0.724608,1.155397,-1.369241,-0.213844,1.155397,-1.880005,-0.724608,2.882255
SEI,20260324,42,1.0,1.418829,-1.529177,-0.110347,1.418829,0.853958,2.272787,1.418829,-1.529177,-0.110347,1.418829,0.853958,2.272787,3.345273
SEI,20260329,61,1.0,1.384515,-2.277619,-0.893104,1.384515,-2.085585,-0.701071,1.384515,-2.277619,-0.893104,1.384515,-2.085585,-0.701071,3.177515
SEI,20260403,84,1.0,1.404457,-0.407832,0.996625,1.404457,0.049734,1.45419,1.404457,-0.407832,0.996625,1.404457,0.049734,1.45419,4.640173
SEI,20260408,81,1.0,1.175771,-0.659589,0.516182,1.175771,-1.011907,0.163864,1.175771,-0.659589,0.516182,1.175771,-1.011907,0.163864,3.47669
SEI,20260413,46,1.0,1.151692,-0.948232,0.20346,1.151692,-1.224458,-0.072766,1.151692,-0.948232,0.20346,1.151692,-1.224458,-0.072766,3.201478
SEI,20260418,40,1.0,1.292043,-1.286798,0.005245,1.292043,1.044617,2.336659,1.292043,-1.286798,0.005245,1.292043,1.044617,2.336659,2.721151
SEI,20260423,49,1.0,1.526565,-0.41447,1.112095,1.526565,-0.083151,1.443415,1.526565,-0.41447,1.112095,1.526565,-0.083151,1.443415,3.585894
SEI,20260428,23,1.0,1.210119,-1.421564,-0.211445,1.210119,0.851368,2.061488,1.210119,-1.421564,-0.211445,1.210119,0.851368,2.061488,2.4007
SEI,20260503,32,1.0,1.026479,-0.873889,0.152591,1.026479,-0.279882,0.746598,1.026479,-0.873889,0.152591,1.026479,-0.279882,0.746598,2.100562
SEI,20260508,63,1.0,1.530749,-0.744491,0.786258,1.530749,1.879819,3.410568,1.530749,-0.744491,0.786258,1.530749,1.879819,3.410568,3.804822
SEI,20260513,52,1.0,1.69664,-0.313944,1.382695,1.69664,-1.254259,0.442381,1.69664,-0.313944,1.382695,1.69664,-1.254259,0.442381,3.187731
SEI,20260518,124,1.0,1.703258,-0.844419,0.858838,1.703258,-0.56294,1.140318,1.703258,-0.844419,0.858838,1.703258,-0.56294,1.140318,3.4662
SEI,20260523,101,1.0,2.230836,-1.972405,0.258432,2.230836,-2.423054,-0.192218,2.230836,-1.972405,0.258432,2.230836,-2.423054,-0.192218,3.191908
SEI,20260528,230,1.0,2.011111,-2.3063,-0.295189,2.011111,-1.648036,0.363075,2.011111,-2.3063,-0.295189,2.011111,-1.648036,0.363075,7.509152
SOL,20250727,1350,0.850889,0.330985,-1.063278,-0.732293,0.330985,-1.599914,-1.268929,0.336736,-0.983752,-0.647016,0.336736,-1.515473,-1.178737,2.877199
SOL,20250801,5443,0.854262,0.448859,-1.389683,-0.940824,0.448859,-1.666441,-1.217583,0.455476,-1.237124,-0.781648,0.455476,-1.469455,-1.013979,5.326917
SOL,20250806,1557,0.867502,0.412414,-0.98046,-0.568046,0.412414,-1.038026,-0.625613,0.417054,-0.987807,-0.570752,0.417054,-1.132698,-0.715644,3.392929
SOL,20250811,3094,0.838814,0.366199,-1.079258,-0.713059,0.366199,-1.453854,-1.087656,0.369966,-0.905563,-0.535597,0.369966,-1.2015,-0.831534,3.790446
SOL,20250816,1325,0.805094,0.321332,-1.131914,-0.810582,0.321332,-1.451882,-1.130551,0.325684,-0.928011,-0.602327,0.325684,-1.14948,-0.823796,3.054999
SOL,20250821,2655,0.839348,0.356842,-1.01027,-0.653428,0.356842,-1.064393,-0.707552,0.366518,-0.926774,-0.560256,0.366518,-1.015109,-0.648591,3.830202
SOL,20250826,3080,0.835659,0.382231,-1.089821,-0.70759,0.382231,-1.15995,-0.777719,0.389947,-0.86791,-0.477963,0.389947,-0.862888,-0.47294,4.553648
SOL,20250831,1244,0.820547,0.344718,-1.140415,-0.795697,0.344718,-1.188216,-0.843498,0.343707,-0.951127,-0.607421,0.343707,-0.979319,-0.635612,2.886612
SOL,20250905,2667,0.841732,0.422621,-0.837372,-0.414752,0.422621,-0.618097,-0.195476,0.426585,-0.723891,-0.297307,0.426585,-0.455349,-0.028764,3.950555
SOL,20250910,2598,0.813657,0.329428,-0.644265,-0.314837,0.329428,-0.937858,-0.60843,0.340734,-0.562298,-0.221564,0.340734,-0.737909,-0.397175,3.431757
SOL,20250915,3475,0.761399,0.32374,-0.758759,-0.435019,0.32374,-0.658671,-0.334932,0.332919,-0.692739,-0.35982,0.332919,-0.604871,-0.271952,3.851509
SOL,20250920,965,0.798839,0.269367,-0.891003,-0.621636,0.269367,-1.03685,-0.767484,0.273866,-0.865395,-0.59153,0.273866,-0.821598,-0.547732,1.670996
SOL,20250925,4935,0.788138,0.359234,-0.868176,-0.508941,0.359234,-1.098105,-0.738871,0.365986,-0.850841,-0.484856,0.365986,-1.077693,-0.711707,5.40244
SOL,20250930,2149,0.789549,0.318115,-1.184259,-0.866144,0.318115,-0.880467,-0.562352,0.327448,-1.12979,-0.802342,0.327448,-0.829529,-0.502081,3.512075
SOL,20251005,2018,0.823756,0.315148,-0.698125,-0.382977,0.315148,-1.08834,-0.773193,0.323748,-0.542847,-0.2191,0.323748,-0.71246,-0.388712,3.394644
SOL,20251010,5754,0.841277,2.579441,-3.051089,-0.471648,2.579441,-5.455109,-2.875668,2.743822,-3.417513,-0.673691,2.743822,-6.206791,-3.46297,22.022929
SOL,20251015,4755,0.830093,0.375278,-0.707865,-0.332587,0.375278,-0.610445,-0.235167,0.376687,-0.68841,-0.311723,0.376687,-0.607655,-0.230968,5.562331
SOL,20251025,808,0.864703,0.335215,-0.839698,-0.504483,0.335215,-1.007761,-0.672546,0.336623,-0.810561,-0.473937,0.336623,-0.874011,-0.537387,2.07134
SOL,20251030,3965,0.740714,0.391979,-0.880609,-0.48863,0.391979,-1.01905,-0.627071,0.403537,-0.787297,-0.383759,0.403537,-1.01346,-0.609923,5.143729
SOL,20251104,6021,0.816507,0.490548,-0.830804,-0.340256,0.490548,-0.680763,-0.190215,0.490842,-0.648145,-0.157303,0.490842,-0.738972,-0.248131,8.050525
SOL,20251109,1131,0.783342,0.410401,-0.515948,-0.105547,0.410401,-1.063294,-0.652893,0.407701,-0.480552,-0.072851,0.407701,-0.85699,-0.449288,3.783593
SOL,20251114,2871,0.691247,0.464635,-0.70047,-0.235836,0.464635,-1.190732,-0.726097,0.459337,-0.510793,-0.051456,0.459337,-1.364058,-0.904721,7.097848
SOL,20251129,629,0.756486,0.449114,-1.498509,-1.049395,0.449114,-1.331298,-0.882184,0.458201,-1.393865,-0.935664,0.458201,-1.314808,-0.856606,2.10413
SOL,20251204,1557,0.767303,0.451606,-1.234485,-0.782879,0.451606,-0.956211,-0.504604,0.462065,-1.041008,-0.578943,0.462065,-0.752525,-0.290459,3.538193
SOL,20251209,1577,0.854895,0.496151,-1.11056,-0.614409,0.496151,-1.712454,-1.216303,0.504031,-1.033945,-0.529914,0.504031,-1.607019,-1.102988,4.281329
SOL,20251214,822,0.777141,0.500828,-0.853105,-0.352278,0.500828,-1.077309,-0.576481,0.513904,-0.901653,-0.387749,0.513904,-1.19769,-0.683786,2.789982
SOL,20251219,1702,0.827644,0.493954,-0.934555,-0.440601,0.493954,-1.536622,-1.042667,0.497889,-0.829236,-0.331347,0.497889,-1.478688,-0.980799,4.284779
SOL,20251224,753,0.840412,0.501868,-0.839087,-0.337218,0.501868,-0.415467,0.086401,0.498537,-0.876719,-0.378182,0.498537,-0.700926,-0.202389,2.520221
SOL,20251229,1531,0.835624,0.518182,-1.54114,-1.022957,0.518182,-2.021849,-1.503666,0.52448,-1.446592,-0.922111,0.52448,-1.875162,-1.350682,3.556645
SOL,20260103,503,0.796759,0.443901,-0.859388,-0.415487,0.443901,-0.567391,-0.12349,0.458624,-0.751348,-0.292724,0.458624,-0.27557,0.183054,1.91042
SOL,20260108,1724,0.828074,0.469951,-1.260513,-0.790562,0.469951,-1.429493,-0.959541,0.476663,-1.241512,-0.764849,0.476663,-1.515013,-1.03835,3.485258
SOL,20260113,2326,0.825133,0.488714,-1.299778,-0.811065,0.488714,-1.74618,-1.257466,0.485133,-1.209218,-0.724085,0.485133,-1.575294,-1.090161,3.762617
SOL,20260118,602,0.789086,0.494616,-1.367396,-0.87278,0.494616,-1.304489,-0.809873,0.511486,-1.385944,-0.874458,0.511486,-0.682576,-0.17109,1.927577
SOL,20260123,1574,0.70845,0.478987,-1.630617,-1.15163,0.478987,-1.633221,-1.154233,0.468492,-1.298604,-0.830112,0.468492,-1.228157,-0.759665,2.880934
SOL,20260128,793,0.809243,0.472738,-1.051776,-0.579038,0.472738,-0.703381,-0.230642,0.478622,-0.916105,-0.437484,0.478622,-0.342192,0.13643,2.870444
SOL,20260202,2724,0.800411,0.646506,-0.980193,-0.333687,0.646506,-0.783828,-0.137322,0.635364,-0.654882,-0.019518,0.635364,-0.42236,0.213004,7.145382
SOL,20260207,1608,0.913644,0.485806,-0.010258,0.475548,0.485806,0.228844,0.71465,0.490961,-0.022488,0.468473,0.490961,0.243358,0.734319,6.064335
SOL,20260212,2018,0.829941,0.255116,-0.697257,-0.442141,0.255116,-0.899906,-0.64479,0.254195,-0.520701,-0.266506,0.254195,-0.687337,-0.433142,4.570397
SOL,20260217,1590,0.835648,0.236961,-0.824413,-0.587451,0.236961,-0.860189,-0.623228,0.23875,-0.735571,-0.496821,0.23875,-0.432422,-0.193672,3.980344
SOL,20260222,736,0.768424,0.196044,-0.651094,-0.45505,0.196044,-0.754284,-0.55824,0.204979,-0.47493,-0.269951,0.204979,-0.504218,-0.299239,2.1636
SOL,20260227,1503,0.828729,0.228466,-0.372221,-0.143755,0.228466,-0.231964,-0.003498,0.22724,-0.288438,-0.061198,0.22724,-0.183643,0.043598,4.086715
SOL,20260304,2954,0.845146,0.259447,-0.541227,-0.28178,0.259447,-0.285075,-0.025628,0.25937,-0.430407,-0.171037,0.25937,-0.416005,-0.156635,5.410859
SOL,20260309,1950,0.825549,0.214194,-0.602598,-0.388403,0.214194,-1.204202,-0.990008,0.213285,-0.424883,-0.211598,0.213285,-0.762679,-0.549394,4.334092
SOL,20260314,635,0.808787,0.186987,-0.526875,-0.339888,0.186987,-1.102781,-0.915794,0.196056,-0.432145,-0.236089,0.196056,-0.928841,-0.732785,1.856858
SOL,20260319,1797,0.829616,0.183239,-0.708534,-0.525296,0.183239,-0.569943,-0.386705,0.182698,-0.596132,-0.413435,0.182698,-0.483516,-0.300819,3.544497
SOL,20260324,1819,0.803986,0.219494,-0.529731,-0.310237,0.219494,-0.366087,-0.146593,0.230783,-0.454399,-0.223616,0.230783,-0.376978,-0.146195,3.550614
SOL,20260329,845,0.873207,0.259845,-1.074702,-0.814857,0.259845,-1.145127,-0.885282,0.255615,-0.992184,-0.736569,0.255615,-0.621595,-0.36598,3.054159
SOL,20260403,888,0.829527,0.181763,-0.858157,-0.676394,0.181763,-0.983162,-0.801399,0.183747,-0.651613,-0.467866,0.183747,-0.579875,-0.396128,2.690054
SOL,20260408,1419,0.82697,0.158763,-0.718062,-0.559299,0.158763,-1.056569,-0.897806,0.163386,-0.64444,-0.481054,0.163386,-0.959025,-0.795639,2.802702
SOL,20260413,1571,0.844418,0.194102,-0.471889,-0.277787,0.194102,-0.81968,-0.625577,0.197603,-0.316054,-0.118451,0.197603,-0.709269,-0.511666,3.121713
SOL,20260418,890,0.836303,0.143775,-0.673138,-0.529363,0.143775,-0.637271,-0.493497,0.151572,-0.534488,-0.382916,0.151572,-0.537915,-0.386342,2.101367
SOL,20260423,1352,0.845999,0.168615,-0.650571,-0.481955,0.168615,-0.691836,-0.52322,0.173877,-0.627145,-0.453268,0.173877,-0.638489,-0.464613,2.541523
SOL,20260428,773,0.812872,0.14528,-0.495583,-0.350303,0.14528,-0.494766,-0.349486,0.136052,-0.443848,-0.307796,0.136052,-0.362195,-0.226143,1.858429
SOL,20260503,428,0.849299,0.125677,-0.961477,-0.8358,0.125677,-1.121137,-0.99546,0.127847,-0.886172,-0.758326,0.127847,-1.164423,-1.036576,1.254252
SOL,20260508,1504,0.851769,0.131377,-0.733985,-0.602608,0.131377,-1.07686,-0.945483,0.133723,-0.698257,-0.564534,0.133723,-0.931282,-0.797559,2.584756
SOL,20260513,1684,0.817886,0.167268,-0.914064,-0.746796,0.167268,-1.873398,-1.70613,0.168605,-0.829445,-0.66084,0.168605,-1.570485,-1.40188,2.791746
SOL,20260518,1708,0.818577,0.147846,-0.735139,-0.587293,0.147846,-0.481756,-0.33391,0.151544,-0.669167,-0.517623,0.151544,-0.465956,-0.314412,3.158394
SOL,20260523,1192,0.811443,0.202934,-1.425797,-1.222864,0.202934,-1.709748,-1.506815,0.212458,-1.288538,-1.076079,0.212458,-1.900616,-1.688157,2.993359
SOL,20260528,1579,0.78684,0.192776,-0.86005,-0.667275,0.192776,-1.67263,-1.479854,0.189506,-0.865151,-0.675645,0.189506,-1.459975,-1.270469,3.080846
SUI,20250727,1522,0.994021,0.42209,-1.072235,-0.650145,0.42209,-0.662785,-0.240695,0.422913,-1.063976,-0.641063,0.422913,-0.64984,-0.226927,4.740862
SUI,20250801,2064,0.988033,0.646315,-1.534328,-0.888012,0.646315,-1.772202,-1.125887,0.648519,-1.530962,-0.882443,0.648519,-1.727521,-1.079001,6.66914
SUI,20250806,446,0.988341,0.411084,-1.126915,-0.715831,0.411084,-1.336805,-0.925721,0.414147,-1.096831,-0.682683,0.414147,-1.331104,-0.916956,4.153537
SUI,20250811,947,0.996515,0.443099,-1.058564,-0.615465,0.443099,-0.781325,-0.338227,0.444106,-1.060199,-0.616094,0.444106,-0.783195,-0.339089,4.392723
SUI,20250816,156,0.99359,0.482424,-1.276042,-0.793618,0.482424,-0.963784,-0.48136,0.484668,-1.278253,-0.793586,0.484668,-0.956773,-0.472105,2.849722
SUI,20250821,304,0.990789,0.489738,-0.628794,-0.139056,0.489738,-1.388971,-0.899233,0.49296,-0.620197,-0.127238,0.49296,-1.50545,-1.01249,3.673273
SUI,20250826,479,0.998539,0.501205,-1.400036,-0.898831,0.501205,-0.848759,-0.347555,0.501723,-1.401931,-0.900208,0.501723,-0.852915,-0.351192,4.325506
SUI,20250831,162,0.987037,0.338489,-0.80693,-0.468441,0.338489,0.322212,0.660701,0.340853,-0.838053,-0.4972,0.340853,0.264382,0.605236,2.568077
SUI,20250905,328,0.990854,0.699022,-1.836459,-1.137437,0.699022,-0.111789,0.587233,0.700033,-1.788598,-1.088565,0.700033,-0.121734,0.578299,3.582825
SUI,20250910,305,0.990164,0.482684,-1.2384,-0.755716,0.482684,-1.775267,-1.292583,0.485165,-1.246912,-0.761747,0.485165,-1.786892,-1.301727,3.099832
SUI,20250915,462,0.993723,0.469442,-0.443927,0.025514,0.469442,-0.454166,0.015275,0.470295,-0.440956,0.029339,0.470295,-0.474414,-0.004119,3.754599
SUI,20250920,329,0.99696,0.379855,-0.875799,-0.495944,0.379855,-1.358254,-0.978399,0.373327,-0.86788,-0.494552,0.373327,-1.353633,-0.980306,2.27083
SUI,20250925,678,0.99292,0.554364,-0.582479,-0.028114,0.554364,-0.612296,-0.057931,0.556846,-0.535974,0.020872,0.556846,-0.589024,-0.032178,5.562837
SUI,20250930,289,0.979585,0.511754,-0.382896,0.128858,0.511754,0.31762,0.829374,0.517013,-0.389246,0.127767,0.517013,0.437481,0.954494,3.692258
SUI,20251005,411,0.979805,0.5116,-0.503509,0.008091,0.5116,-0.609295,-0.097695,0.517041,-0.508061,0.00898,0.517041,-0.610394,-0.093353,3.804812
SUI,20251010,1567,0.99081,7.763925,-9.743947,-1.980023,7.763925,-25.208136,-17.444212,7.808083,-9.733535,-1.925452,7.808083,-25.130312,-17.322229,75.048056
SUI,20251015,462,0.987662,0.521787,-0.61991,-0.098123,0.521787,-0.011598,0.51019,0.522463,-0.62076,-0.098297,0.522463,-0.060409,0.462054,5.693345
SUI,20251025,218,0.991743,0.366038,-0.71308,-0.347042,0.366038,-0.077603,0.288435,0.367427,-0.714869,-0.347442,0.367427,-0.096303,0.271124,2.784777
SUI,20251030,661,0.992738,0.642038,-0.035024,0.607014,0.642038,-1.101228,-0.459191,0.644184,-0.040804,0.60338,0.644184,-1.058002,-0.413817,5.944907
SUI,20251104,977,0.995906,0.711733,-0.59128,0.120454,0.711733,0.277896,0.98963,0.713603,-0.585797,0.127806,0.713603,0.266737,0.98034,9.556227
SUI,20251109,115,0.982609,0.715592,-1.098256,-0.382664,0.715592,-1.572746,-0.857154,0.675429,-1.031624,-0.356195,0.675429,-1.42863,-0.753201,4.636496
SUI,20251114,409,0.987775,0.644594,-1.211694,-0.567101,0.644594,-2.949911,-2.305317,0.64685,-1.177076,-0.530226,0.64685,-3.0687,-2.421851,7.566673
SUI,20251129,122,1.0,0.585687,-1.166645,-0.580958,0.585687,-1.686498,-1.100811,0.585687,-1.166645,-0.580958,0.585687,-1.686498,-1.100811,3.063283
SUI,20251204,346,0.99422,0.500939,-0.957272,-0.456333,0.500939,-0.125846,0.375093,0.502108,-0.936356,-0.434248,0.502108,-0.122008,0.3801,4.817407
SUI,20251209,421,0.988599,0.72767,-1.134519,-0.406849,0.72767,-0.893638,-0.165968,0.730241,-1.114945,-0.384703,0.730241,-0.795402,-0.065161,5.445223
SUI,20251214,411,0.993917,0.635393,-0.713266,-0.077873,0.635393,-1.077801,-0.442408,0.633737,-0.707606,-0.073869,0.633737,-1.065225,-0.431488,4.605361
SUI,20251219,468,0.997436,0.772995,-0.795918,-0.022923,0.772995,-1.128949,-0.355954,0.774099,-0.77997,-0.005871,0.774099,-1.132663,-0.358564,5.682407
SUI,20251224,160,0.993125,0.562004,-1.623734,-1.06173,0.562004,-2.27744,-1.715436,0.54774,-1.587816,-1.040076,0.54774,-2.211508,-1.663768,3.347436
SUI,20251229,318,1.0,0.528431,-0.088869,0.439562,0.528431,0.620155,1.148587,0.528431,-0.088869,0.439562,0.528431,0.620155,1.148587,4.035496
SUI,20260103,374,1.0,0.714059,-1.309594,-0.595535,0.714059,-2.968179,-2.25412,0.714059,-1.309594,-0.595535,0.714059,-2.968179,-2.25412,4.057568
SUI,20260108,522,0.988506,0.780421,-1.379945,-0.599524,0.780421,-0.181782,0.59864,0.784113,-1.390628,-0.606515,0.784113,-0.176667,0.607446,5.28273
SUI,20260113,396,0.997475,0.794956,-0.880993,-0.086037,0.794956,-2.640536,-1.84558,0.796263,-0.874756,-0.078493,0.796263,-2.63946,-1.843196,5.148537
SUI,20260118,140,1.0,0.597106,-0.688235,-0.091129,0.597106,0.474277,1.071383,0.597106,-0.688235,-0.091129,0.597106,0.474277,1.071383,2.869838
SUI,20260123,160,0.99375,0.60182,-1.180368,-0.578549,0.60182,0.006513,0.608332,0.603524,-1.204434,-0.60091,0.603524,-0.047534,0.555991,3.930848
SUI,20260128,152,0.990132,0.734115,-0.717537,0.016578,0.734115,0.610302,1.344417,0.737925,-0.627666,0.110258,0.737925,0.7732,1.511125,3.957734
SUI,20260202,336,0.995833,1.073205,-1.895265,-0.822059,1.073205,-3.376237,-2.303031,1.074678,-1.904022,-0.829343,1.074678,-3.406501,-2.331823,7.567899
SUI,20260207,384,1.0,1.137828,-0.683469,0.454359,1.137828,-0.373528,0.7643,1.137828,-0.683469,0.454359,1.137828,-0.373528,0.7643,6.08228
SUI,20260212,241,0.990456,0.72295,-0.972651,-0.249702,0.72295,-0.482238,0.240711,0.723126,-0.964508,-0.241381,0.723126,-0.320417,0.402709,5.249482
SUI,20260217,190,0.990526,0.713725,-0.769367,-0.055642,0.713725,0.90248,1.616205,0.716761,-0.784423,-0.067662,0.716761,0.80643,1.52319,4.660149
SUI,20260222,78,1.0,0.512847,-0.649824,-0.136978,0.512847,-0.342698,0.170149,0.512847,-0.649824,-0.136978,0.512847,-0.342698,0.170149,2.407451
SUI,20260227,328,0.987195,0.79767,-0.766113,0.031557,0.79767,-1.066951,-0.269282,0.798487,-0.766257,0.03223,0.798487,-0.937783,-0.139296,4.617062
SUI,20260304,399,0.997995,1.082722,-1.133189,-0.050466,1.082722,-0.388172,0.69455,1.084793,-1.13463,-0.049837,1.084793,-0.396471,0.688322,6.103973
SUI,20260309,293,0.995222,0.73888,-1.205514,-0.466634,0.73888,-0.453678,0.285201,0.742165,-1.23543,-0.493265,0.742165,-0.5327,0.209465,5.406051
SUI,20260314,254,0.997638,0.421016,-0.866927,-0.445911,0.421016,-0.079085,0.341931,0.421061,-0.862794,-0.441733,0.421061,-0.079272,0.341789,2.402115
SUI,20260319,260,0.998077,0.482897,-0.645073,-0.162176,0.482897,-0.381025,0.101872,0.483424,-0.632492,-0.149068,0.483424,-0.361073,0.122351,3.466098
SUI,20260324,156,1.0,0.538585,-0.841505,-0.30292,0.538585,0.000445,0.53903,0.538585,-0.841505,-0.30292,0.538585,0.000445,0.53903,3.450339
SUI,20260329,131,1.0,0.723187,-1.549255,-0.826068,0.723187,0.673975,1.397162,0.723187,-1.549255,-0.826068,0.723187,0.673975,1.397162,3.281156
SUI,20260403,92,0.993478,0.391308,-0.231292,0.160016,0.391308,0.666513,1.057821,0.393501,-0.219645,0.173856,0.393501,0.600921,0.994422,2.916692
SUI,20260408,193,0.993264,0.615323,-1.346343,-0.73102,0.615323,-1.256134,-0.640812,0.613519,-1.364568,-0.751049,0.613519,-1.187872,-0.574353,3.471662
SUI,20260413,95,1.0,0.8167,-0.106467,0.710233,0.8167,-1.333588,-0.516889,0.8167,-0.106467,0.710233,0.8167,-1.333588,-0.516889,3.443927
SUI,20260418,147,1.0,0.499579,-0.360443,0.139136,0.499579,-0.76711,-0.267531,0.499579,-0.360443,0.139136,0.499579,-0.76711,-0.267531,3.256632
SUI,20260423,92,1.0,0.492001,-0.809323,-0.317321,0.492001,0.539314,1.031316,0.492001,-0.809323,-0.317321,0.492001,0.539314,1.031316,3.014636
SUI,20260428,47,1.0,0.563818,-0.374107,0.189711,0.563818,1.241056,1.804873,0.563818,-0.374107,0.189711,0.563818,1.241056,1.804873,2.333768
SUI,20260503,52,1.0,0.508172,-0.848172,-0.34,0.508172,-1.513228,-1.005056,0.508172,-0.848172,-0.34,0.508172,-1.513228,-1.005056,1.760731
SUI,20260508,327,0.997554,0.604565,-0.765516,-0.160952,0.604565,-0.998441,-0.393877,0.605923,-0.768393,-0.16247,0.605923,-1.007632,-0.401709,3.741352
SUI,20260513,523,0.994264,0.892708,-0.937719,-0.045012,0.892708,-1.189568,-0.29686,0.894366,-0.93507,-0.040704,0.894366,-1.197017,-0.302651,4.752529
SUI,20260518,523,0.994455,0.969131,-1.68736,-0.718229,0.969131,-2.16925,-1.200119,0.970966,-1.686701,-0.715735,0.970966,-2.209627,-1.238661,4.647215
SUI,20260523,371,0.995148,1.093378,-0.713432,0.379946,1.093378,-0.465722,0.627656,1.097692,-0.724056,0.373636,1.097692,-0.442277,0.655415,4.711746
SUI,20260528,464,0.992672,0.729666,-1.237024,-0.507358,0.729666,-1.463897,-0.73423,0.733831,-1.211894,-0.478063,0.733831,-1.382811,-0.64898,4.813253
TIA,20250727,96,1.0,1.197524,-1.234537,-0.037013,1.197524,0.346903,1.544426,1.197524,-1.234537,-0.037013,1.197524,0.346903,1.544426,4.867591
TIA,20250801,448,0.992411,1.106295,-3.712152,-2.605858,1.106295,-5.422827,-4.316532,1.112195,-3.679015,-2.56682,1.112195,-5.2334,-4.121205,7.480119
TIA,20250806,100,1.0,0.913782,-1.380512,-0.466729,0.913782,-0.507299,0.406484,0.913782,-1.380512,-0.466729,0.913782,-0.507299,0.406484,4.785302
TIA,20250811,180,1.0,0.941235,-0.000349,0.940886,0.941235,0.750157,1.691392,0.941235,-0.000349,0.940886,0.941235,0.750157,1.691392,5.884103
TIA,20250816,51,1.0,1.159429,-2.61865,-1.459222,1.159429,-3.237992,-2.078563,1.159429,-2.61865,-1.459222,1.159429,-3.237992,-2.078563,4.149558
TIA,20250821,149,0.979866,0.83978,-1.756885,-0.917106,0.83978,-4.617454,-3.777674,0.850874,-1.824209,-0.973335,0.850874,-4.755622,-3.904748,3.832372
TIA,20250826,157,0.993631,0.996585,-1.676387,-0.679802,0.996585,-0.102048,0.894538,0.998976,-1.489224,-0.490248,0.998976,0.217151,1.216127,4.969615
TIA,20250831,64,0.984375,0.800941,-0.036619,0.764323,0.800941,0.835454,1.636396,0.808817,-0.008174,0.800643,0.808817,1.022873,1.83169,2.794591
TIA,20250905,289,0.99654,0.941339,-1.226374,-0.285035,0.941339,1.191801,2.13314,0.943544,-1.230633,-0.287089,0.943544,1.157639,2.101183,3.942059
TIA,20250910,305,0.988197,0.843089,-2.433071,-1.589982,0.843089,-3.208948,-2.365859,0.848739,-2.429713,-1.580973,0.848739,-3.246154,-2.397415,4.619836
TIA,20250915,154,0.981169,0.92158,-0.100738,0.820843,0.92158,-4.240112,-3.318532,0.931827,-0.098854,0.832973,0.931827,-4.150837,-3.21901,4.529781
TIA,20250920,114,0.999123,0.816789,-0.961763,-0.144975,0.816789,-0.866103,-0.049314,0.817252,-0.961594,-0.144342,0.817252,-0.86433,-0.047077,2.965508
TIA,20250925,250,0.9744,1.064317,-0.284189,0.780128,1.064317,-1.62637,-0.562052,1.075307,-0.307576,0.767731,1.075307,-1.772076,-0.696768,5.504003
TIA,20250930,168,0.97381,0.733901,-1.082221,-0.34832,0.733901,-2.980893,-2.246991,0.740298,-0.955832,-0.215534,0.740298,-2.822774,-2.082475,3.774573
TIA,20251005,128,0.983594,1.160948,-0.282602,0.878347,1.160948,-0.785134,0.375815,1.174822,-0.284045,0.890778,1.174822,-0.773097,0.401726,4.745743
TIA,20251010,286,1.0,10.848222,-2.563491,8.284731,10.848222,20.507288,31.35551,10.848222,-2.563491,8.284731,10.848222,20.507288,31.35551,59.882634
TIA,20251015,122,0.991803,0.947276,0.001274,0.948551,0.947276,1.150715,2.097991,0.944125,0.041544,0.985669,0.944125,1.204144,2.148269,6.496948
TIA,20251025,57,0.959649,0.793229,-1.34079,-0.547561,0.793229,-1.323292,-0.530063,0.806108,-1.340423,-0.534315,0.806108,-1.098555,-0.292447,2.69414
TIA,20251030,156,0.990385,0.844732,-1.967097,-1.122365,0.844732,0.209698,1.05443,0.84488,-1.883498,-1.038618,0.84488,0.271591,1.116471,6.471887
TIA,20251104,285,0.992982,0.735314,-1.333671,-0.598357,0.735314,0.799611,1.534925,0.739823,-1.199531,-0.459708,0.739823,0.678695,1.418518,10.132392
TIA,20251109,175,0.981143,1.454521,-2.437336,-0.982816,1.454521,-4.117097,-2.662576,1.472516,-2.383226,-0.91071,1.472516,-3.977321,-2.504805,7.340803
TIA,20251114,90,0.986667,0.785466,-0.022133,0.763334,0.785466,0.094815,0.880281,0.790063,-0.039476,0.750587,0.790063,0.07365,0.863713,8.461834
TIA,20251129,137,0.967883,1.273797,-1.676231,-0.402433,1.273797,-2.964571,-1.690774,1.30548,-1.604062,-0.298582,1.30548,-3.219512,-1.914032,6.916926
TIA,20251204,45,0.96,0.544612,-1.428726,-0.884114,0.544612,-1.262385,-0.717773,0.552692,-1.467151,-0.914458,0.552692,-1.430253,-0.877561,4.80898
TIA,20251209,101,0.983168,1.073621,-1.311901,-0.238279,1.073621,-2.016699,-0.943078,1.090595,-1.203121,-0.112526,1.090595,-1.934068,-0.843474,6.343185
TIA,20251214,108,0.948148,0.628633,-4.717463,-4.08883,0.628633,-4.424401,-3.795768,0.636165,-4.826225,-4.19006,0.636165,-4.265802,-3.629637,4.121232
TIA,20251219,246,0.976016,1.035102,-1.419853,-0.384751,1.035102,-1.070033,-0.03493,1.037611,-1.412459,-0.374848,1.037611,-1.286223,-0.248612,5.480613
TIA,20251224,51,1.0,0.932753,-1.680374,-0.747621,0.932753,-1.703135,-0.770382,0.932753,-1.680374,-0.747621,0.932753,-1.703135,-0.770382,4.404785
TIA,20251229,94,0.985106,1.125845,-2.058052,-0.932207,1.125845,-2.200168,-1.074323,1.112682,-1.855748,-0.743066,1.112682,-1.944594,-0.831912,4.388221
TIA,20260103,65,0.993846,0.755344,-0.62703,0.128313,0.755344,-2.441969,-1.686626,0.757026,-0.630913,0.126113,0.757026,-2.407383,-1.650357,4.375456
TIA,20260108,44,1.0,1.374486,-1.418746,-0.04426,1.374486,0.728117,2.102603,1.374486,-1.418746,-0.04426,1.374486,0.728117,2.102603,5.203559
TIA,20260113,108,0.990741,1.276946,-1.572942,-0.295996,1.276946,0.668341,1.945287,1.281764,-1.658798,-0.377034,1.281764,-0.019574,1.26219,6.539538
TIA,20260118,37,1.0,1.449947,-3.421089,-1.971142,1.449947,-2.537659,-1.087712,1.449947,-3.421089,-1.971142,1.449947,-2.537659,-1.087712,3.848354
TIA,20260123,53,1.0,1.280439,-1.636723,-0.356285,1.280439,-4.103747,-2.823308,1.280439,-1.636723,-0.356285,1.280439,-4.103747,-2.823308,4.90462
TIA,20260128,38,1.0,1.164491,-0.472989,0.691502,1.164491,-1.408909,-0.244418,1.164491,-0.472989,0.691502,1.164491,-1.408909,-0.244418,4.499921
TIA,20260202,100,1.0,1.597,-0.125523,1.471478,1.597,-5.830546,-4.233546,1.597,-0.125523,1.471478,1.597,-5.830546,-4.233546,7.615377
TIA,20260207,106,0.990566,2.35787,-4.918104,-2.560234,2.35787,-4.883026,-2.525156,2.341738,-4.992506,-2.650768,2.341738,-5.236858,-2.895119,6.721382
TIA,20260212,47,1.0,1.605672,-2.082993,-0.477322,1.605672,-1.199429,0.406243,1.605672,-2.082993,-0.477322,1.605672,-1.199429,0.406243,5.239527
TIA,20260217,50,0.982,1.668217,-0.952713,0.715504,1.668217,-6.391787,-4.72357,1.66408,-0.943472,0.720608,1.66408,-6.474233,-4.810152,4.394507
TIA,20260222,13,1.0,1.938303,-2.935392,-0.997089,1.938303,-2.153493,-0.21519,1.938303,-2.935392,-0.997089,1.938303,-2.153493,-0.21519,2.790038
TIA,20260227,64,1.0,2.631504,-1.604621,1.026883,2.631504,1.191622,3.823126,2.631504,-1.604621,1.026883,2.631504,1.191622,3.823126,4.697381
TIA,20260304,55,1.0,1.523493,-3.91282,-2.389328,1.523493,-4.841405,-3.317912,1.523493,-3.91282,-2.389328,1.523493,-4.841405,-3.317912,6.014348
TIA,20260309,58,1.0,1.780864,-2.710969,-0.930105,1.780864,-5.359454,-3.57859,1.780864,-2.710969,-0.930105,1.780864,-5.359454,-3.57859,5.002896
TIA,20260314,32,1.0,1.261973,-2.196433,-0.93446,1.261973,-2.471734,-1.209761,1.261973,-2.196433,-0.93446,1.261973,-2.471734,-1.209761,3.073207
TIA,20260319,35,1.0,1.444375,-2.924277,-1.479902,1.444375,-7.383526,-5.939151,1.444375,-2.924277,-1.479902,1.444375,-7.383526,-5.939151,3.431801
TIA,20260324,48,1.0,1.971787,-0.7499,1.221887,1.971787,-5.023521,-3.051734,1.971787,-0.7499,1.221887,1.971787,-5.023521,-3.051734,3.919749
TIA,20260329,45,1.0,1.317001,-4.936558,-3.619557,1.317001,-2.120563,-0.803562,1.317001,-4.936558,-3.619557,1.317001,-2.120563,-0.803562,3.298491
TIA,20260403,33,1.0,1.417126,-1.956674,-0.539547,1.417126,-2.108926,-0.691799,1.417126,-1.956674,-0.539547,1.417126,-2.108926,-0.691799,3.149374
TIA,20260408,84,1.0,1.30866,-1.406359,-0.097699,1.30866,-3.091349,-1.78269,1.30866,-1.406359,-0.097699,1.30866,-3.091349,-1.78269,3.212163
TIA,20260413,38,0.976316,1.059441,-2.325684,-1.266243,1.059441,-3.688699,-2.629258,1.073096,-2.414223,-1.341126,1.073096,-3.882574,-2.809478,3.641732
TIA,20260418,106,0.991509,1.590558,-1.274111,0.316447,1.590558,-5.55815,-3.967592,1.603172,-1.212558,0.390614,1.603172,-5.505102,-3.90193,6.713928
TIA,20260423,46,1.0,1.254118,0.112475,1.366594,1.254118,-1.245909,0.00821,1.254118,0.112475,1.366594,1.254118,-1.245909,0.00821,4.004209
TIA,20260428,56,1.0,1.540094,-0.43262,1.107474,1.540094,-0.158546,1.381548,1.540094,-0.43262,1.107474,1.540094,-0.158546,1.381548,5.209168
TIA,20260503,21,1.0,1.088218,-1.126954,-0.038736,1.088218,-3.855171,-2.766953,1.088218,-1.126954,-0.038736,1.088218,-3.855171,-2.766953,2.745751
TIA,20260508,159,1.0,1.810952,-2.833123,-1.022171,1.810952,-3.734944,-1.923992,1.810952,-2.833123,-1.022171,1.810952,-3.734944,-1.923992,8.802979
TIA,20260513,196,0.997449,1.752582,-0.784356,0.968226,1.752582,-2.379481,-0.626899,1.74998,-0.786362,0.963619,1.74998,-2.36268,-0.612699,8.655121
TIA,20260518,64,1.0,1.736745,-2.750716,-1.013971,1.736745,-4.236171,-2.499426,1.736745,-2.750716,-1.013971,1.736745,-4.236171,-2.499426,4.86516
TIA,20260523,94,1.0,2.157578,-2.338708,-0.18113,2.157578,-1.306539,0.851039,2.157578,-2.338708,-0.18113,2.157578,-1.306539,0.851039,5.642057
TIA,20260528,65,1.0,1.962074,-6.181878,-4.219804,1.962074,-2.298399,-0.336325,1.962074,-6.181878,-4.219804,1.962074,-2.298399,-0.336325,5.761059
WLD,20250727,121,1.0,1.174572,-2.435963,-1.261391,1.174572,-2.905013,-1.730441,1.174572,-2.435963,-1.261391,1.174572,-2.905013,-1.730441,4.374554
WLD,20250801,358,1.0,1.249068,-4.713209,-3.464142,1.249068,-5.528713,-4.279645,1.249068,-4.713209,-3.464142,1.249068,-5.528713,-4.279645,7.428887
WLD,20250806,75,1.0,1.24934,-0.162567,1.086773,1.24934,-0.537498,0.711842,1.24934,-0.162567,1.086773,1.24934,-0.537498,0.711842,4.258025
WLD,20250811,247,1.0,1.09293,-1.492952,-0.400022,1.09293,-4.011024,-2.918094,1.09293,-1.492952,-0.400022,1.09293,-4.011024,-2.918094,5.221701
WLD,20250816,69,0.985507,0.956376,-2.457283,-1.500907,0.956376,-2.335588,-1.379212,0.950211,-2.163753,-1.213542,0.950211,-1.811001,-0.86079,3.3312
WLD,20250821,76,1.0,0.830884,-0.226565,0.604319,0.830884,-0.498995,0.331889,0.830884,-0.226565,0.604319,0.830884,-0.498995,0.331889,3.751017
WLD,20250826,130,0.992308,0.809818,-0.325798,0.48402,0.809818,-1.275049,-0.465231,0.810882,-0.367426,0.443457,0.810882,-1.216722,-0.40584,5.371245
WLD,20250831,31,1.0,1.060357,-1.565237,-0.504879,1.060357,-1.836696,-0.776338,1.060357,-1.565237,-0.504879,1.060357,-1.836696,-0.776338,2.777933
WLD,20250905,390,1.0,0.776727,-1.501556,-0.724829,0.776727,-2.794849,-2.018122,0.776727,-1.501556,-0.724829,0.776727,-2.794849,-2.018122,4.221393
WLD,20250910,2665,0.993959,1.422282,-1.045993,0.37629,1.422282,-2.733351,-1.311068,1.419072,-1.047546,0.371526,1.419072,-2.772262,-1.35319,11.169854
WLD,20250915,561,0.999643,1.104148,-0.77443,0.329718,1.104148,-0.386787,0.717361,1.103832,-0.773524,0.330308,1.103832,-0.390826,0.713006,5.831151
WLD,20250920,292,0.987329,0.827866,-1.336934,-0.509068,0.827866,-2.177431,-1.349565,0.834264,-1.324876,-0.490612,0.834264,-2.154989,-1.320725,3.389023
WLD,20250925,396,0.978535,1.066168,-2.683109,-1.616941,1.066168,-1.284035,-0.217868,1.075119,-2.644691,-1.569573,1.075119,-1.144801,-0.069683,6.856548
WLD,20250930,196,1.0,1.143086,-0.635013,0.508073,1.143086,-1.417402,-0.274316,1.143086,-0.635013,0.508073,1.143086,-1.417402,-0.274316,4.481962
WLD,20251005,213,0.992488,0.933887,-1.162103,-0.228216,0.933887,-3.400421,-2.466534,0.938013,-1.145541,-0.207527,0.938013,-3.428375,-2.490361,4.331112
WLD,20251010,1104,0.996739,10.040122,-17.737164,-7.697042,10.040122,-45.552286,-35.512165,10.01528,-17.701988,-7.686708,10.01528,-46.287045,-36.271765,66.209999
WLD,20251015,85,1.0,0.726662,-1.918044,-1.191382,0.726662,-0.754315,-0.027653,0.726662,-1.918044,-1.191382,0.726662,-0.754315,-0.027653,6.202195
WLD,20251025,75,1.0,0.88863,-0.759399,0.129231,0.88863,-0.76856,0.12007,0.88863,-0.759399,0.129231,0.88863,-0.76856,0.12007,2.943973
WLD,20251030,122,1.0,0.670047,-2.680509,-2.010461,0.670047,-3.204348,-2.5343,0.670047,-2.680509,-2.010461,0.670047,-3.204348,-2.5343,6.273875
WLD,20251104,211,1.0,0.89316,-2.741297,-1.848137,0.89316,-5.272175,-4.379015,0.89316,-2.741297,-1.848137,0.89316,-5.272175,-4.379015,9.192119
WLD,20251109,38,1.0,0.906315,-0.16444,0.741876,0.906315,3.336772,4.243088,0.906315,-0.16444,0.741876,0.906315,3.336772,4.243088,5.031831
WLD,20251114,83,0.990361,0.987258,-0.491042,0.496216,0.987258,-2.560553,-1.573295,0.991427,-0.483583,0.507844,0.991427,-2.722817,-1.73139,7.577118
WLD,20251129,47,1.0,0.863384,-1.307819,-0.444434,0.863384,-2.618321,-1.754936,0.863384,-1.307819,-0.444434,0.863384,-2.618321,-1.754936,3.041573
WLD,20251204,72,1.0,0.626813,0.007717,0.63453,0.626813,-1.788616,-1.161803,0.626813,0.007717,0.63453,0.626813,-1.788616,-1.161803,3.938947
WLD,20251209,167,1.0,1.441889,-1.539075,-0.097186,1.441889,0.489077,1.930966,1.441889,-1.539075,-0.097186,1.441889,0.489077,1.930966,6.152682
WLD,20251214,112,1.0,0.585281,-0.45751,0.127771,0.585281,2.815621,3.400902,0.585281,-0.45751,0.127771,0.585281,2.815621,3.400902,3.476102
WLD,20251219,66,1.0,1.308841,-1.685398,-0.376557,1.308841,-3.647709,-2.338868,1.308841,-1.685398,-0.376557,1.308841,-3.647709,-2.338868,4.877349
WLD,20251224,38,1.0,0.786238,-3.050584,-2.264346,0.786238,-1.652824,-0.866586,0.786238,-3.050584,-2.264346,0.786238,-1.652824,-0.866586,3.188292
WLD,20251229,79,1.0,1.409426,-0.324859,1.084567,1.409426,1.106772,2.516198,1.409426,-0.324859,1.084567,1.409426,1.106772,2.516198,4.358521
WLD,20260103,78,1.0,1.589099,-0.239382,1.349717,1.589099,-0.700568,0.888531,1.589099,-0.239382,1.349717,1.589099,-0.700568,0.888531,6.295091
WLD,20260108,75,1.0,0.866742,-0.858448,0.008294,0.866742,0.301179,1.167921,0.866742,-0.858448,0.008294,0.866742,0.301179,1.167921,4.778426
WLD,20260113,63,1.0,1.448204,-0.405849,1.042355,1.448204,-4.891816,-3.443612,1.448204,-0.405849,1.042355,1.448204,-4.891816,-3.443612,5.560498
WLD,20260118,34,1.0,1.50429,-5.452801,-3.948511,1.50429,1.332246,2.836536,1.50429,-5.452801,-3.948511,1.50429,1.332246,2.836536,3.525357
WLD,20260123,67,0.976119,1.369618,-1.289322,0.080296,1.369618,-0.502124,0.867494,1.381878,-1.322289,0.059589,1.381878,-0.646683,0.735195,4.209589
WLD,20260128,603,0.996683,4.916318,5.629664,10.545982,4.916318,11.847391,16.763709,4.924385,5.589615,10.513999,4.924385,11.705876,16.630261,18.006937
WLD,20260202,97,0.993814,1.284117,-0.30062,0.983497,1.284117,2.474914,3.759031,1.282025,-0.279995,1.00203,1.282025,2.526002,3.808027,7.082983
WLD,20260207,194,1.0,2.378375,-0.498103,1.880272,2.378375,-2.27594,0.102435,2.378375,-0.498103,1.880272,2.378375,-2.27594,0.102435,6.710791
WLD,20260212,127,1.0,1.485154,-0.915196,0.569958,1.485154,-1.205813,0.279341,1.485154,-0.915196,0.569958,1.485154,-1.205813,0.279341,4.893818
WLD,20260217,123,0.995935,1.369568,0.023417,1.392986,1.369568,0.789815,2.159383,1.362855,0.019924,1.382779,1.362855,0.818671,2.181526,4.470185
WLD,20260222,138,1.0,1.453946,-0.45152,1.002426,1.453946,-1.006484,0.447462,1.453946,-0.45152,1.002426,1.453946,-1.006484,0.447462,2.656087
WLD,20260227,113,1.0,1.688004,-1.005584,0.68242,1.688004,-1.194569,0.493436,1.688004,-1.005584,0.68242,1.688004,-1.194569,0.493436,4.264048
WLD,20260304,77,1.0,2.658519,-1.594667,1.063852,2.658519,-1.153879,1.50464,2.658519,-1.594667,1.063852,2.658519,-1.153879,1.50464,6.288647
WLD,20260309,99,0.991919,2.004967,-2.534564,-0.529597,2.004967,-3.754906,-1.749939,2.0081,-2.593715,-0.585616,2.0081,-3.815198,-1.807098,4.804319
WLD,20260314,47,1.0,1.405823,-1.877181,-0.471358,1.405823,-1.49889,-0.093067,1.405823,-1.877181,-0.471358,1.405823,-1.49889,-0.093067,2.547031
WLD,20260319,208,0.992308,2.047773,-0.225459,1.822314,2.047773,0.027632,2.075405,2.055149,-0.194586,1.860562,2.055149,0.133699,2.188847,4.681988
WLD,20260324,76,1.0,1.510649,-2.458275,-0.947626,1.510649,-2.80745,-1.2968,1.510649,-2.458275,-0.947626,1.510649,-2.80745,-1.2968,4.027798
WLD,20260329,217,1.0,1.734965,-0.981842,0.753123,1.734965,1.019869,2.754834,1.734965,-0.981842,0.753123,1.734965,1.019869,2.754834,4.79857
WLD,20260403,57,1.0,1.10892,-1.598289,-0.489368,1.10892,-0.92443,0.18449,1.10892,-1.598289,-0.489368,1.10892,-0.92443,0.18449,3.443321
WLD,20260408,219,1.0,1.28006,-0.908276,0.371784,1.28006,-0.215759,1.064301,1.28006,-0.908276,0.371784,1.28006,-0.215759,1.064301,4.40472
WLD,20260413,513,1.0,1.643367,-1.513685,0.129683,1.643367,-1.867561,-0.224193,1.643367,-1.513685,0.129683,1.643367,-1.867561,-0.224193,6.626864
WLD,20260418,326,0.995706,1.310619,-0.917902,0.392717,1.310619,-1.145783,0.164836,1.313112,-0.919815,0.393298,1.313112,-1.194785,0.118327,4.820269
WLD,20260423,58,1.0,1.264251,-0.60832,0.655932,1.264251,-1.461249,-0.196998,1.264251,-0.60832,0.655932,1.264251,-1.461249,-0.196998,3.747878
WLD,20260428,35,1.0,0.950728,0.17055,1.121278,0.950728,-0.486008,0.46472,0.950728,0.17055,1.121278,0.950728,-0.486008,0.46472,2.663165
WLD,20260503,56,1.0,1.015238,-1.192819,-0.177581,1.015238,-1.331509,-0.316271,1.015238,-1.192819,-0.177581,1.015238,-1.331509,-0.316271,2.391667
WLD,20260508,118,1.0,1.673375,-0.897568,0.775807,1.673375,-0.308708,1.364667,1.673375,-0.897568,0.775807,1.673375,-0.308708,1.364667,4.674837
WLD,20260513,154,1.0,1.255826,-0.882571,0.373255,1.255826,0.414867,1.670693,1.255826,-0.882571,0.373255,1.255826,0.414867,1.670693,5.039962
WLD,20260518,125,1.0,1.194566,-2.264225,-1.069659,1.194566,-1.515131,-0.320564,1.194566,-2.264225,-1.069659,1.194566,-1.515131,-0.320564,4.436284
WLD,20260523,367,0.99782,1.880443,-2.747295,-0.866852,1.880443,-4.42668,-2.546237,1.882412,-2.738012,-0.855599,1.882412,-4.437451,-2.555039,8.244223
WLD,20260528,628,0.995223,1.822969,-1.915776,-0.092807,1.822969,-3.705635,-1.882666,1.824828,-1.945336,-0.120508,1.824828,-3.693051,-1.868223,8.494594
XRP,20250727,956,1.0,0.274089,-0.745008,-0.470918,0.274089,-1.530506,-1.256417,0.274089,-0.745008,-0.470918,0.274089,-1.530506,-1.256417,3.215419
XRP,20250801,3197,1.0,0.39175,-1.107326,-0.715576,0.39175,-0.801105,-0.409355,0.39175,-1.107326,-0.715576,0.39175,-0.801105,-0.409355,5.895212
XRP,20250806,1141,1.0,0.26802,-0.883187,-0.615168,0.26802,-1.033089,-0.765069,0.26802,-0.883187,-0.615168,0.26802,-1.033089,-0.765069,3.372536
XRP,20250811,2431,1.0,0.282645,-0.931858,-0.649213,0.282645,-0.815106,-0.532461,0.282645,-0.931858,-0.649213,0.282645,-0.815106,-0.532461,4.459125
XRP,20250816,424,1.0,0.254123,-0.771106,-0.516983,0.254123,-0.951493,-0.69737,0.254123,-0.771106,-0.516983,0.254123,-0.951493,-0.69737,2.206676
XRP,20250821,728,1.0,0.234722,-0.546484,-0.311762,0.234722,-0.646719,-0.411998,0.234722,-0.546484,-0.311762,0.234722,-0.646719,-0.411998,3.009743
XRP,20250826,1087,1.0,0.316421,-0.814982,-0.498561,0.316421,-0.927281,-0.61086,0.316421,-0.814982,-0.498561,0.316421,-0.927281,-0.61086,3.66305
XRP,20250831,421,1.0,0.259322,-0.806208,-0.546885,0.259322,-0.810188,-0.550866,0.259322,-0.806208,-0.546885,0.259322,-0.810188,-0.550866,1.846983
XRP,20250905,727,1.0,0.398644,-1.048033,-0.649388,0.398644,0.111239,0.509883,0.398644,-1.048033,-0.649388,0.398644,0.111239,0.509883,3.057027
XRP,20250910,710,1.0,0.280112,-0.576858,-0.296745,0.280112,-0.971269,-0.691157,0.280112,-0.576858,-0.296745,0.280112,-0.971269,-0.691157,2.275449
XRP,20250915,769,1.0,0.351216,-0.646906,-0.29569,0.351216,-0.879618,-0.528401,0.351216,-0.646906,-0.29569,0.351216,-0.879618,-0.528401,3.220021
XRP,20250920,202,1.0,0.218077,-0.816762,-0.598685,0.218077,-0.874641,-0.656563,0.218077,-0.816762,-0.598685,0.218077,-0.874641,-0.656563,1.335074
XRP,20250925,1027,1.0,0.292361,-0.429742,-0.13738,0.292361,0.026575,0.318936,0.292361,-0.429742,-0.13738,0.292361,0.026575,0.318936,3.830302
XRP,20250930,469,1.0,0.234185,-0.46438,-0.230196,0.234185,-0.235846,-0.001661,0.234185,-0.46438,-0.230196,0.234185,-0.235846,-0.001661,2.496033
XRP,20251005,802,1.0,0.264282,-0.752781,-0.488499,0.264282,-0.629191,-0.364909,0.264282,-0.752781,-0.488499,0.264282,-0.629191,-0.364909,2.647784
XRP,20251010,2264,1.0,6.065743,-1.318625,4.747119,6.065743,-0.065355,6.000388,6.065743,-1.318625,4.747119,6.065743,-0.065355,6.000388,40.725336
XRP,20251015,704,1.0,0.343896,-0.276493,0.067403,0.343896,0.293004,0.6369,0.343896,-0.276493,0.067403,0.343896,0.293004,0.6369,4.188936
XRP,20251025,620,1.0,0.304736,-0.605853,-0.301116,0.304736,-0.705636,-0.4009,0.304736,-0.605853,-0.301116,0.304736,-0.705636,-0.4009,2.953917
XRP,20251030,989,1.0,0.373304,-0.512962,-0.139659,0.373304,-0.302545,0.070759,0.373304,-0.512962,-0.139659,0.373304,-0.302545,0.070759,4.43458
XRP,20251104,2029,1.0,0.460205,-0.319071,0.141134,0.460205,0.229162,0.689367,0.460205,-0.319071,0.141134,0.460205,0.229162,0.689367,7.547707
XRP,20251109,270,1.0,0.353697,-1.134329,-0.780633,0.353697,-1.608152,-1.254456,0.353697,-1.134329,-0.780633,0.353697,-1.608152,-1.254456,3.584384
XRP,20251114,1363,1.0,0.650234,-1.229161,-0.578927,0.650234,-1.814829,-1.164595,0.650234,-1.229161,-0.578927,0.650234,-1.814829,-1.164595,6.494315
XRP,20251129,330,1.0,0.347873,-0.343384,0.004488,0.347873,-0.123721,0.224152,0.347873,-0.343384,0.004488,0.347873,-0.123721,0.224152,2.510226
XRP,20251204,606,1.0,0.328174,-0.848447,-0.520273,0.328174,-1.485891,-1.157718,0.328174,-0.848447,-0.520273,0.328174,-1.485891,-1.157718,3.243025
XRP,20251209,534,1.0,0.429294,-1.429526,-1.000232,0.429294,-0.53672,-0.107426,0.429294,-1.429526,-1.000232,0.429294,-0.53672,-0.107426,3.611685
XRP,20251214,391,1.0,0.391015,-0.507674,-0.116659,0.391015,-1.022523,-0.631509,0.391015,-0.507674,-0.116659,0.391015,-1.022523,-0.631509,2.314763
XRP,20251219,500,1.0,0.388399,-0.416428,-0.02803,0.388399,-0.809248,-0.420849,0.388399,-0.416428,-0.02803,0.388399,-0.809248,-0.420849,3.974407
XRP,20251224,220,1.0,0.315138,-0.472816,-0.157679,0.315138,-1.17946,-0.864322,0.315138,-0.472816,-0.157679,0.315138,-1.17946,-0.864322,2.36842
XRP,20251229,253,1.0,0.33774,-0.12499,0.21275,0.33774,0.371202,0.708942,0.33774,-0.12499,0.21275,0.33774,0.371202,0.708942,2.474163
XRP,20260103,489,1.0,0.329581,-0.819588,-0.490007,0.329581,-0.726247,-0.396666,0.329581,-0.819588,-0.490007,0.329581,-0.726247,-0.396666,2.390834
XRP,20260108,1343,1.0,0.360018,-1.165019,-0.805002,0.360018,-1.926427,-1.56641,0.360018,-1.165019,-0.805002,0.360018,-1.926427,-1.56641,4.166056
XRP,20260113,747,1.0,0.403127,-0.765425,-0.362298,0.403127,-0.883474,-0.480347,0.403127,-0.765425,-0.362298,0.403127,-0.883474,-0.480347,3.52009
XRP,20260118,281,1.0,0.446469,-0.626462,-0.179992,0.446469,-1.075438,-0.628969,0.446469,-0.626462,-0.179992,0.446469,-1.075438,-0.628969,1.952344
XRP,20260123,504,1.0,0.319607,-1.283151,-0.963544,0.319607,-0.876538,-0.556931,0.319607,-1.283151,-0.963544,0.319607,-0.876538,-0.556931,2.891469
XRP,20260128,341,1.0,0.354165,-0.712455,-0.35829,0.354165,-0.404592,-0.050426,0.354165,-0.712455,-0.35829,0.354165,-0.404592,-0.050426,2.87086
XRP,20260202,1775,1.0,0.496503,-0.505487,-0.008984,0.496503,-0.376333,0.120169,0.496503,-0.505487,-0.008984,0.496503,-0.376333,0.120169,6.603923
XRP,20260207,1096,1.0,0.720773,0.607327,1.3281,0.720773,-0.693257,0.027516,0.720773,0.607327,1.3281,0.720773,-0.693257,0.027516,6.979751
XRP,20260212,1055,1.0,0.486925,-0.745481,-0.258556,0.486925,-1.209848,-0.722924,0.486925,-0.745481,-0.258556,0.486925,-1.209848,-0.722924,4.070633
XRP,20260217,647,1.0,0.453608,-0.816578,-0.36297,0.453608,-0.331153,0.122455,0.453608,-0.816578,-0.36297,0.453608,-0.331153,0.122455,4.078308
XRP,20260222,226,1.0,0.464355,-0.42435,0.040005,0.464355,0.003919,0.468274,0.464355,-0.42435,0.040005,0.464355,0.003919,0.468274,2.082952
XRP,20260227,587,1.0,0.456036,-0.454482,0.001554,0.456036,-0.881579,-0.425543,0.456036,-0.454482,0.001554,0.456036,-0.881579,-0.425543,3.610467
XRP,20260304,832,1.0,0.478987,-0.876177,-0.39719,0.478987,-1.248992,-0.770005,0.478987,-0.876177,-0.39719,0.478987,-1.248992,-0.770005,4.431902
XRP,20260309,528,1.0,0.48721,-0.546248,-0.059038,0.48721,-0.588555,-0.101345,0.48721,-0.546248,-0.059038,0.48721,-0.588555,-0.101345,3.428268
XRP,20260314,210,1.0,0.409858,-1.067886,-0.658028,0.409858,-1.683894,-1.274036,0.409858,-1.067886,-0.658028,0.409858,-1.683894,-1.274036,1.469667
XRP,20260319,540,1.0,0.449451,-0.692624,-0.243173,0.449451,-1.053615,-0.604164,0.449451,-0.692624,-0.243173,0.449451,-1.053615,-0.604164,3.236741
XRP,20260324,348,1.0,0.433672,-0.893686,-0.460014,0.433672,-1.283844,-0.850172,0.433672,-0.893686,-0.460014,0.433672,-1.283844,-0.850172,2.888373
XRP,20260329,219,1.0,0.55462,-1.065315,-0.510695,0.55462,-2.267138,-1.712518,0.55462,-1.065315,-0.510695,0.55462,-2.267138,-1.712518,2.360506
XRP,20260403,270,1.0,0.553436,-1.07954,-0.526104,0.553436,-0.188383,0.365052,0.553436,-1.07954,-0.526104,0.553436,-0.188383,0.365052,2.202169
XRP,20260408,366,1.0,0.452356,-0.706091,-0.253734,0.452356,-1.240759,-0.788402,0.452356,-0.706091,-0.253734,0.452356,-1.240759,-0.788402,2.501651
XRP,20260413,414,1.0,0.424629,-0.419094,0.005535,0.424629,0.128044,0.552673,0.424629,-0.419094,0.005535,0.424629,0.128044,0.552673,2.402952
XRP,20260418,310,1.0,0.450857,-0.660611,-0.209754,0.450857,-0.609162,-0.158305,0.450857,-0.660611,-0.209754,0.450857,-0.609162,-0.158305,2.556073
XRP,20260423,300,1.0,0.419939,-0.693665,-0.273726,0.419939,-1.095252,-0.675313,0.419939,-0.693665,-0.273726,0.419939,-1.095252,-0.675313,2.294438
XRP,20260428,143,1.0,0.445179,-0.98444,-0.539261,0.445179,-0.954463,-0.509284,0.445179,-0.98444,-0.539261,0.445179,-0.954463,-0.509284,1.68099
XRP,20260503,92,1.0,0.432618,-0.758883,-0.326265,0.432618,-1.397526,-0.964908,0.432618,-0.758883,-0.326265,0.432618,-1.397526,-0.964908,1.203933
XRP,20260508,251,1.0,0.433595,-0.876908,-0.443313,0.433595,-0.273394,0.160201,0.433595,-0.876908,-0.443313,0.433595,-0.273394,0.160201,1.784023
XRP,20260513,441,1.0,0.423868,-0.726936,-0.303068,0.423868,-1.207541,-0.783673,0.423868,-0.726936,-0.303068,0.423868,-1.207541,-0.783673,2.285717
XRP,20260518,428,1.0,0.488584,-1.075096,-0.586512,0.488584,-0.917002,-0.428418,0.488584,-1.075096,-0.586512,0.488584,-0.917002,-0.428418,3.072243
XRP,20260523,260,1.0,0.534277,-0.417897,0.116381,0.534277,-2.772851,-2.238574,0.534277,-0.417897,0.116381,0.534277,-2.772851,-2.238574,2.468426
XRP,20260528,652,1.0,0.514664,-0.856864,-0.342201,0.514664,-1.177141,-0.662478,0.514664,-0.856864,-0.342201,0.514664,-1.177141,-0.662478,3.11067
AAVE,20250728,1439,0.582863,0.807729,-0.770973,0.036756,0.807729,-0.944871,-0.137142,0.814198,-0.730911,0.083287,0.814198,-0.702746,0.111452,4.033167
AAVE,20250729,670,0.686851,1.070404,-0.837247,0.233157,1.070404,-0.969859,0.100545,1.096365,-0.833684,0.262682,1.096365,-1.139053,-0.042688,3.868383
AAVE,20250730,651,0.684977,1.307328,-2.228682,-0.921354,1.307328,-3.315888,-2.008561,1.251878,-2.015113,-0.763235,1.251878,-2.77843,-1.526552,4.301798
AAVE,20250731,947,0.705459,0.827678,-1.401126,-0.573448,0.827678,-1.349439,-0.521761,0.802887,-1.438183,-0.635296,0.802887,-1.336942,-0.534055,3.521937
AAVE,20250802,281,0.689644,1.001903,-1.174919,-0.173016,1.001903,-0.889974,0.11193,1.025795,-1.251704,-0.225909,1.025795,-0.804993,0.220802,4.164015
AAVE,20250803,262,0.649656,0.86391,-1.23428,-0.37037,0.86391,-1.924104,-1.060194,0.908973,-1.28209,-0.373117,0.908973,-1.497605,-0.588633,2.595378
AAVE,20250804,268,0.728657,0.989004,-1.103366,-0.114363,0.989004,0.10403,1.093033,0.984814,-0.739773,0.245041,0.984814,0.045812,1.030626,3.218017
AAVE,20250805,195,0.721436,0.784184,-1.489389,-0.705205,0.784184,-1.153134,-0.36895,0.806449,-1.389075,-0.582626,0.806449,-0.99688,-0.190431,3.556125
AAVE,20250807,299,0.693211,0.986614,-0.404697,0.581917,0.986614,-0.153353,0.833261,1.023059,-0.447117,0.575942,1.023059,-0.952679,0.07038,3.210774
AAVE,20250808,436,0.742615,0.964662,-2.671653,-1.706991,0.964662,0.854939,1.819601,0.971005,-2.285148,-1.314143,0.971005,0.832417,1.803422,4.735457
AAVE,20250809,356,0.75986,1.080041,-1.115033,-0.034992,1.080041,-3.067317,-1.987276,1.167859,-1.092179,0.07568,1.167859,-2.286547,-1.118688,3.605984
AAVE,20250810,342,0.791696,1.017314,-1.580364,-0.56305,1.017314,-1.517289,-0.499976,1.088469,-1.472669,-0.3842,1.088469,-1.376894,-0.288425,3.623061
AAVE,20250812,1115,0.702197,0.873231,-1.114396,-0.241165,0.873231,-1.548812,-0.675581,0.912886,-0.925913,-0.013027,0.912886,-1.566725,-0.65384,4.408051
AAVE,20250813,898,0.693519,0.812342,-1.47536,-0.663018,0.812342,-1.458831,-0.646489,0.873382,-1.201522,-0.32814,0.873382,-1.080095,-0.206713,4.270847
AAVE,20250814,1094,0.729644,0.940534,-2.593568,-1.653034,0.940534,-6.899611,-5.959077,0.99277,-2.611021,-1.618251,0.99277,-6.983958,-5.991188,5.604118
AAVE,20250815,684,0.649371,0.747745,-2.054604,-1.306858,0.747745,-2.358118,-1.610372,0.800377,-1.671825,-0.871448,0.800377,-2.250758,-1.450381,4.10667
AAVE,20250817,536,0.541847,0.86974,-1.751456,-0.881717,0.86974,-1.545976,-0.676236,0.994163,-1.460225,-0.466063,0.994163,-1.177208,-0.183045,3.058386
AAVE,20250818,603,0.651559,0.884664,-1.19684,-0.312176,0.884664,-0.452802,0.431863,0.944427,-0.83036,0.114067,0.944427,-0.279262,0.665164,4.20261
AAVE,20250819,952,0.556218,0.6471,-1.983806,-1.336706,0.6471,-1.617044,-0.969944,0.704155,-1.77867,-1.074514,0.704155,-1.938442,-1.234287,3.899683
AAVE,20250820,570,0.621456,0.90309,-1.496447,-0.593357,0.90309,-2.253269,-1.350179,0.989385,-1.355763,-0.366378,0.989385,-1.643892,-0.654507,3.883296
APT,20250728,65,1.0,0.731762,-2.149282,-1.417521,0.731762,-4.626505,-3.894743,0.731762,-2.149282,-1.417521,0.731762,-4.626505,-3.894743,4.104316
APT,20250729,102,0.98902,2.19844,-2.414343,-0.215904,2.19844,-3.15883,-0.960391,2.21065,-2.40205,-0.1914,2.21065,-3.11453,-0.90388,4.362313
APT,20250730,177,0.99435,1.56634,-1.059517,0.506823,1.56634,-2.396477,-0.830137,1.572016,-1.080985,0.491032,1.572016,-2.328859,-0.756843,4.695003
APT,20250731,120,0.993333,1.152979,-1.39875,-0.245771,1.152979,-2.717568,-1.564589,1.159234,-1.40443,-0.245196,1.159234,-2.64681,-1.487576,4.04166
APT,20250802,74,0.987432,1.317256,-1.867821,-0.550565,1.317256,-1.027451,0.289805,1.32654,-1.911874,-0.585334,1.32654,-1.06698,0.25956,4.510587
APT,20250803,73,0.976301,1.229886,-0.833688,0.396198,1.229886,-0.108155,1.121731,1.249118,-0.842199,0.406919,1.249118,-0.183816,1.065302,2.618381
APT,20250804,74,0.985676,1.071464,-0.579063,0.492401,1.071464,-0.629899,0.441565,1.070543,-0.575857,0.494686,1.070543,-0.684281,0.386262,2.68479
APT,20250805,107,0.981308,1.031299,-1.759297,-0.727998,1.031299,-4.008896,-2.977597,1.038656,-1.728838,-0.690182,1.038656,-4.031282,-2.992626,3.938713
APT,20250807,174,0.985632,1.100952,-0.717292,0.383659,1.100952,-0.830119,0.270832,1.102052,-0.716899,0.385153,1.102052,-0.775496,0.326557,2.83425
APT,20250808,334,0.989222,1.269147,-1.085152,0.183995,1.269147,1.463954,2.733101,1.27383,-1.074382,0.199447,1.27383,1.6253,2.89913,5.397905
APT,20250809,92,0.980109,0.989659,-0.724252,0.265406,0.989659,0.210715,1.200374,0.98227,-0.729113,0.253158,0.98227,0.265154,1.247424,3.000528
APT,20250810,223,0.976054,1.511133,-0.052344,1.458788,1.511133,0.437528,1.948661,1.538319,0.003974,1.542293,1.538319,0.721726,2.260045,3.26202
APT,20250812,238,0.986555,1.105336,-1.262081,-0.156745,1.105336,-0.645192,0.460144,1.113986,-1.243763,-0.129777,1.113986,-0.742134,0.371852,3.752675
APT,20250813,524,0.980534,1.1419,-1.408785,-0.266885,1.1419,-2.798769,-1.656869,1.145639,-1.421753,-0.276114,1.145639,-2.671303,-1.525664,4.561256
APT,20250814,442,0.978122,1.332839,-1.038548,0.294291,1.332839,-4.009066,-2.676227,1.343679,-1.099876,0.243803,1.343679,-4.132488,-2.788809,10.524805
APT,20250815,278,0.98759,0.921745,-0.84584,0.075905,0.921745,-0.324152,0.597593,0.906587,-0.796175,0.110412,0.906587,-0.374532,0.532055,4.536581
APT,20250817,88,0.981136,1.133481,-0.784014,0.349467,1.133481,1.191104,2.324585,1.119788,-0.748469,0.371319,1.119788,1.145593,2.265381,2.92632
APT,20250818,131,0.941679,0.794144,-2.272515,-1.478371,0.794144,-1.316403,-0.522259,0.816985,-2.261992,-1.445007,0.816985,-1.225494,-0.408509,3.839264
APT,20250819,188,0.980638,1.19628,-1.232947,-0.036666,1.19628,-0.74101,0.455271,1.1885,-1.224632,-0.036132,1.1885,-0.668065,0.520435,4.087759
APT,20250820,166,0.955783,0.68813,-1.93341,-1.245281,0.68813,-0.43491,0.25322,0.703514,-1.966072,-1.262558,0.703514,-0.264345,0.43917,3.56385
ARB,20250728,212,1.0,1.005083,-1.662506,-0.657422,1.005083,0.021067,1.02615,1.005083,-1.662506,-0.657422,1.005083,0.021067,1.02615,6.083353
ARB,20250729,202,1.0,2.022843,-1.263063,0.75978,2.022843,-4.151355,-2.128513,2.022843,-1.263063,0.75978,2.022843,-4.151355,-2.128513,5.63912
ARB,20250730,199,1.0,2.159307,-2.761741,-0.602433,2.159307,-5.381131,-3.221823,2.159307,-2.761741,-0.602433,2.159307,-5.381131,-3.221823,5.871582
ARB,20250731,315,0.996825,1.122743,-2.297049,-1.174307,1.122743,-4.421138,-3.298395,1.12396,-2.249738,-1.125778,1.12396,-4.090321,-2.966361,4.968512
ARB,20250802,157,1.0,1.130197,-2.237755,-1.107558,1.130197,0.482989,1.613185,1.130197,-2.237755,-1.107558,1.130197,0.482989,1.613185,5.460301
ARB,20250803,121,1.0,1.068079,-0.910888,0.157191,1.068079,-2.795789,-1.72771,1.068079,-0.910888,0.157191,1.068079,-2.795789,-1.72771,3.303062
ARB,20250804,121,1.0,1.172111,-1.435323,-0.263212,1.172111,-1.546549,-0.374437,1.172111,-1.435323,-0.263212,1.172111,-1.546549,-0.374437,4.057414
ARB,20250805,128,1.0,1.286433,-1.916483,-0.63005,1.286433,-3.383046,-2.096613,1.286433,-1.916483,-0.63005,1.286433,-3.383046,-2.096613,4.565466
ARB,20250807,108,1.0,0.839134,-1.006693,-0.167559,0.839134,-1.90263,-1.063496,0.839134,-1.006693,-0.167559,0.839134,-1.90263,-1.063496,3.875984
ARB,20250808,218,1.0,0.88801,-0.305768,0.582242,0.88801,-1.913384,-1.025374,0.88801,-0.305768,0.582242,0.88801,-1.913384,-1.025374,5.728773
ARB,20250809,218,1.0,1.171224,-1.970807,-0.799583,1.171224,-4.270169,-3.098945,1.171224,-1.970807,-0.799583,1.171224,-4.270169,-3.098945,4.485217
ARB,20250810,154,1.0,0.721744,-0.980195,-0.258451,0.721744,-0.806094,-0.084351,0.721744,-0.980195,-0.258451,0.721744,-0.806094,-0.084351,4.736332
ARB,20250812,291,0.996907,1.24193,-1.495502,-0.253572,1.24193,-2.061607,-0.819677,1.245454,-1.499153,-0.2537,1.245454,-2.048235,-0.802782,5.531158
ARB,20250813,751,0.994407,1.199917,-1.595186,-0.395269,1.199917,-0.733076,0.466841,1.204009,-1.571857,-0.367848,1.204009,-0.731317,0.472692,8.68477
ARB,20250814,717,0.998605,1.428141,-1.114824,0.313317,1.428141,-2.536557,-1.108416,1.430002,-1.11264,0.317362,1.430002,-2.533285,-1.103283,7.683088
ARB,20250815,471,0.998089,1.176573,-1.88227,-0.705696,1.176573,-4.214905,-3.038332,1.178642,-1.885873,-0.707231,1.178642,-4.233637,-3.054994,6.669389
ARB,20250817,356,0.994382,1.168379,-0.546226,0.622153,1.168379,-2.809255,-1.640876,1.173914,-0.546151,0.627764,1.173914,-2.829544,-1.65563,6.424732
ARB,20250818,519,0.993642,0.968743,-1.477391,-0.508648,0.968743,-0.657141,0.311603,0.973598,-1.468189,-0.494591,0.973598,-0.592892,0.380706,6.817888
ARB,20250819,385,0.992727,0.916853,-2.119927,-1.203074,0.916853,-3.039273,-2.12242,0.922289,-2.154005,-1.231716,0.922289,-3.175741,-2.253452,6.194036
ARB,20250820,411,0.994404,0.820202,-1.871878,-1.051676,0.820202,-2.49404,-1.673838,0.823148,-1.886365,-1.063217,0.823148,-2.408511,-1.585363,5.971793
AVAX,20250728,478,0.972992,0.725358,-0.240884,0.484474,0.725358,-0.406628,0.31873,0.730453,-0.262765,0.467688,0.730453,-0.481598,0.248854,5.330557
AVAX,20250729,389,0.979692,1.085616,-1.241666,-0.15605,1.085616,-1.919542,-0.833926,1.085801,-1.233495,-0.147694,1.085801,-1.758023,-0.672222,4.517342
AVAX,20250730,346,0.964509,1.233977,-1.414327,-0.18035,1.233977,-2.486435,-1.252458,1.259031,-1.460929,-0.201898,1.259031,-2.522864,-1.263834,4.520319
AVAX,20250731,328,0.96997,0.842509,-1.259641,-0.417132,0.842509,-0.700333,0.142177,0.842882,-1.259437,-0.416556,0.842882,-0.68047,0.162412,3.957396
AVAX,20250802,160,0.9745,0.95715,-1.138053,-0.180903,0.95715,-0.965832,-0.008682,0.963192,-1.170426,-0.207234,0.963192,-0.971482,-0.00829,4.359557
AVAX,20250803,122,0.919262,0.90417,-1.219194,-0.315024,0.90417,-0.295292,0.608878,0.895757,-1.154318,-0.258561,0.895757,-0.348125,0.547631,2.996733
AVAX,20250804,221,0.976833,1.027586,-0.928914,0.098671,1.027586,-0.999988,0.027598,1.022952,-0.928136,0.094816,1.022952,-1.025451,-0.002499,3.730983
AVAX,20250805,282,0.961418,1.183805,-0.792872,0.390932,1.183805,-1.359616,-0.175811,1.194103,-0.674703,0.5194,1.194103,-1.236325,-0.042222,3.806565
AVAX,20250807,167,0.952156,0.796348,-1.541867,-0.74552,0.796348,-2.15186,-1.355512,0.813374,-1.539928,-0.726554,0.813374,-2.356975,-1.543602,3.12622
AVAX,20250808,349,0.962951,0.744047,-1.896231,-1.152183,0.744047,-0.108558,0.635489,0.751101,-1.90299,-1.151888,0.751101,-0.252316,0.498785,4.436753
AVAX,20250809,236,0.935339,0.642925,-1.238031,-0.595106,0.642925,-1.382033,-0.739108,0.66502,-1.237368,-0.572348,0.66502,-1.388397,-0.723377,3.271489
AVAX,20250810,298,0.969161,0.548438,-0.819692,-0.271253,0.548438,-0.815076,-0.266638,0.55592,-0.716876,-0.160956,0.55592,-0.812318,-0.256399,3.426192
AVAX,20250812,416,0.970264,0.572172,-1.766458,-1.194286,0.572172,-1.888786,-1.316614,0.573587,-1.775333,-1.201746,0.573587,-1.89603,-1.322443,4.050061
AVAX,20250813,479,0.959854,0.720251,-1.042758,-0.322507,0.720251,-0.666363,0.053889,0.724791,-1.014622,-0.289831,0.724791,-0.623762,0.101029,4.219715
AVAX,20250814,669,0.959462,0.913058,-2.823874,-1.910816,0.913058,-6.577783,-5.664725,0.918472,-2.870664,-1.952192,0.918472,-6.747577,-5.829105,5.523771
AVAX,20250815,543,0.951529,0.760814,-0.398351,0.362463,0.760814,0.366417,1.127231,0.768091,-0.322482,0.445609,0.768091,0.36311,1.131201,5.041443
AVAX,20250817,257,0.960584,0.720463,-0.960851,-0.240388,0.720463,-1.477742,-0.75728,0.714741,-0.992302,-0.277561,0.714741,-1.524377,-0.809636,3.62597
AVAX,20250818,350,0.949343,0.751442,-1.221224,-0.469782,0.751442,-1.945592,-1.19415,0.768009,-1.114181,-0.346172,0.768009,-1.623012,-0.855003,4.621557
AVAX,20250819,288,0.978194,0.859764,-1.074273,-0.214509,0.859764,-0.004993,0.854771,0.861191,-1.079016,-0.217824,0.861191,-0.063575,0.797617,4.458991
AVAX,20250820,381,0.961339,0.583762,-1.068146,-0.484384,0.583762,-0.70399,-0.120228,0.585901,-1.068199,-0.482298,0.585901,-0.927047,-0.341146,3.828184
BNB,20250728,1413,0.560929,0.480451,-0.904073,-0.423622,0.480451,-0.522138,-0.041687,0.51027,-0.814543,-0.304272,0.51027,-0.293752,0.216518,3.67039
BNB,20250729,941,0.632798,0.666157,-0.808771,-0.142614,0.666157,-1.111451,-0.445294,0.653738,-0.68714,-0.033402,0.653738,-1.002377,-0.348638,3.26618
BNB,20250730,731,0.631714,0.606769,-1.041327,-0.434558,0.606769,-2.307398,-1.70063,0.630437,-1.113666,-0.483229,0.630437,-2.566362,-1.935925,3.140937
BNB,20250731,765,0.64641,0.412378,-0.79562,-0.383242,0.412378,-0.819278,-0.4069,0.431657,-0.730392,-0.298735,0.431657,-0.877284,-0.445627,2.860231
BNB,20250802,444,0.607809,0.357509,-0.905948,-0.548439,0.357509,-0.275217,0.082292,0.383647,-1.011427,-0.62778,0.383647,-0.293884,0.089763,2.92277
BNB,20250803,235,0.593319,0.251584,-1.183782,-0.932198,0.251584,-1.227422,-0.975838,0.260989,-1.15962,-0.89863,0.260989,-0.789697,-0.528707,1.916191
BNB,20250804,397,0.531325,0.413852,-0.922893,-0.509041,0.413852,-0.673232,-0.25938,0.430692,-0.822065,-0.391374,0.430692,-0.787983,-0.357291,1.673991
BNB,20250805,250,0.61596,0.299413,-0.450954,-0.151541,0.299413,-0.795492,-0.496079,0.2922,-0.400745,-0.108545,0.2922,-0.973106,-0.680906,2.257759
BNB,20250807,307,0.6257,0.254224,-0.754299,-0.500076,0.254224,-0.96469,-0.710466,0.267371,-0.689426,-0.422055,0.267371,-0.886249,-0.618879,1.772237
BNB,20250808,416,0.693219,0.314663,-0.866106,-0.551444,0.314663,-1.167425,-0.852762,0.324348,-0.884004,-0.559656,0.324348,-0.943217,-0.618869,2.37159
BNB,20250809,243,0.560115,0.309067,-1.168097,-0.859031,0.309067,-0.598897,-0.289831,0.329138,-0.990024,-0.660886,0.329138,-0.376976,-0.047838,1.911875
BNB,20250810,171,0.597842,0.236393,-0.596795,-0.360402,0.236393,-1.195688,-0.959295,0.28225,-0.591817,-0.309568,0.28225,-1.175441,-0.893191,1.999042
BNB,20250812,297,0.661926,0.354387,-0.7825,-0.428113,0.354387,-1.295397,-0.94101,0.359283,-0.633878,-0.274595,0.359283,-1.001254,-0.641971,2.498034
BNB,20250813,511,0.682767,0.386164,-1.134109,-0.747945,0.386164,-0.996681,-0.610516,0.424247,-1.102595,-0.678348,0.424247,-1.129271,-0.705023,2.843688
BNB,20250814,625,0.720594,0.520809,-1.341985,-0.821176,0.520809,-1.185271,-0.664462,0.591106,-1.427719,-0.836613,0.591106,-1.517698,-0.926592,3.952442
BNB,20250815,522,0.466862,0.284578,-1.360848,-1.07627,0.284578,-1.549623,-1.265045,0.379369,-1.217871,-0.838503,0.379369,-1.70078,-1.321412,2.92468
BNB,20250817,163,0.626209,0.353164,-1.317441,-0.964277,0.353164,-1.593201,-1.240037,0.374254,-0.999146,-0.624891,0.374254,-0.661801,-0.287546,1.992132
BNB,20250818,243,0.548243,0.3496,-1.185749,-0.83615,0.3496,-1.093447,-0.743847,0.332265,-1.163327,-0.831061,0.332265,-1.138912,-0.806647,2.587855
BNB,20250819,604,0.436725,0.247463,-1.468555,-1.221092,0.247463,-1.709754,-1.462292,0.296565,-1.625982,-1.329417,0.296565,-1.738445,-1.441879,2.65293
BNB,20250820,364,0.667451,0.427002,-0.933527,-0.506525,0.427002,-1.171242,-0.74424,0.494763,-0.877611,-0.382849,0.494763,-1.204769,-0.710007,2.8976
BTC,20250728,4221,0.11979,0.102274,-0.791,-0.688726,0.102274,-1.108128,-1.005854,0.119022,-0.649598,-0.530576,0.119022,-1.004963,-0.88594,1.485589
BTC,20250729,4798,0.11959,0.171833,-0.719235,-0.547402,0.171833,-1.00097,-0.829137,0.181264,-0.461988,-0.280724,0.181264,-0.651732,-0.470468,1.521656
BTC,20250730,4763,0.108844,0.202438,-0.861866,-0.659428,0.202438,-1.046058,-0.84362,0.210959,-0.537874,-0.326914,0.210959,-0.631817,-0.420857,1.569665
BTC,20250731,6177,0.100853,0.147163,-0.839057,-0.691894,0.147163,-1.105454,-0.958292,0.121997,-0.434594,-0.312597,0.121997,-0.35882,-0.236823,1.460928
BTC,20250802,3806,0.102131,0.168631,-0.905231,-0.736601,0.168631,-0.532778,-0.364148,0.160625,-0.590605,-0.42998,0.160625,-0.438193,-0.277569,1.414958
BTC,20250803,2488,0.104212,0.131896,-0.889358,-0.757462,0.131896,-0.811908,-0.680011,0.129288,-0.59305,-0.463762,0.129288,-0.437105,-0.307817,1.089826
BTC,20250804,3931,0.104524,0.140189,-0.891965,-0.751775,0.140189,-0.705087,-0.564898,0.142829,-0.721804,-0.578975,0.142829,-0.706753,-0.563924,1.315832
BTC,20250805,5124,0.108755,0.132973,-0.758377,-0.625405,0.132973,-0.693414,-0.560442,0.153248,-0.532684,-0.379435,0.153248,-0.906473,-0.753225,1.611498
BTC,20250807,3937,0.120855,0.140481,-0.729074,-0.588593,0.140481,-0.960063,-0.819582,0.140016,-0.438316,-0.2983,0.140016,-0.790335,-0.65032,1.362702
BTC,20250808,3040,0.110978,0.103825,-0.844833,-0.741009,0.103825,-0.511917,-0.408093,0.124386,-0.49121,-0.366824,0.124386,-0.228338,-0.103952,1.227496
BTC,20250809,1954,0.119661,0.125397,-0.815499,-0.690102,0.125397,-1.012678,-0.887281,0.138249,-0.633591,-0.495342,0.138249,-0.794054,-0.655805,0.861126
BTC,20250810,3765,0.12192,0.145557,-0.791504,-0.645946,0.145557,-0.83301,-0.687453,0.11974,-0.610611,-0.49087,0.11974,-0.580154,-0.460414,1.368923
BTC,20250812,4574,0.128297,0.108377,-0.719392,-0.611015,0.108377,-1.121063,-1.012687,0.132912,-0.464722,-0.331809,0.132912,-0.813931,-0.681018,1.49949
BTC,20250813,6312,0.143622,0.113185,-0.719104,-0.605919,0.113185,-0.817589,-0.704404,0.127102,-0.520709,-0.393607,0.127102,-0.500396,-0.373294,1.847696
BTC,20250814,9709,0.131041,0.186488,-0.764069,-0.577581,0.186488,-2.083448,-1.89696,0.190964,-0.550764,-0.3598,0.190964,-1.604656,-1.413692,2.54543
BTC,20250815,5329,0.100434,0.134219,-0.949739,-0.81552,0.134219,-0.577724,-0.443505,0.130474,-0.554882,-0.424408,0.130474,-0.138132,-0.007659,1.631564
BTC,20250817,1513,0.101428,0.130941,-0.659498,-0.528556,0.130941,-1.03493,-0.903988,0.120213,-0.455381,-0.335168,0.120213,-0.66981,-0.549597,0.776669
BTC,20250818,4945,0.118571,0.119061,-0.873623,-0.754562,0.119061,-0.900923,-0.781862,0.120697,-0.419354,-0.298657,0.120697,-0.139239,-0.018542,1.640703
BTC,20250819,5999,0.134508,0.122451,-0.996051,-0.8736,0.122451,-1.112656,-0.990205,0.127672,-0.661331,-0.533659,0.127672,-0.907157,-0.779485,1.838218
BTC,20250820,4082,0.127152,0.109928,-0.859881,-0.749953,0.109928,-0.838519,-0.72859,0.135963,-0.610047,-0.474084,0.135963,-0.774937,-0.638974,1.725001
DOGE,20250728,1559,1.0,0.489411,-0.207972,0.281439,0.489411,0.39558,0.884991,0.489411,-0.207972,0.281439,0.489411,0.39558,0.884991,5.319839
DOGE,20250729,1099,1.0,0.577487,-0.679462,-0.101976,0.577487,-1.587448,-1.009962,0.577487,-0.679462,-0.101976,0.577487,-1.587448,-1.009962,4.775478
DOGE,20250730,989,1.0,0.842467,-1.054561,-0.212094,0.842467,-1.487943,-0.645476,0.842467,-1.054561,-0.212094,0.842467,-1.487943,-0.645476,5.363092
DOGE,20250731,1110,1.0,0.47374,-0.711449,-0.237709,0.47374,-0.264517,0.209223,0.47374,-0.711449,-0.237709,0.47374,-0.264517,0.209223,4.406167
DOGE,20250802,642,1.0,0.574984,-0.41856,0.156424,0.574984,0.950919,1.525903,0.574984,-0.41856,0.156424,0.574984,0.950919,1.525903,5.457223
DOGE,20250803,281,1.0,0.434331,-1.142837,-0.708506,0.434331,0.412849,0.84718,0.434331,-1.142837,-0.708506,0.434331,0.412849,0.84718,3.492143
DOGE,20250804,491,1.0,0.476952,-0.894921,-0.417969,0.476952,-1.613583,-1.13663,0.476952,-0.894921,-0.417969,0.476952,-1.613583,-1.13663,3.811906
DOGE,20250805,465,1.0,0.491784,-1.13642,-0.644636,0.491784,-1.49711,-1.005326,0.491784,-1.13642,-0.644636,0.491784,-1.49711,-1.005326,4.365813
DOGE,20250807,642,1.0,0.434197,-1.196853,-0.762656,0.434197,-1.535506,-1.101308,0.434197,-1.196853,-0.762656,0.434197,-1.535506,-1.101308,3.54029
DOGE,20250808,956,1.0,0.481189,-1.256701,-0.775512,0.481189,0.307444,0.788632,0.481189,-1.256701,-0.775512,0.481189,0.307444,0.788632,5.10694
DOGE,20250809,2014,1.0,0.426048,-1.226347,-0.800299,0.426048,-1.374921,-0.948874,0.426048,-1.226347,-0.800299,0.426048,-1.374921,-0.948874,4.945704
DOGE,20250810,783,1.0,0.447341,-0.616752,-0.16941,0.447341,-0.818496,-0.371154,0.447341,-0.616752,-0.16941,0.447341,-0.818496,-0.371154,3.951339
DOGE,20250812,1255,1.0,0.403471,-1.25335,-0.84988,0.403471,-0.712639,-0.309168,0.403471,-1.25335,-0.84988,0.403471,-0.712639,-0.309168,4.46559
DOGE,20250813,1587,1.0,0.444381,-0.599431,-0.15505,0.444381,-0.772481,-0.3281,0.444381,-0.599431,-0.15505,0.444381,-0.772481,-0.3281,5.332723
DOGE,20250814,1907,1.0,0.664393,-1.433541,-0.769148,0.664393,-4.244904,-3.580511,0.664393,-1.433541,-0.769148,0.664393,-4.244904,-3.580511,6.979132
DOGE,20250815,1034,1.0,0.5466,-0.59123,-0.04463,0.5466,-0.380519,0.166081,0.5466,-0.59123,-0.04463,0.5466,-0.380519,0.166081,5.514016
DOGE,20250817,635,1.0,0.416515,-0.578172,-0.161657,0.416515,-0.713649,-0.297134,0.416515,-0.578172,-0.161657,0.416515,-0.713649,-0.297134,3.939786
DOGE,20250818,554,1.0,0.487002,0.000798,0.4878,0.487002,0.117931,0.604932,0.487002,0.000798,0.4878,0.487002,0.117931,0.604932,4.54436
DOGE,20250819,721,1.0,0.465981,-0.70647,-0.240489,0.465981,-0.517374,-0.051393,0.465981,-0.70647,-0.240489,0.465981,-0.517374,-0.051393,4.742615
DOGE,20250820,576,1.0,0.435155,-0.816698,-0.381543,0.435155,-0.445399,-0.010244,0.435155,-0.816698,-0.381543,0.435155,-0.445399,-0.010244,4.26337
ETH,20250728,5224,0.463899,0.230903,-1.063384,-0.832481,0.230903,-1.092129,-0.861226,0.233879,-0.713216,-0.479337,0.233879,-0.974265,-0.740387,3.264885
ETH,20250729,7022,0.400793,0.319106,-0.970661,-0.651555,0.319106,-1.058148,-0.739042,0.30803,-0.694531,-0.386502,0.30803,-0.73098,-0.42295,3.408657
ETH,20250730,5386,0.41221,0.366088,-1.320515,-0.954427,0.366088,-1.496771,-1.130683,0.399197,-0.957747,-0.558551,0.399197,-1.343338,-0.944141,3.30452
ETH,20250731,6208,0.397206,0.246421,-1.239848,-0.993427,0.246421,-1.255222,-1.008801,0.239536,-0.910459,-0.670923,0.239536,-0.844195,-0.604659,2.900696
ETH,20250802,5428,0.472086,0.278426,-0.943903,-0.665477,0.278426,-0.550877,-0.272451,0.254131,-0.785551,-0.53142,0.254131,-0.645549,-0.391418,3.590328
ETH,20250803,3010,0.453786,0.27589,-0.976666,-0.700776,0.27589,-0.875377,-0.599487,0.259944,-1.026309,-0.766365,0.259944,-0.895571,-0.635627,2.592351
ETH,20250804,4515,0.492882,0.275202,-1.000078,-0.724876,0.275202,-1.169621,-0.894418,0.249835,-0.797469,-0.547634,0.249835,-1.293068,-1.043233,2.993597
ETH,20250805,5258,0.437229,0.277807,-1.08129,-0.803484,0.277807,-0.758467,-0.48066,0.256157,-0.73945,-0.483292,0.256157,-0.602486,-0.346329,3.285831
ETH,20250807,5003,0.482949,0.255212,-1.002685,-0.747473,0.255212,-1.087664,-0.832452,0.243767,-0.73853,-0.494764,0.243767,-0.720426,-0.476659,3.073248
ETH,20250808,6363,0.477526,0.229944,-0.729474,-0.49953,0.229944,-0.795324,-0.56538,0.234055,-0.289294,-0.055239,0.234055,-0.097905,0.13615,3.392238
ETH,20250809,5919,0.4959,0.241302,-1.24956,-1.008258,0.241302,-1.039418,-0.798116,0.243906,-0.974835,-0.730929,0.243906,-0.789979,-0.546073,3.584602
ETH,20250810,4973,0.441376,0.224735,-0.807932,-0.583197,0.224735,-0.955784,-0.731049,0.225842,-0.568016,-0.342174,0.225842,-0.71176,-0.485918,3.064241
ETH,20250812,8148,0.464059,0.23476,-0.918273,-0.683513,0.23476,-1.11344,-0.87868,0.234843,-0.637437,-0.402593,0.234843,-0.528782,-0.293939,3.851585
ETH,20250813,7691,0.481861,0.210824,-0.859477,-0.648652,0.210824,-0.765358,-0.554533,0.208613,-0.597168,-0.388555,0.208613,-0.503506,-0.294893,3.911038
ETH,20250814,11880,0.478464,0.363078,-0.91025,-0.547172,0.363078,-1.730006,-1.366928,0.391277,-0.517429,-0.126152,0.391277,-1.323322,-0.932044,5.791805
ETH,20250815,8765,0.424663,0.244933,-0.944629,-0.699696,0.244933,-0.807683,-0.56275,0.23948,-0.610821,-0.371341,0.23948,-0.411777,-0.172297,4.12812
ETH,20250817,3955,0.404839,0.224984,-0.92269,-0.697706,0.224984,-1.242508,-1.017524,0.222244,-0.557069,-0.334825,0.222244,-0.862857,-0.640613,2.673509
ETH,20250818,8785,0.422855,0.279026,-0.852346,-0.57332,0.279026,-0.473211,-0.194185,0.259987,-0.613033,-0.353046,0.259987,-0.203681,0.056306,4.336693
ETH,20250819,7834,0.486203,0.245292,-0.856271,-0.610978,0.245292,-0.757174,-0.511882,0.240362,-0.571834,-0.331472,0.240362,-0.677277,-0.436915,4.20876
ETH,20250820,9225,0.44217,0.228773,-0.702843,-0.47407,0.228773,-0.869095,-0.640322,0.232998,-0.474053,-0.241055,0.232998,-0.859299,-0.626301,4.083584
HYPE,20250728,11644,0.883126,0.512725,-0.855545,-0.342821,0.512725,-1.051884,-0.539159,0.521432,-0.790553,-0.26912,0.521432,-0.992112,-0.47068,5.690178
HYPE,20250729,10250,0.886198,0.71924,-1.182468,-0.463229,0.71924,-1.678182,-0.958943,0.74562,-1.220161,-0.474542,0.74562,-1.739304,-0.993684,6.576251
HYPE,20250730,7415,0.900009,0.573423,-1.003002,-0.429579,0.573423,-1.217643,-0.64422,0.56732,-1.019298,-0.451978,0.56732,-1.278881,-0.711562,5.269802
HYPE,20250731,8918,0.899024,0.429363,-1.077352,-0.647988,0.429363,-1.207718,-0.778354,0.440581,-1.05639,-0.615809,0.440581,-1.224659,-0.784078,5.157841
HYPE,20250802,6749,0.883209,0.468325,-1.255596,-0.787271,0.468325,-1.63328,-1.164955,0.48401,-1.19732,-0.71331,0.48401,-1.465118,-0.981108,5.647802
HYPE,20250803,5716,0.893415,0.459234,-1.042499,-0.583265,0.459234,-1.042072,-0.582838,0.475662,-1.015078,-0.539416,0.475662,-0.977853,-0.502191,4.965088
HYPE,20250804,5791,0.875332,0.503828,-1.01718,-0.513352,0.503828,-0.871448,-0.367621,0.52456,-0.925365,-0.400804,0.52456,-0.80043,-0.275869,4.983734
HYPE,20250805,8984,0.874107,0.54631,-1.126616,-0.580306,0.54631,-1.065232,-0.518922,0.566014,-1.048651,-0.482637,0.566014,-0.985959,-0.419945,6.223384
HYPE,20250807,5994,0.881847,0.426097,-0.945004,-0.518908,0.426097,-1.248799,-0.822703,0.44151,-0.895307,-0.453797,0.44151,-1.19615,-0.75464,4.261497
HYPE,20250808,6353,0.862964,0.38605,-1.176266,-0.790215,0.38605,-1.165834,-0.779784,0.403736,-1.10769,-0.703954,0.403736,-1.180044,-0.776308,4.575818
HYPE,20250809,7608,0.881108,0.43174,-1.03712,-0.60538,0.43174,-0.961967,-0.530227,0.444566,-1.022725,-0.578159,0.444566,-0.923898,-0.479332,4.878337
HYPE,20250810,5084,0.847122,0.362996,-1.234031,-0.871035,0.362996,-1.561982,-1.198987,0.385532,-1.208716,-0.823184,0.385532,-1.516824,-1.131292,3.854918
HYPE,20250812,7319,0.885027,0.46884,-1.096524,-0.627683,0.46884,-1.230198,-0.761357,0.48578,-1.035597,-0.549817,0.48578,-1.118848,-0.633068,4.984428
HYPE,20250813,11093,0.903628,0.490008,-1.142966,-0.652959,0.490008,-1.484584,-0.994576,0.503111,-1.084337,-0.581226,0.503111,-1.317743,-0.814632,6.04179
HYPE,20250814,12720,0.894718,0.915643,-1.283782,-0.368138,0.915643,-1.071512,-0.155868,0.882358,-1.262352,-0.379994,0.882358,-1.141315,-0.258957,8.650696
HYPE,20250815,12198,0.89395,0.546669,-0.968587,-0.421918,0.546669,-1.1657,-0.619031,0.564075,-0.927456,-0.363381,0.564075,-1.09866,-0.534585,6.487579
HYPE,20250817,4415,0.882195,0.395774,-1.046565,-0.650791,0.395774,-1.171152,-0.775378,0.409578,-1.039034,-0.629456,0.409578,-1.235039,-0.825461,3.21283
HYPE,20250818,8108,0.876093,0.437101,-1.030994,-0.593893,0.437101,-1.186758,-0.749657,0.455509,-1.022707,-0.567198,0.455509,-1.260185,-0.804676,4.858572
HYPE,20250819,8690,0.889175,0.547763,-1.019432,-0.471668,0.547763,-1.263381,-0.715618,0.567064,-1.000958,-0.433895,0.567064,-1.219243,-0.652179,5.662362
HYPE,20250820,7309,0.896956,0.500376,-0.944671,-0.444294,0.500376,-1.071514,-0.571138,0.51533,-0.881224,-0.365894,0.51533,-0.932672,-0.417342,5.231281
INJ,20250728,208,0.971635,1.618747,-1.742633,-0.123886,1.618747,-0.684293,0.934453,1.645724,-1.71658,-0.070856,1.645724,-0.784862,0.860862,6.221641
INJ,20250729,179,0.94581,2.041528,-1.874118,0.16741,2.041528,-3.783366,-1.741838,2.009281,-2.082358,-0.073077,2.009281,-3.8904,-1.88112,5.707698
INJ,20250730,147,0.97415,2.415885,-1.762031,0.653853,2.415885,-6.311475,-3.895591,2.413169,-1.637894,0.775275,2.413169,-6.1245,-3.71133,5.649857
INJ,20250731,121,0.968595,1.568993,-2.884773,-1.31578,1.568993,-2.160681,-0.591688,1.579651,-3.054639,-1.474988,1.579651,-2.404417,-0.824766,5.891262
INJ,20250802,75,0.98,1.838424,-0.905529,0.932895,1.838424,0.275776,2.1142,1.855751,-0.854076,1.001675,1.855751,0.696852,2.552603,5.551764
INJ,20250803,49,0.953061,1.456504,-1.224574,0.231929,1.456504,-1.114154,0.34235,1.465072,-1.389031,0.076041,1.465072,-1.501334,-0.036262,4.097638
INJ,20250804,108,0.937963,1.882659,-3.65111,-1.768451,1.882659,-3.404239,-1.52158,1.961834,-3.507098,-1.545264,1.961834,-3.739572,-1.777738,5.194423
INJ,20250805,92,0.966304,1.841488,-0.853786,0.987702,1.841488,-1.836021,0.005467,1.845915,-0.705125,1.14079,1.845915,-1.601083,0.244831,5.375312
INJ,20250807,83,0.942169,1.600884,-2.132255,-0.531371,1.600884,-1.030914,0.569969,1.595512,-2.123125,-0.527613,1.595512,-0.736057,0.859455,4.470008
INJ,20250808,98,0.960204,1.370413,0.178166,1.54858,1.370413,-0.927821,0.442593,1.39886,-0.081759,1.317101,1.39886,-0.161014,1.237845,5.210201
INJ,20250809,59,0.945763,1.589325,-0.912601,0.676724,1.589325,-3.482699,-1.893375,1.660625,-1.139959,0.520666,1.660625,-3.332789,-1.672163,3.77047
INJ,20250810,112,0.948214,1.424285,-1.757661,-0.333376,1.424285,-4.688856,-3.264571,1.47285,-1.649218,-0.176368,1.47285,-4.283898,-2.811048,4.211439
INJ,20250812,155,0.896129,1.010996,-2.297944,-1.286948,1.010996,-4.220309,-3.209313,1.040322,-2.338275,-1.297953,1.040322,-5.047283,-4.006961,4.713137
INJ,20250813,190,0.975263,1.464196,-1.86559,-0.401394,1.464196,-3.793045,-2.328849,1.479163,-1.871295,-0.392132,1.479163,-3.680486,-2.201323,5.669856
INJ,20250814,321,0.986293,1.819393,-2.404067,-0.584674,1.819393,-7.165372,-5.345979,1.832482,-2.387263,-0.55478,1.832482,-7.158225,-5.325743,7.207102
INJ,20250815,110,0.983636,1.497252,-4.402193,-2.904941,1.497252,-3.992691,-2.495438,1.495717,-4.408781,-2.913064,1.495717,-3.94895,-2.453233,5.824514
INJ,20250817,70,0.948571,1.86804,2.084557,3.952597,1.86804,0.635315,2.503355,1.909697,2.096354,4.006052,1.909697,0.567895,2.477593,4.505545
INJ,20250818,170,0.965294,1.787595,-1.13503,0.652565,1.787595,1.609533,3.397128,1.79877,-1.095272,0.703498,1.79877,1.602736,3.401506,6.199347
INJ,20250819,155,0.954194,1.564537,-2.515954,-0.951417,1.564537,-4.609319,-3.044782,1.579867,-2.371163,-0.791296,1.579867,-5.137544,-3.557677,5.253758
INJ,20250820,175,0.964,1.283963,-2.81707,-1.533107,1.283963,-3.713088,-2.429126,1.303646,-2.768628,-1.464982,1.303646,-3.184745,-1.881099,4.82223
LINK,20250728,253,0.980632,0.837642,-1.146573,-0.308931,0.837642,0.401866,1.239508,0.843753,-1.17106,-0.327307,0.843753,0.225719,1.069472,4.319974
LINK,20250729,281,0.983274,1.114606,-1.488415,-0.373809,1.114606,-1.922675,-0.808069,1.12032,-1.517147,-0.396828,1.12032,-1.861644,-0.741324,4.230386
LINK,20250730,280,0.970357,1.367535,-2.626826,-1.259291,1.367535,-5.281966,-3.914431,1.379251,-2.64281,-1.263559,1.379251,-5.343203,-3.963951,4.355961
LINK,20250731,287,0.993031,0.984606,-0.960229,0.024377,0.984606,-1.726955,-0.742349,0.988703,-0.963014,0.025689,0.988703,-1.742265,-0.753562,3.812577
LINK,20250802,238,0.966807,1.237301,-0.76047,0.476832,1.237301,-0.98096,0.256341,1.247402,-0.753629,0.493773,1.247402,-0.983184,0.264219,4.269419
LINK,20250803,104,0.958654,0.958154,-0.763667,0.194487,0.958154,-2.507073,-1.548919,0.971043,-0.849936,0.121107,0.971043,-2.661057,-1.690015,2.824454
LINK,20250804,165,0.949697,1.026935,-0.710258,0.316678,1.026935,-1.236114,-0.209178,1.046075,-0.608952,0.437123,1.046075,-1.139808,-0.093734,3.331585
LINK,20250805,164,0.945732,1.120255,-1.203292,-0.083038,1.120255,0.091139,1.211393,1.151257,-1.090289,0.060967,1.151257,0.198282,1.349539,3.800083
LINK,20250807,525,0.966286,1.149544,-1.434125,-0.28458,1.149544,-2.043027,-0.893482,1.16513,-1.514288,-0.349158,1.16513,-2.245053,-1.079922,4.094513
LINK,20250808,1153,0.976323,1.075813,-0.923746,0.152067,1.075813,-1.515794,-0.439981,1.079522,-0.933061,0.146461,1.079522,-1.462478,-0.382956,5.664053
LINK,20250809,1132,0.963604,1.015088,-0.76335,0.251738,1.015088,-1.085145,-0.070057,1.024672,-0.79743,0.227241,1.024672,-1.131987,-0.107315,5.115237
LINK,20250810,1846,0.962568,0.92365,-1.21046,-0.286809,0.92365,-1.08388,-0.16023,0.929183,-1.246287,-0.317104,0.929183,-0.996854,-0.067671,6.064411
LINK,20250812,2044,0.965362,0.982176,-0.513134,0.469041,0.982176,-0.726491,0.255684,0.997424,-0.489,0.508424,0.997424,-0.877873,0.119551,6.480386
LINK,20250813,2220,0.975135,0.744726,-1.029011,-0.284285,0.744726,-0.849032,-0.104306,0.747715,-1.000583,-0.252868,0.747715,-0.715452,0.032263,5.603391
LINK,20250814,2318,0.97157,0.989666,-0.791219,0.198446,0.989666,-1.261707,-0.272041,0.998555,-0.808267,0.190288,0.998555,-1.309322,-0.310768,6.846986
LINK,20250815,1003,0.974377,0.839628,-0.363404,0.476224,0.839628,-1.301546,-0.461918,0.839539,-0.435251,0.404288,0.839539,-1.201431,-0.361892,5.312983
LINK,20250817,1441,0.977238,0.800738,-0.283608,0.51713,0.800738,-0.174742,0.625996,0.800535,-0.30915,0.491385,0.800535,-0.270096,0.530439,6.007463
LINK,20250818,2197,0.968002,0.912595,-0.501623,0.410972,0.912595,-0.760984,0.151611,0.916721,-0.49705,0.419671,0.916721,-0.685661,0.23106,7.902798
LINK,20250819,1600,0.978187,0.821144,-0.351063,0.470082,0.821144,-0.283428,0.537716,0.824987,-0.322294,0.502692,0.824987,-0.187897,0.637089,6.601944
LINK,20250820,2249,0.978613,0.858925,-0.976273,-0.117348,0.858925,-2.003663,-1.144738,0.863482,-0.977617,-0.114135,0.863482,-2.059457,-1.195975,7.193878
LTC,20250728,196,0.879184,0.972678,-1.359154,-0.386476,0.972678,-2.161457,-1.188779,0.995566,-1.329605,-0.334039,0.995566,-1.982024,-0.986458,3.56284
LTC,20250729,225,0.884756,1.658148,-2.47288,-0.814732,1.658148,-4.591227,-2.933079,1.759171,-2.524604,-0.765433,1.759171,-4.893928,-3.134756,3.714021
LTC,20250730,204,0.922696,2.451794,-2.832757,-0.380963,2.451794,-4.379207,-1.927413,2.360368,-2.712117,-0.351749,2.360368,-4.097797,-1.73743,15.45755
LTC,20250731,186,0.90371,1.041906,-1.620557,-0.578651,1.041906,-0.319466,0.72244,1.068889,-1.573055,-0.504165,1.068889,-0.187827,0.881062,3.263053
LTC,20250802,200,0.84565,1.503805,-1.794096,-0.290291,1.503805,-1.494436,0.009369,1.614178,-1.574142,0.040036,1.614178,-1.165855,0.448323,4.744102
LTC,20250803,104,0.861923,1.160906,-1.501582,-0.340676,1.160906,-1.151047,0.009858,1.206348,-1.566651,-0.360302,1.206348,-1.432645,-0.226297,3.36042
LTC,20250804,364,0.838242,1.364595,-0.796276,0.568319,1.364595,-0.234934,1.129661,1.441867,-0.450904,0.990963,1.441867,0.320846,1.762713,4.299592
LTC,20250805,586,0.92314,1.507404,-0.798208,0.709196,1.507404,-1.959419,-0.452015,1.529907,-0.733093,0.796814,1.529907,-1.754458,-0.22455,5.601585
LTC,20250807,374,0.82393,1.22206,-0.875456,0.346604,1.22206,-1.37633,-0.15427,1.256829,-0.794913,0.461916,1.256829,-0.878599,0.37823,4.01013
LTC,20250808,331,0.882689,1.250168,-1.528441,-0.278273,1.250168,-1.66915,-0.418982,1.233357,-1.193548,0.039809,1.233357,-1.023897,0.20946,4.625984
LTC,20250809,227,0.894141,1.184778,-2.014366,-0.829588,1.184778,-1.512641,-0.327863,1.208745,-2.005793,-0.797048,1.208745,-1.819133,-0.610388,3.204458
LTC,20250810,330,0.900818,1.086822,-1.897545,-0.810724,1.086822,-3.402098,-2.315276,1.071776,-1.742449,-0.670673,1.071776,-3.302728,-2.230952,3.897433
LTC,20250812,482,0.784564,0.984651,-1.269963,-0.285311,0.984651,-1.738517,-0.753865,1.047665,-1.39281,-0.345144,1.047665,-1.756844,-0.709178,4.27248
LTC,20250813,752,0.829202,0.761803,-1.576179,-0.814375,0.761803,-1.070116,-0.308313,0.796751,-1.597796,-0.801045,0.796751,-0.96909,-0.172339,4.076144
LTC,20250814,560,0.899661,1.191575,-2.058334,-0.866759,1.191575,-2.765548,-1.573973,1.167988,-1.985987,-0.817999,1.167988,-2.464372,-1.296384,5.552818
LTC,20250815,218,0.889174,0.904917,-1.835212,-0.930295,0.904917,-1.69438,-0.789463,0.934857,-1.836212,-0.901355,0.934857,-1.917842,-0.982984,3.828889
LTC,20250817,100,0.8784,0.998846,-1.127231,-0.128385,0.998846,-0.546295,0.452551,1.04294,-1.051672,-0.008732,1.04294,-0.749292,0.293648,2.492871
LTC,20250818,169,0.87503,1.005299,-1.546952,-0.541653,1.005299,-1.976109,-0.97081,1.068564,-1.494876,-0.426312,1.068564,-2.008171,-0.939607,3.609127
LTC,20250819,188,0.867394,0.980307,-2.026679,-1.046372,0.980307,-3.490118,-2.509811,0.999799,-2.007147,-1.007348,0.999799,-3.025147,-2.025348,4.037195
LTC,20250820,146,0.827055,0.993965,-1.845579,-0.851614,0.993965,-1.186364,-0.1924,1.008681,-1.688756,-0.680076,1.008681,-1.430566,-0.421885,3.34469
NEAR,20250728,57,0.982456,1.337197,-1.729319,-0.392122,1.337197,-3.455475,-2.118278,1.349114,-1.661512,-0.312398,1.349114,-3.095513,-1.7464,5.063303
NEAR,20250729,89,1.0,2.592344,-1.478739,1.113605,2.592344,-7.099235,-4.506891,2.592344,-1.478739,1.113605,2.592344,-7.099235,-4.506891,5.104801
NEAR,20250730,101,0.99604,1.944463,-2.433451,-0.488988,1.944463,-11.232752,-9.288289,1.948392,-2.409667,-0.461275,1.948392,-11.209735,-9.261343,5.416892
NEAR,20250731,74,1.0,1.984259,-2.262008,-0.277749,1.984259,-0.611854,1.372405,1.984259,-2.262008,-0.277749,1.984259,-0.611854,1.372405,4.586717
NEAR,20250802,41,1.0,1.487463,-2.392155,-0.904692,1.487463,-3.200312,-1.712849,1.487463,-2.392155,-0.904692,1.487463,-3.200312,-1.712849,5.064281
NEAR,20250803,20,1.0,1.281711,-1.182903,0.098808,1.281711,3.199041,4.480752,1.281711,-1.182903,0.098808,1.281711,3.199041,4.480752,3.15441
NEAR,20250804,38,0.976316,1.827095,-2.039375,-0.21228,1.827095,-3.543758,-1.716662,1.778417,-1.960902,-0.182485,1.778417,-3.769674,-1.991258,3.74097
NEAR,20250805,31,0.964516,1.187759,-1.01487,0.172889,1.187759,-2.268332,-1.080573,1.161221,-0.847029,0.314192,1.161221,-1.996273,-0.835052,4.636759
NEAR,20250807,41,0.982927,1.28126,-1.987898,-0.706638,1.28126,-6.418455,-5.137195,1.300062,-2.022428,-0.722366,1.300062,-6.557569,-5.257507,3.604545
NEAR,20250808,74,0.997297,1.130916,-3.342767,-2.21185,1.130916,-1.07365,0.057266,1.131467,-3.349815,-2.218347,1.131467,-1.084101,0.047367,5.131176
NEAR,20250809,68,1.0,1.908831,-0.97565,0.933182,1.908831,0.131737,2.040568,1.908831,-0.97565,0.933182,1.908831,0.131737,2.040568,3.539197
NEAR,20250810,44,1.0,0.946912,-1.410652,-0.46374,0.946912,-1.995944,-1.049032,0.946912,-1.410652,-0.46374,0.946912,-1.995944,-1.049032,3.987776
NEAR,20250812,68,0.995588,1.168855,-3.537114,-2.368258,1.168855,-3.964449,-2.795594,1.171479,-3.597085,-2.425605,1.171479,-4.039092,-2.867612,4.468937
NEAR,20250813,107,0.991589,1.563231,-1.307177,0.256054,1.563231,-3.827464,-2.264232,1.573596,-1.34577,0.227826,1.573596,-3.842559,-2.268963,4.947324
NEAR,20250814,163,1.0,1.614277,-2.877565,-1.263288,1.614277,-4.492016,-2.877739,1.614277,-2.877565,-1.263288,1.614277,-4.492016,-2.877739,8.235987
NEAR,20250815,62,1.0,1.193133,-2.504245,-1.311112,1.193133,-3.302058,-2.108925,1.193133,-2.504245,-1.311112,1.193133,-3.302058,-2.108925,5.136684
NEAR,20250817,67,1.0,1.793377,-0.294166,1.499211,1.793377,1.962034,3.755411,1.793377,-0.294166,1.499211,1.793377,1.962034,3.755411,3.490775
NEAR,20250818,84,1.0,1.720534,-0.956801,0.763733,1.720534,-2.458401,-0.737867,1.720534,-0.956801,0.763733,1.720534,-2.458401,-0.737867,4.463088
NEAR,20250819,78,0.987179,1.338486,-4.051967,-2.71348,1.338486,-1.426107,-0.08762,1.353284,-3.970146,-2.616862,1.353284,-1.186082,0.167202,4.539894
NEAR,20250820,61,1.0,1.384963,-2.499736,-1.114773,1.384963,-1.738809,-0.353846,1.384963,-2.499736,-1.114773,1.384963,-1.738809,-0.353846,4.25219
OP,20250728,517,1.0,2.044376,0.556189,2.600565,2.044376,0.116801,2.161177,2.044376,0.556189,2.600565,2.044376,0.116801,2.161177,12.943837
OP,20250729,229,0.99738,1.81095,-1.002738,0.808212,1.81095,-0.757035,1.053915,1.811411,-1.042609,0.768801,1.811411,-0.708718,1.102693,6.516123
OP,20250730,191,0.995288,2.125525,-2.340711,-0.215185,2.125525,-6.04275,-3.917225,2.134179,-2.363069,-0.22889,2.134179,-6.15452,-4.020341,6.323695
OP,20250731,130,0.995385,1.697663,-1.120453,0.577209,1.697663,-0.534239,1.163423,1.702477,-1.210568,0.491909,1.702477,-0.627751,1.074727,5.106354
OP,20250802,77,1.0,1.250719,-1.343804,-0.093085,1.250719,1.934838,3.185557,1.250719,-1.343804,-0.093085,1.250719,1.934838,3.185557,5.461509
OP,20250803,46,1.0,1.367892,-0.833689,0.534203,1.367892,1.354334,2.722226,1.367892,-0.833689,0.534203,1.367892,1.354334,2.722226,3.210757
OP,20250804,81,0.990123,1.374437,-1.781724,-0.407288,1.374437,-1.986177,-0.611741,1.387446,-1.784073,-0.396627,1.387446,-1.98075,-0.593304,4.020379
OP,20250805,86,1.0,1.261734,-3.042736,-1.781001,1.261734,-2.668998,-1.407263,1.261734,-3.042736,-1.781001,1.261734,-2.668998,-1.407263,4.473588
OP,20250807,64,1.0,1.398029,-2.063888,-0.66586,1.398029,-2.940965,-1.542936,1.398029,-2.063888,-0.66586,1.398029,-2.940965,-1.542936,3.817065
OP,20250808,97,1.0,1.268241,-2.561792,-1.293551,1.268241,-0.076482,1.191759,1.268241,-2.561792,-1.293551,1.268241,-0.076482,1.191759,5.85504
OP,20250809,120,1.0,1.262785,-1.307069,-0.044285,1.262785,-0.653122,0.609663,1.262785,-1.307069,-0.044285,1.262785,-0.653122,0.609663,4.274814
OP,20250810,95,1.0,1.618099,-0.945413,0.672685,1.618099,-0.073806,1.544293,1.618099,-0.945413,0.672685,1.618099,-0.073806,1.544293,4.584823
OP,20250812,202,1.0,1.25646,-2.980545,-1.724085,1.25646,-6.029103,-4.772643,1.25646,-2.980545,-1.724085,1.25646,-6.029103,-4.772643,4.990427
OP,20250813,352,0.99517,1.264035,-1.908878,-0.644842,1.264035,-0.105438,1.158598,1.243427,-1.885245,-0.641818,1.243427,0.034721,1.278148,6.557598
OP,20250814,286,0.991958,1.74306,-1.81051,-0.067451,1.74306,-3.362444,-1.619384,1.753943,-1.780333,-0.02639,1.753943,-3.249157,-1.495214,6.640701
OP,20250815,204,0.995098,1.370875,-0.215226,1.155648,1.370875,0.212212,1.583087,1.375359,-0.187765,1.187594,1.375359,0.204831,1.58019,5.267523
OP,20250817,120,0.996667,1.166432,-2.077272,-0.91084,1.166432,-1.330339,-0.163907,1.169682,-2.049723,-0.880041,1.169682,-1.318734,-0.149052,3.799914
OP,20250818,160,0.9875,1.46224,-1.744401,-0.282161,1.46224,-3.52658,-2.064341,1.472491,-1.600546,-0.128055,1.472491,-3.210954,-1.738463,4.956373
OP,20250819,162,1.0,1.957903,-2.541843,-0.58394,1.957903,0.583115,2.541017,1.957903,-2.541843,-0.58394,1.957903,0.583115,2.541017,4.976379
OP,20250820,193,1.0,1.461243,-1.680541,-0.219298,1.461243,-3.365512,-1.904269,1.461243,-1.680541,-0.219298,1.461243,-3.365512,-1.904269,4.613271
SEI,20250728,231,1.0,1.184551,-0.520513,0.664038,1.184551,0.148979,1.33353,1.184551,-0.520513,0.664038,1.184551,0.148979,1.33353,4.894355
SEI,20250729,222,1.0,1.348386,-0.7636,0.584786,1.348386,-2.442914,-1.094528,1.348386,-0.7636,0.584786,1.348386,-2.442914,-1.094528,5.612471
SEI,20250730,254,1.0,1.473897,-2.297639,-0.823741,1.473897,-3.345044,-1.871146,1.473897,-2.297639,-0.823741,1.473897,-3.345044,-1.871146,5.787103
SEI,20250731,185,1.0,1.088148,-1.332214,-0.244066,1.088148,-0.964459,0.123689,1.088148,-1.332214,-0.244066,1.088148,-0.964459,0.123689,4.962918
SEI,20250802,156,1.0,1.49143,-1.238451,0.252979,1.49143,0.285306,1.776736,1.49143,-1.238451,0.252979,1.49143,0.285306,1.776736,5.293318
SEI,20250803,92,1.0,1.049675,-1.791945,-0.74227,1.049675,-1.465028,-0.415353,1.049675,-1.791945,-0.74227,1.049675,-1.465028,-0.415353,3.720311
SEI,20250804,187,1.0,1.499839,-1.470557,0.029282,1.499839,-3.963505,-2.463666,1.499839,-1.470557,0.029282,1.499839,-3.963505,-2.463666,5.134155
SEI,20250805,194,1.0,1.123023,-0.939263,0.183761,1.123023,-0.442012,0.681012,1.123023,-0.939263,0.183761,1.123023,-0.442012,0.681012,5.459625
SEI,20250807,126,1.0,1.487069,-1.387757,0.099313,1.487069,-3.253021,-1.765951,1.487069,-1.387757,0.099313,1.487069,-3.253021,-1.765951,3.868405
SEI,20250808,146,1.0,1.239995,-0.02791,1.212085,1.239995,-0.698769,0.541226,1.239995,-0.02791,1.212085,1.239995,-0.698769,0.541226,4.771944
SEI,20250809,149,1.0,1.249751,-0.908093,0.341658,1.249751,-0.509022,0.740729,1.249751,-0.908093,0.341658,1.249751,-0.509022,0.740729,4.127622
SEI,20250810,158,1.0,1.188081,-0.804358,0.383723,1.188081,-0.197233,0.990849,1.188081,-0.804358,0.383723,1.188081,-0.197233,0.990849,4.443565
SEI,20250812,152,1.0,1.168254,-1.228875,-0.06062,1.168254,0.667989,1.836243,1.168254,-1.228875,-0.06062,1.168254,0.667989,1.836243,5.057908
SEI,20250813,376,1.0,1.30951,-1.268437,0.041072,1.30951,-2.203187,-0.893677,1.30951,-1.268437,0.041072,1.30951,-2.203187,-0.893677,5.896285
SEI,20250814,357,1.0,1.497175,-1.347186,0.149989,1.497175,-2.034999,-0.537824,1.497175,-1.347186,0.149989,1.497175,-2.034999,-0.537824,6.907611
SEI,20250815,216,1.0,1.29299,-2.20371,-0.910719,1.29299,-2.219956,-0.926965,1.29299,-2.20371,-0.910719,1.29299,-2.219956,-0.926965,6.316363
SEI,20250817,198,1.0,1.54735,-0.969247,0.578103,1.54735,-1.251529,0.295821,1.54735,-0.969247,0.578103,1.54735,-1.251529,0.295821,5.043262
SEI,20250818,248,1.0,1.22267,-1.893268,-0.670598,1.22267,-1.43555,-0.21288,1.22267,-1.893268,-0.670598,1.22267,-1.43555,-0.21288,5.463351
SEI,20250819,180,1.0,1.207207,-1.649926,-0.442719,1.207207,-1.442752,-0.235546,1.207207,-1.649926,-0.442719,1.207207,-1.442752,-0.235546,5.199831
SEI,20250820,245,1.0,1.163684,-1.474025,-0.310341,1.163684,-1.030948,0.132736,1.163684,-1.474025,-0.310341,1.163684,-1.030948,0.132736,4.776379
SOL,20250728,3629,0.833309,0.346284,-1.116623,-0.770338,0.346284,-1.081505,-0.735221,0.351941,-1.105881,-0.75394,0.351941,-1.158736,-0.806795,4.241499
SOL,20250729,2678,0.835508,0.398363,-1.116472,-0.718109,0.398363,-1.590032,-1.191669,0.402399,-0.99797,-0.595571,0.402399,-1.411279,-1.00888,3.636162
SOL,20250730,2736,0.837394,0.563126,-1.428825,-0.865698,0.563126,-1.937448,-1.374322,0.576224,-1.231582,-0.655358,0.576224,-2.05402,-1.477796,4.639056
SOL,20250731,3246,0.837779,0.401964,-1.164322,-0.762358,0.401964,-1.088356,-0.686392,0.40345,-1.151471,-0.748021,0.40345,-1.1199,-0.71645,3.426585
SOL,20250802,2152,0.875609,0.408365,-1.308892,-0.900527,0.408365,-0.702464,-0.294099,0.408866,-1.239377,-0.830511,0.408866,-0.575485,-0.166619,3.721036
SOL,20250803,1225,0.852563,0.382463,-0.845481,-0.463018,0.382463,-1.110408,-0.727945,0.384171,-0.811764,-0.427593,0.384171,-1.024744,-0.640573,2.801
SOL,20250804,2083,0.869611,0.392828,-1.336507,-0.943679,0.392828,-1.207436,-0.814609,0.396223,-1.236435,-0.840213,0.396223,-1.079399,-0.683176,3.420562
SOL,20250805,2334,0.814576,0.402121,-1.027583,-0.625462,0.402121,-0.702419,-0.300299,0.409239,-0.913843,-0.504604,0.409239,-0.551565,-0.142326,3.983763
SOL,20250807,2430,0.84949,0.369559,-0.996159,-0.6266,0.369559,-1.013743,-0.644184,0.378949,-0.90703,-0.528081,0.378949,-0.822329,-0.44338,3.022731
SOL,20250808,2578,0.842669,0.363121,-1.319376,-0.956255,0.363121,-1.20567,-0.842548,0.362956,-1.242467,-0.879512,0.362956,-1.092604,-0.729648,3.712262
SOL,20250809,1851,0.844365,0.367277,-1.009188,-0.641912,0.367277,-0.759977,-0.392701,0.376489,-0.90324,-0.526751,0.376489,-0.720971,-0.344481,2.989652
SOL,20250810,2152,0.813773,0.364932,-1.176692,-0.81176,0.364932,-1.583746,-1.218814,0.372466,-1.057673,-0.685206,0.372466,-1.388395,-1.015929,3.573697
SOL,20250812,3263,0.847714,0.365969,-0.978275,-0.612306,0.365969,-0.91364,-0.547671,0.371577,-0.82657,-0.454993,0.371577,-0.814739,-0.443161,3.854233
SOL,20250813,5187,0.854448,0.361869,-1.163168,-0.801299,0.361869,-1.243347,-0.881478,0.367747,-1.066918,-0.699171,0.367747,-1.070162,-0.702415,4.870806
SOL,20250814,7424,0.838905,0.539262,-1.226736,-0.687474,0.539262,-1.899041,-1.359779,0.558148,-1.212545,-0.654397,0.558148,-2.202886,-1.644738,7.089018
SOL,20250815,3583,0.828498,0.378679,-1.353738,-0.975059,0.378679,-1.343955,-0.965276,0.389876,-1.290222,-0.900345,0.389876,-1.267925,-0.878049,4.654958
SOL,20250817,1444,0.845042,0.337384,-0.950788,-0.613404,0.337384,-0.685062,-0.347678,0.34477,-0.935081,-0.590311,0.34477,-0.634939,-0.290169,2.902254
SOL,20250818,2520,0.832103,0.357624,-0.946946,-0.589322,0.357624,-0.995523,-0.637899,0.366875,-0.837815,-0.47094,0.366875,-0.908795,-0.541919,3.945753
SOL,20250819,3092,0.84031,0.367937,-1.231207,-0.86327,0.367937,-1.039501,-0.671565,0.372944,-1.128138,-0.755193,0.372944,-0.860818,-0.487873,4.293417
SOL,20250820,2532,0.836453,0.371061,-1.087616,-0.716555,0.371061,-1.134846,-0.763785,0.378071,-1.008314,-0.630243,0.378071,-1.193443,-0.815371,4.1373
SUI,20250728,2049,0.991362,0.40033,-0.786326,-0.385996,0.40033,-0.508083,-0.107753,0.401426,-0.796256,-0.39483,0.401426,-0.500272,-0.098845,5.024619
SUI,20250729,1729,0.995026,0.984862,-0.80627,0.178592,0.984862,-0.568665,0.416196,0.986336,-0.806314,0.180021,0.986336,-0.600488,0.385847,4.523761
SUI,20250730,868,0.9947,0.723647,-1.589455,-0.865807,0.723647,-1.704346,-0.980698,0.725875,-1.575086,-0.849211,0.725875,-1.730487,-1.004613,4.590073
SUI,20250731,1041,0.988953,0.474213,-0.710118,-0.235905,0.474213,-0.676405,-0.202191,0.476897,-0.703151,-0.226254,0.476897,-0.739117,-0.26222,4.346595
SUI,20250802,655,0.988244,0.520437,-0.977492,-0.457055,0.520437,-0.348746,0.17169,0.522767,-0.963328,-0.440561,0.522767,-0.369537,0.15323,5.061492
SUI,20250803,368,0.991033,0.418567,-0.672745,-0.254178,0.418567,-0.13798,0.280587,0.41995,-0.678768,-0.258818,0.41995,-0.101553,0.318397,3.578624
SUI,20250804,601,0.981697,0.554944,-1.008306,-0.453362,0.554944,-1.739134,-1.18419,0.559136,-1.027389,-0.468252,0.559136,-1.922848,-1.363712,4.556247
SUI,20250805,720,0.991389,0.404851,-0.768728,-0.363877,0.404851,0.048551,0.453402,0.401963,-0.735286,-0.333323,0.401963,0.05049,0.452453,4.690292
SUI,20250807,805,0.992298,0.46285,-0.607869,-0.145019,0.46285,-1.435129,-0.97228,0.462764,-0.604623,-0.141859,0.462764,-1.469129,-1.006365,4.168804
SUI,20250808,872,0.994037,0.405783,-0.979428,-0.573645,0.405783,-0.54728,-0.141497,0.405208,-0.98936,-0.584152,0.405208,-0.599122,-0.193914,5.041741
SUI,20250809,599,0.992487,0.41616,-0.468192,-0.052032,0.41616,-0.540338,-0.124178,0.417602,-0.479826,-0.062224,0.417602,-0.572588,-0.154987,3.767625
SUI,20250810,559,0.989267,0.405388,-0.593294,-0.187906,0.405388,-1.131924,-0.726536,0.407741,-0.562683,-0.154942,0.407741,-1.158384,-0.750642,3.958192
SUI,20250812,799,0.99612,0.44779,-0.820547,-0.372757,0.44779,-0.864841,-0.417051,0.448121,-0.826207,-0.378086,0.448121,-0.905156,-0.457035,4.230898
SUI,20250813,1216,0.990789,0.374962,-1.176184,-0.801222,0.374962,-1.050243,-0.675281,0.376935,-1.173857,-0.796922,0.376935,-1.082232,-0.705297,4.632127
SUI,20250814,1545,0.995016,0.724031,-1.863961,-1.13993,0.724031,-4.189106,-3.465075,0.725903,-1.856186,-1.130283,0.725903,-4.17964,-3.453737,6.206675
SUI,20250815,608,0.989309,0.47058,-1.080336,-0.609756,0.47058,-0.519305,-0.048725,0.474196,-1.066802,-0.592606,0.474196,-0.465015,0.009181,4.757593
SUI,20250817,241,0.986307,0.523382,-0.952859,-0.429476,0.523382,-0.971995,-0.448613,0.52855,-0.977191,-0.448641,0.52855,-0.934651,-0.406101,2.993644
SUI,20250818,469,0.993603,0.507514,-1.151687,-0.644173,0.507514,-1.052508,-0.544994,0.509395,-1.137788,-0.628394,0.509395,-1.062024,-0.552629,4.263665
SUI,20250819,620,0.994839,0.652625,-0.506846,0.145779,0.652625,-0.68865,-0.036025,0.654682,-0.511927,0.142755,0.654682,-0.735769,-0.081087,5.023959
SUI,20250820,398,0.994975,0.46671,-0.867545,-0.400835,0.46671,-0.449851,0.01686,0.468349,-0.858442,-0.390093,0.468349,-0.40753,0.060819,4.174986
TIA,20250728,261,0.996552,1.007466,-1.26263,-0.255164,1.007466,-0.701194,0.306272,1.010115,-1.270347,-0.260232,1.010115,-0.718686,0.291429,5.866363
TIA,20250729,244,0.996311,1.357401,-2.153588,-0.796187,1.357401,-6.498818,-5.141417,1.359389,-2.209143,-0.849753,1.359389,-6.530977,-5.171587,6.764034
TIA,20250730,265,0.993585,1.715247,-1.0188,0.696447,1.715247,-2.158056,-0.44281,1.720842,-0.982586,0.738256,1.720842,-2.227921,-0.507079,6.675538
TIA,20250731,287,0.996516,1.032242,-1.209153,-0.17691,1.032242,-2.626737,-1.594494,1.033852,-1.188384,-0.154532,1.033852,-2.580929,-1.547077,5.325735
TIA,20250802,159,1.0,1.109376,-1.947704,-0.838328,1.109376,-0.165124,0.944251,1.109376,-1.947704,-0.838328,1.109376,-0.165124,0.944251,5.655161
TIA,20250803,76,1.0,1.243032,0.30137,1.544402,1.243032,3.509984,4.753015,1.243032,0.30137,1.544402,1.243032,3.509984,4.753015,3.434647
TIA,20250804,115,0.983478,1.311529,-1.433284,-0.121756,1.311529,-1.675864,-0.364335,1.328471,-1.49481,-0.16634,1.328471,-1.660678,-0.332207,4.471822
TIA,20250805,125,1.0,1.03835,0.02163,1.05998,1.03835,2.59646,3.63481,1.03835,0.02163,1.05998,1.03835,2.59646,3.63481,5.308891
TIA,20250807,90,0.988889,0.780139,-0.851965,-0.071826,0.780139,-4.351151,-3.571013,0.785494,-0.830847,-0.045353,0.785494,-4.174974,-3.389479,4.10561
TIA,20250808,203,0.99064,0.804679,-1.970976,-1.166297,0.804679,-1.993742,-1.189063,0.809554,-1.987036,-1.177482,0.809554,-1.910199,-1.100645,5.04963
TIA,20250809,111,1.0,0.997958,-0.012148,0.985809,0.997958,0.552886,1.550844,0.997958,-0.012148,0.985809,0.997958,0.552886,1.550844,4.23976
TIA,20250810,99,1.0,1.136887,-1.234426,-0.097539,1.136887,1.467501,2.604388,1.136887,-1.234426,-0.097539,1.136887,1.467501,2.604388,4.860608
TIA,20250812,146,0.986986,0.862613,-1.799283,-0.93667,0.862613,-0.523006,0.339607,0.870312,-1.73263,-0.862318,0.870312,-0.489682,0.38063,5.061837
TIA,20250813,224,0.995982,1.037627,-1.26829,-0.230663,1.037627,-2.382155,-1.344528,1.040806,-1.258308,-0.217501,1.040806,-2.344456,-1.303649,5.844467
TIA,20250814,294,0.995578,1.206548,-3.156221,-1.949673,1.206548,-5.609813,-4.403265,1.209813,-3.183633,-1.97382,1.209813,-5.599839,-4.390025,6.540837
TIA,20250815,176,1.0,1.202203,-4.146547,-2.944344,1.202203,-5.058596,-3.856393,1.202203,-4.146547,-2.944344,1.202203,-5.058596,-3.856393,6.356387
TIA,20250817,71,0.987324,0.918361,-1.009608,-0.091247,0.918361,-3.449539,-2.531178,0.926675,-1.088629,-0.161955,0.926675,-3.542502,-2.615828,3.925101
TIA,20250818,188,0.977128,0.691882,-1.733976,-1.042094,0.691882,-2.864908,-2.173026,0.69598,-1.554997,-0.859017,0.69598,-2.917701,-2.221721,4.758425
TIA,20250819,224,1.0,0.988367,-2.882629,-1.894262,0.988367,-1.343089,-0.354722,0.988367,-2.882629,-1.894262,0.988367,-1.343089,-0.354722,4.958643
TIA,20250820,197,0.984772,0.690232,-2.200713,-1.510481,0.690232,-2.841579,-2.151347,0.694836,-2.184439,-1.489604,0.694836,-2.467083,-1.772247,4.297655
WLD,20250728,230,1.0,1.146901,-0.751496,0.395405,1.146901,-0.544015,0.602886,1.146901,-0.751496,0.395405,1.146901,-0.544015,0.602886,5.739636
WLD,20250729,182,0.996703,2.018703,-1.457874,0.560829,2.018703,-2.847432,-0.828729,2.023848,-1.387631,0.636217,2.023848,-2.757274,-0.733426,5.489002
WLD,20250730,203,1.0,1.882248,-3.655452,-1.773204,1.882248,-7.162132,-5.279885,1.882248,-3.655452,-1.773204,1.882248,-7.162132,-5.279885,5.761136
WLD,20250731,184,1.0,1.216223,-1.16519,0.051033,1.216223,0.722924,1.939146,1.216223,-1.16519,0.051033,1.216223,0.722924,1.939146,5.031855
WLD,20250802,100,1.0,0.993228,-1.688112,-0.694884,0.993228,-0.954574,0.038654,0.993228,-1.688112,-0.694884,0.993228,-0.954574,0.038654,5.503269
WLD,20250803,44,1.0,1.330758,-2.12033,-0.789572,1.330758,-2.755913,-1.425156,1.330758,-2.12033,-0.789572,1.330758,-2.755913,-1.425156,3.237042
WLD,20250804,182,1.0,0.819853,-0.514939,0.304914,0.819853,0.391566,1.211419,0.819853,-0.514939,0.304914,0.819853,0.391566,1.211419,3.881314
WLD,20250805,87,1.0,1.058451,-1.3541,-0.295649,1.058451,-2.35385,-1.295399,1.058451,-1.3541,-0.295649,1.058451,-2.35385,-1.295399,4.485071
WLD,20250807,194,1.0,1.158258,-0.661034,0.497224,1.158258,-1.188078,-0.02982,1.158258,-0.661034,0.497224,1.158258,-1.188078,-0.02982,4.080546
WLD,20250808,223,0.995964,1.245397,-0.68824,0.557157,1.245397,-1.54051,-0.295113,1.242402,-0.684997,0.557404,1.242402,-1.49046,-0.248059,4.721305
WLD,20250809,571,0.99387,1.391631,-1.491924,-0.100293,1.391631,-1.760231,-0.3686,1.397347,-1.515129,-0.117782,1.397347,-1.844325,-0.446978,4.353954
WLD,20250810,481,0.997921,1.414986,-1.532767,-0.117781,1.414986,-1.702935,-0.28795,1.416943,-1.53596,-0.119018,1.416943,-1.687658,-0.270715,4.871061
WLD,20250812,165,1.0,1.055047,-1.21178,-0.156733,1.055047,-4.42551,-3.370463,1.055047,-1.21178,-0.156733,1.055047,-4.42551,-3.370463,4.727803
WLD,20250813,237,0.995781,1.133304,-1.898564,-0.76526,1.133304,-3.654529,-2.521225,1.136159,-1.914399,-0.77824,1.136159,-3.61743,-2.481272,5.596291
WLD,20250814,418,0.997847,1.610338,-2.392587,-0.782249,1.610338,-4.358631,-2.748293,1.61274,-2.369862,-0.757122,1.61274,-4.321914,-2.709174,7.095975
WLD,20250815,191,0.995288,0.836923,-3.147414,-2.310492,0.836923,-2.937277,-2.100355,0.838536,-3.120029,-2.281494,0.838536,-2.838422,-1.999886,4.914237
WLD,20250817,50,0.996,1.533904,-2.64721,-1.113306,1.533904,-5.870502,-4.336599,1.532143,-2.663781,-1.131638,1.532143,-5.900019,-4.367875,3.290235
WLD,20250818,181,0.98674,0.844061,-0.304657,0.539404,0.844061,-0.149486,0.694575,0.846288,-0.314266,0.532022,0.846288,-0.357177,0.489111,4.595518
WLD,20250819,212,1.0,0.826708,-1.935166,-1.108458,0.826708,-0.556509,0.270199,0.826708,-1.935166,-1.108458,0.826708,-0.556509,0.270199,4.711361
WLD,20250820,136,1.0,0.741059,-0.365412,0.375648,0.741059,0.562429,1.303488,0.741059,-0.365412,0.375648,0.741059,0.562429,1.303488,4.359244
XRP,20250728,2159,1.0,0.298402,-0.584601,-0.2862,0.298402,-0.390323,-0.091921,0.298402,-0.584601,-0.2862,0.298402,-0.390323,-0.091921,4.477289
XRP,20250729,1658,1.0,0.350037,-0.713798,-0.363761,0.350037,-1.17314,-0.823103,0.350037,-0.713798,-0.363761,0.350037,-1.17314,-0.823103,4.066509
XRP,20250730,1748,1.0,0.440343,-0.974538,-0.534195,0.440343,-1.852107,-1.411764,0.440343,-0.974538,-0.534195,0.440343,-1.852107,-1.411764,4.273382
XRP,20250731,1325,1.0,0.280403,-0.621074,-0.340671,0.280403,-0.605102,-0.324698,0.280403,-0.621074,-0.340671,0.280403,-0.605102,-0.324698,3.334859
XRP,20250802,1590,1.0,0.352717,-0.626921,-0.274204,0.352717,-0.487679,-0.134962,0.352717,-0.626921,-0.274204,0.352717,-0.487679,-0.134962,4.755327
XRP,20250803,1020,1.0,0.287391,-0.220847,0.066544,0.287391,-0.381573,-0.094182,0.287391,-0.220847,0.066544,0.287391,-0.381573,-0.094182,3.736425
XRP,20250804,1620,1.0,0.286927,-0.73989,-0.452964,0.286927,-1.101272,-0.814346,0.286927,-0.73989,-0.452964,0.286927,-1.101272,-0.814346,3.641527
XRP,20250805,1187,1.0,0.280444,-0.530808,-0.250364,0.280444,0.077268,0.357713,0.280444,-0.530808,-0.250364,0.280444,0.077268,0.357713,3.644947
XRP,20250807,1875,1.0,0.333754,-0.613781,-0.280028,0.333754,-1.221459,-0.887705,0.333754,-0.613781,-0.280028,0.333754,-1.221459,-0.887705,4.192794
XRP,20250808,2806,1.0,0.267243,-0.838928,-0.571685,0.267243,-0.210677,0.056566,0.267243,-0.838928,-0.571685,0.267243,-0.210677,0.056566,4.689565
XRP,20250809,1194,1.0,0.24284,-1.057785,-0.814944,0.24284,-0.93357,-0.69073,0.24284,-1.057785,-0.814944,0.24284,-0.93357,-0.69073,3.039485
XRP,20250810,1131,1.0,0.283305,-1.060851,-0.777546,0.283305,-0.867188,-0.583883,0.283305,-1.060851,-0.777546,0.283305,-0.867188,-0.583883,3.28833
XRP,20250812,1390,1.0,0.255719,-0.553788,-0.298069,0.255719,-0.597177,-0.341458,0.255719,-0.553788,-0.298069,0.255719,-0.597177,-0.341458,3.373747
XRP,20250813,1440,1.0,0.289032,-0.791356,-0.502324,0.289032,-1.255257,-0.966225,0.289032,-0.791356,-0.502324,0.289032,-1.255257,-0.966225,3.586851
XRP,20250814,2551,1.0,0.394066,-1.195762,-0.801696,0.394066,-1.762381,-1.368315,0.394066,-1.195762,-0.801696,0.394066,-1.762381,-1.368315,5.515199
XRP,20250815,1454,1.0,0.278742,-1.021146,-0.742404,0.278742,-0.291988,-0.013246,0.278742,-1.021146,-0.742404,0.278742,-0.291988,-0.013246,3.554322
XRP,20250817,423,1.0,0.240478,-0.599421,-0.358942,0.240478,-0.295664,-0.055186,0.240478,-0.599421,-0.358942,0.240478,-0.295664,-0.055186,1.918248
XRP,20250818,1341,1.0,0.275151,-0.961081,-0.68593,0.275151,-0.933498,-0.658346,0.275151,-0.961081,-0.68593,0.275151,-0.933498,-0.658346,3.548595
XRP,20250819,1469,1.0,0.26839,-0.619978,-0.351588,0.26839,-0.81665,-0.548261,0.26839,-0.619978,-0.351588,0.26839,-0.81665,-0.548261,3.789236
XRP,20250820,1214,1.0,0.272865,-0.47923,-0.206365,0.272865,-0.635217,-0.362352,0.272865,-0.47923,-0.206365,0.272865,-0.635217,-0.362352,3.497209
