venue,coin,date,gap_ms,n_fills,capture_bp,adverse_bp,net_bp
bybit_perp,ARB,20250727,100,1087,1.1233396263183972,-2.1241673059695496,-1.0008276796511524
bybit_perp,ARB,20250727,250,952,1.1369830246127366,-2.1247101552046526,-0.9877271305919159
bybit_perp,ARB,20250727,500,906,1.1329150464646225,-2.0136676362998447,-0.8807525898352219
bybit_perp,ARB,20250727,1000,847,1.1324495644415866,-1.858922628961239,-0.7264730645196527
bybit_perp,ARB,20250727,2000,766,1.1170205548730414,-1.828366122839145,-0.7113455679661036
bybit_perp,ARB,20250727,5000,598,1.117489790824707,-1.6736125537009146,-0.5561227628762077
bybit_perp,ARB,20250727,10000,502,1.1192874722799673,-1.2499338873857728,-0.1306464151058057
bybit_perp,ARB,20250728,100,2161,1.1165835051543085,-2.0988949306389655,-0.982311425484657
bybit_perp,ARB,20250728,250,1833,1.13823366091197,-2.2160175316406887,-1.0777838707287188
bybit_perp,ARB,20250728,500,1715,1.131066688906302,-2.2654089933470045,-1.1343423044407028
bybit_perp,ARB,20250728,1000,1549,1.1391246086989844,-1.8678821251076811,-0.7287575164086969
bybit_perp,ARB,20250728,2000,1276,1.1289731470719346,-2.1025008882267544,-0.9735277411548197
bybit_perp,ARB,20250728,5000,1035,1.1287373406920596,-1.7266542915169119,-0.5979169508248523
bybit_perp,ARB,20250728,10000,823,1.1300781318690405,-1.3648963889753967,-0.23481825710635623
bybit_perp,ARB,20250729,100,1697,1.1948802671535033,-2.156997545770002,-0.962117278616499
bybit_perp,ARB,20250729,250,1405,1.204113164828693,-2.2623161930327593,-1.0582030282040664
bybit_perp,ARB,20250729,500,1268,1.206240871503073,-2.181602031301544,-0.9753611597984712
bybit_perp,ARB,20250729,1000,1155,1.2140704613124647,-1.8850760315233088,-0.671005570210844
bybit_perp,ARB,20250729,2000,997,1.2021896711032607,-1.9986695633774538,-0.796479892274193
bybit_perp,ARB,20250729,5000,809,1.2081732109830643,-1.8822934947425727,-0.6741202837595086
bybit_perp,ARB,20250729,10000,680,1.1989313706192224,-1.4872376715511244,-0.28830630093190185
bybit_perp,ARB,20250730,100,2364,1.2334569796888257,-1.5788891244456353,-0.3454321447568092
bybit_perp,ARB,20250730,250,2005,1.258008626090387,-1.4164209312519356,-0.15841230516154847
bybit_perp,ARB,20250730,500,1849,1.2572935896193387,-1.6779260795375193,-0.4206324899181805
bybit_perp,ARB,20250730,1000,1670,1.2572909460287742,-1.5692730147987113,-0.311982068769937
bybit_perp,ARB,20250730,2000,1377,1.2525838397666444,-1.6617649429412102,-0.40918110317456563
bybit_perp,ARB,20250730,5000,1078,1.2635035418718126,-1.6092635241566013,-0.3457599822847886
bybit_perp,ARB,20250730,10000,879,1.2637039994771657,-1.5540363436657374,-0.2903323441885717
bybit_perp,ARB,20250731,100,2015,1.231282294835494,-1.7986488411941923,-0.5673665463586984
bybit_perp,ARB,20250731,250,1684,1.2478652285944973,-1.779305012175449,-0.5314397835809516
bybit_perp,ARB,20250731,500,1579,1.2581903570637052,-1.8764785042340943,-0.6182881471703892
bybit_perp,ARB,20250731,1000,1454,1.254987415505879,-2.050533780479921,-0.795546364974042
bybit_perp,ARB,20250731,2000,1267,1.245939252221018,-1.7960771424260873,-0.5501378902050691
bybit_perp,ARB,20250731,5000,1056,1.2558893939073907,-1.5559990412167488,-0.300109647309358
bybit_perp,ARB,20250731,10000,858,1.2572972577063346,-1.0858461612838575,0.17145109642247724
bybit_perp,ARB,20250801,100,1945,1.3241721810854283,-2.2578262743432393,-0.9336540932578105
bybit_perp,ARB,20250801,250,1616,1.3355998269374294,-1.952883186337065,-0.6172833593996361
bybit_perp,ARB,20250801,500,1485,1.3385321505296817,-2.047442932735284,-0.7089107822056022
bybit_perp,ARB,20250801,1000,1337,1.325937514634138,-2.2121527583989473,-0.8862152437648091
bybit_perp,ARB,20250801,2000,1118,1.32676392843345,-2.1037865928701107,-0.7770226644366607
bybit_perp,ARB,20250801,5000,876,1.3285537441481772,-1.9656532918243503,-0.6370995476761734
bybit_perp,ARB,20250801,10000,688,1.3377615881080747,-1.9415793300179869,-0.6038177419099121
bybit_perp,ARB,20250802,100,1109,1.3565676676766663,-1.9628927957499573,-0.6063251280732909
bybit_perp,ARB,20250802,250,925,1.3690310200874845,-2.096089394132492,-0.7270583740450076
bybit_perp,ARB,20250802,500,867,1.3759434776343173,-1.940634249794649,-0.5646907721603314
bybit_perp,ARB,20250802,1000,779,1.3725131328811193,-1.9604960299546124,-0.5879828970734928
bybit_perp,ARB,20250802,2000,715,1.369754913601582,-1.8047308230480017,-0.434975909446419
bybit_perp,ARB,20250802,5000,577,1.37172460982965,-1.4601684744158498,-0.08844386458619954
bybit_perp,ARB,20250802,10000,518,1.3725817689193063,-1.4612264425311667,-0.0886446736118606
bybit_perp,ARB,20250803,100,739,1.337516050409296,-1.4577991677486521,-0.12028311733935611
bybit_perp,ARB,20250803,250,645,1.3461673224710613,-1.402215836189717,-0.05604851371865585
bybit_perp,ARB,20250803,500,614,1.3429909461381493,-1.3961978909510708,-0.05320694481292145
bybit_perp,ARB,20250803,1000,584,1.3487117827230388,-1.474429050978029,-0.12571726825499024
bybit_perp,ARB,20250803,2000,513,1.3532851649049262,-1.4725860211404638,-0.11930085623553773
bybit_perp,ARB,20250803,5000,442,1.3543773694881445,-1.6089007480299748,-0.25452337854183027
bybit_perp,ARB,20250803,10000,385,1.3673461602706913,-1.1117931181634169,0.2555530421072743
bybit_perp,ARB,20250804,100,1089,1.2682248297942338,-1.741356627033089,-0.47313179723885485
bybit_perp,ARB,20250804,250,962,1.2942709777539456,-1.7290870728617027,-0.4348160951077569
bybit_perp,ARB,20250804,500,916,1.2910510380956104,-1.7397329373412322,-0.4486818992456218
bybit_perp,ARB,20250804,1000,837,1.2970621368331692,-1.741190511707607,-0.44412837487443774
bybit_perp,ARB,20250804,2000,751,1.2924538564888175,-1.634941793974842,-0.34248793748602413
bybit_perp,ARB,20250804,5000,596,1.295375984395011,-1.6445536357770514,-0.3491776513820409
bybit_perp,ARB,20250804,10000,519,1.294707030905292,-1.0170812531504665,0.2776257777548254
bybit_perp,ARB,20250805,100,1163,1.3031860893774336,-1.3916807487250125,-0.08849465934757922
bybit_perp,ARB,20250805,250,1018,1.319395449852937,-1.386905618656783,-0.06751016880384578
bybit_perp,ARB,20250805,500,920,1.3167987215169084,-1.313766394192017,0.0030323273248916184
bybit_perp,ARB,20250805,1000,876,1.3186620359939547,-1.3694487674368168,-0.050786731442862006
bybit_perp,ARB,20250805,2000,744,1.3233142514658098,-1.1736627938634976,0.14965145760231238
bybit_perp,ARB,20250805,5000,641,1.3151338974149356,-1.008178416117013,0.30695548129792244
bybit_perp,ARB,20250805,10000,544,1.3313778986163516,-0.7793948543358774,0.5519830442804741
bybit_perp,ARB,20250806,100,826,1.3191030108733581,-2.026267841720812,-0.7071648308474541
bybit_perp,ARB,20250806,250,714,1.334448848302431,-1.8364842569648978,-0.5020354086624671
bybit_perp,ARB,20250806,500,675,1.3267507286871245,-1.7523106269456266,-0.4255598982585017
bybit_perp,ARB,20250806,1000,597,1.3250557272532455,-1.64527459444305,-0.3202188671898045
bybit_perp,ARB,20250806,2000,554,1.328724749019428,-1.8331315947512894,-0.5044068457318615
bybit_perp,ARB,20250806,5000,440,1.3265686069679679,-1.8128409585381633,-0.48627235157019527
bybit_perp,ARB,20250806,10000,372,1.3099136795845014,-1.2069135012888759,0.10300017829562572
bybit_perp,ARB,20250807,100,743,1.2448587824156834,-2.1769588714905637,-0.9321000890748803
bybit_perp,ARB,20250807,250,630,1.2579109127727481,-2.4045935331243005,-1.146682620351552
bybit_perp,ARB,20250807,500,562,1.258090329981006,-2.4136197807438196,-1.1555294507628133
bybit_perp,ARB,20250807,1000,529,1.259338135602997,-2.372172352431689,-1.1128342168286922
bybit_perp,ARB,20250807,2000,452,1.241824454914891,-2.396325659702179,-1.154501204787288
bybit_perp,ARB,20250807,5000,389,1.2479791881315303,-1.7564769495871397,-0.5084977614556093
bybit_perp,ARB,20250807,10000,352,1.25803403156934,-1.0115435122926406,0.2464905192766993
bybit_perp,ARB,20250808,100,1549,1.1906944260746832,-1.6989262340608062,-0.5082318079861229
bybit_perp,ARB,20250808,250,1250,1.205524730467915,-1.6200766542814542,-0.4145519238135391
bybit_perp,ARB,20250808,500,1160,1.2047370666696289,-1.99962288422536,-0.7948858175557312
bybit_perp,ARB,20250808,1000,1002,1.2036723739944166,-2.0006169448056568,-0.7969445708112398
bybit_perp,ARB,20250808,2000,894,1.202623981929293,-1.9297527510255033,-0.7271287690962099
bybit_perp,ARB,20250808,5000,698,1.19809959669035,-1.7230702067341388,-0.5249706100437889
bybit_perp,ARB,20250808,10000,556,1.2038602029540577,-1.4907039057222868,-0.28684370276822885
bybit_perp,ARB,20250809,100,1831,1.097546702555094,-2.179243508349771,-1.081696805794677
bybit_perp,ARB,20250809,250,1533,1.1061781246614841,-2.1975389193372097,-1.0913607946757253
bybit_perp,ARB,20250809,500,1411,1.1079593225861168,-2.123974882566239,-1.0160155599801224
bybit_perp,ARB,20250809,1000,1305,1.111903516566366,-1.9547160588611039,-0.8428125422947382
bybit_perp,ARB,20250809,2000,1153,1.107344158781819,-2.166467889001035,-1.0591237302192158
bybit_perp,ARB,20250809,5000,931,1.11206778793079,-2.014172948482863,-0.9021051605520735
bybit_perp,ARB,20250809,10000,775,1.112655968094728,-1.363827747781985,-0.25117177968725696
bybit_perp,ARB,20250810,100,1869,1.0881305369424739,-2.0902614833689435,-1.0021309464264694
bybit_perp,ARB,20250810,250,1555,1.1023013623777278,-2.0109600342776957,-0.9086586718999683
bybit_perp,ARB,20250810,500,1462,1.1018428464564591,-2.1002709325923368,-0.9984280861358776
bybit_perp,ARB,20250810,1000,1346,1.1059515489173077,-2.2984687445620704,-1.1925171956447624
bybit_perp,ARB,20250810,2000,1195,1.108181686098539,-1.8879814425482888,-0.7797997564497499
bybit_perp,ARB,20250810,5000,950,1.106997382039295,-1.5741963741049816,-0.4671989920656867
bybit_perp,ARB,20250810,10000,812,1.1077646377288421,-1.4383588095121844,-0.33059417178334244
bybit_perp,ARB,20250811,100,2209,1.1105336160530739,-1.8928527566852875,-0.7823191406322137
bybit_perp,ARB,20250811,250,1826,1.1247875486239574,-1.6375637680194268,-0.5127762193954694
bybit_perp,ARB,20250811,500,1680,1.1244334335807018,-1.5532177425374465,-0.4287843089567445
bybit_perp,ARB,20250811,1000,1493,1.124665972488023,-1.5823411466048158,-0.4576751741167928
bybit_perp,ARB,20250811,2000,1307,1.1241498301341637,-1.7254812212428443,-0.6013313911086811
bybit_perp,ARB,20250811,5000,1087,1.128254740782011,-1.485676032765611,-0.3574212919836005
bybit_perp,ARB,20250811,10000,881,1.119640016280381,-1.1714258913125741,-0.051785875032193125
bybit_perp,ARB,20250812,100,2397,1.11608196066264,-2.3620871266859482,-1.2460051660233087
bybit_perp,ARB,20250812,250,2026,1.1263393381832185,-2.6189649691106,-1.4926256309273815
bybit_perp,ARB,20250812,500,1853,1.1291252590200191,-2.0791462251163244,-0.9500209660963052
bybit_perp,ARB,20250812,1000,1724,1.1157314572144925,-2.202210147475485,-1.0864786902609926
bybit_perp,ARB,20250812,2000,1478,1.1263142871296334,-2.0939181562902203,-0.967603869160587
bybit_perp,ARB,20250812,5000,1146,1.1168228556512763,-1.6327579365738574,-0.5159350809225809
bybit_perp,ARB,20250812,10000,950,1.1252821260876735,-1.2075545116026358,-0.08227238551496244
bybit_perp,ARB,20250813,100,8816,0.9761491117223366,-1.897609752235188,-0.9214606405128516
bybit_perp,ARB,20250813,250,6923,0.993064135735945,-1.990869250256724,-0.9978051145207791
bybit_perp,ARB,20250813,500,6304,0.9872095360030158,-1.8671928999508065,-0.8799833639477908
bybit_perp,ARB,20250813,1000,5327,0.9833522925493672,-1.640652651969066,-0.6573003594196992
bybit_perp,ARB,20250813,2000,4456,0.993415016829974,-1.797720985938426,-0.8043059691084519
bybit_perp,ARB,20250813,5000,3280,0.9959834929630313,-1.7686800949054475,-0.7726966019424162
bybit_perp,ARB,20250813,10000,2527,0.9924295809934816,-1.6356524314353733,-0.6432228504418918
bybit_perp,ARB,20250814,100,8171,1.0225657225941351,-2.5130698926636903,-1.490504170069556
bybit_perp,ARB,20250814,250,6362,1.0303255064504144,-2.5397309464083753,-1.5094054399579615
bybit_perp,ARB,20250814,500,5689,1.0193054752274655,-2.234396624287184,-1.2150911490597185
bybit_perp,ARB,20250814,1000,4819,1.009047235315878,-1.7037170387568177,-0.6946698034409399
bybit_perp,ARB,20250814,2000,3968,0.9961863638701163,-1.7724095909367783,-0.7762232270666622
bybit_perp,ARB,20250814,5000,3012,0.9900631714372033,-1.664929048106922,-0.6748658766697185
bybit_perp,ARB,20250814,10000,2275,0.9854476825441499,-1.3914257069360418,-0.4059780243918919
bybit_perp,ARB,20250815,100,5125,1.014867967323402,-1.7308250032378314,-0.715957035914429
bybit_perp,ARB,20250815,250,4127,1.0264777446303692,-1.8497972678070915,-0.8233195231767219
bybit_perp,ARB,20250815,500,3812,1.0259840602965844,-2.010439763926309,-0.9844557036297246
bybit_perp,ARB,20250815,1000,3340,1.029307530454136,-1.7646416329804129,-0.7353341025262772
bybit_perp,ARB,20250815,2000,2868,1.030895254457292,-1.5862955678591086,-0.5554003134018163
bybit_perp,ARB,20250815,5000,2242,1.0241355458261507,-1.9683612880256582,-0.9442257421995075
bybit_perp,ARB,20250815,10000,1776,1.0278739381586552,-1.5708323888515092,-0.5429584506928539
bybit_perp,ARB,20250816,100,1714,1.0392646507968963,-1.69878168181255,-0.6595170310156537
bybit_perp,ARB,20250816,250,1448,1.050091121908767,-1.7403101708078306,-0.6902190488990636
bybit_perp,ARB,20250816,500,1354,1.0552282466982033,-1.7646640489657404,-0.7094358022675373
bybit_perp,ARB,20250816,1000,1236,1.0528347557495896,-1.771182479237712,-0.7183477234881221
bybit_perp,ARB,20250816,2000,1111,1.0539425367084356,-1.827876165379339,-0.7739336286709032
bybit_perp,ARB,20250816,5000,903,1.0583243374009539,-1.6979601073493893,-0.6396357699484353
bybit_perp,ARB,20250816,10000,788,1.0507143978669091,-1.1411849670742091,-0.09047056920729997
bybit_perp,ARB,20250817,100,6761,0.9583147434044956,-1.7770865728310492,-0.8187718294265537
bybit_perp,ARB,20250817,250,5496,0.9839305344478952,-1.9152825696584226,-0.9313520352105275
bybit_perp,ARB,20250817,500,5003,0.9823917765557292,-2.0109161549821355,-1.0285243784264064
bybit_perp,ARB,20250817,1000,4478,0.9803480458883354,-1.8569692674009177,-0.876621221512582
bybit_perp,ARB,20250817,2000,3887,0.9852094351869038,-1.815262518508931,-0.8300530833220273
bybit_perp,ARB,20250817,5000,2978,0.9891253510851852,-1.730819224178849,-0.7416938730936634
bybit_perp,ARB,20250817,10000,2288,0.9908469088546877,-1.334551695370055,-0.3437047865153672
bybit_perp,ARB,20250818,100,4273,0.9757810312870951,-2.189470167252303,-1.2136891359652082
bybit_perp,ARB,20250818,250,3532,0.9908203503007019,-2.0432423563212527,-1.0524220060205507
bybit_perp,ARB,20250818,500,3235,0.9889908591836076,-1.9521255420780406,-0.9631346828944327
bybit_perp,ARB,20250818,1000,2871,0.9912075113414247,-1.8838566890924255,-0.8926491777510009
bybit_perp,ARB,20250818,2000,2521,0.994027439231683,-1.8880461689594008,-0.8940187297277177
bybit_perp,ARB,20250818,5000,1959,0.9863453806388476,-1.7503395679448024,-0.7639941873059549
bybit_perp,ARB,20250818,10000,1501,0.9902445293501579,-1.6258178236654144,-0.6355732943152562
bybit_perp,ARB,20250819,100,4537,1.0191304333580589,-1.6531456874830044,-0.6340152541249454
bybit_perp,ARB,20250819,250,3779,1.0317251826212395,-1.6919643557539976,-0.6602391731327579
bybit_perp,ARB,20250819,500,3439,1.0326343181402804,-1.6293989660389185,-0.5967646478986381
bybit_perp,ARB,20250819,1000,2963,1.0330605038668426,-1.6457745675682176,-0.6127140637013753
bybit_perp,ARB,20250819,2000,2576,1.0329591887146248,-1.7265644189481697,-0.693605230233545
bybit_perp,ARB,20250819,5000,1956,1.0320437595178593,-1.5567937389342206,-0.5247499794163615
bybit_perp,ARB,20250819,10000,1459,1.0309327376805748,-1.286982492569802,-0.25604975488922704
bybit_perp,ARB,20250820,100,3334,1.0209293625916196,-1.9133205942796025,-0.892391231687983
bybit_perp,ARB,20250820,250,2839,1.0368740500334395,-1.9670638289650186,-0.930189778931579
bybit_perp,ARB,20250820,500,2652,1.036002106591343,-1.9463176258176687,-0.9103155192263256
bybit_perp,ARB,20250820,1000,2365,1.0398064452175109,-1.978456429173004,-0.9386499839554935
bybit_perp,ARB,20250820,2000,2042,1.0336712499560858,-2.031649611867151,-0.9979783619110651
bybit_perp,ARB,20250820,5000,1532,1.0323592691656776,-1.9942423598774672,-0.9618830907117898
bybit_perp,ARB,20250820,10000,1249,1.0419588458500406,-1.4051886055841922,-0.3632297597341518
bybit_perp,AVAX,20250727,100,11594,0.20626768316829205,-1.3228397598347774,-1.116572076666485
bybit_perp,AVAX,20250727,250,9242,0.21730031043471548,-1.3538236204622272,-1.1365233100275116
bybit_perp,AVAX,20250727,500,8045,0.2172100005634745,-1.3373355089398589,-1.1201255083763846
bybit_perp,AVAX,20250727,1000,6630,0.21816849492806104,-1.2000670937554174,-0.9818985988273562
bybit_perp,AVAX,20250727,2000,5330,0.2185237545620888,-1.2059001771348097,-0.987376422572721
bybit_perp,AVAX,20250727,5000,3649,0.21846191136314255,-1.04028912259361,-0.8218272112304675
bybit_perp,AVAX,20250727,10000,2672,0.21954653572574404,-0.7588722159933944,-0.5393256802676503
bybit_perp,AVAX,20250728,100,17832,0.20322406806621082,-1.3023928459132106,-1.0991687778469996
bybit_perp,AVAX,20250728,250,13327,0.2141011918912267,-1.3311346462871942,-1.1170334543959675
bybit_perp,AVAX,20250728,500,11019,0.21581451671216476,-1.3073083068732512,-1.0914937901610864
bybit_perp,AVAX,20250728,1000,8915,0.21657442718652498,-1.257688214721903,-1.0411137875353782
bybit_perp,AVAX,20250728,2000,6859,0.21798965902000775,-1.2848171145077893,-1.0668274554877817
bybit_perp,AVAX,20250728,5000,4802,0.21683906679962509,-1.2639601904842621,-1.0471211236846367
bybit_perp,AVAX,20250728,10000,3383,0.21638353347113978,-0.9279879637449012,-0.7116044302737615
bybit_perp,AVAX,20250729,100,14975,0.21606554838260383,-1.2910219091749309,-1.074956360792327
bybit_perp,AVAX,20250729,250,11385,0.22453646826975376,-1.2826746192814518,-1.058138151011698
bybit_perp,AVAX,20250729,500,9548,0.2255601552138123,-1.2247378046751378,-0.9991776494613255
bybit_perp,AVAX,20250729,1000,7686,0.22573349997803333,-1.2011109811763723,-0.975377481198339
bybit_perp,AVAX,20250729,2000,5954,0.22695017571786458,-1.1584418504865572,-0.9314916747686928
bybit_perp,AVAX,20250729,5000,4075,0.22766401450148369,-1.0585129491468588,-0.8308489346453752
bybit_perp,AVAX,20250729,10000,3002,0.22300029329776086,-0.8716413563108054,-0.6486410630130445
bybit_perp,AVAX,20250730,100,13075,0.22597217919879461,-1.386361741393453,-1.1603895621946583
bybit_perp,AVAX,20250730,250,9791,0.237061967767721,-1.3274033913729413,-1.0903414236052202
bybit_perp,AVAX,20250730,500,8267,0.2366570616066894,-1.4302659030667388,-1.1936088414600496
bybit_perp,AVAX,20250730,1000,6665,0.23653348962188697,-1.3138304772061908,-1.077296987584304
bybit_perp,AVAX,20250730,2000,5151,0.2386148830307119,-1.3103258223059857,-1.0717109392752737
bybit_perp,AVAX,20250730,5000,3462,0.2389619019061033,-1.2201380968983535,-0.9811761949922504
bybit_perp,AVAX,20250730,10000,2500,0.24090572202972013,-1.0471257620263754,-0.8062200399966553
bybit_perp,AVAX,20250731,100,9946,0.22761095148599295,-1.2989244683661714,-1.0713135168801782
bybit_perp,AVAX,20250731,250,7626,0.2390692331357951,-1.3044940339255209,-1.0654248007897258
bybit_perp,AVAX,20250731,500,6569,0.23838018401534583,-1.2665569010013127,-1.0281767169859668
bybit_perp,AVAX,20250731,1000,5329,0.2381914188351425,-1.3010833542906588,-1.0628919354555164
bybit_perp,AVAX,20250731,2000,4003,0.2389047445502867,-1.1533513246643514,-0.9144465801140649
bybit_perp,AVAX,20250731,5000,2912,0.24030647919738582,-1.0338027862213715,-0.7934963070239857
bybit_perp,AVAX,20250731,10000,1977,0.23855608269301826,-0.8909607219179547,-0.6524046392249367
bybit_perp,AVAX,20250801,100,13825,0.2437125910665071,-1.361661157959451,-1.1179485668929443
bybit_perp,AVAX,20250801,250,10065,0.25460890920802887,-1.4009963510493677,-1.146387441841339
bybit_perp,AVAX,20250801,500,8230,0.2558220086555044,-1.3874606163786525,-1.1316386077231482
bybit_perp,AVAX,20250801,1000,6445,0.2552769236117545,-1.4352648901408147,-1.17998796652906
bybit_perp,AVAX,20250801,2000,4899,0.2562772743665085,-1.1250088160720766,-0.8687315417055681
bybit_perp,AVAX,20250801,5000,3552,0.2561559647569127,-1.4659744177849952,-1.2098184530280824
bybit_perp,AVAX,20250801,10000,2553,0.25484287796658694,-1.2833307395958873,-1.0284878616293003
bybit_perp,AVAX,20250802,100,9236,0.24603809117421982,-1.3636357420184728,-1.1175976508442529
bybit_perp,AVAX,20250802,250,7177,0.25818988118874525,-1.334711317626032,-1.0765214364372868
bybit_perp,AVAX,20250802,500,6121,0.2579712384442389,-1.3624167100081517,-1.104445471563913
bybit_perp,AVAX,20250802,1000,4908,0.25921718648557673,-1.396496267396772,-1.1372790809111955
bybit_perp,AVAX,20250802,2000,3904,0.2582428226771657,-1.309792378660373,-1.051549555983207
bybit_perp,AVAX,20250802,5000,2735,0.2582623007863917,-1.2310394532367965,-0.9727771524504051
bybit_perp,AVAX,20250802,10000,2131,0.25721331888182697,-1.0429756290806442,-0.7857623101988171
bybit_perp,AVAX,20250803,100,6571,0.24173472507481192,-1.2168492936196522,-0.9751145685448404
bybit_perp,AVAX,20250803,250,5353,0.2514294726923388,-1.2688678270411078,-1.0174383543487693
bybit_perp,AVAX,20250803,500,4742,0.25222676729713317,-1.2218553385637945,-0.9696285712666612
bybit_perp,AVAX,20250803,1000,3967,0.2523209657223092,-1.194538670641303,-0.9422177049189936
bybit_perp,AVAX,20250803,2000,3162,0.25244760646451836,-1.1289904709715377,-0.8765428645070196
bybit_perp,AVAX,20250803,5000,2288,0.2541047911719929,-0.9699890506005691,-0.7158842594285759
bybit_perp,AVAX,20250803,10000,1766,0.25723825249615045,-0.6714283595447383,-0.4141901070485878
bybit_perp,AVAX,20250804,100,9474,0.23583632677511737,-1.2142892957482252,-0.9784529689731079
bybit_perp,AVAX,20250804,250,7482,0.24819997907264313,-1.2907238834254353,-1.042523904352792
bybit_perp,AVAX,20250804,500,6518,0.25115461720669247,-1.2605659917701266,-1.0094113745634339
bybit_perp,AVAX,20250804,1000,5458,0.251078686995,-1.2198500634570082,-0.9687713764620084
bybit_perp,AVAX,20250804,2000,4253,0.2547605516405048,-1.1340682994695706,-0.8793077478290658
bybit_perp,AVAX,20250804,5000,3117,0.2548940171828377,-1.0290830188103963,-0.7741890016275587
bybit_perp,AVAX,20250804,10000,2251,0.25072454895684837,-0.7858757600588453,-0.535151211101997
bybit_perp,AVAX,20250805,100,8498,0.23529934130640395,-1.2798267034465063,-1.0445273621401021
bybit_perp,AVAX,20250805,250,6521,0.24634487349779832,-1.2691476259303316,-1.0228027524325332
bybit_perp,AVAX,20250805,500,5630,0.24578602234558375,-1.2188729151760915,-0.9730868928305072
bybit_perp,AVAX,20250805,1000,4596,0.24481870991973625,-1.1858015977465668,-0.9409828878268304
bybit_perp,AVAX,20250805,2000,3687,0.24486141755746313,-1.2566736878440838,-1.0118122702866206
bybit_perp,AVAX,20250805,5000,2594,0.24481503195145637,-1.0980384899501978,-0.8532234579987412
bybit_perp,AVAX,20250805,10000,1992,0.24452472025625271,-0.8515024289631904,-0.6069777087069377
bybit_perp,AVAX,20250806,100,7417,0.23499214130213106,-1.2144416569571834,-0.9794495156550524
bybit_perp,AVAX,20250806,250,5812,0.24670157896027567,-1.1849925414531746,-0.9382909624928987
bybit_perp,AVAX,20250806,500,4975,0.24695442878323254,-1.2413233076891583,-0.9943688789059258
bybit_perp,AVAX,20250806,1000,4043,0.24510014725036705,-1.2949119510732956,-1.0498118038229285
bybit_perp,AVAX,20250806,2000,3256,0.24678514171616525,-1.1901864813024905,-0.9434013395863252
bybit_perp,AVAX,20250806,5000,2410,0.24672690632719155,-1.118748148608297,-0.8720212422811057
bybit_perp,AVAX,20250806,10000,1756,0.24573735235676578,-0.7533946218428427,-0.5076572694860769
bybit_perp,AVAX,20250807,100,8298,0.22919108281308842,-1.121301246224964,-0.8921101634118755
bybit_perp,AVAX,20250807,250,6538,0.2409155802816434,-1.1252151974791074,-0.8842996171974641
bybit_perp,AVAX,20250807,500,5693,0.24117502157805662,-1.1227006049372676,-0.8815255833592109
bybit_perp,AVAX,20250807,1000,4816,0.24247712427690588,-1.1213842032395938,-0.8789070789626877
bybit_perp,AVAX,20250807,2000,3994,0.24216865450131606,-1.07525282074195,-0.833084166240634
bybit_perp,AVAX,20250807,5000,2863,0.23826098365508178,-1.0045474080183894,-0.7662864243633077
bybit_perp,AVAX,20250807,10000,2184,0.24068984958236744,-0.6679737709435273,-0.42728392136115984
bybit_perp,AVAX,20250808,100,11237,0.22324813945581534,-1.3298351430621644,-1.106587003606349
bybit_perp,AVAX,20250808,250,8504,0.23485627673436993,-1.2937651681777296,-1.0589088914433595
bybit_perp,AVAX,20250808,500,7252,0.23478516788415657,-1.318842858234947,-1.0840576903507906
bybit_perp,AVAX,20250808,1000,5936,0.23601922607108472,-1.375162200038778,-1.139142973967693
bybit_perp,AVAX,20250808,2000,4591,0.23550580964693169,-1.3499582683408293,-1.1144524586938973
bybit_perp,AVAX,20250808,5000,3241,0.23684859575842432,-1.1476905405516826,-0.9108419447932582
bybit_perp,AVAX,20250808,10000,2350,0.2357176354538195,-0.9470285585015945,-0.711310923047775
bybit_perp,AVAX,20250809,100,9213,0.21401327589467856,-1.1972610862561248,-0.9832478103614463
bybit_perp,AVAX,20250809,250,7235,0.22442837978646585,-1.150734117899708,-0.9263057381132419
bybit_perp,AVAX,20250809,500,6337,0.2248144103080349,-1.165070110537476,-0.9402557002294408
bybit_perp,AVAX,20250809,1000,5174,0.2253212350479553,-1.1351830970880534,-0.9098618620400982
bybit_perp,AVAX,20250809,2000,4145,0.2243145058248224,-1.0376924079075802,-0.8133779020827577
bybit_perp,AVAX,20250809,5000,2890,0.22542725215281093,-1.0235380556681966,-0.7981108035153855
bybit_perp,AVAX,20250809,10000,2167,0.2250521651512598,-0.769517318140045,-0.5444651529887852
bybit_perp,AVAX,20250810,100,9860,0.22036410671175807,-1.1888622494223868,-0.9684981427106288
bybit_perp,AVAX,20250810,250,7717,0.23027389572320756,-1.1610403483214007,-0.9307664525981929
bybit_perp,AVAX,20250810,500,6710,0.23156520154457336,-1.1426766361304779,-0.9111114345859046
bybit_perp,AVAX,20250810,1000,5541,0.23127477656172746,-1.094616647816835,-0.8633418712551076
bybit_perp,AVAX,20250810,2000,4397,0.23102300022984523,-1.0207544208002823,-0.789731420570437
bybit_perp,AVAX,20250810,5000,3108,0.22932521884267987,-1.0230805099389884,-0.7937552910963083
bybit_perp,AVAX,20250810,10000,2359,0.22901408848864263,-0.742294453806625,-0.5132803653179825
bybit_perp,AVAX,20250811,100,12337,0.22251115069357355,-1.2615525982116649,-1.039041447518091
bybit_perp,AVAX,20250811,250,9193,0.23430030562513127,-1.3101447577569403,-1.0758444521318091
bybit_perp,AVAX,20250811,500,7816,0.23566844340424026,-1.2885258488496556,-1.0528574054454156
bybit_perp,AVAX,20250811,1000,6289,0.2362740874573937,-1.2117466618342283,-0.9754725743768348
bybit_perp,AVAX,20250811,2000,5125,0.23696566492688234,-1.1962724872281938,-0.9593068223013116
bybit_perp,AVAX,20250811,5000,3613,0.23560024090693396,-1.0669668512466848,-0.8313666103397509
bybit_perp,AVAX,20250811,10000,2674,0.2344291818461692,-0.8831884090231424,-0.6487592271769731
bybit_perp,AVAX,20250812,100,10782,0.2203663717169543,-1.1408210165065744,-0.9204546447896202
bybit_perp,AVAX,20250812,250,8062,0.232655880766528,-1.0815181175037816,-0.8488622367372537
bybit_perp,AVAX,20250812,500,6885,0.2337572580246999,-1.0706304398948991,-0.8368731818701995
bybit_perp,AVAX,20250812,1000,5650,0.23596069084347887,-1.047889431291159,-0.8119287404476803
bybit_perp,AVAX,20250812,2000,4441,0.23576970557051755,-1.033889444662715,-0.7981197390921972
bybit_perp,AVAX,20250812,5000,3080,0.23571475085651078,-0.9140255409519938,-0.678310790095483
bybit_perp,AVAX,20250812,10000,2270,0.23271970965852312,-0.7729732441712769,-0.5402535345127536
bybit_perp,AVAX,20250813,100,12208,0.2085918555987265,-1.0867971853686984,-0.8782053297699719
bybit_perp,AVAX,20250813,250,9072,0.22206929655712532,-1.0226835633435405,-0.8006142667864152
bybit_perp,AVAX,20250813,500,7756,0.22390715228486707,-1.0846771650012628,-0.8607700127163959
bybit_perp,AVAX,20250813,1000,6362,0.22624473080800975,-1.0702400821930769,-0.843995351385067
bybit_perp,AVAX,20250813,2000,5011,0.22366101857425993,-0.9417003005878919,-0.718039282013632
bybit_perp,AVAX,20250813,5000,3485,0.22353944853333022,-1.0768503987250542,-0.8533109501917241
bybit_perp,AVAX,20250813,10000,2601,0.2220473958252883,-0.7787053265209957,-0.5566579306957072
bybit_perp,AVAX,20250814,100,15724,0.2605812069361122,-1.254019488502577,-0.9934382815664647
bybit_perp,AVAX,20250814,250,11482,0.27161766283750427,-1.1734613795158324,-0.9018437166783277
bybit_perp,AVAX,20250814,500,9552,0.2686743901813566,-1.3998592031034431,-1.1311848129220867
bybit_perp,AVAX,20250814,1000,7604,0.2658751837373625,-1.3251597907826362,-1.0592846070452737
bybit_perp,AVAX,20250814,2000,5930,0.2602447726281033,-1.2458506175076862,-0.9856058448795824
bybit_perp,AVAX,20250814,5000,3997,0.24657026348011307,-1.1617373365283545,-0.9151670730482415
bybit_perp,AVAX,20250814,10000,2869,0.24465110297255585,-0.7094339617500861,-0.46478285877753023
bybit_perp,AVAX,20250815,100,15254,0.21666162509594886,-1.1522905909754817,-0.9356289658795328
bybit_perp,AVAX,20250815,250,11026,0.22819870356764005,-1.1431956064315827,-0.9149969028639426
bybit_perp,AVAX,20250815,500,9140,0.22825115064225523,-1.1780626136105599,-0.9498114629683047
bybit_perp,AVAX,20250815,1000,7270,0.22894500490783495,-1.2287410574289812,-0.9997960525211461
bybit_perp,AVAX,20250815,2000,5503,0.2290380831380603,-1.2043511765861796,-0.9753130934481196
bybit_perp,AVAX,20250815,5000,3794,0.23026962793695138,-1.2229510031201392,-0.9926813751831878
bybit_perp,AVAX,20250815,10000,2775,0.22859028924507913,-0.9157456714644152,-0.6871553822193361
bybit_perp,AVAX,20250816,100,8474,0.21435161964664567,-1.4106690931769663,-1.1963174735303208
bybit_perp,AVAX,20250816,250,6527,0.2259897583854974,-1.382157651522984,-1.156167893137487
bybit_perp,AVAX,20250816,500,5682,0.22663409959314704,-1.4108361134240515,-1.1842020138309046
bybit_perp,AVAX,20250816,1000,4719,0.22689566886534834,-1.37803468129359,-1.1511390124282415
bybit_perp,AVAX,20250816,2000,3632,0.2283436216669449,-1.3791345433225197,-1.1507909216555747
bybit_perp,AVAX,20250816,5000,2697,0.2289097568521834,-1.1939452060483207,-0.9650354491961374
bybit_perp,AVAX,20250816,10000,2062,0.23112141306897424,-0.8875380366984683,-0.6564166236294939
bybit_perp,AVAX,20250817,100,10222,0.20823113836210508,-1.3691996730191702,-1.1609685346570653
bybit_perp,AVAX,20250817,250,7848,0.22057810075454712,-1.37977651789886,-1.159198417144313
bybit_perp,AVAX,20250817,500,6869,0.22091966624705792,-1.343888909721336,-1.122969243474278
bybit_perp,AVAX,20250817,1000,5564,0.2210875387009084,-1.3951696380642629,-1.1740820993633543
bybit_perp,AVAX,20250817,2000,4465,0.22186847597361162,-1.35149163210904,-1.1296231561354284
bybit_perp,AVAX,20250817,5000,3199,0.2215185301891499,-1.2627385820822399,-1.0412200518930899
bybit_perp,AVAX,20250817,10000,2313,0.22217567085260634,-0.9659307161204369,-0.7437550452678305
bybit_perp,AVAX,20250818,100,13629,0.2174028614691751,-1.297586507739861,-1.080183646270686
bybit_perp,AVAX,20250818,250,10018,0.22993472578090254,-1.2822716898916233,-1.052336964110721
bybit_perp,AVAX,20250818,500,8346,0.23095195932082152,-1.2677049482018032,-1.036752988880982
bybit_perp,AVAX,20250818,1000,6584,0.22966756833608895,-1.2722263109556586,-1.0425587426195695
bybit_perp,AVAX,20250818,2000,5196,0.23145515592317334,-1.2026103267628292,-0.9711551708396556
bybit_perp,AVAX,20250818,5000,3623,0.23112976816031025,-1.0840400280476712,-0.8529102598873609
bybit_perp,AVAX,20250818,10000,2564,0.22801807487987114,-1.1320409625464285,-0.9040228876665573
bybit_perp,AVAX,20250819,100,12401,0.22453417899560865,-1.2021979305704402,-0.9776637515748313
bybit_perp,AVAX,20250819,250,9174,0.23652997870309542,-1.2192809171336618,-0.9827509384305665
bybit_perp,AVAX,20250819,500,7663,0.2377548244275617,-1.1940513110583424,-0.9562964866307807
bybit_perp,AVAX,20250819,1000,6129,0.2370399288728064,-1.1841673198541063,-0.9471273909812999
bybit_perp,AVAX,20250819,2000,4921,0.23826383784615837,-1.152763656945119,-0.9144998190989607
bybit_perp,AVAX,20250819,5000,3382,0.2387122262199482,-1.1504052902963504,-0.9116930640764026
bybit_perp,AVAX,20250819,10000,2466,0.23646954323527805,-0.9312800689238656,-0.6948105256885875
bybit_perp,AVAX,20250820,100,10273,0.22421884544840687,-1.1037096771358943,-0.8794908316874875
bybit_perp,AVAX,20250820,250,7816,0.23642249510611862,-1.0744994745264256,-0.8380769794203067
bybit_perp,AVAX,20250820,500,6787,0.23658316703385857,-1.1100234104463778,-0.8734402434125192
bybit_perp,AVAX,20250820,1000,5681,0.2374028668127269,-1.1072012669776505,-0.8697984001649235
bybit_perp,AVAX,20250820,2000,4468,0.23955712456668166,-1.107434983463891,-0.8678778588972091
bybit_perp,AVAX,20250820,5000,3244,0.2400590933590354,-0.9417775113983887,-0.7017184180393534
bybit_perp,AVAX,20250820,10000,2391,0.2417021178392625,-0.7809421875432412,-0.5392400697039786
bybit_perp,BNB,20250727,100,4362,0.6149615810214486,-1.5549954593260913,-0.9400338783046427
bybit_perp,BNB,20250727,250,3761,0.6198402922895186,-1.3855479651923046,-0.7657076729027861
bybit_perp,BNB,20250727,500,3531,0.6198897526650757,-1.4125404018466525,-0.792650649181577
bybit_perp,BNB,20250727,1000,3188,0.6206703123179399,-1.3443595584579053,-0.7236892461399654
bybit_perp,BNB,20250727,2000,2861,0.6247365914902139,-1.3804017579769785,-0.7556651664867646
bybit_perp,BNB,20250727,5000,2263,0.6256870117362681,-1.449368407180033,-0.823681395443765
bybit_perp,BNB,20250727,10000,1778,0.6227606183939758,-1.0439892131447803,-0.4212285947508046
bybit_perp,BNB,20250728,100,9194,0.6005622958640624,-1.3847861218923656,-0.7842238260283033
bybit_perp,BNB,20250728,250,7898,0.6044763050172335,-1.3853881651060338,-0.7809118600888002
bybit_perp,BNB,20250728,500,7299,0.6037453293611558,-1.3527493905105548,-0.749004061149399
bybit_perp,BNB,20250728,1000,6496,0.6048084406868491,-1.3111601189688384,-0.7063516782819892
bybit_perp,BNB,20250728,2000,5626,0.6057576589348929,-1.4401321596245154,-0.8343745006896226
bybit_perp,BNB,20250728,5000,4210,0.6070166447737443,-1.2644821246344113,-0.657465479860667
bybit_perp,BNB,20250728,10000,3432,0.610426483552555,-1.062288536833622,-0.451862053281067
bybit_perp,BNB,20250729,100,6255,0.6201164919559116,-1.337750216414646,-0.7176337244587343
bybit_perp,BNB,20250729,250,5444,0.6272937741950174,-1.3360626899994321,-0.7087689158044144
bybit_perp,BNB,20250729,500,5105,0.6269080214912671,-1.3553376710115226,-0.7284296495202555
bybit_perp,BNB,20250729,1000,4520,0.6236694292195928,-1.3179397157157382,-0.6942702864961454
bybit_perp,BNB,20250729,2000,3947,0.6239640023036156,-1.4571179668369902,-0.8331539645333749
bybit_perp,BNB,20250729,5000,3098,0.6259725348661552,-1.287465507144705,-0.6614929722785501
bybit_perp,BNB,20250729,10000,2453,0.6231030190036974,-0.849920496328996,-0.2268174773252987
bybit_perp,BNB,20250730,100,6326,0.6359749823300479,-1.5110554014613942,-0.8750804191313463
bybit_perp,BNB,20250730,250,5565,0.6397762394506826,-1.5011158995363667,-0.8613396600856842
bybit_perp,BNB,20250730,500,5221,0.6404367447069955,-1.5202658948087415,-0.8798291501017457
bybit_perp,BNB,20250730,1000,4630,0.6405700924692628,-1.4917087179736988,-0.8511386255044356
bybit_perp,BNB,20250730,2000,4040,0.6396786950891262,-1.2578220876506234,-0.6181433925614974
bybit_perp,BNB,20250730,5000,3141,0.6433005086485938,-1.2303249955398696,-0.5870244868912758
bybit_perp,BNB,20250730,10000,2419,0.6394048139381442,-0.8949212918276886,-0.25551647788954457
bybit_perp,BNB,20250731,100,5772,0.6281977930587397,-1.3702895319099921,-0.7420917388512527
bybit_perp,BNB,20250731,250,5092,0.6325148232875635,-1.3260999486987657,-0.6935851254112021
bybit_perp,BNB,20250731,500,4806,0.6334827031434312,-1.3079588365502222,-0.6744761334067907
bybit_perp,BNB,20250731,1000,4304,0.6329612444424001,-1.2641971203900395,-0.6312358759476392
bybit_perp,BNB,20250731,2000,3720,0.6322026854712396,-1.2550987706983239,-0.6228960852270843
bybit_perp,BNB,20250731,5000,2922,0.6332636455078655,-1.087943494842409,-0.4546798493345432
bybit_perp,BNB,20250731,10000,2333,0.6374191407855236,-0.6472632004595152,-0.009844059673991795
bybit_perp,BNB,20250801,100,7184,0.653689139420753,-1.536797701571582,-0.8831085621508293
bybit_perp,BNB,20250801,250,6069,0.6571672521505965,-1.506016952113811,-0.8488496999632146
bybit_perp,BNB,20250801,500,5562,0.6575299147033734,-1.4473439695819155,-0.7898140548785418
bybit_perp,BNB,20250801,1000,4925,0.6591164891364356,-1.4442112413667614,-0.7850947522303259
bybit_perp,BNB,20250801,2000,4155,0.6585656074939578,-1.398729485050074,-0.7401638775561161
bybit_perp,BNB,20250801,5000,3176,0.6569816950905418,-1.2557431144252105,-0.5987614193346684
bybit_perp,BNB,20250801,10000,2494,0.6620037595413015,-1.1138017450059596,-0.4517979854646581
bybit_perp,BNB,20250802,100,4372,0.6703164604838143,-1.3652483958973678,-0.6949319354135534
bybit_perp,BNB,20250802,250,3870,0.673942439929834,-1.3211402866638138,-0.6471978467339797
bybit_perp,BNB,20250802,500,3699,0.674339490225686,-1.336404603445755,-0.6620651132200691
bybit_perp,BNB,20250802,1000,3306,0.6736215197296189,-1.3260498815535602,-0.6524283618239411
bybit_perp,BNB,20250802,2000,2888,0.6744463974406683,-1.2950108366523065,-0.6205644392116382
bybit_perp,BNB,20250802,5000,2234,0.6750180268855392,-1.1774251152742325,-0.5024070883886935
bybit_perp,BNB,20250802,10000,1820,0.673136978076941,-0.9952996957821836,-0.3221627177052426
bybit_perp,BNB,20250803,100,2552,0.6709529635641824,-1.4499957915004895,-0.779042827936307
bybit_perp,BNB,20250803,250,2369,0.6739907643355725,-1.4858566108104705,-0.8118658464748981
bybit_perp,BNB,20250803,500,2319,0.6739968600053466,-1.4248838099537715,-0.7508869499484248
bybit_perp,BNB,20250803,1000,2197,0.674664600066205,-1.411956166917092,-0.7372915668508869
bybit_perp,BNB,20250803,2000,1963,0.6752415662069738,-1.2516909548328938,-0.5764493886259202
bybit_perp,BNB,20250803,5000,1633,0.6741268013715618,-1.1488552087282362,-0.47472840735667443
bybit_perp,BNB,20250803,10000,1428,0.6786256434709125,-0.8283149578496718,-0.14968931437875943
bybit_perp,BNB,20250804,100,2385,0.6596792005227661,-1.1893445247145142,-0.5296653241917478
bybit_perp,BNB,20250804,250,2203,0.6640428466530683,-1.1617581962507466,-0.4977153495976785
bybit_perp,BNB,20250804,500,2146,0.6642469823339823,-1.160228361567748,-0.49598137923376595
bybit_perp,BNB,20250804,1000,2034,0.664299668752144,-1.1679756160046753,-0.503675947252531
bybit_perp,BNB,20250804,2000,1938,0.6646807374195842,-1.1419431508460307,-0.4772624134264463
bybit_perp,BNB,20250804,5000,1743,0.6649516375907286,-1.071181749881484,-0.40623011229075545
bybit_perp,BNB,20250804,10000,1406,0.6690138937565691,-0.860537695707665,-0.19152380195109597
bybit_perp,BNB,20250805,100,2920,0.6633662423384632,-1.343458283974848,-0.6800920416363849
bybit_perp,BNB,20250805,250,2704,0.6671581227322738,-1.3542728600715637,-0.6871147373392895
bybit_perp,BNB,20250805,500,2611,0.6670232931563903,-1.3259400654018736,-0.6589167722454833
bybit_perp,BNB,20250805,1000,2444,0.665306041560373,-1.2933882824670377,-0.628082240906665
bybit_perp,BNB,20250805,2000,2251,0.6658027800742885,-1.2783290011512625,-0.6125262210769741
bybit_perp,BNB,20250805,5000,1828,0.6649621366064915,-1.1549094771648742,-0.48994734055838274
bybit_perp,BNB,20250805,10000,1567,0.6653176236880828,-0.7197521893966599,-0.05443456570857715
bybit_perp,BNB,20250806,100,2539,0.6570306710489247,-1.2900297340606148,-0.6329990630116902
bybit_perp,BNB,20250806,250,2324,0.6591517132974106,-1.2948129932191383,-0.6356612799217276
bybit_perp,BNB,20250806,500,2258,0.6587329091952241,-1.28925828678779,-0.6305253775925659
bybit_perp,BNB,20250806,1000,2082,0.6589484773589185,-1.2797647057138608,-0.6208162283549422
bybit_perp,BNB,20250806,2000,1869,0.6591488075800512,-1.2993682503304629,-0.6402194427504116
bybit_perp,BNB,20250806,5000,1577,0.6597236179367593,-1.0687597628044725,-0.40903614486771334
bybit_perp,BNB,20250806,10000,1369,0.659794538467301,-0.7891093861692036,-0.1293148477019027
bybit_perp,BNB,20250807,100,2702,0.6486800579733599,-1.313917535293499,-0.6652374773201394
bybit_perp,BNB,20250807,250,2470,0.650836980253048,-1.2663225331502206,-0.6154855528971725
bybit_perp,BNB,20250807,500,2397,0.6506738695822856,-1.271041910078012,-0.6203680404957265
bybit_perp,BNB,20250807,1000,2222,0.651926225227256,-1.2870736479887008,-0.6351474227614449
bybit_perp,BNB,20250807,2000,2019,0.6522728904129785,-1.138757881584104,-0.4864849911711252
bybit_perp,BNB,20250807,5000,1724,0.6513607953077813,-1.0572605593029332,-0.40589976399515176
bybit_perp,BNB,20250807,10000,1493,0.6561352567780495,-0.7346356158351263,-0.07850035905707678
bybit_perp,BNB,20250808,100,3522,0.635339592693334,-1.0940936032321669,-0.4587540105388329
bybit_perp,BNB,20250808,250,3202,0.6379995497328342,-0.9960749757202633,-0.35807542598742875
bybit_perp,BNB,20250808,500,3040,0.6380095655023882,-0.9264090607271137,-0.2883994952247254
bybit_perp,BNB,20250808,1000,2846,0.6384353633970399,-1.0224272960940597,-0.3839919326970197
bybit_perp,BNB,20250808,2000,2473,0.6385202061013993,-0.9841114750316802,-0.3455912689302811
bybit_perp,BNB,20250808,5000,1938,0.6403778993591903,-0.9230913307935209,-0.28271343143433064
bybit_perp,BNB,20250808,10000,1689,0.6376022139179572,-0.7853202595093849,-0.14771804559142754
bybit_perp,BNB,20250809,100,3210,0.6207438231089266,-1.311240896712374,-0.6904970736034474
bybit_perp,BNB,20250809,250,2945,0.623585065438076,-1.3255312465620024,-0.7019461811239263
bybit_perp,BNB,20250809,500,2811,0.6231010960047028,-1.3301443777332116,-0.7070432817285085
bybit_perp,BNB,20250809,1000,2673,0.6232757093885138,-1.3050950009235618,-0.6818192915350477
bybit_perp,BNB,20250809,2000,2407,0.623791574046259,-1.2271117945896113,-0.6033202205433524
bybit_perp,BNB,20250809,5000,1970,0.627423312704132,-1.1716851879404888,-0.5442618752363569
bybit_perp,BNB,20250809,10000,1655,0.6235315447395631,-0.8458185033663762,-0.22228695862681305
bybit_perp,BNB,20250810,100,3487,0.622496549062537,-1.450800980506578,-0.8283044314440409
bybit_perp,BNB,20250810,250,3149,0.6245185730411971,-1.4361266391851606,-0.8116080661439636
bybit_perp,BNB,20250810,500,3023,0.624643455429297,-1.457612838042187,-0.8329693826128901
bybit_perp,BNB,20250810,1000,2837,0.6242997847798528,-1.4226017144265262,-0.7983019296466737
bybit_perp,BNB,20250810,2000,2532,0.6242692729977165,-1.2877977525937403,-0.6635284795960239
bybit_perp,BNB,20250810,5000,2058,0.6246078601998558,-1.087405042407628,-0.46279718220777233
bybit_perp,BNB,20250810,10000,1663,0.6239144471420967,-0.7038236158764503,-0.07990916873435373
bybit_perp,BNB,20250811,100,5079,0.6201842159153231,-1.4690311446813185,-0.8488469287659951
bybit_perp,BNB,20250811,250,4510,0.6243420270726514,-1.417029163868321,-0.7926871367956696
bybit_perp,BNB,20250811,500,4258,0.6248947688698051,-1.369641290421582,-0.7447465215517771
bybit_perp,BNB,20250811,1000,3829,0.6242007322033755,-1.3085495355767909,-0.6843488033734156
bybit_perp,BNB,20250811,2000,3326,0.6300587051025176,-1.2908285263247339,-0.6607698212222164
bybit_perp,BNB,20250811,5000,2684,0.6315776437025461,-1.0481609585491145,-0.4165833148465687
bybit_perp,BNB,20250811,10000,2134,0.6195445193104183,-0.8484820897790795,-0.22893757046866123
bybit_perp,BNB,20250812,100,3692,0.6120214041092649,-1.2919695847701773,-0.6799481806609124
bybit_perp,BNB,20250812,250,3358,0.6129404484584701,-1.2581802592181515,-0.6452398107596816
bybit_perp,BNB,20250812,500,3206,0.6127735115584214,-1.2339428628957831,-0.6211693513373615
bybit_perp,BNB,20250812,1000,2935,0.6139586701139629,-1.2543389893327814,-0.6403803192188183
bybit_perp,BNB,20250812,2000,2531,0.6141460902241961,-1.1324950599733385,-0.5183489697491425
bybit_perp,BNB,20250812,5000,2002,0.6162868564158255,-0.9107400943383962,-0.2944532379225708
bybit_perp,BNB,20250812,10000,1661,0.6130365923410407,-0.7443998504427287,-0.1313632581016879
bybit_perp,BNB,20250813,100,5814,0.592799623272898,-1.275403705791691,-0.682604082518793
bybit_perp,BNB,20250813,250,5107,0.5957524868637749,-1.2614622952125487,-0.6657098083487738
bybit_perp,BNB,20250813,500,4826,0.5960854467298,-1.2815359067764756,-0.6854504600466758
bybit_perp,BNB,20250813,1000,4323,0.5968355989086687,-1.2791869758362384,-0.6823513769275699
bybit_perp,BNB,20250813,2000,3800,0.5969715824778203,-1.3047265148563396,-0.7077549323785193
bybit_perp,BNB,20250813,5000,2920,0.5973278943041864,-1.1330424074755867,-0.5357145131714004
bybit_perp,BNB,20250813,10000,2419,0.5963873918753413,-0.8044670546567215,-0.20807966278138026
bybit_perp,BNB,20250814,100,9004,0.6163282964254027,-1.5890882096945442,-0.9727599132691416
bybit_perp,BNB,20250814,250,7621,0.6197782736875188,-1.4788379631274542,-0.8590596894399352
bybit_perp,BNB,20250814,500,6956,0.6156974490081238,-1.4190170415607297,-0.8033195925526057
bybit_perp,BNB,20250814,1000,5928,0.611093071971695,-1.5111585555773124,-0.9000654836056171
bybit_perp,BNB,20250814,2000,5076,0.6170325216476497,-1.5339820550696617,-0.9169495334220118
bybit_perp,BNB,20250814,5000,3880,0.6077418791524699,-1.199669205342686,-0.5919273261902162
bybit_perp,BNB,20250814,10000,3115,0.6085901272911899,-1.0889351150835305,-0.48034498779234047
bybit_perp,BNB,20250815,100,4088,0.6004442268964246,-1.2938530125491596,-0.6934087856527349
bybit_perp,BNB,20250815,250,3673,0.6044755419410974,-1.2867628352066312,-0.682287293265534
bybit_perp,BNB,20250815,500,3398,0.6048958513780398,-1.3293847075789982,-0.7244888562009585
bybit_perp,BNB,20250815,1000,3075,0.6051099305334715,-1.3521049971478436,-0.7469950666143722
bybit_perp,BNB,20250815,2000,2694,0.6038598590519657,-1.1938400559489533,-0.5899801968969874
bybit_perp,BNB,20250815,5000,2145,0.6016000062784826,-0.9237494350505411,-0.32214942877205843
bybit_perp,BNB,20250815,10000,1757,0.6020701753014092,-0.8471615314367436,-0.24509135613533437
bybit_perp,BNB,20250816,100,1497,0.603245400617407,-1.3809129605125627,-0.7776675598951557
bybit_perp,BNB,20250816,250,1417,0.6076449687586185,-1.3751744111243782,-0.7675294423657597
bybit_perp,BNB,20250816,500,1402,0.6076911073089363,-1.332096681467161,-0.7244055741582247
bybit_perp,BNB,20250816,1000,1327,0.6081436107880147,-1.2656259299673973,-0.6574823191793826
bybit_perp,BNB,20250816,2000,1238,0.6071866208582393,-1.222551301796307,-0.6153646809380676
bybit_perp,BNB,20250816,5000,1046,0.6026416300478832,-1.1603654554189382,-0.5577238253710552
bybit_perp,BNB,20250816,10000,858,0.6022528891051165,-0.9221661385734095,-0.3199132494682931
bybit_perp,BNB,20250817,100,3131,0.5878326728270692,-1.324151464074515,-0.7363187912474457
bybit_perp,BNB,20250817,250,2810,0.5901506979806637,-1.3946724733565643,-0.8045217753759004
bybit_perp,BNB,20250817,500,2716,0.5900960786089697,-1.3796340763261112,-0.7895379977171415
bybit_perp,BNB,20250817,1000,2511,0.589980720603441,-1.4231542607825924,-0.8331735401791515
bybit_perp,BNB,20250817,2000,2312,0.5898363495384311,-1.3205840626718526,-0.7307477131334216
bybit_perp,BNB,20250817,5000,1985,0.5914261459233876,-1.1731210137286145,-0.5816948678052267
bybit_perp,BNB,20250817,10000,1643,0.592124251820369,-0.8506817024787917,-0.2585574506584227
bybit_perp,BNB,20250818,100,4792,0.5990628257310074,-1.3970515427589594,-0.7979887170279517
bybit_perp,BNB,20250818,250,4361,0.6005180420807003,-1.433286262356745,-0.8327682202760446
bybit_perp,BNB,20250818,500,4163,0.6009152138241513,-1.4941828443864362,-0.8932676305622852
bybit_perp,BNB,20250818,1000,3704,0.6006309136505471,-1.433220650906798,-0.8325897372562505
bybit_perp,BNB,20250818,2000,3402,0.6010582490921142,-1.3463248732126027,-0.7452666241204885
bybit_perp,BNB,20250818,5000,2625,0.6005243530394921,-1.1207917775426077,-0.5202674245031155
bybit_perp,BNB,20250818,10000,2020,0.5996552973453854,-0.7982722535936642,-0.19861695624827883
bybit_perp,BNB,20250819,100,4681,0.5968749737891387,-1.4354368127896135,-0.8385618390004749
bybit_perp,BNB,20250819,250,4208,0.6005695525628882,-1.4171828391863508,-0.8166132866234629
bybit_perp,BNB,20250819,500,4061,0.6002494486395096,-1.4630173582142383,-0.8627679095747288
bybit_perp,BNB,20250819,1000,3642,0.6003622171735253,-1.4218962996515976,-0.8215340824780724
bybit_perp,BNB,20250819,2000,3206,0.6011602360705345,-1.4140831042217088,-0.8129228681511743
bybit_perp,BNB,20250819,5000,2397,0.603357519333631,-1.2496643776928247,-0.6463068583591935
bybit_perp,BNB,20250819,10000,1982,0.6033309986694186,-0.8198239282534867,-0.21649292958406816
bybit_perp,BNB,20250820,100,5398,0.5963595429183777,-1.2604552188837457,-0.6640956759653678
bybit_perp,BNB,20250820,250,4742,0.6026054991341635,-1.2205526344110884,-0.6179471352769247
bybit_perp,BNB,20250820,500,4447,0.6031179180802831,-1.2285055808419094,-0.6253876627616263
bybit_perp,BNB,20250820,1000,4012,0.6041439960842906,-1.2374861177794703,-0.63334212169518
bybit_perp,BNB,20250820,2000,3550,0.6059407662504188,-1.1585299763645596,-0.5525892101141409
bybit_perp,BNB,20250820,5000,2745,0.6108730112488379,-1.0725593543918692,-0.46168634314303153
bybit_perp,BNB,20250820,10000,2287,0.6094909471463101,-0.7895511402327091,-0.18006019308639903
bybit_perp,BTC,20250727,100,28243,0.005420936662828337,-0.4101367301398831,-0.4047157934770549
bybit_perp,BTC,20250727,250,22438,0.006215709050900452,-0.49737358733004405,-0.49115787827914364
bybit_perp,BTC,20250727,500,19675,0.006474874524603377,-0.4863468689276516,-0.47987199440304834
bybit_perp,BTC,20250727,1000,17148,0.006752083392327041,-0.4567916053995778,-0.4500395220072507
bybit_perp,BTC,20250727,2000,14495,0.006365963211347246,-0.26249678145977917,-0.2561308182484319
bybit_perp,BTC,20250727,5000,10738,0.0060484641944283405,-0.37009198313390745,-0.3640435189394791
bybit_perp,BTC,20250727,10000,8043,0.006240154332749599,-0.18350220645008686,-0.1772620521173372
bybit_perp,BTC,20250728,100,29688,0.005042229781690434,-0.6194125818033597,-0.6143703520216692
bybit_perp,BTC,20250728,250,23176,0.006814369823574468,-0.5691869128564144,-0.5623725430328401
bybit_perp,BTC,20250728,500,19354,0.0070021871817975406,-0.5488920722065709,-0.5418898850247733
bybit_perp,BTC,20250728,1000,16326,0.007325159520619885,-0.5236982903225791,-0.5163731308019593
bybit_perp,BTC,20250728,2000,13248,0.007825132226897175,-0.5290090263669713,-0.5211838941400742
bybit_perp,BTC,20250728,5000,9054,0.007478532434418311,-0.4315304313143771,-0.4240518988799588
bybit_perp,BTC,20250728,10000,6623,0.007503397768931817,-0.2613455409506015,-0.25384214318166964
bybit_perp,BTC,20250729,100,36678,0.005565843777730491,-0.6590279145290407,-0.6534620707513101
bybit_perp,BTC,20250729,250,28850,0.00678130501168884,-0.6376142183192318,-0.6308329133075429
bybit_perp,BTC,20250729,500,24911,0.006831705056622222,-0.6482858880441076,-0.6414541829874855
bybit_perp,BTC,20250729,1000,20824,0.007589567803632861,-0.6093239929164271,-0.6017344251127942
bybit_perp,BTC,20250729,2000,16921,0.007504402416650209,-0.6096956181374495,-0.6021912157207995
bybit_perp,BTC,20250729,5000,11497,0.00799764181591829,-0.48122281727210686,-0.4732251754561885
bybit_perp,BTC,20250729,10000,8873,0.007407887284460071,-0.3434479315698098,-0.3360400442853498
bybit_perp,BTC,20250730,100,31592,0.005235032098730018,-0.5598597018672665,-0.5546246697685365
bybit_perp,BTC,20250730,250,24891,0.006681616689930081,-0.6174322524957492,-0.6107506358058191
bybit_perp,BTC,20250730,500,21485,0.006809508980530106,-0.5776076479975857,-0.5707981390170556
bybit_perp,BTC,20250730,1000,17706,0.006569505658395914,-0.6106282759990356,-0.6040587703406396
bybit_perp,BTC,20250730,2000,14361,0.006807706182598329,-0.5587746727974147,-0.5519669666148163
bybit_perp,BTC,20250730,5000,10239,0.00741665692505725,-0.5588548303799864,-0.551438173454929
bybit_perp,BTC,20250730,10000,7300,0.007544712687761343,-0.22456290089282754,-0.21701818820506621
bybit_perp,BTC,20250731,100,40483,0.0051300409769376686,-0.7221536712337434,-0.7170236302568056
bybit_perp,BTC,20250731,250,32429,0.00643417511484978,-0.716462340864195,-0.7100281657493452
bybit_perp,BTC,20250731,500,28441,0.00653263515317286,-0.7015565302488098,-0.6950238950956371
bybit_perp,BTC,20250731,1000,24860,0.0064998330274020875,-0.6811905157088112,-0.6746906826814091
bybit_perp,BTC,20250731,2000,20405,0.0062634252628084395,-0.6033726178921345,-0.5971091926293259
bybit_perp,BTC,20250731,5000,15112,0.0065557249010860215,-0.4646350788332106,-0.45807935393212457
bybit_perp,BTC,20250731,10000,10804,0.00600997276201901,-0.26113192423972903,-0.25512195147771
bybit_perp,BTC,20250801,100,66884,0.005627024233249512,-0.7726139667931088,-0.766986942559859
bybit_perp,BTC,20250801,250,51316,0.006338750350518013,-0.7286675307582733,-0.7223287804077554
bybit_perp,BTC,20250801,500,43333,0.006804978141464366,-0.7322638104660363,-0.7254588323245719
bybit_perp,BTC,20250801,1000,34569,0.006362027248592564,-0.7177556988468646,-0.7113936715982722
bybit_perp,BTC,20250801,2000,25894,0.005947789427120121,-0.6969340040765548,-0.6909862146494344
bybit_perp,BTC,20250801,5000,17218,0.006554215056412191,-0.5894495241088183,-0.5828953090524062
bybit_perp,BTC,20250801,10000,10920,0.006042628667525623,-0.3021879199642869,-0.29614529129676126
bybit_perp,BTC,20250802,100,38081,0.0051341458765909505,-0.6906989817463236,-0.6855648358697325
bybit_perp,BTC,20250802,250,30587,0.006573751443672923,-0.6446670846816117,-0.6380933332379387
bybit_perp,BTC,20250802,500,26774,0.006725738021607472,-0.6696434048003238,-0.6629176667787166
bybit_perp,BTC,20250802,1000,23463,0.006891355850853432,-0.634543393955215,-0.6276520381043617
bybit_perp,BTC,20250802,2000,19863,0.0059805316840753865,-0.6019547088881444,-0.595974177204069
bybit_perp,BTC,20250802,5000,14522,0.007295256850125523,-0.5032300768119856,-0.4959348199618601
bybit_perp,BTC,20250802,10000,9927,0.006219078332282962,-0.302204418879938,-0.2959853405476551
bybit_perp,BTC,20250803,100,28044,0.0051337976048218565,-0.5907555087608718,-0.5856217111560499
bybit_perp,BTC,20250803,250,23388,0.006157339281556491,-0.5734194160420141,-0.5672620767604575
bybit_perp,BTC,20250803,500,21430,0.005993095100731946,-0.5752059345245061,-0.5692128394237742
bybit_perp,BTC,20250803,1000,19551,0.006187191267641142,-0.566302288670719,-0.5601150974030779
bybit_perp,BTC,20250803,2000,16712,0.005936260807234783,-0.5200816118838991,-0.5141453510766643
bybit_perp,BTC,20250803,5000,13411,0.0057340212314773995,-0.38666554596165204,-0.38093152473017466
bybit_perp,BTC,20250803,10000,9847,0.005781437059755016,-0.20837272476934232,-0.20259128770958726
bybit_perp,BTC,20250804,100,36873,0.005036802659868309,-0.6078354524455314,-0.6027986497856631
bybit_perp,BTC,20250804,250,29119,0.0061986654313557965,-0.604643318366817,-0.5984446529354612
bybit_perp,BTC,20250804,500,25611,0.006346003164156333,-0.5943257387917118,-0.5879797356275556
bybit_perp,BTC,20250804,1000,21675,0.006680053338016107,-0.6232450951087434,-0.6165650417707274
bybit_perp,BTC,20250804,2000,17640,0.006992255228490458,-0.6029950485431879,-0.5960027933146974
bybit_perp,BTC,20250804,5000,12260,0.007267284808695778,-0.547460568654644,-0.5401932838459483
bybit_perp,BTC,20250804,10000,8702,0.007767651811137598,-0.29446532146194937,-0.2866976696508118
bybit_perp,BTC,20250805,100,49307,0.005566476890927679,-0.5482101139699934,-0.5426436370790657
bybit_perp,BTC,20250805,250,38871,0.0062665772021854365,-0.5310074616568243,-0.5247408844546388
bybit_perp,BTC,20250805,500,33119,0.006621965602637589,-0.49813096916920874,-0.4915090035665712
bybit_perp,BTC,20250805,1000,27204,0.006532050470550821,-0.5212087926994546,-0.5146767422289039
bybit_perp,BTC,20250805,2000,20940,0.006299879963522859,-0.43461991288877516,-0.4283200329252523
bybit_perp,BTC,20250805,5000,14342,0.00610860767804866,-0.4903665417326757,-0.48425793405462697
bybit_perp,BTC,20250805,10000,9959,0.005626713591581302,-0.29558621651074163,-0.28995950291916034
bybit_perp,BTC,20250806,100,41529,0.005685806213510844,-0.5391059021337444,-0.5334200959202335
bybit_perp,BTC,20250806,250,33416,0.006852554761515699,-0.5095229962408838,-0.5026704414793681
bybit_perp,BTC,20250806,500,29156,0.007164781063739569,-0.5365460223550177,-0.5293812412912783
bybit_perp,BTC,20250806,1000,24391,0.006861818269169309,-0.527032320916205,-0.5201705026470356
bybit_perp,BTC,20250806,2000,19902,0.0063331699520698705,-0.49070435392870637,-0.48437118397663653
bybit_perp,BTC,20250806,5000,13914,0.006770108290778768,-0.4370333976216567,-0.43026328933087804
bybit_perp,BTC,20250806,10000,9786,0.00672302174687906,-0.2853148376900926,-0.2785918159432135
bybit_perp,BTC,20250807,100,50033,0.005158145283996341,-0.4774652130837358,-0.4723070677997394
bybit_perp,BTC,20250807,250,39919,0.006217594684866479,-0.4603653711492304,-0.454147776464364
bybit_perp,BTC,20250807,500,34140,0.006608725743247988,-0.4780882243602476,-0.47147949861699956
bybit_perp,BTC,20250807,1000,28042,0.0066266802022470145,-0.4621683435405713,-0.4555416633383243
bybit_perp,BTC,20250807,2000,23123,0.006445207200723098,-0.4606109799674916,-0.4541657727667686
bybit_perp,BTC,20250807,5000,15914,0.0065045869175345255,-0.4042628293383089,-0.3977582424207744
bybit_perp,BTC,20250807,10000,11292,0.005252332070655541,-0.25348026041747984,-0.24822792834682436
bybit_perp,BTC,20250808,100,40164,0.004941586482533181,-0.5584624685154461,-0.5535208820329132
bybit_perp,BTC,20250808,250,31697,0.006065797675946028,-0.5280780645220171,-0.522012266846071
bybit_perp,BTC,20250808,500,27424,0.006006981638720887,-0.4848521334663282,-0.47884515182760723
bybit_perp,BTC,20250808,1000,23795,0.0067584097868440005,-0.5002877736510917,-0.4935293638642477
bybit_perp,BTC,20250808,2000,19655,0.006584146034183346,-0.456185810904998,-0.4496016648708146
bybit_perp,BTC,20250808,5000,14666,0.006348673126964185,-0.39409961493363743,-0.38775094180667335
bybit_perp,BTC,20250808,10000,10794,0.006497888600386997,-0.26648003572150225,-0.2599821471211153
bybit_perp,BTC,20250809,100,36875,0.0048922051397108516,-0.5167660411189485,-0.5118738359792379
bybit_perp,BTC,20250809,250,30252,0.005847009584379769,-0.4990216240786048,-0.49317461449422506
bybit_perp,BTC,20250809,500,27376,0.005973078719974936,-0.46450116915458406,-0.458528090434609
bybit_perp,BTC,20250809,1000,24251,0.006175959656520242,-0.48230108163059915,-0.4761251219740789
bybit_perp,BTC,20250809,2000,20621,0.0059469644949847935,-0.4293210258275794,-0.42337406133259475
bybit_perp,BTC,20250809,5000,16244,0.005700102515663642,-0.3750834070037795,-0.3693833044881158
bybit_perp,BTC,20250809,10000,12293,0.006012032375945277,-0.24656699438722005,-0.24055496201127471
bybit_perp,BTC,20250810,100,44085,0.00769743421297235,-0.5470742322117692,-0.539376797998797
bybit_perp,BTC,20250810,250,35292,0.007759372568097747,-0.5284799729112476,-0.5207206003431497
bybit_perp,BTC,20250810,500,30437,0.007778288590665018,-0.5320151380234507,-0.5242368494327857
bybit_perp,BTC,20250810,1000,26234,0.00811381979138418,-0.5064892275310734,-0.4983754077396891
bybit_perp,BTC,20250810,2000,21412,0.008683604767756065,-0.4629466751232577,-0.4542630703555016
bybit_perp,BTC,20250810,5000,14878,0.005653243979262106,-0.4573104860145731,-0.451657242035311
bybit_perp,BTC,20250810,10000,10641,0.005796955726448055,-0.24197832837497196,-0.23618137264852387
bybit_perp,BTC,20250811,100,68634,0.0054391929328405616,-0.6805526332809192,-0.6751134403480785
bybit_perp,BTC,20250811,250,52013,0.006423192791773322,-0.6334793899385363,-0.627056197146763
bybit_perp,BTC,20250811,500,43800,0.006601581842496908,-0.611389917942592,-0.604788336100095
bybit_perp,BTC,20250811,1000,35445,0.006028025674774894,-0.5276377891295884,-0.5216097634548134
bybit_perp,BTC,20250811,2000,27320,0.0067417004085405996,-0.6285607156077261,-0.6218190151991854
bybit_perp,BTC,20250811,5000,17399,0.007481500704975571,-0.482148573749019,-0.47466707304404343
bybit_perp,BTC,20250811,10000,11246,0.006258940703364977,-0.28838103080270383,-0.28212209009933886
bybit_perp,BTC,20250812,100,53373,0.0058601396671775635,-0.6204798448047202,-0.6146197051375425
bybit_perp,BTC,20250812,250,42622,0.0073589678911386005,-0.6235142188380854,-0.6161552509469468
bybit_perp,BTC,20250812,500,36986,0.007802464027065001,-0.6019531622200943,-0.5941506981930293
bybit_perp,BTC,20250812,1000,30053,0.007862617512321724,-0.5680990604513202,-0.5602364429389984
bybit_perp,BTC,20250812,2000,23996,0.006835194942573709,-0.586673845111918,-0.5798386501693443
bybit_perp,BTC,20250812,5000,16073,0.007321674417820846,-0.48965950772590927,-0.48233783330808844
bybit_perp,BTC,20250812,10000,11525,0.009739607139722923,-0.2568328702550081,-0.24709326311528526
bybit_perp,BTC,20250813,100,67601,0.004906127489886268,-0.6503673610416704,-0.6454612335517841
bybit_perp,BTC,20250813,250,51698,0.0059935755563147375,-0.6376353816081385,-0.6316418060518237
bybit_perp,BTC,20250813,500,43847,0.006243297774838771,-0.6051994090698981,-0.5989561112950593
bybit_perp,BTC,20250813,1000,35101,0.006209471478369955,-0.6522327523764384,-0.6460232808980686
bybit_perp,BTC,20250813,2000,27393,0.006400235336282256,-0.5978399159616682,-0.591439680625386
bybit_perp,BTC,20250813,5000,18139,0.006062149336697012,-0.5406342317809327,-0.5345720824442357
bybit_perp,BTC,20250813,10000,12422,0.005630034090479577,-0.26075058347735003,-0.25512054938687045
bybit_perp,BTC,20250814,100,87654,0.007222291136808084,-0.5503420531947485,-0.5431197620579403
bybit_perp,BTC,20250814,250,64200,0.007535059764746407,-0.8306538638240197,-0.8231188040592734
bybit_perp,BTC,20250814,500,51314,0.007494986422964148,-0.588695103118486,-0.581200116695522
bybit_perp,BTC,20250814,1000,40165,0.0070233604772307985,-0.5379682696607135,-0.5309449091834828
bybit_perp,BTC,20250814,2000,30067,0.006482038601948585,-0.6742250016874911,-0.6677429630855425
bybit_perp,BTC,20250814,5000,18953,0.009117422804237975,-0.7047072874418596,-0.6955898646376216
bybit_perp,BTC,20250814,10000,11499,0.006132140953046322,-0.31780139499658816,-0.31166925404354184
bybit_perp,BTC,20250815,100,45071,0.004971766221273752,-0.6242784850658544,-0.6193067188445807
bybit_perp,BTC,20250815,250,34580,0.0057969684537607395,-0.6049548363254164,-0.5991578678716556
bybit_perp,BTC,20250815,500,28524,0.005962775236073966,-0.567388445038843,-0.5614256698027692
bybit_perp,BTC,20250815,1000,23405,0.0058147481627245,-0.5319804674794297,-0.5261657193167051
bybit_perp,BTC,20250815,2000,18514,0.00527984340168846,-0.5491868093858512,-0.5439069659841627
bybit_perp,BTC,20250815,5000,12469,0.005528972853414686,-0.4636105552228893,-0.4580815823694746
bybit_perp,BTC,20250815,10000,7989,0.005146882877631254,-0.31793395261562646,-0.3127870697379953
bybit_perp,BTC,20250816,100,19763,0.004739068012834079,-0.4725392347321151,-0.467800166719281
bybit_perp,BTC,20250816,250,15786,0.00619530698132239,-0.46518324744120537,-0.45898794045988295
bybit_perp,BTC,20250816,500,14199,0.006365862566136845,-0.4515713641160844,-0.4452055015499475
bybit_perp,BTC,20250816,1000,12789,0.006516679931599437,-0.4449479518802325,-0.43843127194863313
bybit_perp,BTC,20250816,2000,11316,0.005981226222630564,-0.4208003388142454,-0.41481911259161486
bybit_perp,BTC,20250816,5000,8788,0.006245172396858305,-0.3632176296584773,-0.3569724572616189
bybit_perp,BTC,20250816,10000,6799,0.006940136629816035,-0.2249450016754727,-0.2180048650456567
bybit_perp,BTC,20250817,100,26726,0.004701816514026488,-0.43981214111304373,-0.4351103245990172
bybit_perp,BTC,20250817,250,21287,0.005321245689789676,-0.3909870421775852,-0.3856657964877956
bybit_perp,BTC,20250817,500,18778,0.005398924072775084,-0.41034767558099966,-0.40494875150822457
bybit_perp,BTC,20250817,1000,16626,0.005521635981041875,-0.39432729926007487,-0.38880566327903293
bybit_perp,BTC,20250817,2000,14360,0.005734672048680758,-0.3609513288374959,-0.3552166567888152
bybit_perp,BTC,20250817,5000,10970,0.005963294271270312,-0.30323313403166324,-0.29726983976039295
bybit_perp,BTC,20250817,10000,8501,0.005676966513892083,-0.19043548432185115,-0.18475851780795904
bybit_perp,BTC,20250818,100,51377,0.0051935698800000514,-0.5273407420570233,-0.5221471721770232
bybit_perp,BTC,20250818,250,39406,0.005663276554071778,-0.5515288142111705,-0.5458655376570988
bybit_perp,BTC,20250818,500,33427,0.005642146776233494,-0.4767760375513417,-0.4711338907751082
bybit_perp,BTC,20250818,1000,26690,0.006020339139404431,-0.49719625078503615,-0.4911759116456317
bybit_perp,BTC,20250818,2000,21125,0.006301586628148,-0.49288485063843623,-0.4865832640102881
bybit_perp,BTC,20250818,5000,13741,0.006545904213322581,-0.43707219278653153,-0.4305262885732089
bybit_perp,BTC,20250818,10000,9417,0.007287297246229121,-0.23608652841728536,-0.22879923117105622
bybit_perp,BTC,20250819,100,49995,0.005760577997259286,-0.5758122027082011,-0.5700516247109418
bybit_perp,BTC,20250819,250,37822,0.0067192151748027475,-0.5540179454179982,-0.5472987302431954
bybit_perp,BTC,20250819,500,31588,0.007071861791096122,-0.5479765191019923,-0.540904657310896
bybit_perp,BTC,20250819,1000,25887,0.0075296492921725945,-0.5296572085018864,-0.5221275592097138
bybit_perp,BTC,20250819,2000,19594,0.006834226373320209,-0.578050003569417,-0.5712157771960971
bybit_perp,BTC,20250819,5000,12670,0.0068064085150839,-0.46758469893155413,-0.46077829041647017
bybit_perp,BTC,20250819,10000,9068,0.005519951490319101,-0.3247023477136126,-0.31918239622329353
bybit_perp,BTC,20250820,100,41396,0.005400304450586577,-0.5860490526786011,-0.5806487482280145
bybit_perp,BTC,20250820,250,32239,0.006736962727498182,-0.5765837544350408,-0.5698467917075427
bybit_perp,BTC,20250820,500,26924,0.006680345827760888,-0.5533800470431953,-0.5466997012154344
bybit_perp,BTC,20250820,1000,22122,0.006523384670546207,-0.5513850049402553,-0.5448616202697092
bybit_perp,BTC,20250820,2000,17570,0.007228241025340406,-0.5456035254735538,-0.5383752844482135
bybit_perp,BTC,20250820,5000,11709,0.007109324276114116,-0.45426069075537934,-0.44715136647926523
bybit_perp,BTC,20250820,10000,7759,0.007749314507464965,-0.2779498790615796,-0.2702005645541146
bybit_perp,DOGE,20250727,100,17030,0.21339654036746492,-0.9258530407102542,-0.7124565003427894
bybit_perp,DOGE,20250727,250,12815,0.2189151172834146,-0.9428701183362703,-0.7239550010528557
bybit_perp,DOGE,20250727,500,10949,0.2195362638563,-0.8994846068627537,-0.6799483430064538
bybit_perp,DOGE,20250727,1000,8876,0.21961259417112736,-0.912354149888194,-0.6927415557170664
bybit_perp,DOGE,20250727,2000,6875,0.22039027543097692,-0.8963071534577963,-0.6759168780268192
bybit_perp,DOGE,20250727,5000,4499,0.21962346866654,-0.7597127891805465,-0.5400893205140063
bybit_perp,DOGE,20250727,10000,3135,0.21919771589488382,-0.5964241103868806,-0.3772263944919967
bybit_perp,DOGE,20250728,100,21071,0.21644824534638307,-0.8908652358240355,-0.6744169904776525
bybit_perp,DOGE,20250728,250,15626,0.22168666238773593,-0.9164025030678299,-0.6947158406800938
bybit_perp,DOGE,20250728,500,12922,0.2221548411431961,-0.8788423962806378,-0.6566875551374416
bybit_perp,DOGE,20250728,1000,10077,0.22175312077641712,-0.8142109711686776,-0.5924578503922605
bybit_perp,DOGE,20250728,2000,7742,0.2217989153467194,-0.9071066802791854,-0.6853077649324661
bybit_perp,DOGE,20250728,5000,4913,0.22267658475749616,-0.9593196668879249,-0.7366430821304286
bybit_perp,DOGE,20250728,10000,3378,0.22246134181815022,-0.6815483936648479,-0.4590870518466975
bybit_perp,DOGE,20250729,100,17613,0.22870219127536526,-0.982642254096139,-0.7539400628207739
bybit_perp,DOGE,20250729,250,13207,0.2343246525778697,-0.9783228116291037,-0.7439981590512341
bybit_perp,DOGE,20250729,500,11079,0.23370681279971459,-1.0529650191240805,-0.8192582063243661
bybit_perp,DOGE,20250729,1000,9081,0.2348627764698298,-0.9943747024282878,-0.759511925958458
bybit_perp,DOGE,20250729,2000,6946,0.23501961746388583,-0.9344856772301986,-0.6994660597663128
bybit_perp,DOGE,20250729,5000,4602,0.23379827381148796,-0.8475649084751621,-0.6137666346636743
bybit_perp,DOGE,20250729,10000,3140,0.23536465481632704,-0.6710608915689816,-0.4356962367526545
bybit_perp,DOGE,20250730,100,17876,0.23719337264503063,-1.0077725654609666,-0.7705791928159358
bybit_perp,DOGE,20250730,250,13248,0.2419776506761698,-1.0893840358227223,-0.8474063851465523
bybit_perp,DOGE,20250730,500,11088,0.2408731568383144,-0.9148507225818883,-0.6739775657435738
bybit_perp,DOGE,20250730,1000,8847,0.24245535283340713,-0.9187192379754061,-0.6762638851419988
bybit_perp,DOGE,20250730,2000,6637,0.2425053728729235,-0.8408894226692393,-0.5983840497963158
bybit_perp,DOGE,20250730,5000,4366,0.2412255408331775,-0.9745329556992314,-0.733307414866054
bybit_perp,DOGE,20250730,10000,2971,0.24422900412545143,-0.6602418127474634,-0.41601280862201195
bybit_perp,DOGE,20250731,100,16079,0.234790308339363,-1.0302339624307004,-0.7954436540913371
bybit_perp,DOGE,20250731,250,12288,0.24045843060142508,-0.9677646079463597,-0.7273061773449344
bybit_perp,DOGE,20250731,500,10382,0.24084692012638986,-0.9583735870679807,-0.7175266669415908
bybit_perp,DOGE,20250731,1000,8329,0.240965856823639,-0.9038749021494967,-0.6629090453258577
bybit_perp,DOGE,20250731,2000,6387,0.23976130837712617,-0.8878359422151192,-0.6480746338379932
bybit_perp,DOGE,20250731,5000,4116,0.241004333794634,-0.7711126843235737,-0.5301083505289396
bybit_perp,DOGE,20250731,10000,2931,0.240135840128658,-0.6653565128118004,-0.42522067268314256
bybit_perp,DOGE,20250801,100,22251,0.2524383886363943,-0.9240147846606956,-0.6715763960243014
bybit_perp,DOGE,20250801,250,16123,0.2572622768666947,-0.8769572529374559,-0.6196949760707611
bybit_perp,DOGE,20250801,500,13361,0.2568856893153645,-0.8870514498676005,-0.6301657605522359
bybit_perp,DOGE,20250801,1000,10380,0.2572285928046291,-0.8430542693229058,-0.5858256765182768
bybit_perp,DOGE,20250801,2000,7658,0.25524865267913327,-0.9141200566904216,-0.6588714040112882
bybit_perp,DOGE,20250801,5000,4983,0.2572551930320871,-0.849915053275151,-0.5926598602430638
bybit_perp,DOGE,20250801,10000,3445,0.25888056034869894,-0.7598982331832593,-0.5010176728345604
bybit_perp,DOGE,20250802,100,17498,0.2595304628722657,-1.032946206963195,-0.773415744090929
bybit_perp,DOGE,20250802,250,13151,0.2641818909677659,-1.046151554959216,-0.7819696639914498
bybit_perp,DOGE,20250802,500,11198,0.2640920947331675,-1.0822193782165153,-0.818127283483348
bybit_perp,DOGE,20250802,1000,8983,0.2642706658898889,-1.0349256667113202,-0.7706550008214313
bybit_perp,DOGE,20250802,2000,6941,0.2643908412318375,-1.0913091262860406,-0.8269182850542032
bybit_perp,DOGE,20250802,5000,4524,0.2640064376483924,-0.8783296093780683,-0.6143231717296758
bybit_perp,DOGE,20250802,10000,3185,0.26384206018830325,-0.9570901756444751,-0.6932481154561718
bybit_perp,DOGE,20250803,100,11488,0.25677500595785424,-0.9656141738566376,-0.7088391678987834
bybit_perp,DOGE,20250803,250,9210,0.25973934510061375,-0.9655025627106932,-0.7057632176100795
bybit_perp,DOGE,20250803,500,8134,0.25951931751564106,-0.9695462983135918,-0.7100269807979506
bybit_perp,DOGE,20250803,1000,6804,0.2593382286733034,-0.9335045522731331,-0.6741663235998299
bybit_perp,DOGE,20250803,2000,5414,0.2601561246990447,-0.8792418097869543,-0.6190856850879095
bybit_perp,DOGE,20250803,5000,3714,0.2600191541185728,-0.9174266419863274,-0.6574074878677547
bybit_perp,DOGE,20250803,10000,2724,0.26147237211565,-0.6122230759700814,-0.3507507038544313
bybit_perp,DOGE,20250804,100,12948,0.24946844890986788,-0.8861740262522395,-0.6367055773423718
bybit_perp,DOGE,20250804,250,10267,0.2553144123939691,-0.8591625999928985,-0.6038481875989293
bybit_perp,DOGE,20250804,500,8884,0.25595788149279874,-0.8707186233656792,-0.6147607418728804
bybit_perp,DOGE,20250804,1000,7321,0.25594755810085906,-0.8505590073367721,-0.594611449235913
bybit_perp,DOGE,20250804,2000,5828,0.2570524642063362,-0.8496156463408946,-0.5925631821345585
bybit_perp,DOGE,20250804,5000,3899,0.2581686445562323,-0.8457013435667426,-0.5875326990105102
bybit_perp,DOGE,20250804,10000,2676,0.25854394898553545,-0.6324183663024254,-0.37387441731689003
bybit_perp,DOGE,20250805,100,13704,0.25229065472129925,-0.8404574594077688,-0.5881668046864695
bybit_perp,DOGE,20250805,250,10382,0.25728135809894986,-0.8598344446883833,-0.6025530865894334
bybit_perp,DOGE,20250805,500,8847,0.25691220771724693,-0.8819385776971647,-0.6250263699799177
bybit_perp,DOGE,20250805,1000,7222,0.25763245853086697,-0.8768350778807037,-0.6192026193498368
bybit_perp,DOGE,20250805,2000,5686,0.2566408789309572,-0.9427646499140504,-0.6861237709830931
bybit_perp,DOGE,20250805,5000,3853,0.25690094745294434,-0.8664243542008332,-0.609523406747889
bybit_perp,DOGE,20250805,10000,2677,0.25691389031108564,-0.5356026246644691,-0.27868873435338354
bybit_perp,DOGE,20250806,100,12255,0.251182361854306,-0.9786165967721527,-0.7274342349178466
bybit_perp,DOGE,20250806,250,9489,0.25615048721088496,-0.9650015200944191,-0.7088510328835341
bybit_perp,DOGE,20250806,500,8120,0.255831440462387,-0.9474957268534046,-0.6916642863910175
bybit_perp,DOGE,20250806,1000,6661,0.25558311871440287,-0.902868699396368,-0.6472855806819653
bybit_perp,DOGE,20250806,2000,5228,0.25727424029791574,-0.9123237871169341,-0.6550495468190184
bybit_perp,DOGE,20250806,5000,3600,0.25822249913545214,-0.9361508420102443,-0.6779283428747922
bybit_perp,DOGE,20250806,10000,2493,0.2572616032167049,-0.5681494196183234,-0.3108878164016185
bybit_perp,DOGE,20250807,100,11308,0.23854095308199802,-0.8702097938400901,-0.631668840758092
bybit_perp,DOGE,20250807,250,8938,0.24382737947537253,-0.8437048911642346,-0.5998775116888622
bybit_perp,DOGE,20250807,500,7714,0.24440124436002095,-0.8323730966058847,-0.5879718522458636
bybit_perp,DOGE,20250807,1000,6320,0.24434904127719134,-0.884167749294259,-0.6398187080170677
bybit_perp,DOGE,20250807,2000,5047,0.24505207571917495,-0.8134310207886339,-0.568378945069459
bybit_perp,DOGE,20250807,5000,3456,0.2439603975279226,-0.8123552197097095,-0.568394822181787
bybit_perp,DOGE,20250807,10000,2476,0.24403182084392905,-0.4994424495809705,-0.2554106287370414
bybit_perp,DOGE,20250808,100,14904,0.22788623359728416,-1.0062813298698055,-0.7783950962725212
bybit_perp,DOGE,20250808,250,11034,0.23283410274424998,-1.0273712609104397,-0.7945371581661897
bybit_perp,DOGE,20250808,500,9336,0.23241865804849243,-1.017286841172279,-0.7848681831237867
bybit_perp,DOGE,20250808,1000,7471,0.23255763856620548,-1.0079374571100703,-0.775379818543865
bybit_perp,DOGE,20250808,2000,5836,0.2336575080551048,-1.0103013949480475,-0.776643886892943
bybit_perp,DOGE,20250808,5000,3943,0.23243906901603245,-0.9433755486907012,-0.7109364796746686
bybit_perp,DOGE,20250808,10000,2703,0.2339828447803832,-0.7424546214144147,-0.5084717766340314
bybit_perp,DOGE,20250809,100,16533,0.21437019366755553,-1.0285821168541207,-0.8142119231865652
bybit_perp,DOGE,20250809,250,12226,0.21864774391040445,-1.0013945806510107,-0.7827468367406064
bybit_perp,DOGE,20250809,500,10248,0.21829581208889512,-1.0308086114277557,-0.8125127993388606
bybit_perp,DOGE,20250809,1000,8305,0.219461491654273,-0.9631344034432386,-0.7436729117889657
bybit_perp,DOGE,20250809,2000,6439,0.2171810593538375,-0.8553955487862888,-0.6382144894324513
bybit_perp,DOGE,20250809,5000,4341,0.21767682273944322,-0.91485833874588,-0.6971815160064367
bybit_perp,DOGE,20250809,10000,2927,0.21901272364733929,-0.5855488284342153,-0.36653610478687604
bybit_perp,DOGE,20250810,100,13345,0.21664468875127552,-0.8651474887027834,-0.6485027999515078
bybit_perp,DOGE,20250810,250,9991,0.22177067520304447,-0.8712380543539742,-0.6494673791509296
bybit_perp,DOGE,20250810,500,8609,0.22111348094094516,-0.8838347678162427,-0.6627212868752975
bybit_perp,DOGE,20250810,1000,6872,0.22118981577725197,-0.8320831324315121,-0.6108933166542603
bybit_perp,DOGE,20250810,2000,5397,0.220706297611886,-0.8398733379544043,-0.6191670403425185
bybit_perp,DOGE,20250810,5000,3512,0.2216925055566013,-0.9145466290396557,-0.6928541234830544
bybit_perp,DOGE,20250810,10000,2523,0.22071596035870242,-0.5182765707634968,-0.29756061040479437
bybit_perp,DOGE,20250811,100,17423,0.22065093243191775,-0.9765575055660134,-0.7559065731340954
bybit_perp,DOGE,20250811,250,12713,0.22515294012067505,-0.9613684456522679,-0.7362155055315928
bybit_perp,DOGE,20250811,500,10818,0.2243686385618269,-1.0587165559751406,-0.8343479174133138
bybit_perp,DOGE,20250811,1000,8509,0.22432609102582363,-1.0089759182734648,-0.7846498272476413
bybit_perp,DOGE,20250811,2000,6491,0.2241466015346926,-0.970214488323953,-0.7460678867892605
bybit_perp,DOGE,20250811,5000,4345,0.22310801997610033,-0.7571343174528871,-0.5340262974767868
bybit_perp,DOGE,20250811,10000,2911,0.2254440645748293,-0.7485829948071462,-0.5231389302323171
bybit_perp,DOGE,20250812,100,13919,0.22337753595937387,-0.9272383809546139,-0.70386084499524
bybit_perp,DOGE,20250812,250,10465,0.22779788558735495,-0.9094940101900914,-0.6816961246027365
bybit_perp,DOGE,20250812,500,8821,0.22740620671620965,-0.9181406889523229,-0.6907344822361133
bybit_perp,DOGE,20250812,1000,7179,0.2282153222779206,-0.7976450061265,-0.5694296838485793
bybit_perp,DOGE,20250812,2000,5482,0.22770317827449021,-0.8888096763506789,-0.6611064980761886
bybit_perp,DOGE,20250812,5000,3673,0.23059401407364918,-0.7447438844280319,-0.5141498703543824
bybit_perp,DOGE,20250812,10000,2563,0.22815792963442574,-0.6551852225757592,-0.4270272929413334
bybit_perp,DOGE,20250813,100,18071,0.21304212484648277,-0.8217402853436471,-0.6086981604971644
bybit_perp,DOGE,20250813,250,13125,0.2155947559611757,-0.7871030894941238,-0.571508333532948
bybit_perp,DOGE,20250813,500,11022,0.216378115900072,-0.822461422579158,-0.6060833066790858
bybit_perp,DOGE,20250813,1000,8724,0.21611292583876401,-0.7920695645276569,-0.575956638688893
bybit_perp,DOGE,20250813,2000,6676,0.21581217106757813,-0.8757686477892302,-0.6599564767216523
bybit_perp,DOGE,20250813,5000,4328,0.21454926149823741,-0.840821046314089,-0.6262717848158518
bybit_perp,DOGE,20250813,10000,3042,0.21561197633064244,-0.6228520038820528,-0.4072400275514103
bybit_perp,DOGE,20250814,100,23522,0.24336932236511039,-0.8309499313533234,-0.5875806089882131
bybit_perp,DOGE,20250814,250,16860,0.24286635163337428,-1.0517899650126559,-0.8089236133792815
bybit_perp,DOGE,20250814,500,13696,0.2408355615973539,-0.8935013598375827,-0.6526657982402289
bybit_perp,DOGE,20250814,1000,10565,0.24161631926877578,-0.857947874407008,-0.6163315551382323
bybit_perp,DOGE,20250814,2000,7899,0.23341338024324274,-0.9008418331767887,-0.6674284529335458
bybit_perp,DOGE,20250814,5000,4968,0.23078213925702068,-0.8796296789636399,-0.6488475397066195
bybit_perp,DOGE,20250814,10000,3264,0.23048959140975495,-0.5254153752912506,-0.2949257838814956
bybit_perp,DOGE,20250815,100,15668,0.2256814891955668,-1.0627412490218946,-0.8370597598263277
bybit_perp,DOGE,20250815,250,11470,0.22959093706266442,-1.0811582833786137,-0.8515673463159494
bybit_perp,DOGE,20250815,500,9681,0.22938696216250073,-1.033537763953364,-0.8041508017908635
bybit_perp,DOGE,20250815,1000,7711,0.22892486683069563,-0.9895199441183732,-0.7605950772876776
bybit_perp,DOGE,20250815,2000,5956,0.23079364216902623,-0.768394624433872,-0.5376009822648458
bybit_perp,DOGE,20250815,5000,3993,0.22953084083096137,-0.8414001930280921,-0.6118693521971307
bybit_perp,DOGE,20250815,10000,2747,0.22942512196779138,-0.7665445827134348,-0.5371194607456435
bybit_perp,DOGE,20250816,100,9409,0.22189370089914465,-0.8653399299479927,-0.6434462290488481
bybit_perp,DOGE,20250816,250,7187,0.22469644827803117,-0.8975558130642962,-0.6728593647862652
bybit_perp,DOGE,20250816,500,6286,0.22452702744301162,-0.9464089073271971,-0.7218818798841854
bybit_perp,DOGE,20250816,1000,5276,0.2249498225509505,-0.9654861136003936,-0.7405362910494433
bybit_perp,DOGE,20250816,2000,4197,0.22518252449853476,-0.893513682383676,-0.6683311578851415
bybit_perp,DOGE,20250816,5000,2985,0.22550874228863946,-0.9013194583820984,-0.6758107160934589
bybit_perp,DOGE,20250816,10000,2153,0.22512329238989248,-0.7010698362320842,-0.47594654384219176
bybit_perp,DOGE,20250817,100,9984,0.21724917667129068,-0.8690938233506283,-0.6518446466793377
bybit_perp,DOGE,20250817,250,7657,0.22211478089808873,-0.8759355106205375,-0.6538207297224491
bybit_perp,DOGE,20250817,500,6586,0.2224231134638666,-0.8708714067416198,-0.6484482932777533
bybit_perp,DOGE,20250817,1000,5488,0.2228416762127185,-0.9214761646908566,-0.698634488478138
bybit_perp,DOGE,20250817,2000,4435,0.22167856938017572,-0.7983263935622588,-0.576647824182083
bybit_perp,DOGE,20250817,5000,3085,0.22316068468749067,-0.7953126393884256,-0.5721519547009347
bybit_perp,DOGE,20250817,10000,2206,0.2212968990049666,-0.6509480182086436,-0.429651119203677
bybit_perp,DOGE,20250818,100,13148,0.2271917064877788,-0.8946517698384918,-0.6674600633507131
bybit_perp,DOGE,20250818,250,9837,0.23114932334721483,-0.9171420414048227,-0.685992718057608
bybit_perp,DOGE,20250818,500,8430,0.23028145277433504,-0.9322141886400325,-0.7019327358656974
bybit_perp,DOGE,20250818,1000,6776,0.23048510579977902,-0.9718315723415883,-0.7413464665418095
bybit_perp,DOGE,20250818,2000,5291,0.23142236255591225,-0.9013519783396952,-0.669929615783783
bybit_perp,DOGE,20250818,5000,3577,0.2284261461193762,-0.7786870342300383,-0.550260888110662
bybit_perp,DOGE,20250818,10000,2565,0.23135657555011774,-0.6802240144168423,-0.4488674388667246
bybit_perp,DOGE,20250819,100,13987,0.23546412373517164,-0.8815714931474761,-0.6461073694123044
bybit_perp,DOGE,20250819,250,10643,0.23966669172648286,-0.9330036963842289,-0.6933370046577462
bybit_perp,DOGE,20250819,500,8958,0.2392668225639469,-0.9090863354520515,-0.6698195128881045
bybit_perp,DOGE,20250819,1000,7231,0.2389968788040489,-0.8800171790916037,-0.6410203002875549
bybit_perp,DOGE,20250819,2000,5455,0.23812462110817417,-0.7790550344979933,-0.5409304133898191
bybit_perp,DOGE,20250819,5000,3583,0.2383334407154313,-0.8541241770942876,-0.6157907363788564
bybit_perp,DOGE,20250819,10000,2404,0.23879795032257106,-0.7140682335622793,-0.4752702832397083
bybit_perp,DOGE,20250820,100,14166,0.23541078207022015,-0.9813237471641266,-0.7459129650939063
bybit_perp,DOGE,20250820,250,11033,0.2395589059535663,-0.9124013433884399,-0.6728424374348735
bybit_perp,DOGE,20250820,500,9425,0.23938241144298564,-0.9356106952700295,-0.6962282838270436
bybit_perp,DOGE,20250820,1000,7413,0.239450698063887,-0.8836076145575241,-0.6441569164936372
bybit_perp,DOGE,20250820,2000,5738,0.24012488956381264,-0.7966004128988905,-0.5564755233350779
bybit_perp,DOGE,20250820,5000,3867,0.24060366872618238,-0.8366868918510696,-0.5960832231248874
bybit_perp,DOGE,20250820,10000,2624,0.24202212385696018,-0.5807359280456353,-0.3387138041886751
bybit_perp,ETH,20250727,100,17881,0.014804655341262702,-0.6910351132457652,-0.6762304579045024
bybit_perp,ETH,20250727,250,13363,0.015859114800776324,-0.6745762600108608,-0.6587171452100845
bybit_perp,ETH,20250727,500,11213,0.016097343697652144,-0.6678871709593893,-0.6517898272617372
bybit_perp,ETH,20250727,1000,8949,0.015618901864661191,-0.7405594110949395,-0.7249405092302783
bybit_perp,ETH,20250727,2000,6770,0.01624048324040599,-0.7013036297196914,-0.6850631464792855
bybit_perp,ETH,20250727,5000,4308,0.016361902770941857,-0.6782927995374326,-0.6619308967664908
bybit_perp,ETH,20250727,10000,2863,0.01680241685620222,-0.38784484302470346,-0.3710424261685013
bybit_perp,ETH,20250728,100,26433,0.014934046397283041,-0.73762346546639,-0.7226894190691071
bybit_perp,ETH,20250728,250,19237,0.015951355042791857,-0.7315411496170449,-0.7155897945742532
bybit_perp,ETH,20250728,500,15646,0.01629463888218154,-0.7914077351026769,-0.7751130962204954
bybit_perp,ETH,20250728,1000,12079,0.015976815082412367,-0.8128101015928371,-0.7968332865104247
bybit_perp,ETH,20250728,2000,8691,0.01665012622360894,-0.8102364441918029,-0.7935863179681938
bybit_perp,ETH,20250728,5000,5175,0.015115411823909485,-0.7452724651229378,-0.7301570532990284
bybit_perp,ETH,20250728,10000,3429,0.01584637423805581,-0.3283824362216698,-0.31253606198361406
bybit_perp,ETH,20250729,100,28948,0.015777822667085897,-0.8442982932306695,-0.8285204705635836
bybit_perp,ETH,20250729,250,20907,0.017402184713414225,-0.7973188560406002,-0.7799166713271859
bybit_perp,ETH,20250729,500,16863,0.017542944084178683,-0.7961360173915508,-0.778593073307372
bybit_perp,ETH,20250729,1000,12890,0.01779778913487336,-0.788948852805884,-0.7711510636710106
bybit_perp,ETH,20250729,2000,9332,0.018316300760086317,-0.8189489806253578,-0.8006326798652715
bybit_perp,ETH,20250729,5000,5515,0.018201524229188203,-0.8210785438011451,-0.8028770195719568
bybit_perp,ETH,20250729,10000,3573,0.019741386709530732,-0.5400266762290454,-0.5202852895195148
bybit_perp,ETH,20250730,100,24058,0.01582335263411905,-0.7611008547083283,-0.7452775020742091
bybit_perp,ETH,20250730,250,17221,0.016761037023162933,-0.7040931791819424,-0.6873321421587794
bybit_perp,ETH,20250730,500,13610,0.016701454451934033,-0.8083698134083941,-0.79166835895646
bybit_perp,ETH,20250730,1000,10500,0.016425640203094616,-0.7571600446643157,-0.740734404461221
bybit_perp,ETH,20250730,2000,7716,0.01723859951508412,-0.7635565834420533,-0.7463179839269689
bybit_perp,ETH,20250730,5000,4635,0.016554362904432286,-0.6141671844111183,-0.5976128215066862
bybit_perp,ETH,20250730,10000,3058,0.016772799137520965,-0.4548919041623636,-0.4381191050248426
bybit_perp,ETH,20250731,100,26755,0.014557300955801837,-0.8113788821808489,-0.7968215812250471
bybit_perp,ETH,20250731,250,19715,0.015592921336705005,-0.7943735361528569,-0.7787806148161518
bybit_perp,ETH,20250731,500,16282,0.016321216081163305,-0.8415232988087943,-0.825202082727631
bybit_perp,ETH,20250731,1000,12663,0.016216490969089607,-0.7453570691083811,-0.7291405781392917
bybit_perp,ETH,20250731,2000,9186,0.01599461865530456,-0.7019104454395549,-0.6859158267842504
bybit_perp,ETH,20250731,5000,5459,0.016160359971486796,-0.7653391482483298,-0.749178788276843
bybit_perp,ETH,20250731,10000,3521,0.016606927929607277,-0.36029227039972017,-0.34368534247011284
bybit_perp,ETH,20250801,100,36883,0.016616076280919708,-0.8208335658779672,-0.8042174895970475
bybit_perp,ETH,20250801,250,25864,0.017531267206655803,-0.8194125287404159,-0.8018812615337599
bybit_perp,ETH,20250801,500,20319,0.017895040494290682,-0.828101314418799,-0.8102062739245083
bybit_perp,ETH,20250801,1000,14663,0.018468183924888214,-0.7811797620376308,-0.7627115781127426
bybit_perp,ETH,20250801,2000,10271,0.016914790944160898,-0.8438288010672015,-0.8269140101230403
bybit_perp,ETH,20250801,5000,6002,0.01812160772374663,-0.7510601892668938,-0.7329385815431472
bybit_perp,ETH,20250801,10000,3700,0.019142191036170778,-0.4400132762234884,-0.42087108518731775
bybit_perp,ETH,20250802,100,25926,0.0169973428097656,-0.812617986851725,-0.7956206440419594
bybit_perp,ETH,20250802,250,18842,0.018482121539156154,-0.72040565949099,-0.7019235379518338
bybit_perp,ETH,20250802,500,15357,0.019288429728354477,-0.7852092717993011,-0.7659208420709464
bybit_perp,ETH,20250802,1000,11613,0.019195657653442392,-0.7775313999809076,-0.758335742327465
bybit_perp,ETH,20250802,2000,8434,0.018809878212314363,-0.8270970798907825,-0.808287201678468
bybit_perp,ETH,20250802,5000,5194,0.01744265087056717,-0.8831933247931761,-0.865750673922609
bybit_perp,ETH,20250802,10000,3196,0.020087545629802094,-0.3424743032312069,-0.3223867576014048
bybit_perp,ETH,20250803,100,18818,0.01570773247206653,-0.7626518936099759,-0.7469441611379094
bybit_perp,ETH,20250803,250,14183,0.017712835309418747,-0.7778165435618255,-0.7601037082524066
bybit_perp,ETH,20250803,500,11946,0.01726015204221941,-0.7480031372641979,-0.7307429852219783
bybit_perp,ETH,20250803,1000,9763,0.018221596475136267,-0.7489718469091483,-0.7307502504340122
bybit_perp,ETH,20250803,2000,7536,0.019099769300255892,-0.698904057817124,-0.679804288516868
bybit_perp,ETH,20250803,5000,4802,0.019580568989238635,-0.6745736475321148,-0.6549930785428761
bybit_perp,ETH,20250803,10000,3325,0.0187018207824427,-0.411361560579598,-0.39265973979715535
bybit_perp,ETH,20250804,100,27466,0.01543144418987483,-0.6885614254166341,-0.6731299812267593
bybit_perp,ETH,20250804,250,19718,0.0170796192012779,-0.690656535881804,-0.6735769166805261
bybit_perp,ETH,20250804,500,15854,0.01700220468668368,-0.6714951318920078,-0.6544929272053243
bybit_perp,ETH,20250804,1000,12067,0.017204097402060865,-0.6965703038460211,-0.6793662064439603
bybit_perp,ETH,20250804,2000,8617,0.018036923160211774,-0.6800648592958212,-0.6620279361356095
bybit_perp,ETH,20250804,5000,5199,0.017657641500624363,-0.6803374035769608,-0.6626797620763363
bybit_perp,ETH,20250804,10000,3457,0.018137997542137015,-0.3645156603675492,-0.34637766282541205
bybit_perp,ETH,20250805,100,33760,0.015484347904837268,-0.6742540125906454,-0.6587696646858081
bybit_perp,ETH,20250805,250,23697,0.017617054778166545,-0.6793760945806359,-0.6617590398024694
bybit_perp,ETH,20250805,500,18850,0.01756319272016922,-0.6947045943241762,-0.6771414016040072
bybit_perp,ETH,20250805,1000,14145,0.01786726627076307,-0.6562804062267075,-0.6384131399559443
bybit_perp,ETH,20250805,2000,10130,0.019867401666760185,-0.5750096489911046,-0.5551422473243444
bybit_perp,ETH,20250805,5000,6098,0.018308962331174242,-0.6985356884905582,-0.6802267261593841
bybit_perp,ETH,20250805,10000,3765,0.018199676746499225,-0.3304248179067062,-0.3122251411602069
bybit_perp,ETH,20250806,100,27594,0.01588082164192687,-0.6208799373659193,-0.6049991157239926
bybit_perp,ETH,20250806,250,20006,0.01756506297403856,-0.6458005178435345,-0.6282354548694962
bybit_perp,ETH,20250806,500,15947,0.01743068440414924,-0.6423543690730464,-0.6249236846688971
bybit_perp,ETH,20250806,1000,12117,0.017520921868469864,-0.6842799198405766,-0.6667589979721065
bybit_perp,ETH,20250806,2000,8793,0.01753523463886132,-0.7048195299902312,-0.68728429535137
bybit_perp,ETH,20250806,5000,5380,0.017936058577788624,-0.5804471619514718,-0.5625111033736832
bybit_perp,ETH,20250806,10000,3607,0.016611778418559858,-0.4694179230610882,-0.4528061446425283
bybit_perp,ETH,20250807,100,34663,0.01570325282733311,-0.6331674264489895,-0.6174641736216566
bybit_perp,ETH,20250807,250,24530,0.01706472961827375,-0.6062273119896714,-0.5891625823713976
bybit_perp,ETH,20250807,500,19323,0.017519464009326562,-0.6646263978705181,-0.6471069338611916
bybit_perp,ETH,20250807,1000,14579,0.017281559142248833,-0.662963739352293,-0.6456821802100442
bybit_perp,ETH,20250807,2000,10434,0.017732798643616297,-0.6179561689556559,-0.6002233703120395
bybit_perp,ETH,20250807,5000,6369,0.017971758069625254,-0.6151963982251436,-0.5972246401555185
bybit_perp,ETH,20250807,10000,4056,0.017310511843041332,-0.39530346643112413,-0.3779929545880828
bybit_perp,ETH,20250808,100,38111,0.014763327129656867,-0.6643168363373049,-0.6495535092076481
bybit_perp,ETH,20250808,250,26919,0.015983501234381192,-0.6735284663188771,-0.657544965084496
bybit_perp,ETH,20250808,500,21131,0.0164877947363835,-0.6858575693464061,-0.6693697746100226
bybit_perp,ETH,20250808,1000,15753,0.016478454064243923,-0.6472917570299428,-0.6308133029656988
bybit_perp,ETH,20250808,2000,11432,0.016466722593315383,-0.6761476139387819,-0.6596808913454666
bybit_perp,ETH,20250808,5000,6891,0.01604474442161506,-0.5869201281671812,-0.570875383745566
bybit_perp,ETH,20250808,10000,4396,0.016198893063604943,-0.3384388190514448,-0.32223992598783974
bybit_perp,ETH,20250809,100,41298,0.01597098633019819,-0.5920901573902511,-0.5761191710600528
bybit_perp,ETH,20250809,250,28846,0.01742906126770918,-0.6135065782439497,-0.5960775169762405
bybit_perp,ETH,20250809,500,22675,0.01742957873617366,-0.5691054297487148,-0.5516758510125411
bybit_perp,ETH,20250809,1000,16945,0.017206871949801302,-0.6423610786291976,-0.6251542066793961
bybit_perp,ETH,20250809,2000,12212,0.017876815181133057,-0.571506814698433,-0.5536299995172999
bybit_perp,ETH,20250809,5000,7335,0.0166574745930233,-0.5944795000373212,-0.5778220254442978
bybit_perp,ETH,20250809,10000,4638,0.016150288000578363,-0.424128931897294,-0.4079786438967156
bybit_perp,ETH,20250810,100,37310,0.014311539123039885,-0.610342168514661,-0.5960306293916213
bybit_perp,ETH,20250810,250,25552,0.016028153567239217,-0.5915707483575721,-0.5755425947903328
bybit_perp,ETH,20250810,500,20354,0.015702892160087894,-0.6090521752994824,-0.5933492831393947
bybit_perp,ETH,20250810,1000,15376,0.016396287361080952,-0.6100415384988898,-0.5936452511378089
bybit_perp,ETH,20250810,2000,11001,0.0174435100373941,-0.6021405434418379,-0.5846970334044437
bybit_perp,ETH,20250810,5000,6126,0.016282289978308676,-0.6129610116998497,-0.596678721721541
bybit_perp,ETH,20250810,10000,4150,0.01806554884139508,-0.44366703960073034,-0.4256014907593353
bybit_perp,ETH,20250811,100,42228,0.01499025619672547,-0.5811806012390911,-0.5661903450423657
bybit_perp,ETH,20250811,250,28572,0.01664901637921853,-0.5561817069648041,-0.5395326905855855
bybit_perp,ETH,20250811,500,21708,0.016895100586583667,-0.6020132674974903,-0.5851181669109067
bybit_perp,ETH,20250811,1000,15742,0.017439714595410202,-0.6390799435980832,-0.6216402290026729
bybit_perp,ETH,20250811,2000,10864,0.01779680860533669,-0.6930601299788333,-0.6752633213734968
bybit_perp,ETH,20250811,5000,6349,0.016855230856931636,-0.5203689936167591,-0.5035137627598275
bybit_perp,ETH,20250811,10000,4185,0.017013579356192434,-0.5393634529502068,-0.5223498735940143
bybit_perp,ETH,20250812,100,44249,0.017048884012729568,-0.5971443058654504,-0.5800954218527208
bybit_perp,ETH,20250812,250,29923,0.018008310081519187,-0.6456840587066819,-0.6276757486251627
bybit_perp,ETH,20250812,500,23270,0.01848869702679018,-0.6302413909800648,-0.6117526939532747
bybit_perp,ETH,20250812,1000,17062,0.017491590377920706,-0.6766953264530426,-0.6592037360751221
bybit_perp,ETH,20250812,2000,12010,0.017566306539747695,-0.6626921945974269,-0.6451258880576792
bybit_perp,ETH,20250812,5000,6842,0.017125559932993844,-0.6296594098551898,-0.6125338499221958
bybit_perp,ETH,20250812,10000,4270,0.016159522755918292,-0.3669787972114852,-0.350819274455567
bybit_perp,ETH,20250813,100,49176,0.015132131783785672,-0.6349632025205835,-0.6198310707367978
bybit_perp,ETH,20250813,250,33185,0.016780264973574818,-0.6366015952073908,-0.6198213302338159
bybit_perp,ETH,20250813,500,25635,0.018150599961276617,-0.6095525082210669,-0.5914019082597903
bybit_perp,ETH,20250813,1000,18766,0.018292477010624295,-0.6253618525427161,-0.6070693755320917
bybit_perp,ETH,20250813,2000,13107,0.01768045923603736,-0.6498447543592331,-0.6321642951231957
bybit_perp,ETH,20250813,5000,7486,0.015752310831272848,-0.46630274879116823,-0.45055043795989536
bybit_perp,ETH,20250813,10000,4685,0.016979634900176347,-0.3076792920355272,-0.29069965713535084
bybit_perp,ETH,20250814,100,65221,0.02051175801072567,-0.5944104442276138,-0.5738986862168881
bybit_perp,ETH,20250814,250,43262,0.022619680314410424,-0.6107984879439712,-0.5881788076295607
bybit_perp,ETH,20250814,500,32640,0.02261432949207905,-0.521119378882794,-0.498505049390715
bybit_perp,ETH,20250814,1000,23440,0.022296536120675354,-0.5431896209553865,-0.5208930848347111
bybit_perp,ETH,20250814,2000,15855,0.021629440627006474,-0.44273541600131205,-0.4211059753743056
bybit_perp,ETH,20250814,5000,9005,0.022372250940833626,-0.5238791082065094,-0.5015068572656758
bybit_perp,ETH,20250814,10000,5228,0.022125755636073795,-0.5121207049594753,-0.48999494932340143
bybit_perp,ETH,20250815,100,46631,0.015194242912699493,-0.5230702259666052,-0.5078759830539058
bybit_perp,ETH,20250815,250,31355,0.016687220760112614,-0.5600536742376827,-0.5433664534775701
bybit_perp,ETH,20250815,500,23747,0.017064917654440438,-0.6150939612142327,-0.5980290435597921
bybit_perp,ETH,20250815,1000,17116,0.01677807369767308,-0.6409080984805535,-0.6241300247828806
bybit_perp,ETH,20250815,2000,12139,0.017157807486748684,-0.6606624009917131,-0.6435045935049645
bybit_perp,ETH,20250815,5000,6957,0.015187895617866697,-0.7492306927257142,-0.7340427971078475
bybit_perp,ETH,20250815,10000,4427,0.0161222376873955,-0.34652848530325425,-0.3304062476158588
bybit_perp,ETH,20250816,100,27694,0.013489380254796058,-0.524109364756265,-0.5106199845014688
bybit_perp,ETH,20250816,250,19177,0.015033913215450091,-0.5227695161064838,-0.5077356028910337
bybit_perp,ETH,20250816,500,15259,0.015702137251081782,-0.48566758401153537,-0.46996544676045365
bybit_perp,ETH,20250816,1000,11708,0.01638214401621646,-0.5885122884970143,-0.5721301444807979
bybit_perp,ETH,20250816,2000,8739,0.01744031470091564,-0.5102226896076971,-0.4927823749067815
bybit_perp,ETH,20250816,5000,5567,0.01544051046499337,-0.5133831861279234,-0.4979426756629302
bybit_perp,ETH,20250816,10000,3565,0.014948102647450803,-0.31130486495813003,-0.29635676231067926
bybit_perp,ETH,20250817,100,30123,0.013512914343931702,-0.47872458217405595,-0.4652116678301242
bybit_perp,ETH,20250817,250,20976,0.015241759318481108,-0.5346486437107798,-0.5194068843922987
bybit_perp,ETH,20250817,500,16638,0.015392604545212058,-0.45072192906960445,-0.4353293245243924
bybit_perp,ETH,20250817,1000,12804,0.015432616984960077,-0.4546304522595405,-0.4391978352745806
bybit_perp,ETH,20250817,2000,9083,0.016239326450650068,-0.5914468562743178,-0.5752075298236677
bybit_perp,ETH,20250817,5000,5596,0.01640602039323554,-0.45288280360233035,-0.4364767832090948
bybit_perp,ETH,20250817,10000,3795,0.01712760846927725,-0.34986986713881674,-0.3327422586695395
bybit_perp,ETH,20250818,100,46775,0.016530014398324872,-0.5628370969374071,-0.5463070825390823
bybit_perp,ETH,20250818,250,31603,0.018105532181647874,-0.5872092135493402,-0.5691036813676922
bybit_perp,ETH,20250818,500,24279,0.017793755803515846,-0.5407289701747031,-0.5229352143711873
bybit_perp,ETH,20250818,1000,17561,0.0183980016066261,-0.5849128202556461,-0.56651481864902
bybit_perp,ETH,20250818,2000,12233,0.017594113885884697,-0.6224978681475615,-0.6049037542616768
bybit_perp,ETH,20250818,5000,6921,0.018719957519143366,-0.6349052497191269,-0.6161852921999835
bybit_perp,ETH,20250818,10000,4621,0.01741614463001524,-0.34386861486916387,-0.3264524702391487
bybit_perp,ETH,20250819,100,47315,0.016611429310559606,-0.48610402693592114,-0.4694925976253615
bybit_perp,ETH,20250819,250,32061,0.018066337245730577,-0.5042379550859879,-0.48617161784025736
bybit_perp,ETH,20250819,500,24138,0.018638030350278143,-0.5067703676980514,-0.48813233734777317
bybit_perp,ETH,20250819,1000,17413,0.017321298592908957,-0.5302547569989269,-0.512933458406018
bybit_perp,ETH,20250819,2000,11718,0.018870030163343023,-0.3828508453615195,-0.36398081519817643
bybit_perp,ETH,20250819,5000,6863,0.018773398676671334,-0.4855507441445113,-0.46677734546784
bybit_perp,ETH,20250819,10000,4461,0.02120099888469773,-0.2687288676392591,-0.2475278687545614
bybit_perp,ETH,20250820,100,47756,0.015019016852340403,-0.5247508983812053,-0.5097318815288648
bybit_perp,ETH,20250820,250,33049,0.016687032932363323,-0.5631354906951695,-0.5464484577628063
bybit_perp,ETH,20250820,500,25311,0.016691785150398264,-0.5459137506020064,-0.5292219654516082
bybit_perp,ETH,20250820,1000,18331,0.017287847889092677,-0.5721139597608317,-0.554826111871739
bybit_perp,ETH,20250820,2000,12848,0.01708391692952821,-0.5537485784529295,-0.5366646615234012
bybit_perp,ETH,20250820,5000,7549,0.016267678193107753,-0.5517595703940922,-0.5354918922009845
bybit_perp,ETH,20250820,10000,4664,0.017632240603008435,-0.3759216629783649,-0.3582894223753564
bybit_perp,HYPE,20250727,100,4338,0.11951178422885307,-1.5825829644665663,-1.463071180237713
bybit_perp,HYPE,20250727,250,3378,0.12306196581092273,-1.6616299611382976,-1.5385679953273752
bybit_perp,HYPE,20250727,500,3009,0.12269443793035398,-1.5803103538355279,-1.4576159159051738
bybit_perp,HYPE,20250727,1000,2533,0.1232504973696576,-1.6211439797656213,-1.4978934823959635
bybit_perp,HYPE,20250727,2000,2056,0.1226305190729229,-1.5739732642465238,-1.4513427451736007
bybit_perp,HYPE,20250727,5000,1490,0.12212412659953212,-1.302811162116292,-1.18068703551676
bybit_perp,HYPE,20250727,10000,1094,0.12314312232786703,-0.7426778006605604,-0.6195346783326935
bybit_perp,HYPE,20250728,100,10766,0.12072790643839887,-1.7692384923741773,-1.6485105859357783
bybit_perp,HYPE,20250728,250,7901,0.1274358154800401,-1.7576551591968297,-1.6302193437167893
bybit_perp,HYPE,20250728,500,6647,0.12863845765473306,-1.7736964218969469,-1.645057964242214
bybit_perp,HYPE,20250728,1000,5238,0.12826841872907024,-1.7364400845789016,-1.608171665849831
bybit_perp,HYPE,20250728,2000,4010,0.12786822506735154,-1.7472989984833849,-1.6194307734160331
bybit_perp,HYPE,20250728,5000,2639,0.12968348358917237,-1.5507730835544902,-1.4210895999653177
bybit_perp,HYPE,20250728,10000,1841,0.13063137666055324,-1.0711399867902147,-0.9405086101296614
bybit_perp,HYPE,20250729,100,12224,0.13227872272055094,-1.7579556421339253,-1.6256769194133742
bybit_perp,HYPE,20250729,250,8977,0.13645972439242335,-1.8325600029020355,-1.6961002785096122
bybit_perp,HYPE,20250729,500,7506,0.14083022038953918,-1.7088672332742316,-1.5680370128846923
bybit_perp,HYPE,20250729,1000,5902,0.13692495160335094,-1.7305422935397514,-1.5936173419364006
bybit_perp,HYPE,20250729,2000,4430,0.13613483474657773,-1.7205718034623239,-1.5844369687157467
bybit_perp,HYPE,20250729,5000,2918,0.13553888686230697,-1.863993600380909,-1.7284547135186024
bybit_perp,HYPE,20250729,10000,2055,0.1372192862795767,-1.223122108822826,-1.0859028225432494
bybit_perp,HYPE,20250730,100,9862,0.12722006843202285,-1.656530583795459,-1.529310515363436
bybit_perp,HYPE,20250730,250,7303,0.13298694189046828,-1.6980492379886583,-1.56506229609819
bybit_perp,HYPE,20250730,500,6203,0.1332766510528215,-1.550748434599128,-1.4174717835463067
bybit_perp,HYPE,20250730,1000,4958,0.13405995452457606,-1.690813854142657,-1.556753899618081
bybit_perp,HYPE,20250730,2000,3829,0.13430534773636194,-1.6384481580163328,-1.504142810279971
bybit_perp,HYPE,20250730,5000,2552,0.13549729153862933,-1.5948143285949916,-1.4593170370563622
bybit_perp,HYPE,20250730,10000,1805,0.13362659763881124,-0.8356952988531307,-0.7020687012143192
bybit_perp,HYPE,20250731,100,9931,0.12489727721696095,-1.9313482432062516,-1.8064509659892904
bybit_perp,HYPE,20250731,250,7532,0.1308211871504218,-1.9590048408110583,-1.8281836536606364
bybit_perp,HYPE,20250731,500,6552,0.1290397166387551,-1.914645641094031,-1.7856059244552756
bybit_perp,HYPE,20250731,1000,5354,0.12879507730892747,-1.8419273949796746,-1.713132317670747
bybit_perp,HYPE,20250731,2000,4144,0.12946211214632966,-1.813384761919167,-1.6839226497728372
bybit_perp,HYPE,20250731,5000,2757,0.1316834612139526,-1.5506614683313293,-1.4189780071173765
bybit_perp,HYPE,20250731,10000,2017,0.1315203848479719,-1.1165205405235643,-0.9850001556755925
bybit_perp,HYPE,20250801,100,18774,0.13652745533189467,-1.7912908289766158,-1.6547633736447211
bybit_perp,HYPE,20250801,250,13352,0.14371331516535296,-1.7408757240978725,-1.5971624089325198
bybit_perp,HYPE,20250801,500,10963,0.14437456695188344,-1.8135159616277137,-1.6691413946758304
bybit_perp,HYPE,20250801,1000,8467,0.14609618203293046,-1.7859542141556706,-1.6398580321227405
bybit_perp,HYPE,20250801,2000,6221,0.1439908923816511,-1.687221049779676,-1.543230157398025
bybit_perp,HYPE,20250801,5000,3987,0.14605145353437501,-1.7987248375021032,-1.6526733839677283
bybit_perp,HYPE,20250801,10000,2597,0.14652836652538184,-1.3454555962977164,-1.1989272297723348
bybit_perp,HYPE,20250802,100,11307,0.1402715768462978,-1.8348994311735567,-1.6946278543272588
bybit_perp,HYPE,20250802,250,8464,0.1458009983216418,-1.9382479602825848,-1.7924469619609433
bybit_perp,HYPE,20250802,500,7311,0.1467491631402676,-1.864852490654047,-1.7181033275137791
bybit_perp,HYPE,20250802,1000,5861,0.14936905643064466,-1.8618341129497762,-1.7124650565191315
bybit_perp,HYPE,20250802,2000,4406,0.14975893056892875,-1.7193077284783513,-1.5695487979094225
bybit_perp,HYPE,20250802,5000,3056,0.14480451827613652,-1.4861987968946704,-1.341394278618534
bybit_perp,HYPE,20250802,10000,2170,0.14755867021254235,-1.290922692685755,-1.143364022473213
bybit_perp,HYPE,20250803,100,9274,0.13628802358794972,-1.6121797574157182,-1.4758917338277677
bybit_perp,HYPE,20250803,250,7175,0.14111883885340273,-1.6481739886679305,-1.5070551498145277
bybit_perp,HYPE,20250803,500,6294,0.14181331305000047,-1.610325545546663,-1.4685122324966626
bybit_perp,HYPE,20250803,1000,5210,0.14167090822483305,-1.5517427898140514,-1.4100718815892186
bybit_perp,HYPE,20250803,2000,4155,0.14111581944386598,-1.6290462950421782,-1.4879304755983123
bybit_perp,HYPE,20250803,5000,2776,0.14295960998875165,-1.5681290340139493,-1.4251694240251973
bybit_perp,HYPE,20250803,10000,1971,0.14094501020874575,-1.2468320371967268,-1.105887026987981
bybit_perp,HYPE,20250804,100,13892,0.1398316795371611,-1.3214342153964722,-1.1816025358593112
bybit_perp,HYPE,20250804,250,10594,0.14887309126586415,-1.3196933271383116,-1.1708202358724473
bybit_perp,HYPE,20250804,500,9054,0.1497841511554059,-1.323866693329391,-1.1740825421739853
bybit_perp,HYPE,20250804,1000,7421,0.15092673684881264,-1.293963026224691,-1.1430362893758785
bybit_perp,HYPE,20250804,2000,5633,0.15196151158337654,-1.2287399969627968,-1.0767784853794202
bybit_perp,HYPE,20250804,5000,3877,0.1521608272265109,-1.2286381536656714,-1.0764773264391605
bybit_perp,HYPE,20250804,10000,2787,0.15514434583698933,-0.97204214891396,-0.8168978030769706
bybit_perp,HYPE,20250805,100,21457,0.1430016456733092,-1.0282639362443715,-0.8852622905710623
bybit_perp,HYPE,20250805,250,15449,0.15423447723815584,-1.0331298576565258,-0.8788953804183699
bybit_perp,HYPE,20250805,500,13130,0.15603823426957195,-1.0757222842416536,-0.9196840499720818
bybit_perp,HYPE,20250805,1000,10553,0.1578608564535973,-0.9384838856659021,-0.780623029212305
bybit_perp,HYPE,20250805,2000,8189,0.1606402185567502,-1.065045771606523,-0.9044055530497728
bybit_perp,HYPE,20250805,5000,5608,0.16539828295921058,-1.1333545407837262,-0.9679562578245157
bybit_perp,HYPE,20250805,10000,3974,0.16200926271960758,-1.0090923201038358,-0.8470830573842284
bybit_perp,HYPE,20250806,100,14375,0.14485289851041752,-1.1699550022941294,-1.0251021037837118
bybit_perp,HYPE,20250806,250,10611,0.1569488801146089,-1.118824800592492,-0.9618759204778831
bybit_perp,HYPE,20250806,500,9442,0.15962795319782977,-1.2019011702150655,-1.0422732170172355
bybit_perp,HYPE,20250806,1000,7823,0.16344889193786194,-1.162674270221907,-0.9992253782840453
bybit_perp,HYPE,20250806,2000,6370,0.16578111160900816,-1.2642824678953601,-1.098501356286352
bybit_perp,HYPE,20250806,5000,4599,0.16803406331647652,-1.1119248752571205,-0.9438908119406437
bybit_perp,HYPE,20250806,10000,3440,0.16535195107825587,-0.901671910433596,-0.7363199593553399
bybit_perp,HYPE,20250807,100,13551,0.14317687435142662,-1.043873018663303,-0.9006961443118762
bybit_perp,HYPE,20250807,250,10157,0.15906706116509767,-0.9983101167121795,-0.8392430555470817
bybit_perp,HYPE,20250807,500,8898,0.16336219053085324,-1.031014861321533,-0.86765267079068
bybit_perp,HYPE,20250807,1000,7488,0.16442163203471194,-1.0447396472791344,-0.8803180152444227
bybit_perp,HYPE,20250807,2000,6038,0.1686592990160301,-1.0514610388122447,-0.8828017397962148
bybit_perp,HYPE,20250807,5000,4297,0.17108366638272834,-0.8594210312817513,-0.6883373648990228
bybit_perp,HYPE,20250807,10000,3155,0.17062007695100814,-0.9524384371734386,-0.7818183602224306
bybit_perp,HYPE,20250808,100,15252,0.13867067324389823,-1.013371131224048,-0.8747004579801503
bybit_perp,HYPE,20250808,250,11592,0.1545799198265567,-1.0017424268072437,-0.8471625069806871
bybit_perp,HYPE,20250808,500,10025,0.15903742002376814,-0.9361943153765379,-0.7771568953527697
bybit_perp,HYPE,20250808,1000,8274,0.1610308180825374,-1.0129072770424765,-0.8518764589599391
bybit_perp,HYPE,20250808,2000,6453,0.1643394934754047,-1.0004371365409706,-0.8360976430655657
bybit_perp,HYPE,20250808,5000,4558,0.16351890044060421,-0.9995858739481633,-0.8360669735075589
bybit_perp,HYPE,20250808,10000,3366,0.1636994241065722,-0.8873720018371254,-0.7236725777305533
bybit_perp,HYPE,20250809,100,15879,0.1382731675133998,-1.052701208558704,-0.9144280410453044
bybit_perp,HYPE,20250809,250,12096,0.1563669581740143,-1.0830566995818498,-0.9266897414078354
bybit_perp,HYPE,20250809,500,10524,0.16071478612808396,-1.0061533384960089,-0.8454385523679249
bybit_perp,HYPE,20250809,1000,8796,0.1669851401192564,-0.9687922827415677,-0.8018071426223111
bybit_perp,HYPE,20250809,2000,7179,0.1679119844264,-1.0182429266390716,-0.8503309422126717
bybit_perp,HYPE,20250809,5000,5199,0.1682356120741561,-0.8437911602092666,-0.6755555481351107
bybit_perp,HYPE,20250809,10000,3723,0.17326450851737288,-0.7551353837422096,-0.5818708752248368
bybit_perp,HYPE,20250810,100,13698,0.13356724394846933,-1.0043463936995956,-0.8707791497511261
bybit_perp,HYPE,20250810,250,10376,0.14948908960927543,-1.0063380300829812,-0.8568489404737056
bybit_perp,HYPE,20250810,500,9000,0.15468493827682028,-0.9717369955643089,-0.8170520572874884
bybit_perp,HYPE,20250810,1000,7570,0.16050994734418747,-0.9784896335707673,-0.81797968622658
bybit_perp,HYPE,20250810,2000,6040,0.16342715680475264,-1.0640783870402653,-0.9006512302355126
bybit_perp,HYPE,20250810,5000,4265,0.16999757396618698,-0.9399479333422004,-0.7699503593760134
bybit_perp,HYPE,20250810,10000,3115,0.1700048828222563,-0.8130697940560992,-0.6430649112338429
bybit_perp,HYPE,20250811,100,18663,0.13845531480024975,-0.9085566693757413,-0.7701013545754916
bybit_perp,HYPE,20250811,250,14276,0.15892396147225848,-0.920003905580456,-0.7610799441081977
bybit_perp,HYPE,20250811,500,12363,0.16578499504537345,-0.85459715780277,-0.6888121627573967
bybit_perp,HYPE,20250811,1000,10129,0.1692822155846924,-0.8136089760675592,-0.6443267604828671
bybit_perp,HYPE,20250811,2000,8070,0.17210338529704738,-0.7686589723629866,-0.5965555870659391
bybit_perp,HYPE,20250811,5000,5641,0.1745245364360538,-0.7671147654157972,-0.5925902289797433
bybit_perp,HYPE,20250811,10000,4244,0.17732586026171115,-0.6202730503295041,-0.44294719006779276
bybit_perp,HYPE,20250812,100,18179,0.14847404189182792,-1.1769396782277985,-1.028465636335971
bybit_perp,HYPE,20250812,250,13473,0.1663181313162863,-1.1756196386494255,-1.0093015073331395
bybit_perp,HYPE,20250812,500,11393,0.1717107116156801,-1.2434916699460372,-1.071780958330357
bybit_perp,HYPE,20250812,1000,9237,0.1747725423029226,-1.240096805188887,-1.0653242628859645
bybit_perp,HYPE,20250812,2000,7237,0.17410335055591084,-0.9450889303697728,-0.7709855798138621
bybit_perp,HYPE,20250812,5000,4955,0.17829225608312982,-1.0687355875265492,-0.8904433314434191
bybit_perp,HYPE,20250812,10000,3565,0.17810151307164707,-0.8536145977997738,-0.6755130847281269
bybit_perp,HYPE,20250813,100,25089,0.14656557501166684,-0.8762103950153374,-0.7296448200036706
bybit_perp,HYPE,20250813,250,18255,0.16757408491435183,-0.9078557140377611,-0.7402816291234094
bybit_perp,HYPE,20250813,500,15471,0.17528199179541595,-0.972914457485569,-0.7976324656901531
bybit_perp,HYPE,20250813,1000,12480,0.17835846881790943,-0.8943188905362897,-0.7159604217183806
bybit_perp,HYPE,20250813,2000,9476,0.18193165355516128,-0.9290338563192062,-0.7471022027640448
bybit_perp,HYPE,20250813,5000,6332,0.18131952388209335,-0.9980957155015195,-0.8167761916194262
bybit_perp,HYPE,20250813,10000,4429,0.1842854317690078,-0.8745842413031546,-0.6902988095341469
bybit_perp,HYPE,20250814,100,26656,0.23281177434247421,-0.7998070718475867,-0.5669952975051124
bybit_perp,HYPE,20250814,250,19949,0.25184714313048584,-0.7030626587948352,-0.4512155156643494
bybit_perp,HYPE,20250814,500,16740,0.2524151005292994,-0.9260494456951147,-0.6736343451658156
bybit_perp,HYPE,20250814,1000,13375,0.2567844066302711,-0.8119085162932681,-0.555124109662997
bybit_perp,HYPE,20250814,2000,10161,0.25044059898714205,-0.8494796625709934,-0.5990390635838512
bybit_perp,HYPE,20250814,5000,6813,0.2600263322773916,-0.8017559744197468,-0.5417296421423552
bybit_perp,HYPE,20250814,10000,4823,0.24073260773465346,-0.6315743471410318,-0.3908417394063783
bybit_perp,HYPE,20250815,100,22819,0.17220842506946538,-0.8133704472269533,-0.6411620221574877
bybit_perp,HYPE,20250815,250,17728,0.20690897974348266,-0.8241805470877984,-0.6172715673443158
bybit_perp,HYPE,20250815,500,15400,0.21998017973191442,-0.8848620915719977,-0.6648819118400833
bybit_perp,HYPE,20250815,1000,12650,0.22625072569066124,-0.8730717887439878,-0.6468210630533268
bybit_perp,HYPE,20250815,2000,9760,0.23110053318100945,-0.829595651942456,-0.5984951187614465
bybit_perp,HYPE,20250815,5000,6655,0.23489992837579793,-0.732109151690441,-0.497209223314643
bybit_perp,HYPE,20250815,10000,4860,0.2428641779739855,-0.7050321406372375,-0.46216796266325216
bybit_perp,HYPE,20250816,100,11027,0.13279564047123213,-0.9828475218158929,-0.8500518813446607
bybit_perp,HYPE,20250816,250,8631,0.1561415199649032,-0.9883865562943385,-0.8322450363294351
bybit_perp,HYPE,20250816,500,7570,0.16249832883378695,-1.0309409179205538,-0.8684425890867666
bybit_perp,HYPE,20250816,1000,6487,0.17013325342670527,-1.0660975579668062,-0.895964304540101
bybit_perp,HYPE,20250816,2000,5223,0.1769971307296679,-0.9912645786101105,-0.8142674478804428
bybit_perp,HYPE,20250816,5000,3705,0.18716040621834817,-0.9803819937980708,-0.7932215875797227
bybit_perp,HYPE,20250816,10000,2680,0.18467897101816474,-0.8111025854183019,-0.6264236144001372
bybit_perp,HYPE,20250817,100,10166,0.1327010271541164,-0.9779129506685068,-0.8452119235143905
bybit_perp,HYPE,20250817,250,8098,0.1536592127669256,-0.9260819647107446,-0.772422751943819
bybit_perp,HYPE,20250817,500,7276,0.160952068709543,-0.9197112253246046,-0.7587591566150618
bybit_perp,HYPE,20250817,1000,6193,0.1678396534391827,-0.9493960274569188,-0.781556374017736
bybit_perp,HYPE,20250817,2000,5089,0.17295576691975595,-0.8568767511907371,-0.6839209842709811
bybit_perp,HYPE,20250817,5000,3723,0.1786307090058362,-0.8736380595375465,-0.69500735053171
bybit_perp,HYPE,20250817,10000,2782,0.18433216332383004,-0.6651379345920503,-0.4808057712682202
bybit_perp,HYPE,20250818,100,16226,0.15348297812427691,-0.8830563983883714,-0.7295734202640948
bybit_perp,HYPE,20250818,250,12350,0.18227692341677715,-0.9062958528779438,-0.7240189294611666
bybit_perp,HYPE,20250818,500,10850,0.18979350284839305,-0.8666399215201337,-0.6768464186717406
bybit_perp,HYPE,20250818,1000,9081,0.19800241885067632,-0.8875518538407133,-0.6895494349900372
bybit_perp,HYPE,20250818,2000,7157,0.20615771560768095,-0.9059874308122082,-0.6998297152045273
bybit_perp,HYPE,20250818,5000,5081,0.21171730603149833,-0.9776102891585489,-0.7658929831270506
bybit_perp,HYPE,20250818,10000,3563,0.21680768228957908,-0.8028890080466917,-0.5860813257571127
bybit_perp,HYPE,20250819,100,20598,0.1526743870195371,-1.1019876359819618,-0.9493132489624246
bybit_perp,HYPE,20250819,250,15218,0.1775037163707165,-1.041779411501108,-0.8642756951303918
bybit_perp,HYPE,20250819,500,12982,0.18623633532161898,-1.080370341538449,-0.8941340062168299
bybit_perp,HYPE,20250819,1000,10349,0.1898881947197499,-1.0242788425939462,-0.8343906478741964
bybit_perp,HYPE,20250819,2000,7992,0.19493141348947987,-0.9438214590531074,-0.7488900455636276
bybit_perp,HYPE,20250819,5000,5351,0.19598890552819473,-1.063695807871977,-0.8677069023437822
bybit_perp,HYPE,20250819,10000,3877,0.20085649410703318,-0.8335507324687574,-0.6326942383617243
bybit_perp,HYPE,20250820,100,16352,0.15476896596926779,-1.0223072523033665,-0.8675382863340987
bybit_perp,HYPE,20250820,250,12159,0.18624174264784396,-1.1064769072554417,-0.9202351646075975
bybit_perp,HYPE,20250820,500,10541,0.19195089099192544,-1.0437618696800832,-0.8518109786881576
bybit_perp,HYPE,20250820,1000,8614,0.19716068138972595,-0.9979649899252295,-0.8008043085355037
bybit_perp,HYPE,20250820,2000,6867,0.20423031396307376,-1.011820543744485,-0.807590229781411
bybit_perp,HYPE,20250820,5000,4689,0.21084767479760877,-0.9555842606792991,-0.7447365858816904
bybit_perp,HYPE,20250820,10000,3470,0.21914694146594482,-0.7828199266172978,-0.5636729851513531
bybit_perp,LINK,20250727,100,10597,0.2735634126136526,-1.0672052565042307,-0.7936418438905781
bybit_perp,LINK,20250727,250,8709,0.28309648251870595,-1.0957969605805054,-0.8127004780617993
bybit_perp,LINK,20250727,500,7617,0.28379876298820444,-1.1080526098719332,-0.8242538468837288
bybit_perp,LINK,20250727,1000,6418,0.28513615273062914,-1.0962687736996313,-0.8111326209690022
bybit_perp,LINK,20250727,2000,5185,0.2879080035563277,-1.0347468974418428,-0.7468388938855149
bybit_perp,LINK,20250727,5000,3872,0.286439496516858,-1.0715856682238134,-0.7851461717069554
bybit_perp,LINK,20250727,10000,2783,0.2844880338170714,-0.8232521301224794,-0.538764096305408
bybit_perp,LINK,20250728,100,11641,0.27749313268627523,-1.0246434814034753,-0.7471503487172003
bybit_perp,LINK,20250728,250,9172,0.2877527871516261,-1.0150520131187726,-0.7272992259671467
bybit_perp,LINK,20250728,500,7884,0.28769216457307,-0.9604782785239206,-0.6727861139508504
bybit_perp,LINK,20250728,1000,6687,0.2867193026737885,-0.995845008647928,-0.7091257059741394
bybit_perp,LINK,20250728,2000,5442,0.2869171323355052,-1.0126755098506237,-0.7257583775151185
bybit_perp,LINK,20250728,5000,3858,0.28626823978419785,-0.8338614020139283,-0.5475931622297303
bybit_perp,LINK,20250728,10000,2966,0.2882019807973048,-0.6534538065128229,-0.3652518257155181
bybit_perp,LINK,20250729,100,10676,0.2925639833051954,-1.2568601197086262,-0.9642961364034311
bybit_perp,LINK,20250729,250,8555,0.29749513283442663,-1.2250410428533764,-0.9275459100189498
bybit_perp,LINK,20250729,500,7483,0.2978258594929076,-1.1618719200055694,-0.8640460605126619
bybit_perp,LINK,20250729,1000,6330,0.30074611126220646,-1.1761707743971193,-0.8754246631349127
bybit_perp,LINK,20250729,2000,5172,0.2985363174830311,-1.0461543362848922,-0.7476180188018611
bybit_perp,LINK,20250729,5000,3741,0.29871092723755877,-1.1329433432380178,-0.834232416000459
bybit_perp,LINK,20250729,10000,2800,0.29843160154886145,-0.8582857334765542,-0.5598541319276928
bybit_perp,LINK,20250730,100,10089,0.3039823571590032,-1.156351757481395,-0.8523694003223918
bybit_perp,LINK,20250730,250,8020,0.31098196223970626,-1.0959043262084982,-0.7849223639687921
bybit_perp,LINK,20250730,500,6950,0.31028040369695453,-1.132767916822359,-0.8224875131254045
bybit_perp,LINK,20250730,1000,5867,0.3091432368904106,-1.1342723668579857,-0.8251291299675753
bybit_perp,LINK,20250730,2000,4724,0.3103375001606044,-1.0812557396589129,-0.7709182394983085
bybit_perp,LINK,20250730,5000,3396,0.3109406204497069,-1.1091210197678987,-0.7981803993181917
bybit_perp,LINK,20250730,10000,2557,0.30889075243014524,-0.8397103736452749,-0.5308196212151294
bybit_perp,LINK,20250731,100,10532,0.2957784095561622,-1.1576317428898815,-0.8618533333337192
bybit_perp,LINK,20250731,250,8604,0.3059310763981423,-1.1378266550189624,-0.8318955786208202
bybit_perp,LINK,20250731,500,7640,0.3062601817531246,-1.127845779554112,-0.8215855978009874
bybit_perp,LINK,20250731,1000,6406,0.3071213054915807,-1.0881792126294376,-0.7810579071378566
bybit_perp,LINK,20250731,2000,5104,0.30692512900506697,-1.037673906068888,-0.7307487770638209
bybit_perp,LINK,20250731,5000,3620,0.3075283065571836,-1.0659183710340254,-0.7583900644768418
bybit_perp,LINK,20250731,10000,2738,0.30532264399758463,-0.7417793806475824,-0.4364567366499979
bybit_perp,LINK,20250801,100,13076,0.31791182718076494,-1.346391838941091,-1.0284800117603259
bybit_perp,LINK,20250801,250,10164,0.32472010871805657,-1.3255493054947236,-1.0008291967766672
bybit_perp,LINK,20250801,500,8777,0.3252458815283655,-1.3820461129935036,-1.0568002314651386
bybit_perp,LINK,20250801,1000,7082,0.32526440053447697,-1.3192019572466658,-0.9939375567121888
bybit_perp,LINK,20250801,2000,5625,0.3260530650755162,-1.2130159588024472,-0.886962893726931
bybit_perp,LINK,20250801,5000,4079,0.32174101224038854,-1.2669428954714068,-0.9452018832310183
bybit_perp,LINK,20250801,10000,2959,0.3231859640765594,-1.20353190703075,-0.8803459429541904
bybit_perp,LINK,20250802,100,9528,0.32454243051959025,-1.3880799756941473,-1.0635375451745572
bybit_perp,LINK,20250802,250,7734,0.3332426898599978,-1.3630088829821467,-1.029766193122149
bybit_perp,LINK,20250802,500,6871,0.3344021376053393,-1.3651852002913005,-1.030783062685961
bybit_perp,LINK,20250802,1000,5854,0.33368984355457326,-1.2913852822867509,-0.9576954387321781
bybit_perp,LINK,20250802,2000,4642,0.33489951266955675,-1.341850320594234,-1.0069508079246774
bybit_perp,LINK,20250802,5000,3349,0.33223262759377686,-1.2601567252862174,-0.9279240976924402
bybit_perp,LINK,20250802,10000,2595,0.3323447263631099,-0.9083018437324726,-0.5759571173693627
bybit_perp,LINK,20250803,100,6136,0.3169141633622143,-1.1994762166083837,-0.8825620532461692
bybit_perp,LINK,20250803,250,5195,0.32359348124835435,-1.2332821965825957,-0.9096887153342416
bybit_perp,LINK,20250803,500,4704,0.32513587002021316,-1.2095839459153943,-0.8844480758951809
bybit_perp,LINK,20250803,1000,4055,0.32600150720696724,-1.2087713657992907,-0.8827698585923238
bybit_perp,LINK,20250803,2000,3422,0.32509494971091785,-1.1522069636122105,-0.8271120139012926
bybit_perp,LINK,20250803,5000,2476,0.3248356401752422,-0.995792080416894,-0.6709564402416517
bybit_perp,LINK,20250803,10000,1935,0.3254391238116395,-0.800177260063126,-0.47473813625148625
bybit_perp,LINK,20250804,100,8421,0.305664648985845,-1.293851502869054,-0.9881868538832091
bybit_perp,LINK,20250804,250,6958,0.31319360401203566,-1.296115244500488,-0.9829216404884523
bybit_perp,LINK,20250804,500,6207,0.3138707103096749,-1.24897497265639,-0.9351042623467152
bybit_perp,LINK,20250804,1000,5253,0.3145478334832813,-1.2476541094259175,-0.9331062759426362
bybit_perp,LINK,20250804,2000,4287,0.3139225319784763,-1.2556759029192435,-0.9417533709407669
bybit_perp,LINK,20250804,5000,3140,0.3164818656678406,-1.2630593966088535,-0.9465775309410128
bybit_perp,LINK,20250804,10000,2356,0.31567853475833724,-0.798012614073109,-0.4823340793147716
bybit_perp,LINK,20250805,100,8903,0.3094429898159116,-1.1487105888978701,-0.8392675990819586
bybit_perp,LINK,20250805,250,7075,0.31789837308612223,-1.2263337393343525,-0.90843536624823
bybit_perp,LINK,20250805,500,6176,0.31811233715976217,-1.2062453873694274,-0.8881330502096653
bybit_perp,LINK,20250805,1000,5239,0.3191552223420053,-1.166056912103346,-0.8469016897613406
bybit_perp,LINK,20250805,2000,4306,0.31643485888842693,-1.1144841508493202,-0.7980492919608931
bybit_perp,LINK,20250805,5000,3090,0.3176715311910984,-1.0310065310026992,-0.7133349998116009
bybit_perp,LINK,20250805,10000,2339,0.312838005033707,-0.761292106729163,-0.44845410169545596
bybit_perp,LINK,20250806,100,6951,0.3100363854252836,-1.1830031661062224,-0.8729667806809389
bybit_perp,LINK,20250806,250,5628,0.3166739213631836,-1.2045350019678007,-0.8878610806046169
bybit_perp,LINK,20250806,500,4956,0.316628828224139,-1.197028052919384,-0.880399224695245
bybit_perp,LINK,20250806,1000,4191,0.31530828371446007,-1.2403640250661379,-0.9250557413516778
bybit_perp,LINK,20250806,2000,3468,0.3178356088047531,-1.1059710801590845,-0.7881354713543316
bybit_perp,LINK,20250806,5000,2648,0.31486289622782654,-1.1775899607499694,-0.8627270645221429
bybit_perp,LINK,20250806,10000,1909,0.31627030713266924,-0.9795023659351971,-0.663232058802528
bybit_perp,LINK,20250807,100,9478,0.2900236066066929,-1.4031837731735322,-1.1131601665668394
bybit_perp,LINK,20250807,250,7425,0.29655617051037214,-1.375455872896026,-1.078899702385654
bybit_perp,LINK,20250807,500,6528,0.2976804433999647,-1.3876060963108496,-1.0899256529108847
bybit_perp,LINK,20250807,1000,5495,0.2983124905482794,-1.3825378023886041,-1.0842253118403247
bybit_perp,LINK,20250807,2000,4469,0.3001678017649775,-1.3184967529647016,-1.018328951199724
bybit_perp,LINK,20250807,5000,3232,0.29879155351554726,-1.2227699931918332,-0.923978439676286
bybit_perp,LINK,20250807,10000,2519,0.29689141045813094,-0.9357434246326907,-0.6388520141745596
bybit_perp,LINK,20250808,100,15722,0.2680711002584305,-1.2753304522249795,-1.0072593519665491
bybit_perp,LINK,20250808,250,11876,0.2748580164268622,-1.2306318929428373,-0.9557738765159749
bybit_perp,LINK,20250808,500,10348,0.2741747667094215,-1.2366881461179275,-0.9625133794085059
bybit_perp,LINK,20250808,1000,8551,0.27394290965233337,-1.1648218144547722,-0.890878904802439
bybit_perp,LINK,20250808,2000,7013,0.2740252377131289,-1.164988393780308,-0.8909631560671789
bybit_perp,LINK,20250808,5000,4982,0.27485719757190924,-1.1313489417985185,-0.8564917442266092
bybit_perp,LINK,20250808,10000,3621,0.27408177445339915,-0.8014495710894104,-0.5273677966360113
bybit_perp,LINK,20250809,100,15483,0.24670838343031862,-1.1303097233097732,-0.8836013398794546
bybit_perp,LINK,20250809,250,11967,0.25570353726578965,-1.0878040587179807,-0.8321005214521912
bybit_perp,LINK,20250809,500,10374,0.2574543934670328,-1.1151088400260114,-0.8576544465589788
bybit_perp,LINK,20250809,1000,8749,0.25855440706091565,-1.0291261644991494,-0.7705717574382336
bybit_perp,LINK,20250809,2000,7067,0.25811650500566125,-1.0830529689603197,-0.8249364639546583
bybit_perp,LINK,20250809,5000,4902,0.25951810965754346,-1.1020717975183958,-0.8425536878608523
bybit_perp,LINK,20250809,10000,3827,0.26092680955230413,-0.8730054504163133,-0.6120786408640091
bybit_perp,LINK,20250810,100,17671,0.24340568614581395,-1.142932931705646,-0.8995272455598319
bybit_perp,LINK,20250810,250,13233,0.2527672291483816,-1.097013615811076,-0.8442463866626944
bybit_perp,LINK,20250810,500,11321,0.25325203366723303,-1.1149207860269625,-0.8616687523597293
bybit_perp,LINK,20250810,1000,9566,0.2552255017759056,-1.012933621262899,-0.7577081194869933
bybit_perp,LINK,20250810,2000,7628,0.25358171168931115,-0.9640629810306408,-0.7104812693413295
bybit_perp,LINK,20250810,5000,5575,0.2515181778405492,-0.9914702298822627,-0.7399520520417137
bybit_perp,LINK,20250810,10000,4062,0.24792835116272524,-0.901156192653183,-0.6532278414904578
bybit_perp,LINK,20250811,100,17354,0.24360370742415557,-1.1271637126313547,-0.883560005207199
bybit_perp,LINK,20250811,250,12997,0.25527843542965306,-1.0471842496627994,-0.7919058142331465
bybit_perp,LINK,20250811,500,11368,0.25644406513496787,-1.020451285814118,-0.7640072206791501
bybit_perp,LINK,20250811,1000,9413,0.25754972341150945,-1.0762174334731271,-0.8186677100616174
bybit_perp,LINK,20250811,2000,7653,0.2563020431913356,-0.9036143924019966,-0.6473123492106609
bybit_perp,LINK,20250811,5000,5533,0.2576430338142604,-1.0017492825145808,-0.7441062487003206
bybit_perp,LINK,20250811,10000,3979,0.2574928217871145,-0.8589357810900121,-0.6014429593028976
bybit_perp,LINK,20250812,100,22780,0.24494360384640884,-1.0081969623987765,-0.7632533585523675
bybit_perp,LINK,20250812,250,17035,0.2543630756524086,-1.0480129640655218,-0.7936498884131133
bybit_perp,LINK,20250812,500,14598,0.2529752546790526,-1.0642124452187256,-0.8112371905396734
bybit_perp,LINK,20250812,1000,12156,0.2543678702912318,-1.0430572163164336,-0.7886893460252019
bybit_perp,LINK,20250812,2000,9528,0.25652831972869067,-0.9608685541398594,-0.7043402344111688
bybit_perp,LINK,20250812,5000,6630,0.2521492372986103,-0.9919525514366963,-0.7398033141380862
bybit_perp,LINK,20250812,10000,4816,0.24973478875488875,-0.6101109364046944,-0.3603761476498057
bybit_perp,LINK,20250813,100,23695,0.2235540373302057,-0.9753657508065009,-0.751811713476295
bybit_perp,LINK,20250813,250,17601,0.2357389116532054,-1.0438128702414458,-0.8080739585882404
bybit_perp,LINK,20250813,500,14996,0.2364956698248384,-0.9951635687710976,-0.7586678989462591
bybit_perp,LINK,20250813,1000,12435,0.23736496753219802,-0.9437904223079286,-0.7064254547757306
bybit_perp,LINK,20250813,2000,9909,0.23775826990253743,-0.9092320121800783,-0.6714737422775408
bybit_perp,LINK,20250813,5000,6836,0.23909776719107745,-0.9011774068602296,-0.6620796396691523
bybit_perp,LINK,20250813,10000,5035,0.24324045579363782,-0.650320521615696,-0.40708006582205825
bybit_perp,LINK,20250814,100,24452,0.2885808180900128,-0.9352801474727626,-0.6466993293827498
bybit_perp,LINK,20250814,250,18009,0.29147857501771557,-1.0714389084421467,-0.779960333424431
bybit_perp,LINK,20250814,500,15122,0.28926112035650203,-0.969020505979223,-0.6797593856227209
bybit_perp,LINK,20250814,1000,12242,0.28384135786244585,-1.0299636917647903,-0.7461223339023446
bybit_perp,LINK,20250814,2000,9525,0.2771915428091482,-1.0245344584387817,-0.7473429156296335
bybit_perp,LINK,20250814,5000,6705,0.2627707104725677,-1.1841279615881224,-0.9213572511155544
bybit_perp,LINK,20250814,10000,4648,0.25615740585748553,-0.7924533342744657,-0.5362959284169803
bybit_perp,LINK,20250815,100,15960,0.23903174997905488,-1.1016017761460064,-0.8625700261669513
bybit_perp,LINK,20250815,250,11959,0.2522985519201171,-0.9956451149035934,-0.7433465629834762
bybit_perp,LINK,20250815,500,10298,0.25280490577373504,-1.027307233543787,-0.7745023277700521
bybit_perp,LINK,20250815,1000,8624,0.252608502612548,-1.111853942978484,-0.8592454403659358
bybit_perp,LINK,20250815,2000,6894,0.25211818010757453,-1.0769873870659101,-0.8248692069583353
bybit_perp,LINK,20250815,5000,4989,0.25112882727782093,-1.1137786666590843,-0.8626498393812637
bybit_perp,LINK,20250815,10000,3682,0.24997188068174184,-0.8437622853103945,-0.5937904046286526
bybit_perp,LINK,20250816,100,13363,0.23377762296529953,-1.1966935615511356,-0.9629159385858362
bybit_perp,LINK,20250816,250,10217,0.24610210061477333,-1.256761396375272,-1.0106592957604983
bybit_perp,LINK,20250816,500,8873,0.24694314411100288,-1.250937057819146,-1.0039939137081433
bybit_perp,LINK,20250816,1000,7322,0.24854268708501578,-1.2230975558402393,-0.9745548687552232
bybit_perp,LINK,20250816,2000,5960,0.24904751730041233,-1.2069512286620034,-0.9579037113615909
bybit_perp,LINK,20250816,5000,4291,0.2499406406271786,-1.0926716701687285,-0.8427310295415498
bybit_perp,LINK,20250816,10000,3333,0.24919536576838486,-0.913491976706241,-0.6642966109378562
bybit_perp,LINK,20250817,100,24730,0.21543776337371112,-1.0018453241763823,-0.7864075608026713
bybit_perp,LINK,20250817,250,18511,0.2287119966758746,-0.9202505962622383,-0.6915385995863635
bybit_perp,LINK,20250817,500,16041,0.23119838105440305,-0.9592840711848576,-0.7280856901304544
bybit_perp,LINK,20250817,1000,13346,0.23207196453515233,-1.028106338426206,-0.7960343738910535
bybit_perp,LINK,20250817,2000,10646,0.23235400115006336,-0.9788390481540578,-0.7464850470039943
bybit_perp,LINK,20250817,5000,7441,0.22880998720873894,-0.9064577877972334,-0.6776478005884944
bybit_perp,LINK,20250817,10000,5200,0.23317854848324404,-0.7880787427503049,-0.5549001942670607
bybit_perp,LINK,20250818,100,31234,0.22176090712041804,-0.9862224583419135,-0.7644615512214954
bybit_perp,LINK,20250818,250,22807,0.23226528070320027,-0.9514229360505347,-0.7191576553473344
bybit_perp,LINK,20250818,500,19441,0.23448739263463278,-0.9715900164066613,-0.7371026237720285
bybit_perp,LINK,20250818,1000,15705,0.23386013926762658,-1.0203434430325375,-0.7864833037649109
bybit_perp,LINK,20250818,2000,12587,0.23392858977407927,-0.9819049747570779,-0.7479763849829988
bybit_perp,LINK,20250818,5000,8337,0.2332354387145085,-1.159229840354449,-0.9259944016399406
bybit_perp,LINK,20250818,10000,5768,0.23184540428825887,-0.9551460238205464,-0.7233006195322874
bybit_perp,LINK,20250819,100,26654,0.22192064737262326,-0.9384420686889665,-0.7165214213163432
bybit_perp,LINK,20250819,250,19184,0.23548512578908218,-0.9329231308403703,-0.697438005051288
bybit_perp,LINK,20250819,500,16344,0.23640354632041216,-0.889487964810941,-0.6530844184905289
bybit_perp,LINK,20250819,1000,13045,0.237416591997905,-0.7587270283174418,-0.5213104363195368
bybit_perp,LINK,20250819,2000,10341,0.23677528696897565,-0.8424660345885229,-0.6056907476195472
bybit_perp,LINK,20250819,5000,7177,0.23841192316324827,-0.8079456031778971,-0.569533680014649
bybit_perp,LINK,20250819,10000,4934,0.237894406352602,-0.7841374335089346,-0.5462430271563328
bybit_perp,LINK,20250820,100,29960,0.22741803065709085,-0.9692548628475748,-0.741836832190484
bybit_perp,LINK,20250820,250,22197,0.24333038875429194,-0.9809052518472245,-0.7375748630929327
bybit_perp,LINK,20250820,500,19106,0.2426245554900099,-1.0508871896428629,-0.8082626341528527
bybit_perp,LINK,20250820,1000,15503,0.24433165068145163,-1.0918670552278462,-0.8475354045463945
bybit_perp,LINK,20250820,2000,12404,0.24455202757818242,-1.0309065983152363,-0.786354570737054
bybit_perp,LINK,20250820,5000,8489,0.24669603970298173,-1.038245167900778,-0.7915491281977962
bybit_perp,LINK,20250820,10000,6052,0.24384982383088616,-0.8089738948883599,-0.5651240710574738
bybit_perp,LTC,20250727,100,4736,0.44539011122127364,-1.405192599366187,-0.9598024881449131
bybit_perp,LTC,20250727,250,3973,0.4556555454951689,-1.3435497749668264,-0.8878942294716573
bybit_perp,LTC,20250727,500,3661,0.45718422619548976,-1.3376169980052621,-0.8804327718097725
bybit_perp,LTC,20250727,1000,3258,0.4582417759213617,-1.3661676577556023,-0.9079258818342404
bybit_perp,LTC,20250727,2000,2867,0.45474670847583026,-1.2245620872107932,-0.769815378734963
bybit_perp,LTC,20250727,5000,2254,0.4573237385389891,-1.1279621495894903,-0.6706384110505013
bybit_perp,LTC,20250727,10000,1785,0.45371797675264913,-0.8179277886622583,-0.36420981190960916
bybit_perp,LTC,20250728,100,6246,0.4542116845485049,-1.1230287588388428,-0.6688170742903378
bybit_perp,LTC,20250728,250,5157,0.4661481664787499,-1.1388589131981295,-0.6727107467193798
bybit_perp,LTC,20250728,500,4577,0.46801301711815874,-1.0609738444651953,-0.5929608273470364
bybit_perp,LTC,20250728,1000,3997,0.4698766781862111,-0.9905931325858559,-0.5207164543996448
bybit_perp,LTC,20250728,2000,3393,0.4713630230311522,-1.1054602164030962,-0.634097193371944
bybit_perp,LTC,20250728,5000,2663,0.4680489309085598,-1.072874195932402,-0.604825265023842
bybit_perp,LTC,20250728,10000,2241,0.465156505570934,-0.7755951937915472,-0.3104386882206132
bybit_perp,LTC,20250729,100,5861,0.47039274642312795,-1.383308383929362,-0.9129156375062343
bybit_perp,LTC,20250729,250,4777,0.484593174708374,-1.413533639196032,-0.928940464487658
bybit_perp,LTC,20250729,500,4270,0.48405592729889707,-1.3733032354409143,-0.8892473081420174
bybit_perp,LTC,20250729,1000,3683,0.4876414885387383,-1.2860203647691215,-0.7983788762303833
bybit_perp,LTC,20250729,2000,3161,0.4862277498995712,-1.2856232395156795,-0.7993954896161081
bybit_perp,LTC,20250729,5000,2453,0.4856020509726561,-1.1541565206622377,-0.6685544696895814
bybit_perp,LTC,20250729,10000,1903,0.48270623543529784,-0.9820783531239274,-0.4993721176886295
bybit_perp,LTC,20250730,100,5871,0.4841562661590983,-1.4741736123321683,-0.9900173461730697
bybit_perp,LTC,20250730,250,4839,0.4945252526665276,-1.6104251085811137,-1.1158998559145858
bybit_perp,LTC,20250730,500,4281,0.49188354420492014,-1.6112021311172273,-1.1193185869123075
bybit_perp,LTC,20250730,1000,3785,0.49451654266875744,-1.469174152748962,-0.9746576100802047
bybit_perp,LTC,20250730,2000,3217,0.4968241655133863,-1.555040413993925,-1.0582162484805386
bybit_perp,LTC,20250730,5000,2575,0.49156495490995056,-1.355395165763426,-0.8638302108534757
bybit_perp,LTC,20250730,10000,1994,0.48960898261101304,-1.1044630218502822,-0.6148540392392691
bybit_perp,LTC,20250731,100,5094,0.4687114511949368,-1.3672723718732027,-0.898560920678266
bybit_perp,LTC,20250731,250,4250,0.47760192947383107,-1.401529375606102,-0.9239274461322708
bybit_perp,LTC,20250731,500,3909,0.48090101674442687,-1.3558491476005492,-0.8749481308561221
bybit_perp,LTC,20250731,1000,3418,0.4811097879614079,-1.348887585826492,-0.8677777978650841
bybit_perp,LTC,20250731,2000,2920,0.47839710764275306,-1.269676102304899,-0.791278994662146
bybit_perp,LTC,20250731,5000,2238,0.48191435407911437,-1.121262234500773,-0.6393478804216586
bybit_perp,LTC,20250731,10000,1837,0.4834132562272395,-1.0692167376024149,-0.5858034813751754
bybit_perp,LTC,20250801,100,7690,0.4896959207399703,-1.5007994101353845,-1.011103489395414
bybit_perp,LTC,20250801,250,6057,0.5040880693768892,-1.4130069634069777,-0.9089188940300886
bybit_perp,LTC,20250801,500,5402,0.5050721544606976,-1.3506742542593762,-0.8456020997986787
bybit_perp,LTC,20250801,1000,4713,0.5037745937132301,-1.3227649273400208,-0.8189903336267904
bybit_perp,LTC,20250801,2000,4119,0.5041828693512279,-1.2179799922154424,-0.7137971228642143
bybit_perp,LTC,20250801,5000,3310,0.5043341172737399,-1.348119209381688,-0.8437850921079484
bybit_perp,LTC,20250801,10000,2634,0.4990252776583778,-1.382495005142055,-0.8834697274836774
bybit_perp,LTC,20250802,100,7287,0.4779263493019359,-1.4438814453296145,-0.9659550960276787
bybit_perp,LTC,20250802,250,5879,0.4902104827706987,-1.3394062624493148,-0.8491957796786163
bybit_perp,LTC,20250802,500,5377,0.49177397786877675,-1.3519580632201698,-0.860184085351393
bybit_perp,LTC,20250802,1000,4764,0.4915329098748782,-1.3113204876092783,-0.8197875777344004
bybit_perp,LTC,20250802,2000,4211,0.48947739492979175,-1.4569630192860612,-0.9674856243562695
bybit_perp,LTC,20250802,5000,3434,0.49099840075012957,-1.3965311002532266,-0.9055326995030969
bybit_perp,LTC,20250802,10000,2875,0.49574513601672804,-1.0718188035622613,-0.5760736675455335
bybit_perp,LTC,20250803,100,5246,0.4691145227850332,-1.4716773476994454,-1.0025628249144123
bybit_perp,LTC,20250803,250,4381,0.48209449662608395,-1.489469043246928,-1.007374546620844
bybit_perp,LTC,20250803,500,4088,0.48327226782263555,-1.4656850435632185,-0.9824127757405829
bybit_perp,LTC,20250803,1000,3632,0.48508256750448914,-1.4012481273391224,-0.9161655598346334
bybit_perp,LTC,20250803,2000,3278,0.4863241242410544,-1.3650453075174194,-0.878721183276365
bybit_perp,LTC,20250803,5000,2677,0.48322316729316206,-1.273546825699041,-0.7903236584058788
bybit_perp,LTC,20250803,10000,2216,0.48398108304164517,-0.9072655308855603,-0.4232844478439153
bybit_perp,LTC,20250804,100,9209,0.4426777018196862,-1.0778988757751236,-0.6352211739554374
bybit_perp,LTC,20250804,250,7579,0.45423993334438345,-1.120979189557971,-0.6667392562135876
bybit_perp,LTC,20250804,500,6810,0.45515837351858685,-1.126348321646109,-0.6711899481275223
bybit_perp,LTC,20250804,1000,5856,0.4570450943705802,-1.157518025350371,-0.7004729309797905
bybit_perp,LTC,20250804,2000,5058,0.4593754936393156,-1.0380570653758339,-0.578681571736518
bybit_perp,LTC,20250804,5000,4081,0.4576166674802647,-1.1790091260115192,-0.7213924585312543
bybit_perp,LTC,20250804,10000,3167,0.46009794365007867,-0.9323498101930547,-0.4722518665429761
bybit_perp,LTC,20250805,100,14628,0.4185244401643234,-1.202416153973389,-0.7838917138090656
bybit_perp,LTC,20250805,250,11471,0.4304008137996597,-1.1260086927072661,-0.6956078789076066
bybit_perp,LTC,20250805,500,10214,0.43073847170683627,-1.0884678896164668,-0.6577294179096307
bybit_perp,LTC,20250805,1000,8737,0.4291133051661625,-1.065342790163344,-0.6362294849971815
bybit_perp,LTC,20250805,2000,7487,0.4311145785419387,-1.1471766855670262,-0.7160621070250878
bybit_perp,LTC,20250805,5000,5551,0.43029512112445056,-1.2048300392535165,-0.7745349181290659
bybit_perp,LTC,20250805,10000,4329,0.4335286908693737,-0.935049160783119,-0.5015204699137454
bybit_perp,LTC,20250806,100,8215,0.4285270419998992,-1.1699023521262013,-0.7413753101263018
bybit_perp,LTC,20250806,250,6696,0.4389026839445177,-1.2282760115432214,-0.7893733275987035
bybit_perp,LTC,20250806,500,6070,0.4400738928574413,-1.1492650003849136,-0.7091911075274723
bybit_perp,LTC,20250806,1000,5300,0.44030727334510805,-1.1455140752572348,-0.7052068019121268
bybit_perp,LTC,20250806,2000,4618,0.43971341285397836,-1.062307969531478,-0.6225945566774996
bybit_perp,LTC,20250806,5000,3633,0.4447734532843109,-0.9952837597329117,-0.5505103064486008
bybit_perp,LTC,20250806,10000,2904,0.4435315651194561,-0.7726583479513707,-0.3291267828319146
bybit_perp,LTC,20250807,100,8589,0.423548612921053,-1.3541142144140748,-0.9305656014930221
bybit_perp,LTC,20250807,250,6945,0.434896659807619,-1.3653930425676724,-0.9304963827600535
bybit_perp,LTC,20250807,500,6269,0.4354409539151182,-1.2982856727353105,-0.8628447188201922
bybit_perp,LTC,20250807,1000,5466,0.43803179665548075,-1.2450434844584923,-0.807011687803012
bybit_perp,LTC,20250807,2000,4762,0.4381160257301722,-1.232787456104951,-0.7946714303747786
bybit_perp,LTC,20250807,5000,3992,0.43799895866778843,-1.2261100732589443,-0.7881111145911559
bybit_perp,LTC,20250807,10000,3164,0.4365287123919721,-0.8665224835068023,-0.42999377111483006
bybit_perp,LTC,20250808,100,8285,0.41531417686811495,-1.2202678464359356,-0.8049536695678207
bybit_perp,LTC,20250808,250,6618,0.42629214032694124,-1.2128450988240014,-0.7865529584970601
bybit_perp,LTC,20250808,500,6001,0.42941499547806333,-1.1950301951174598,-0.7656151996393965
bybit_perp,LTC,20250808,1000,5282,0.42793543241886683,-1.1719146099087194,-0.7439791774898526
bybit_perp,LTC,20250808,2000,4613,0.42783738000880217,-0.9695158538735802,-0.541678473864778
bybit_perp,LTC,20250808,5000,3607,0.4283762190057708,-1.1418276344672644,-0.7134514154614934
bybit_perp,LTC,20250808,10000,2828,0.4311625098682408,-0.9621750804119739,-0.5310125705437331
bybit_perp,LTC,20250809,100,6577,0.4138157003989068,-1.1890470681964131,-0.7752313677975065
bybit_perp,LTC,20250809,250,5436,0.4256182751493736,-1.1423948318519974,-0.7167765567026239
bybit_perp,LTC,20250809,500,5000,0.4293701583654158,-1.0862960852999897,-0.6569259269345739
bybit_perp,LTC,20250809,1000,4504,0.430152397494392,-1.2491713015986674,-0.8190189041042754
bybit_perp,LTC,20250809,2000,4054,0.43040175223303606,-1.238478609501015,-0.808076857267979
bybit_perp,LTC,20250809,5000,3154,0.4342283459023938,-1.125401859527078,-0.6911735136246843
bybit_perp,LTC,20250809,10000,2509,0.42658155524871877,-0.7596976385645662,-0.3331160833158473
bybit_perp,LTC,20250810,100,7101,0.41834466303448037,-1.1782257391803646,-0.7598810761458842
bybit_perp,LTC,20250810,250,5808,0.4315776965394439,-1.1990951796802176,-0.7675174831407735
bybit_perp,LTC,20250810,500,5361,0.4307773496275705,-1.2205358235980757,-0.789758473970505
bybit_perp,LTC,20250810,1000,4732,0.4329611966709034,-1.1234835809962123,-0.6905223843253089
bybit_perp,LTC,20250810,2000,4145,0.4292498992761641,-1.2529036890633083,-0.8236537897871443
bybit_perp,LTC,20250810,5000,3277,0.42586982793310374,-1.0961689287431877,-0.6702991008100839
bybit_perp,LTC,20250810,10000,2650,0.4316181907856666,-0.9247404532326221,-0.49312226244695573
bybit_perp,LTC,20250811,100,11712,0.411511350522831,-1.1515281887368432,-0.7400168382140123
bybit_perp,LTC,20250811,250,9279,0.4223029913520056,-1.2184040513881833,-0.7961010600361775
bybit_perp,LTC,20250811,500,8290,0.42391268405455135,-1.0811011589030382,-0.6571884748484866
bybit_perp,LTC,20250811,1000,7287,0.4227911643192176,-1.1025808371302555,-0.6797896728110375
bybit_perp,LTC,20250811,2000,6232,0.4225638442772496,-1.1719070587379727,-0.749343214460723
bybit_perp,LTC,20250811,5000,4816,0.41792018864328473,-1.1140865598628544,-0.6961663712195698
bybit_perp,LTC,20250811,10000,3857,0.4218183451355801,-1.0640475005758774,-0.6422291554402971
bybit_perp,LTC,20250812,100,10841,0.4142081033475731,-1.0025107433941407,-0.5883026400465674
bybit_perp,LTC,20250812,250,8545,0.42885788597601004,-0.9770948184095727,-0.5482369324335626
bybit_perp,LTC,20250812,500,7731,0.4293283724703463,-0.9930469099857063,-0.5637185375153599
bybit_perp,LTC,20250812,1000,6662,0.4284584305988849,-1.0119227797163748,-0.58346434911749
bybit_perp,LTC,20250812,2000,5895,0.43149253943054194,-0.9747168547170627,-0.5432243152865208
bybit_perp,LTC,20250812,5000,4648,0.4282065693943873,-1.0612932558718677,-0.6330866864774806
bybit_perp,LTC,20250812,10000,3710,0.4308865745344884,-0.7847788287098926,-0.3538922541754041
bybit_perp,LTC,20250813,100,11753,0.387753127727545,-1.1138581070386067,-0.7261049793110617
bybit_perp,LTC,20250813,250,9327,0.40240233321518226,-1.124506230547831,-0.7221038973326489
bybit_perp,LTC,20250813,500,8428,0.402282430005492,-1.046482472391509,-0.6442000423860169
bybit_perp,LTC,20250813,1000,7196,0.4017387561644071,-1.0527046607633228,-0.6509659045989158
bybit_perp,LTC,20250813,2000,6111,0.4021592798558138,-1.0239464266516247,-0.621787146795811
bybit_perp,LTC,20250813,5000,4764,0.40417546969179824,-0.9062045370123333,-0.5020290673205351
bybit_perp,LTC,20250813,10000,3809,0.40160974223245194,-0.9230431843898117,-0.5214334421573597
bybit_perp,LTC,20250814,100,13987,0.4613709290819376,-1.2825977999737697,-0.8212268708918322
bybit_perp,LTC,20250814,250,10516,0.46793945852818797,-1.2019866371755086,-0.7340471786473209
bybit_perp,LTC,20250814,500,9307,0.4514522209847462,-1.2169253621321987,-0.7654731411474524
bybit_perp,LTC,20250814,1000,7849,0.44226689377081874,-1.2431401276754641,-0.8008732339046454
bybit_perp,LTC,20250814,2000,6572,0.4441267939558881,-1.406727083340285,-0.9626002893843969
bybit_perp,LTC,20250814,5000,4988,0.4301010295930951,-1.0202601139970078,-0.5901590844039128
bybit_perp,LTC,20250814,10000,3802,0.4223464210481702,-0.7614839187976147,-0.3391374977494444
bybit_perp,LTC,20250815,100,7719,0.42543511726488104,-1.380458627190744,-0.9550235099258629
bybit_perp,LTC,20250815,250,6143,0.4374485617752966,-1.2216427772109917,-0.784194215435695
bybit_perp,LTC,20250815,500,5436,0.43777351415459986,-1.2787255815267062,-0.8409520673721065
bybit_perp,LTC,20250815,1000,4823,0.4364975902980074,-1.1282261478530995,-0.6917285575550921
bybit_perp,LTC,20250815,2000,4140,0.43547167419048477,-1.0900665648027197,-0.6545948906122351
bybit_perp,LTC,20250815,5000,3204,0.4348821722434776,-1.0094018509116598,-0.5745196786681823
bybit_perp,LTC,20250815,10000,2632,0.4346359588190908,-0.8763228272284184,-0.44168686840932747
bybit_perp,LTC,20250816,100,4164,0.4242796692190515,-1.4082745994181556,-0.9839949301991041
bybit_perp,LTC,20250816,250,3472,0.4343123388119887,-1.3805933957605863,-0.9462810569485975
bybit_perp,LTC,20250816,500,3226,0.43497505909401435,-1.2968576969555135,-0.861882637861499
bybit_perp,LTC,20250816,1000,2906,0.4373835127142269,-1.2006181583283397,-0.7632346456141128
bybit_perp,LTC,20250816,2000,2551,0.43622741603124277,-1.1603846906665405,-0.7241572746352977
bybit_perp,LTC,20250816,5000,2066,0.4391953862484502,-1.134196428231678,-0.6950010419832279
bybit_perp,LTC,20250816,10000,1692,0.4368457293078906,-0.910870840611623,-0.4740251113037324
bybit_perp,LTC,20250817,100,4288,0.41684756141706625,-1.305897796314305,-0.8890502348972387
bybit_perp,LTC,20250817,250,3562,0.4271811637491597,-1.278033982502914,-0.8508528187537543
bybit_perp,LTC,20250817,500,3270,0.4278108964767224,-1.2564779483778028,-0.8286670519010804
bybit_perp,LTC,20250817,1000,2933,0.4307370495964224,-1.2478982055142362,-0.8171611559178139
bybit_perp,LTC,20250817,2000,2604,0.4328046746033048,-1.2466666331666585,-0.8138619585633536
bybit_perp,LTC,20250817,5000,2237,0.4335457458561689,-1.1464250882344644,-0.7128793423782955
bybit_perp,LTC,20250817,10000,1818,0.4343146970679024,-0.850026264527451,-0.4157115674595488
bybit_perp,LTC,20250818,100,6584,0.43453542137125806,-1.2979958095518702,-0.8634603881806121
bybit_perp,LTC,20250818,250,5351,0.4441720602423223,-1.382020642057119,-0.9378485818147964
bybit_perp,LTC,20250818,500,4787,0.4488685380449115,-1.2979800732747622,-0.8491115352298509
bybit_perp,LTC,20250818,1000,4190,0.44774722985607784,-1.3265211289658354,-0.8787738991097578
bybit_perp,LTC,20250818,2000,3641,0.4487722131821072,-1.3093564310199872,-0.8605842178378801
bybit_perp,LTC,20250818,5000,2897,0.44813742209594193,-1.2178892883234675,-0.7697518662275259
bybit_perp,LTC,20250818,10000,2328,0.4446848933427783,-0.8063457935417107,-0.36166090019893243
bybit_perp,LTC,20250819,100,7117,0.44166676694580187,-1.3960807182290924,-0.9544139512832903
bybit_perp,LTC,20250819,250,5747,0.45398383486488075,-1.3678889785133055,-0.9139051436484246
bybit_perp,LTC,20250819,500,5225,0.45466796593156017,-1.4024071348444263,-0.9477391689128659
bybit_perp,LTC,20250819,1000,4583,0.45489521629903445,-1.3976474212333418,-0.9427522049343076
bybit_perp,LTC,20250819,2000,3899,0.45568466327371293,-1.2298103385935482,-0.774125675319835
bybit_perp,LTC,20250819,5000,3179,0.4556728536672449,-1.2038965466727936,-0.7482236930055486
bybit_perp,LTC,20250819,10000,2595,0.45649230815342096,-0.8365337693927591,-0.3800414612393382
bybit_perp,LTC,20250820,100,6304,0.4416716225460945,-1.4170935789604444,-0.9754219564143497
bybit_perp,LTC,20250820,250,5229,0.45407537875801984,-1.4019340029969134,-0.9478586242388936
bybit_perp,LTC,20250820,500,4773,0.4548904741365988,-1.350962358862342,-0.8960718847257434
bybit_perp,LTC,20250820,1000,4200,0.4548126978125335,-1.2738821742283535,-0.8190694764158201
bybit_perp,LTC,20250820,2000,3615,0.45605185293759254,-1.3152467973771291,-0.8591949444395366
bybit_perp,LTC,20250820,5000,2927,0.45983707182298494,-1.0887410551904821,-0.6289039833674971
bybit_perp,LTC,20250820,10000,2425,0.45368402372615624,-0.9000886334006709,-0.44640460967451473
bybit_perp,OP,20250727,100,5177,0.6946410647544239,-1.5831919799605383,-0.8885509152061144
bybit_perp,OP,20250727,250,4438,0.7059090037720896,-1.590933454661031,-0.8850244508889412
bybit_perp,OP,20250727,500,4005,0.7043493090637108,-1.5599141544686421,-0.8555648454049313
bybit_perp,OP,20250727,1000,3537,0.7036078382657824,-1.584918287878828,-0.881310449613046
bybit_perp,OP,20250727,2000,2935,0.7042644124161901,-1.5195997440389264,-0.8153353316227362
bybit_perp,OP,20250727,5000,2152,0.7054182534515786,-1.4381525438211944,-0.7327342903696159
bybit_perp,OP,20250727,10000,1610,0.7082773717431698,-1.1635688763329746,-0.4552915045898049
bybit_perp,OP,20250728,100,17684,0.7089658783772794,-1.4879809528838703,-0.7790150745065912
bybit_perp,OP,20250728,250,14304,0.7235396909216152,-1.2935073640379495,-0.5699676731163345
bybit_perp,OP,20250728,500,12580,0.7169757694447088,-1.271972879371616,-0.5549971099269075
bybit_perp,OP,20250728,1000,10735,0.7104000472137113,-1.3553360086162274,-0.6449359614025163
bybit_perp,OP,20250728,2000,8426,0.7017591183012968,-1.3034467867758097,-0.601687668474513
bybit_perp,OP,20250728,5000,5915,0.6929708003639702,-1.3477148293803336,-0.6547440290163634
bybit_perp,OP,20250728,10000,4101,0.6931933400868165,-1.2021033025540664,-0.50890996246725
bybit_perp,OP,20250729,100,7292,0.6990708490314369,-1.641807810703958,-0.9427369616725211
bybit_perp,OP,20250729,250,5998,0.7149072190027672,-1.711958937374212,-0.9970517183714445
bybit_perp,OP,20250729,500,5529,0.7191634055450102,-1.65085927393883,-0.9316958683938196
bybit_perp,OP,20250729,1000,4928,0.7091869268501615,-1.5646270462159504,-0.8554401193657893
bybit_perp,OP,20250729,2000,4155,0.712145467213422,-1.5988459729452507,-0.8867005057318287
bybit_perp,OP,20250729,5000,3146,0.7154193588051596,-1.5822640364729716,-0.8668446776678123
bybit_perp,OP,20250729,10000,2414,0.7125570599882626,-1.2896721084489888,-0.5771150484607263
bybit_perp,OP,20250730,100,7968,0.7362942352140068,-1.5229027532044142,-0.7866085179904072
bybit_perp,OP,20250730,250,6481,0.74698500731851,-1.5277724773268655,-0.7807874700083551
bybit_perp,OP,20250730,500,5811,0.7510663192299334,-1.5784341197028247,-0.8273678004728914
bybit_perp,OP,20250730,1000,5100,0.7554708520049371,-1.3328240187538447,-0.5773531667489078
bybit_perp,OP,20250730,2000,4188,0.7534661610815294,-1.4751375795639645,-0.7216714184824352
bybit_perp,OP,20250730,5000,3109,0.7563916057256704,-1.4180370718211301,-0.66164546609546
bybit_perp,OP,20250730,10000,2313,0.7605881041920479,-1.2932613388468677,-0.5326732346548199
bybit_perp,OP,20250731,100,4752,0.730777490766372,-1.6117208086049537,-0.8809433178385816
bybit_perp,OP,20250731,250,4087,0.7498360536981205,-1.6283430095578628,-0.8785069558597421
bybit_perp,OP,20250731,500,3765,0.7487246004900102,-1.5907333657140155,-0.8420087652240054
bybit_perp,OP,20250731,1000,3350,0.7523263168649248,-1.6754786983198402,-0.9231523814549158
bybit_perp,OP,20250731,2000,2850,0.7468327221827953,-1.4348001771251553,-0.68796745494236
bybit_perp,OP,20250731,5000,2188,0.7441263246516725,-1.3365227180989216,-0.5923963934472489
bybit_perp,OP,20250731,10000,1716,0.7503186437787694,-0.947382493080347,-0.1970638493015776
bybit_perp,OP,20250801,100,5142,0.7923942895726597,-1.5014985087510637,-0.7091042191784043
bybit_perp,OP,20250801,250,4229,0.8024259950701285,-1.4443245580165742,-0.641898562946446
bybit_perp,OP,20250801,500,3886,0.8013147852570994,-1.288596715363368,-0.4872819301062685
bybit_perp,OP,20250801,1000,3383,0.8005829785707609,-1.4615889445318127,-0.661005965961052
bybit_perp,OP,20250801,2000,2775,0.8033171414112673,-1.5270724420547563,-0.7237553006434891
bybit_perp,OP,20250801,5000,2168,0.8094771005976175,-1.5252591447272428,-0.7157820441296252
bybit_perp,OP,20250801,10000,1587,0.8034884477903027,-1.2849294937038649,-0.4814410459135624
bybit_perp,OP,20250802,100,3351,0.8118886595577253,-1.511471616317056,-0.6995829567593304
bybit_perp,OP,20250802,250,2945,0.8264104272405095,-1.5297807837862567,-0.7033703565457471
bybit_perp,OP,20250802,500,2738,0.8335433602368292,-1.403475642531281,-0.5699322822944518
bybit_perp,OP,20250802,1000,2446,0.8317022882237707,-1.1828030903204705,-0.3511008020966997
bybit_perp,OP,20250802,2000,2135,0.8318161155638598,-1.1077563440275582,-0.2759402284636985
bybit_perp,OP,20250802,5000,1667,0.8334634260883622,-1.2056754112010415,-0.3722119851126792
bybit_perp,OP,20250802,10000,1347,0.8339909759565198,-1.1693288653670337,-0.33533788941051396
bybit_perp,OP,20250803,100,1798,0.7870260571444669,-1.3718196996346963,-0.5847936424902292
bybit_perp,OP,20250803,250,1592,0.7990977477710234,-1.4305992059359278,-0.6315014581649041
bybit_perp,OP,20250803,500,1505,0.8039642557785751,-1.5110626344400562,-0.7070983786614812
bybit_perp,OP,20250803,1000,1376,0.8035361641817881,-1.3543125761851802,-0.5507764120033922
bybit_perp,OP,20250803,2000,1255,0.8005916647143214,-1.3987882719504676,-0.5981966072361464
bybit_perp,OP,20250803,5000,1057,0.7986540207246347,-1.1717316948290375,-0.3730776741044029
bybit_perp,OP,20250803,10000,833,0.8095175736659171,-0.8902359243232495,-0.08071835065733252
bybit_perp,OP,20250804,100,3104,0.7471731246243756,-1.4621610014582875,-0.714987876833912
bybit_perp,OP,20250804,250,2620,0.7774829586558505,-1.4375555160736873,-0.6600725574178365
bybit_perp,OP,20250804,500,2465,0.777210875104671,-1.544134245377586,-0.7669233702729149
bybit_perp,OP,20250804,1000,2243,0.7775823729309538,-1.4406473120723975,-0.6630649391414438
bybit_perp,OP,20250804,2000,1970,0.7797495110925785,-1.3275059399582037,-0.5477564288656249
bybit_perp,OP,20250804,5000,1629,0.7774095376876178,-1.1858616396133073,-0.4084521019256897
bybit_perp,OP,20250804,10000,1272,0.781392222992131,-0.9541326678989572,-0.1727404449068263
bybit_perp,OP,20250805,100,3625,0.7596360992300185,-1.3412357642419686,-0.5815996650119502
bybit_perp,OP,20250805,250,3040,0.7827693246547756,-1.4106567343617438,-0.6278874097069681
bybit_perp,OP,20250805,500,2769,0.7797295077420086,-1.4251547804634652,-0.6454252727214566
bybit_perp,OP,20250805,1000,2463,0.7803717821618139,-1.4141211917299432,-0.6337494095681295
bybit_perp,OP,20250805,2000,2154,0.7799578339817363,-1.236770451736669,-0.45681261775493254
bybit_perp,OP,20250805,5000,1720,0.7729501684848143,-1.106275882723173,-0.3333257142383587
bybit_perp,OP,20250805,10000,1378,0.7781705881762903,-1.0732477725197307,-0.2950771843434402
bybit_perp,OP,20250806,100,3736,0.7717472631309427,-1.738488331641569,-0.9667410685106265
bybit_perp,OP,20250806,250,3119,0.7889732045106719,-1.5595034050346248,-0.7705302005239528
bybit_perp,OP,20250806,500,2839,0.7917069487384875,-1.5022533544444605,-0.7105464057059729
bybit_perp,OP,20250806,1000,2552,0.7947767980283597,-1.541068116961519,-0.7462913189331593
bybit_perp,OP,20250806,2000,2133,0.7982094392768662,-1.4604507602931343,-0.6622413210162681
bybit_perp,OP,20250806,5000,1678,0.7974940793233222,-1.2368949864584053,-0.4394009071350833
bybit_perp,OP,20250806,10000,1325,0.7946841883383658,-1.2237161227901672,-0.4290319344518011
bybit_perp,OP,20250807,100,3880,0.736702075978199,-1.3920433811830417,-0.6553413052048426
bybit_perp,OP,20250807,250,3248,0.7603868139260104,-1.2736711550475026,-0.5132843411214922
bybit_perp,OP,20250807,500,2976,0.7630402463537733,-1.353590415239977,-0.5905501688862036
bybit_perp,OP,20250807,1000,2689,0.7639618243308776,-1.2869140539824904,-0.5229522296516128
bybit_perp,OP,20250807,2000,2307,0.7625828253347523,-1.5287150058505938,-0.7661321805158418
bybit_perp,OP,20250807,5000,1751,0.7654315246014741,-1.327155165931157,-0.5617236413296828
bybit_perp,OP,20250807,10000,1423,0.7625042916927994,-1.0302169207627667,-0.26771262906996723
bybit_perp,OP,20250808,100,6366,0.6913969216604148,-1.5170050004877687,-0.8256080788273537
bybit_perp,OP,20250808,250,5163,0.7092641079072849,-1.6999656845564417,-0.9907015766491568
bybit_perp,OP,20250808,500,4620,0.7091308108211325,-1.51708005637776,-0.8079492455566274
bybit_perp,OP,20250808,1000,3930,0.710800023406927,-1.468808143837665,-0.7580081204307382
bybit_perp,OP,20250808,2000,3320,0.7148607760010323,-1.636611423367261,-0.9217506473662285
bybit_perp,OP,20250808,5000,2408,0.7112823725748897,-1.7140656008175004,-1.0027832282426106
bybit_perp,OP,20250808,10000,1861,0.7145556250798729,-1.3832646854037285,-0.6687090603238558
bybit_perp,OP,20250809,100,5549,0.6475908510298115,-1.45598430284481,-0.8083934518149984
bybit_perp,OP,20250809,250,4557,0.6717697252301122,-1.436838156117078,-0.7650684308869661
bybit_perp,OP,20250809,500,4193,0.6718522411427537,-1.3850507209669833,-0.7131984798242296
bybit_perp,OP,20250809,1000,3712,0.6757001183470867,-1.3320705990299488,-0.6563704806828623
bybit_perp,OP,20250809,2000,3210,0.678517332119467,-1.3549059974258855,-0.6763886653064186
bybit_perp,OP,20250809,5000,2555,0.6765672409897951,-1.3032369065495222,-0.6266696655597271
bybit_perp,OP,20250809,10000,1997,0.6837847104792769,-1.1274748105602364,-0.4436901000809592
bybit_perp,OP,20250810,100,4512,0.6609014970560863,-1.6125768500929138,-0.9516753530368277
bybit_perp,OP,20250810,250,3748,0.6836445345365995,-1.543394574699301,-0.8597500401627015
bybit_perp,OP,20250810,500,3413,0.6852154388520428,-1.465617661193345,-0.7804022223413022
bybit_perp,OP,20250810,1000,2985,0.6865194937984969,-1.403671607317008,-0.717152113518511
bybit_perp,OP,20250810,2000,2640,0.6885112589265611,-1.476864527736397,-0.788353268809836
bybit_perp,OP,20250810,5000,2129,0.68676447434115,-1.3403959857734997,-0.6536315114323498
bybit_perp,OP,20250810,10000,1638,0.6850650619699648,-1.305739730919245,-0.62067466894928
bybit_perp,OP,20250811,100,5398,0.6697458111018433,-1.6986729448053333,-1.0289271337034902
bybit_perp,OP,20250811,250,4394,0.6892096361691957,-1.7755020639101482,-1.0862924277409525
bybit_perp,OP,20250811,500,4036,0.6943264048464589,-1.6592813864438551,-0.9649549815973962
bybit_perp,OP,20250811,1000,3567,0.6923713680770313,-1.7484622072793052,-1.056090839202274
bybit_perp,OP,20250811,2000,3108,0.6928727096147945,-1.5323453141365033,-0.839472604521709
bybit_perp,OP,20250811,5000,2426,0.6947196888288714,-1.517697255940371,-0.8229775671114996
bybit_perp,OP,20250811,10000,1889,0.6978764230203313,-1.2956112005375522,-0.5977347775172211
bybit_perp,OP,20250812,100,5173,0.6726883526636789,-1.3785200993977385,-0.7058317467340596
bybit_perp,OP,20250812,250,4220,0.6947416803159103,-1.5247263655771937,-0.8299846852612834
bybit_perp,OP,20250812,500,3857,0.6992550226160547,-1.4492957407836715,-0.7500407181676169
bybit_perp,OP,20250812,1000,3399,0.6952394479380758,-1.387630014463618,-0.6923905665255422
bybit_perp,OP,20250812,2000,2925,0.6967691334369449,-1.4585511732001186,-0.7617820397631736
bybit_perp,OP,20250812,5000,2307,0.6991515636563703,-1.348470537978178,-0.6493189743218076
bybit_perp,OP,20250812,10000,1763,0.6953232885017199,-1.184440466602098,-0.48911717810037825
bybit_perp,OP,20250813,100,8663,0.6241193363258576,-1.6107656897939857,-0.986646353468128
bybit_perp,OP,20250813,250,6793,0.645573572699265,-1.6608264258206813,-1.0152528531214162
bybit_perp,OP,20250813,500,6194,0.6495528913366312,-1.6701529748860262,-1.020600083549395
bybit_perp,OP,20250813,1000,5302,0.6526447346699372,-1.6007521653200532,-0.948107430650116
bybit_perp,OP,20250813,2000,4490,0.6526433650492846,-1.6387171379617795,-0.9860737729124951
bybit_perp,OP,20250813,5000,3429,0.6525924903244507,-1.4535837054645346,-0.800991215140084
bybit_perp,OP,20250813,10000,2536,0.6485559343451536,-1.490851701732873,-0.8422957673877194
bybit_perp,OP,20250814,100,8485,0.7582021450693421,-1.3789696120426962,-0.6207674669733539
bybit_perp,OP,20250814,250,6708,0.7675430526987387,-1.1720682655395553,-0.40452521284081655
bybit_perp,OP,20250814,500,5991,0.7529844270171729,-1.3373522119707297,-0.5843677849535566
bybit_perp,OP,20250814,1000,5179,0.7316510090514934,-1.2293567174763778,-0.4977057084248843
bybit_perp,OP,20250814,2000,4288,0.7196201609509549,-1.253539324727576,-0.5339191637766211
bybit_perp,OP,20250814,5000,3139,0.7093699191524526,-1.2361423016197308,-0.5267723824672781
bybit_perp,OP,20250814,10000,2365,0.7011916365819649,-1.159213497785073,-0.4580218612031081
bybit_perp,OP,20250815,100,4816,0.6947637165516045,-1.2426615584960068,-0.5478978419444024
bybit_perp,OP,20250815,250,3848,0.7122188557322287,-1.176475087946216,-0.46425623221398726
bybit_perp,OP,20250815,500,3536,0.7112984534188215,-1.3650759832451858,-0.6537775298263644
bybit_perp,OP,20250815,1000,3084,0.7110532085964795,-1.265372338495174,-0.5543191298986946
bybit_perp,OP,20250815,2000,2691,0.7123833192077313,-1.5698295219437575,-0.857446202736026
bybit_perp,OP,20250815,5000,2019,0.7106341311564733,-1.7371703036265616,-1.0265361724700883
bybit_perp,OP,20250815,10000,1560,0.7188013278249069,-1.269645583649216,-0.550844255824309
bybit_perp,OP,20250816,100,2849,0.6894924986076891,-1.4595453893986303,-0.7700528907909413
bybit_perp,OP,20250816,250,2426,0.7052090502428279,-1.5215098472550856,-0.8163007970122578
bybit_perp,OP,20250816,500,2302,0.7062819984985194,-1.5272263390588452,-0.8209443405603255
bybit_perp,OP,20250816,1000,2082,0.7042875620892018,-1.5422670953094213,-0.8379795332202195
bybit_perp,OP,20250816,2000,1817,0.705692426669751,-1.5319006301249216,-0.8262082034551708
bybit_perp,OP,20250816,5000,1393,0.7088931997360967,-1.439817747012523,-0.7309245472764265
bybit_perp,OP,20250816,10000,1125,0.7095084136127477,-0.990374898474599,-0.28086648486185106
bybit_perp,OP,20250817,100,4362,0.664646068162387,-1.5884856930441476,-0.9238396248817606
bybit_perp,OP,20250817,250,3620,0.6847389076078978,-1.5985899570141087,-0.9138510494062109
bybit_perp,OP,20250817,500,3291,0.6823195764184751,-1.5854308249515767,-0.9031112485331014
bybit_perp,OP,20250817,1000,2938,0.6815954069378568,-1.5096356238942823,-0.8280402169564257
bybit_perp,OP,20250817,2000,2570,0.6843627724803514,-1.4707069872067438,-0.7863442147263923
bybit_perp,OP,20250817,5000,1920,0.6860922725354136,-1.3221355217332693,-0.6360432491978555
bybit_perp,OP,20250817,10000,1541,0.6886241671446014,-1.0580569106343203,-0.36943274348971866
bybit_perp,OP,20250818,100,4802,0.6974431545718284,-1.6348373728865087,-0.9373942183146802
bybit_perp,OP,20250818,250,3912,0.7191556176873497,-1.6073886972004157,-0.888233079513066
bybit_perp,OP,20250818,500,3651,0.7249993888136081,-1.790740635081116,-1.0657412462675078
bybit_perp,OP,20250818,1000,3288,0.7223146509748488,-1.7384402374540662,-1.0161255864792174
bybit_perp,OP,20250818,2000,2790,0.7241772718512725,-1.6990053980940316,-0.974828126242759
bybit_perp,OP,20250818,5000,2087,0.7204627142947589,-1.6625438954677665,-0.9420811811730072
bybit_perp,OP,20250818,10000,1639,0.7271682433477401,-1.261888147872578,-0.5347199045248376
bybit_perp,OP,20250819,100,4409,0.7217651487231667,-1.4877292918145038,-0.7659641430913371
bybit_perp,OP,20250819,250,3609,0.740516527343578,-1.5298116215281123,-0.7892950941845344
bybit_perp,OP,20250819,500,3299,0.741628393766795,-1.5275085926562142,-0.785880198889419
bybit_perp,OP,20250819,1000,2897,0.739913626896203,-1.4666124180053255,-0.7266987911091226
bybit_perp,OP,20250819,2000,2424,0.7376749812911805,-1.4963671223295074,-0.7586921410383272
bybit_perp,OP,20250819,5000,1828,0.742431894160388,-1.582797572274101,-0.8403656781137133
bybit_perp,OP,20250819,10000,1452,0.7405382566648105,-1.1345736783243827,-0.39403542165957206
bybit_perp,OP,20250820,100,4029,0.7175133724856061,-1.7658704841070527,-1.0483571116214465
bybit_perp,OP,20250820,250,3324,0.732936813635868,-1.766307304766114,-1.033370491130246
bybit_perp,OP,20250820,500,3091,0.7330162095676279,-1.6783655214608004,-0.9453493118931725
bybit_perp,OP,20250820,1000,2808,0.7398653114730546,-1.41560146946889,-0.6757361579958356
bybit_perp,OP,20250820,2000,2437,0.7425412111269771,-1.7125807271579332,-0.9700395160309561
bybit_perp,OP,20250820,5000,1869,0.7435339758223232,-1.5498686450192631,-0.8063346691969397
bybit_perp,OP,20250820,10000,1426,0.7453904348639333,-1.1915829498129065,-0.4461925149489733
bybit_perp,SOL,20250727,100,11180,0.26986982135771453,-0.9925224743293938,-0.7226526529716791
bybit_perp,SOL,20250727,250,8996,0.27332617180439667,-0.9612279950970039,-0.6879018232926072
bybit_perp,SOL,20250727,500,8006,0.2734490635306304,-0.9717493432707904,-0.6983002797401598
bybit_perp,SOL,20250727,1000,6836,0.2732237604146015,-0.9433847330303701,-0.6701609726157688
bybit_perp,SOL,20250727,2000,5437,0.2744587726188173,-0.9000182803534053,-0.625559507734588
bybit_perp,SOL,20250727,5000,3929,0.27452400210687933,-0.8347283965244074,-0.5602043944175282
bybit_perp,SOL,20250727,10000,2807,0.2764364519156582,-0.5499953009301267,-0.2735588490144685
bybit_perp,SOL,20250728,100,17736,0.2670743909792232,-0.8935921304137298,-0.6265177394345066
bybit_perp,SOL,20250728,250,13710,0.27042881429513804,-0.8835045505607074,-0.6130757362655694
bybit_perp,SOL,20250728,500,11601,0.27022234636519094,-0.8679700507899673,-0.5977477044247763
bybit_perp,SOL,20250728,1000,9579,0.2701214982483489,-0.8775656833140987,-0.6074441850657498
bybit_perp,SOL,20250728,2000,7408,0.269434265097417,-0.8080604774555772,-0.5386262123581602
bybit_perp,SOL,20250728,5000,5135,0.2701805741897148,-0.8783082913457848,-0.60812771715607
bybit_perp,SOL,20250728,10000,3733,0.2682246693955646,-0.6594468240616611,-0.3912221546660965
bybit_perp,SOL,20250729,100,13910,0.2764519259262403,-0.9280908425668745,-0.651638916640634
bybit_perp,SOL,20250729,250,10887,0.2798222436137546,-0.9553478092481668,-0.6755255656344122
bybit_perp,SOL,20250729,500,9366,0.2800637275091543,-0.9939396738055364,-0.713875946296382
bybit_perp,SOL,20250729,1000,7667,0.280473895941221,-0.9009991946573459,-0.6205252987161248
bybit_perp,SOL,20250729,2000,6053,0.28004754030589135,-0.8823345786182176,-0.6022870383123263
bybit_perp,SOL,20250729,5000,4322,0.279956644965181,-0.7870046777863627,-0.5070480328211816
bybit_perp,SOL,20250729,10000,3171,0.28083477202639157,-0.5994969366786347,-0.31866216465224306
bybit_perp,SOL,20250730,100,15245,0.28478559830472305,-0.9490193524698918,-0.6642337541651688
bybit_perp,SOL,20250730,250,11561,0.286914681948506,-0.9413544231410256,-0.6544397411925196
bybit_perp,SOL,20250730,500,9839,0.2866586610525187,-1.0044026098055965,-0.7177439487530779
bybit_perp,SOL,20250730,1000,8003,0.28642279450703345,-0.9882387583352871,-0.7018159638282536
bybit_perp,SOL,20250730,2000,6315,0.2856327779562423,-0.986009613874724,-0.7003768359184817
bybit_perp,SOL,20250730,5000,4298,0.28540909528567454,-0.9819781112693525,-0.6965690159836779
bybit_perp,SOL,20250730,10000,3284,0.2846392326938459,-0.7270436369454879,-0.442404404251642
bybit_perp,SOL,20250731,100,13561,0.2847411585223197,-0.8819229497408139,-0.5971817912184941
bybit_perp,SOL,20250731,250,10630,0.2880516830304958,-0.8591889079884071,-0.5711372249579115
bybit_perp,SOL,20250731,500,9235,0.2887288512018254,-0.8977827202692836,-0.6090538690674582
bybit_perp,SOL,20250731,1000,7507,0.2884052447241395,-0.8214384178370822,-0.5330331731129427
bybit_perp,SOL,20250731,2000,6064,0.28917819015863017,-0.7052515939928776,-0.41607340383424735
bybit_perp,SOL,20250731,5000,4155,0.2894706921731334,-0.7857217276734632,-0.4962510355003299
bybit_perp,SOL,20250731,10000,3028,0.28698981193980233,-0.5565343482879898,-0.26954453634818737
bybit_perp,SOL,20250801,100,21759,0.30194036454314527,-0.9167017636197943,-0.6147613990766492
bybit_perp,SOL,20250801,250,16275,0.3050715861186798,-0.9560813258671934,-0.6510097397485135
bybit_perp,SOL,20250801,500,13756,0.3039625050688133,-0.7882296138288921,-0.48426710876007895
bybit_perp,SOL,20250801,1000,10818,0.3031446514718374,-0.8682035862618845,-0.5650589347900472
bybit_perp,SOL,20250801,2000,8173,0.30399263979761265,-0.8713021690920688,-0.5673095292944562
bybit_perp,SOL,20250801,5000,5560,0.3034354644294234,-0.8831064574616497,-0.5796709930322264
bybit_perp,SOL,20250801,10000,3940,0.30504225075520497,-0.8057474371928329,-0.5007051864376281
bybit_perp,SOL,20250802,100,11479,0.3118486596038336,-0.8970954546374983,-0.5852467950336645
bybit_perp,SOL,20250802,250,9056,0.31456810704489374,-0.8990031829493482,-0.5844350759044544
bybit_perp,SOL,20250802,500,7879,0.3149564120945911,-0.9041951584236511,-0.58923874632906
bybit_perp,SOL,20250802,1000,6514,0.315119534636795,-0.8954250573035654,-0.5803055226667703
bybit_perp,SOL,20250802,2000,5100,0.3147585574699218,-0.8349194108479787,-0.5201608533780568
bybit_perp,SOL,20250802,5000,3644,0.3148226449646764,-0.8347037807592119,-0.5198811357945355
bybit_perp,SOL,20250802,10000,2784,0.3144159048586687,-0.7110454257347821,-0.39662952087611353
bybit_perp,SOL,20250803,100,8099,0.31179697086422087,-0.9730138545233107,-0.6612168836590898
bybit_perp,SOL,20250803,250,6593,0.3132536189648251,-1.0134325289216617,-0.7001789099568365
bybit_perp,SOL,20250803,500,5953,0.31298474408822824,-0.9929183042231791,-0.6799335601349508
bybit_perp,SOL,20250803,1000,5029,0.3139007699888501,-0.9828402219185982,-0.6689394519297481
bybit_perp,SOL,20250803,2000,4131,0.3147105352437168,-0.9309558741327107,-0.6162453388889938
bybit_perp,SOL,20250803,5000,3015,0.315551776016686,-0.7959954936353012,-0.4804437176186151
bybit_perp,SOL,20250803,10000,2224,0.3158177624246841,-0.5071856880636815,-0.1913679256389974
bybit_perp,SOL,20250804,100,11858,0.30445093805171336,-1.0861116335670244,-0.7816606955153113
bybit_perp,SOL,20250804,250,9418,0.3077953121903354,-1.1233149541599696,-0.8155196419696339
bybit_perp,SOL,20250804,500,8238,0.3083026860196801,-1.1136513777712749,-0.8053486917515945
bybit_perp,SOL,20250804,1000,6880,0.30869389461206853,-1.0811056383604463,-0.772411743748378
bybit_perp,SOL,20250804,2000,5470,0.30854898283977716,-1.060996374357387,-0.7524473915176099
bybit_perp,SOL,20250804,5000,4057,0.30693598958476437,-0.9741382394275814,-0.667202249842817
bybit_perp,SOL,20250804,10000,2919,0.30749961657722774,-0.6817133016452471,-0.37421368506801944
bybit_perp,SOL,20250805,100,11678,0.3036778849015932,-0.8188872134383255,-0.5152093285367323
bybit_perp,SOL,20250805,250,9054,0.30581564049240406,-0.8213341497064416,-0.5155185092140375
bybit_perp,SOL,20250805,500,7863,0.30570803388297885,-0.8037919050817601,-0.4980838711987814
bybit_perp,SOL,20250805,1000,6482,0.30478348259682786,-0.7920428784807678,-0.4872593958839398
bybit_perp,SOL,20250805,2000,5327,0.3052712956603862,-0.8263167754468935,-0.5210454797865075
bybit_perp,SOL,20250805,5000,3863,0.30546669933369,-0.7833825101908367,-0.4779158108571469
bybit_perp,SOL,20250805,10000,2913,0.30453508224320547,-0.47483204434870313,-0.1702969621054977
bybit_perp,SOL,20250806,100,8307,0.30409039684672684,-0.9186914282657621,-0.6146010314190354
bybit_perp,SOL,20250806,250,6532,0.3076849695616802,-0.9708307668404442,-0.6631457972787641
bybit_perp,SOL,20250806,500,5681,0.307282249577726,-0.9711877933472423,-0.6639055437695165
bybit_perp,SOL,20250806,1000,4807,0.3074948921156966,-0.9410894788720352,-0.6335945867563386
bybit_perp,SOL,20250806,2000,3971,0.3064519744313871,-0.898668125714302,-0.5922161512829146
bybit_perp,SOL,20250806,5000,2927,0.3065658510653916,-0.824784952305316,-0.5182191012399243
bybit_perp,SOL,20250806,10000,2200,0.3078808069960866,-0.5357143731191526,-0.22783356612306602
bybit_perp,SOL,20250807,100,9914,0.2949196032856953,-0.8221564640436003,-0.5272368607579052
bybit_perp,SOL,20250807,250,7891,0.2975306665417565,-0.8219375584812455,-0.524406891939489
bybit_perp,SOL,20250807,500,6837,0.2979418333297326,-0.8491172829973498,-0.5511754496676169
bybit_perp,SOL,20250807,1000,5800,0.2980974029541081,-0.8310542745581758,-0.5329568716040678
bybit_perp,SOL,20250807,2000,4761,0.3000137009081672,-0.7895543866505096,-0.4895406857423422
bybit_perp,SOL,20250807,5000,3395,0.2975015975835636,-0.6449297135406554,-0.3474281159570919
bybit_perp,SOL,20250807,10000,2435,0.29881051445564466,-0.476509291450902,-0.17769877699525732
bybit_perp,SOL,20250808,100,11358,0.2857350323370779,-0.8949492092219452,-0.6092141768848671
bybit_perp,SOL,20250808,250,8684,0.28731565641760426,-0.9096902491075132,-0.6223745926899089
bybit_perp,SOL,20250808,500,7641,0.2875588213789318,-0.8799952942218935,-0.5924364728429616
bybit_perp,SOL,20250808,1000,6266,0.287174582749348,-0.9098512287760987,-0.6226766460267507
bybit_perp,SOL,20250808,2000,5073,0.2875716547924585,-0.8745915104584912,-0.5870198556660327
bybit_perp,SOL,20250808,5000,3532,0.2882241973358414,-0.7368209185162504,-0.4485967211804088
bybit_perp,SOL,20250808,10000,2576,0.28676468414306305,-0.5244531169330906,-0.23768843279002758
bybit_perp,SOL,20250809,100,8943,0.27874796172361577,-0.9460915563067229,-0.6673435945831071
bybit_perp,SOL,20250809,250,7241,0.281217981493511,-0.939447778093912,-0.6582297966004012
bybit_perp,SOL,20250809,500,6377,0.2812231002481326,-0.9606233689008863,-0.6794002686527536
bybit_perp,SOL,20250809,1000,5439,0.28104299218864454,-0.9429363317600027,-0.6618933395713583
bybit_perp,SOL,20250809,2000,4581,0.2818283965461565,-0.8884901220916019,-0.6066617255454454
bybit_perp,SOL,20250809,5000,3269,0.2831383185035691,-0.7727960192895587,-0.48965770078598964
bybit_perp,SOL,20250809,10000,2476,0.28228832093399103,-0.5639970953783398,-0.28170877444434866
bybit_perp,SOL,20250810,100,11222,0.27831947399457324,-1.0421581910909195,-0.7638387170963463
bybit_perp,SOL,20250810,250,8880,0.2801073068750303,-1.055202261685118,-0.7750949548100878
bybit_perp,SOL,20250810,500,7832,0.2806223482355831,-1.0053900288534794,-0.7247676806178963
bybit_perp,SOL,20250810,1000,6547,0.2813205219845162,-1.0520961604109833,-0.770775638426467
bybit_perp,SOL,20250810,2000,5462,0.2819817669187681,-0.9448370395526782,-0.66285527263391
bybit_perp,SOL,20250810,5000,3712,0.28221012660603506,-0.8924128978793048,-0.6102027712732696
bybit_perp,SOL,20250810,10000,2866,0.28107719378765866,-0.6268411805788279,-0.3457639867911694
bybit_perp,SOL,20250811,100,11702,0.2807146697825545,-0.9611369711932976,-0.680422301410743
bybit_perp,SOL,20250811,250,9243,0.28317790390114617,-0.884834216862177,-0.6016563129610307
bybit_perp,SOL,20250811,500,7847,0.28225007509280103,-0.9287582834894746,-0.6465082083966737
bybit_perp,SOL,20250811,1000,6573,0.28417143268563294,-0.9089035417699816,-0.6247321090843487
bybit_perp,SOL,20250811,2000,5367,0.28397656388045467,-0.7443119041111879,-0.46033534023073314
bybit_perp,SOL,20250811,5000,3768,0.2848735481895014,-0.7800628278868719,-0.4951892796973706
bybit_perp,SOL,20250811,10000,2855,0.2874447855756271,-0.5514779284066043,-0.2640331428309772
bybit_perp,SOL,20250812,100,13361,0.27655120474512324,-0.8452527492149328,-0.5687015444698095
bybit_perp,SOL,20250812,250,10362,0.27974271162013625,-0.857075651336078,-0.5773329397159417
bybit_perp,SOL,20250812,500,9031,0.27992139944745675,-0.8431480649741747,-0.5632266655267179
bybit_perp,SOL,20250812,1000,7341,0.2800586886528707,-0.8057014547832665,-0.5256427661303957
bybit_perp,SOL,20250812,2000,5962,0.28160025760441476,-0.8804143530797386,-0.5988140954753238
bybit_perp,SOL,20250812,5000,4187,0.2811145070108095,-0.7293951972903414,-0.44828069027953205
bybit_perp,SOL,20250812,10000,3040,0.28451962068896497,-0.6967940925049881,-0.41227447181602334
bybit_perp,SOL,20250813,100,20185,0.25583222634841174,-0.9496651516848567,-0.693832925336445
bybit_perp,SOL,20250813,250,15154,0.2588168216561014,-0.9908648224163781,-0.7320480007602768
bybit_perp,SOL,20250813,500,12865,0.2588772332760412,-0.9670452887154346,-0.7081680554393934
bybit_perp,SOL,20250813,1000,10437,0.25861067642580776,-0.9492099155690571,-0.6905992391432492
bybit_perp,SOL,20250813,2000,7946,0.25782430942546497,-0.9273012057789699,-0.6694768963535047
bybit_perp,SOL,20250813,5000,5439,0.25801966002919535,-0.8687409404085435,-0.6107212803793483
bybit_perp,SOL,20250813,10000,3949,0.2578737671216434,-0.7556897554864757,-0.4978159883648322
bybit_perp,SOL,20250814,100,32928,0.2810505646316991,-0.8538078478489801,-0.5727572832172809
bybit_perp,SOL,20250814,250,24124,0.2790963912382232,-0.8516821811190872,-0.572585789880864
bybit_perp,SOL,20250814,500,19471,0.2752496698965114,-0.9171682359693135,-0.6419185660728022
bybit_perp,SOL,20250814,1000,15177,0.27562902138325457,-0.7930425988198915,-0.5174135774366369
bybit_perp,SOL,20250814,2000,11469,0.2691577043998201,-0.825756773484793,-0.556599069084973
bybit_perp,SOL,20250814,5000,7254,0.2646428551587969,-0.6302778109124364,-0.36563495575363936
bybit_perp,SOL,20250814,10000,4985,0.2664371567818275,-0.6414930194209574,-0.3750558626391298
bybit_perp,SOL,20250815,100,15476,0.26602731229920806,-0.8706151870047302,-0.6045878747055221
bybit_perp,SOL,20250815,250,11651,0.2682791512487133,-0.9582034070940232,-0.6899242558453097
bybit_perp,SOL,20250815,500,9984,0.26828032341233693,-0.9532333442830669,-0.6849530208707301
bybit_perp,SOL,20250815,1000,8161,0.26814262382029846,-0.9755333742466966,-0.7073907504263981
bybit_perp,SOL,20250815,2000,6410,0.2671182931572306,-0.7536074544209095,-0.48648916126367886
bybit_perp,SOL,20250815,5000,4560,0.2678349344915242,-0.8190516627579141,-0.5512167282663898
bybit_perp,SOL,20250815,10000,3397,0.2674929993821477,-0.6920540158678267,-0.42456101648567895
bybit_perp,SOL,20250816,100,9207,0.26817476447274796,-0.9830475536982003,-0.7148727892254522
bybit_perp,SOL,20250816,250,7308,0.27001116740467956,-0.9874596302494575,-0.717448462844778
bybit_perp,SOL,20250816,500,6489,0.2706180384163572,-0.9889769970410706,-0.7183589586247134
bybit_perp,SOL,20250816,1000,5560,0.270872666032304,-0.9432539970029107,-0.6723813309706068
bybit_perp,SOL,20250816,2000,4537,0.2712748271428086,-0.9295336513726917,-0.6582588242298831
bybit_perp,SOL,20250816,5000,3324,0.2710340732248814,-0.8269481808890169,-0.5559141076641355
bybit_perp,SOL,20250816,10000,2506,0.2697635533787417,-0.523318045857104,-0.25355449247836226
bybit_perp,SOL,20250817,100,8919,0.26259185256254536,-0.8447747708591281,-0.5821829182965825
bybit_perp,SOL,20250817,250,7053,0.2659498220728765,-0.885504914199923,-0.6195550921270465
bybit_perp,SOL,20250817,500,6282,0.26600024060391747,-0.8274278922010961,-0.5614276515971788
bybit_perp,SOL,20250817,1000,5360,0.2662027875293947,-0.8593135421797908,-0.5931107546503962
bybit_perp,SOL,20250817,2000,4568,0.26547561057559527,-0.8803495080498364,-0.614873897474241
bybit_perp,SOL,20250817,5000,3455,0.2654496956294636,-0.7885931035540736,-0.52314340792461
bybit_perp,SOL,20250817,10000,2542,0.26513532597848727,-0.48601162431231326,-0.22087629833382588
bybit_perp,SOL,20250818,100,12571,0.27566620989180335,-0.8301338879014053,-0.5544676780096017
bybit_perp,SOL,20250818,250,9746,0.27799135719201234,-0.7773841203561827,-0.49939276316417025
bybit_perp,SOL,20250818,500,8420,0.2784911137612467,-0.8078936449515377,-0.529402531190291
bybit_perp,SOL,20250818,1000,6947,0.2781211386179061,-0.8035673837220326,-0.5254462451041266
bybit_perp,SOL,20250818,2000,5758,0.27846866112382695,-0.7933131134011744,-0.5148444522773473
bybit_perp,SOL,20250818,5000,4302,0.27791586394219386,-0.7421046814542351,-0.46418881751204144
bybit_perp,SOL,20250818,10000,3121,0.2780329229068584,-0.7431507148794396,-0.46511779197258135
bybit_perp,SOL,20250819,100,12233,0.28024789096512953,-0.8419392211855691,-0.5616913302204397
bybit_perp,SOL,20250819,250,9476,0.28231985642073254,-0.7857637375233936,-0.503443881102661
bybit_perp,SOL,20250819,500,8061,0.28246470839892196,-0.8078267434833959,-0.5253620350844739
bybit_perp,SOL,20250819,1000,6650,0.28197792418108364,-0.6864925001267724,-0.40451457594568874
bybit_perp,SOL,20250819,2000,5489,0.282721287203249,-0.7853727207294795,-0.5026514335262305
bybit_perp,SOL,20250819,5000,3995,0.28250429683670775,-0.8539681065938475,-0.5714638097571395
bybit_perp,SOL,20250819,10000,3078,0.2827766747900843,-0.5012408820039089,-0.21846420721382467
bybit_perp,SOL,20250820,100,14206,0.27606410639040346,-1.0121423793468909,-0.7360782729564872
bybit_perp,SOL,20250820,250,11278,0.2778618700364719,-0.9832578634404958,-0.7053959934040239
bybit_perp,SOL,20250820,500,9618,0.27785912446857586,-0.9380054664330568,-0.660146341964481
bybit_perp,SOL,20250820,1000,7907,0.27781963242707247,-0.9306993260509049,-0.6528796936238324
bybit_perp,SOL,20250820,2000,6304,0.2779402809047232,-1.0088190314491223,-0.7308787505443991
bybit_perp,SOL,20250820,5000,4694,0.27818184609697916,-0.8981345812756585,-0.6199527351786793
bybit_perp,SOL,20250820,10000,3360,0.27851788141488926,-0.6767943999628812,-0.3982765185479918
bybit_perp,SUI,20250727,100,18235,0.13263838466837202,-0.9200868992961655,-0.7874485146277935
bybit_perp,SUI,20250727,250,13410,0.14366025120222461,-0.8869485717020587,-0.7432883204998342
bybit_perp,SUI,20250727,500,11256,0.14598993571362584,-0.8180524553524694,-0.6720625196388434
bybit_perp,SUI,20250727,1000,9208,0.146764102467241,-0.7949372147117555,-0.6481731122445142
bybit_perp,SUI,20250727,2000,7022,0.15196569997665577,-0.8822827057043251,-0.7303170057276694
bybit_perp,SUI,20250727,5000,4753,0.1516973963572411,-0.7885665463907406,-0.6368691500334994
bybit_perp,SUI,20250727,10000,3252,0.15259949985301627,-0.6758255818408802,-0.5232260819878638
bybit_perp,SUI,20250728,100,18116,0.13839739339194793,-0.8684670954862568,-0.7300697020943089
bybit_perp,SUI,20250728,250,13551,0.15035720234876276,-0.8456979345239898,-0.6953407321752271
bybit_perp,SUI,20250728,500,11641,0.15356558149642552,-0.8400961087160743,-0.686530527219649
bybit_perp,SUI,20250728,1000,9481,0.15538702696411408,-0.8084254841844227,-0.6530384572203086
bybit_perp,SUI,20250728,2000,7339,0.15849912491195667,-0.8193854649947753,-0.6608863400828183
bybit_perp,SUI,20250728,5000,5000,0.16182504532612357,-0.8088787191430938,-0.6470536738169702
bybit_perp,SUI,20250728,10000,3535,0.16500561532402283,-0.7418475026141685,-0.5768418872901456
bybit_perp,SUI,20250729,100,14082,0.14285459016834579,-0.9128009190077552,-0.7699463288394094
bybit_perp,SUI,20250729,250,10419,0.15449213728869876,-0.8836006238895611,-0.7291084866008624
bybit_perp,SUI,20250729,500,8882,0.1572535762229154,-0.8407152089711509,-0.6834616327482352
bybit_perp,SUI,20250729,1000,7266,0.15855684062861244,-0.8947155226690107,-0.7361586820403982
bybit_perp,SUI,20250729,2000,5651,0.16097476669767222,-0.8597352454876679,-0.6987604787899957
bybit_perp,SUI,20250729,5000,3933,0.16119297266804952,-0.7608310068475519,-0.5996380341795026
bybit_perp,SUI,20250729,10000,2770,0.1647483090909836,-0.6572889166112219,-0.4925406075202384
bybit_perp,SUI,20250730,100,13038,0.1495444847024282,-1.0486530186717216,-0.8991085339692936
bybit_perp,SUI,20250730,250,9789,0.16007278019070614,-1.0180360809626612,-0.857963300771955
bybit_perp,SUI,20250730,500,8274,0.1627906497973184,-0.938864554053509,-0.7760739042561906
bybit_perp,SUI,20250730,1000,6697,0.16410435140238613,-0.9816601218597292,-0.817555770457343
bybit_perp,SUI,20250730,2000,5295,0.16556360127658976,-0.9330632866948115,-0.7674996854182217
bybit_perp,SUI,20250730,5000,3484,0.16775279548147962,-0.8230959000057009,-0.6553431045242214
bybit_perp,SUI,20250730,10000,2469,0.16827135984617886,-0.8985241129781761,-0.7302527531319974
bybit_perp,SUI,20250731,100,15237,0.14593070194982624,-1.0015272660345538,-0.8555965640847275
bybit_perp,SUI,20250731,250,11357,0.15651010638896018,-0.980319440576923,-0.8238093341879625
bybit_perp,SUI,20250731,500,9543,0.15962878648729434,-0.9849506385478956,-0.8253218520606012
bybit_perp,SUI,20250731,1000,7615,0.16130914235321375,-0.9316588385155682,-0.7703496961623544
bybit_perp,SUI,20250731,2000,5978,0.16397521391298056,-0.9134403620902511,-0.7494651481772705
bybit_perp,SUI,20250731,5000,4030,0.1649632296868976,-0.8893111616719798,-0.7243479319850822
bybit_perp,SUI,20250731,10000,2787,0.1661793561153212,-0.7599643534468964,-0.5937849973315752
bybit_perp,SUI,20250801,100,17867,0.1709557051939359,-1.0310089172916415,-0.8600532120977058
bybit_perp,SUI,20250801,250,13090,0.1856789322991,-1.0711039032996683,-0.8854249710005683
bybit_perp,SUI,20250801,500,10941,0.1892764747965731,-0.9867665938012445,-0.7974901190046716
bybit_perp,SUI,20250801,1000,8722,0.19051713936700626,-1.0104271952013548,-0.8199100558343485
bybit_perp,SUI,20250801,2000,6784,0.19286068421379418,-0.8930027499236521,-0.7001420657098579
bybit_perp,SUI,20250801,5000,4463,0.19511125665630977,-0.9038350577213567,-0.7087238010650468
bybit_perp,SUI,20250801,10000,3094,0.19464082777091346,-0.7834576913612068,-0.5888168635902933
bybit_perp,SUI,20250802,100,9419,0.1707712094238054,-1.127784532438617,-0.9570133230148116
bybit_perp,SUI,20250802,250,7195,0.18645087574292044,-1.0266922378249395,-0.8402413620820188
bybit_perp,SUI,20250802,500,6291,0.1888473358633186,-1.0768114455633726,-0.8879641097000539
bybit_perp,SUI,20250802,1000,5363,0.19026462505427597,-1.051440773107984,-0.8611761480537081
bybit_perp,SUI,20250802,2000,4336,0.19301862909900278,-0.9989159763082582,-0.8058973472092554
bybit_perp,SUI,20250802,5000,3063,0.19399238350685127,-0.9634802718529614,-0.76948788834611
bybit_perp,SUI,20250802,10000,2275,0.1931646664380859,-0.759965076616142,-0.566800410178056
bybit_perp,SUI,20250803,100,7154,0.1597426860363679,-0.9628135608094733,-0.8030708747731053
bybit_perp,SUI,20250803,250,5627,0.17190791930394464,-1.0047519050163538,-0.8328439857124091
bybit_perp,SUI,20250803,500,4955,0.17674925942080683,-0.9874148816005262,-0.8106656221797195
bybit_perp,SUI,20250803,1000,4132,0.1780151170112807,-0.9414284743329985,-0.7634133573217178
bybit_perp,SUI,20250803,2000,3563,0.18063205259537002,-0.9296292321883945,-0.7489971795930244
bybit_perp,SUI,20250803,5000,2622,0.183521082608986,-0.8802418154366958,-0.6967207328277099
bybit_perp,SUI,20250803,10000,1936,0.1814703562564886,-0.7581239411979269,-0.5766535849414384
bybit_perp,SUI,20250804,100,11208,0.1576206147214249,-1.1034909920528788,-0.945870377331454
bybit_perp,SUI,20250804,250,8421,0.17034448932863144,-1.0973433711842906,-0.9269988818556594
bybit_perp,SUI,20250804,500,7310,0.17410816991843087,-1.0841409879600148,-0.910032818041584
bybit_perp,SUI,20250804,1000,6128,0.17632477213826217,-1.0021787541291116,-0.8258539819908495
bybit_perp,SUI,20250804,2000,4787,0.1785821624603055,-0.920520375648688,-0.7419382131883827
bybit_perp,SUI,20250804,5000,3381,0.18108098993690425,-0.9071164565588503,-0.7260354666219458
bybit_perp,SUI,20250804,10000,2483,0.17872234391649597,-0.7984586062566404,-0.6197362623401446
bybit_perp,SUI,20250805,100,14058,0.1574362955598658,-1.0652173358601607,-0.9077810403002947
bybit_perp,SUI,20250805,250,10281,0.17309765019774218,-1.041815017920006,-0.868717367722264
bybit_perp,SUI,20250805,500,8727,0.1753696845822039,-0.9602241524037227,-0.7848544678215188
bybit_perp,SUI,20250805,1000,7016,0.17624696393450964,-0.8756059057433967,-0.6993589418088871
bybit_perp,SUI,20250805,2000,5414,0.17858259543752936,-0.8898225212794229,-0.7112399258418937
bybit_perp,SUI,20250805,5000,3799,0.1816934724196176,-0.935284162989403,-0.7535906905697854
bybit_perp,SUI,20250805,10000,2568,0.18231184819969332,-0.7379546211470434,-0.5556427729473501
bybit_perp,SUI,20250806,100,14223,0.154624008815691,-1.1526937149710244,-0.9980697061553334
bybit_perp,SUI,20250806,250,10244,0.1676618851302369,-1.1716482863738942,-1.0039864012436572
bybit_perp,SUI,20250806,500,8690,0.17116613013917745,-1.162618191088941,-0.9914520609497636
bybit_perp,SUI,20250806,1000,6804,0.17310975026927797,-1.1534127620343122,-0.9803030117650343
bybit_perp,SUI,20250806,2000,5260,0.17689171851913646,-1.2000493393817617,-1.0231576208626254
bybit_perp,SUI,20250806,5000,3581,0.17771390446385876,-1.0391673012276934,-0.8614533967638348
bybit_perp,SUI,20250806,10000,2472,0.1789017605408479,-0.8169193394306196,-0.6380175788897717
bybit_perp,SUI,20250807,100,13013,0.14883834084536576,-0.9807125970815452,-0.8318742562361795
bybit_perp,SUI,20250807,250,9509,0.16245725687581528,-1.007688391846329,-0.8452311349705137
bybit_perp,SUI,20250807,500,8022,0.16605416745168625,-0.9462886345922228,-0.7802344671405366
bybit_perp,SUI,20250807,1000,6522,0.1667693856581885,-0.8810879980267623,-0.7143186123685737
bybit_perp,SUI,20250807,2000,5198,0.16977148717485782,-0.8463580288915055,-0.6765865417166477
bybit_perp,SUI,20250807,5000,3567,0.1667450825452518,-0.8549276516044121,-0.6881825690591602
bybit_perp,SUI,20250807,10000,2614,0.16787555235879792,-0.6433126787729422,-0.47543712641414426
bybit_perp,SUI,20250808,100,14445,0.14249111584997545,-0.9887811055208533,-0.8462899896708778
bybit_perp,SUI,20250808,250,10163,0.15417202563033336,-0.9139551854001623,-0.759783159769829
bybit_perp,SUI,20250808,500,8565,0.15717413699315655,-0.9260073697115624,-0.7688332327184059
bybit_perp,SUI,20250808,1000,6984,0.15809392821713936,-0.9579699432695068,-0.7998760150523674
bybit_perp,SUI,20250808,2000,5440,0.15961090028136374,-0.7949361690636869,-0.6353252687823231
bybit_perp,SUI,20250808,5000,3787,0.16316519013426184,-0.9753321306771335,-0.8121669405428718
bybit_perp,SUI,20250808,10000,2632,0.162593615314882,-0.7934522693791721,-0.63085865406429
bybit_perp,SUI,20250809,100,10119,0.13708440641059047,-0.992441728109821,-0.8553573216992305
bybit_perp,SUI,20250809,250,7419,0.15051395584320731,-0.992398013598298,-0.8418840577550906
bybit_perp,SUI,20250809,500,6405,0.15352817285101866,-0.9673696811519431,-0.8138415083009244
bybit_perp,SUI,20250809,1000,5250,0.15597950313803036,-0.9973677319746593,-0.841388228836629
bybit_perp,SUI,20250809,2000,4246,0.1571557978236879,-0.8252190885683582,-0.6680632907446704
bybit_perp,SUI,20250809,5000,3040,0.16149996844439563,-0.973258433711412,-0.8117584652670167
bybit_perp,SUI,20250809,10000,2181,0.16108208200487412,-0.7618382390307065,-0.6007561570258323
bybit_perp,SUI,20250810,100,9600,0.1392558949594415,-0.8939329209980834,-0.754677026038642
bybit_perp,SUI,20250810,250,6851,0.15216323229214962,-0.8247395386661956,-0.672576306374046
bybit_perp,SUI,20250810,500,6009,0.15495025620400235,-0.8258852863706702,-0.6709350301666679
bybit_perp,SUI,20250810,1000,4973,0.15542911769175186,-0.7953792570954066,-0.6399501394036547
bybit_perp,SUI,20250810,2000,3950,0.15798836675750866,-0.6644024561097085,-0.5064140893521999
bybit_perp,SUI,20250810,5000,2756,0.15617055093738283,-0.8300680257863885,-0.6738974748490058
bybit_perp,SUI,20250810,10000,2007,0.15905486859182474,-0.584578239753743,-0.42552337116191824
bybit_perp,SUI,20250811,100,11594,0.14329976611507148,-0.9466078495577055,-0.8033080834426342
bybit_perp,SUI,20250811,250,8338,0.15693181036467585,-0.9487184299388072,-0.7917866195741312
bybit_perp,SUI,20250811,500,7147,0.15783117303923527,-0.9232475948078077,-0.7654164217685726
bybit_perp,SUI,20250811,1000,5798,0.1603819768494688,-0.9105964299317657,-0.7502144530822972
bybit_perp,SUI,20250811,2000,4514,0.15993709898680988,-0.8694811477352116,-0.7095440487484014
bybit_perp,SUI,20250811,5000,3192,0.16176210168728475,-0.8243570446089759,-0.6625949429216912
bybit_perp,SUI,20250811,10000,2288,0.1618552117172199,-0.6444793748427867,-0.4826241631255668
bybit_perp,SUI,20250812,100,10031,0.1471073834294031,-0.9465958115555578,-0.7994884281261547
bybit_perp,SUI,20250812,250,7405,0.1579281806809794,-0.8949658715151361,-0.7370376908341566
bybit_perp,SUI,20250812,500,6408,0.15930617034715017,-0.861206249300771,-0.7019000789536209
bybit_perp,SUI,20250812,1000,5191,0.1619021826548599,-0.7169952608638589,-0.5550930782089989
bybit_perp,SUI,20250812,2000,4122,0.16228481875242784,-0.7862104272581136,-0.6239256085056858
bybit_perp,SUI,20250812,5000,2905,0.16486119849009315,-0.7735880227771035,-0.6087268242870102
bybit_perp,SUI,20250812,10000,2132,0.1631984381090202,-0.518804098900459,-0.3556056607914388
bybit_perp,SUI,20250813,100,12387,0.13939404149604126,-0.8153538606625953,-0.6759598191665541
bybit_perp,SUI,20250813,250,9019,0.15019967050978558,-0.8845125304266338,-0.7343128599168482
bybit_perp,SUI,20250813,500,7551,0.15024298015644502,-0.8897656480694028,-0.7395226679129581
bybit_perp,SUI,20250813,1000,6064,0.15220757028380094,-0.7879897609034751,-0.635782190619674
bybit_perp,SUI,20250813,2000,4747,0.15367573524719225,-0.7627260482484263,-0.6090503130012341
bybit_perp,SUI,20250813,5000,3367,0.15481814085838097,-0.8379505212472369,-0.683132380388856
bybit_perp,SUI,20250813,10000,2386,0.15612211662775102,-0.6515812388728762,-0.4954591222451252
bybit_perp,SUI,20250814,100,15256,0.18710049830651437,-1.0697877327828063,-0.8826872344762919
bybit_perp,SUI,20250814,250,10838,0.18990404049973353,-1.0727100220789776,-0.8828059815792443
bybit_perp,SUI,20250814,500,9024,0.18812319301494473,-0.9932295573852414,-0.8051063643702965
bybit_perp,SUI,20250814,1000,7100,0.18332958675170122,-0.9724928383954298,-0.789163251643729
bybit_perp,SUI,20250814,2000,5511,0.17843254838307335,-0.6879979952366848,-0.5095654468536114
bybit_perp,SUI,20250814,5000,3590,0.17421008075661343,-0.9454881436284974,-0.7712780628718838
bybit_perp,SUI,20250814,10000,2539,0.16458805636057178,-0.9311553995910391,-0.7665673432304675
bybit_perp,SUI,20250815,100,10050,0.14358679799574572,-1.0873914517590388,-0.9438046537632929
bybit_perp,SUI,20250815,250,7087,0.15216245247995275,-1.021182099363868,-0.8690196468839153
bybit_perp,SUI,20250815,500,5990,0.15533662892028088,-1.0517852120903046,-0.8964485831700238
bybit_perp,SUI,20250815,1000,4797,0.15407881138918614,-1.119927074121565,-0.965848262732379
bybit_perp,SUI,20250815,2000,3825,0.15493014096818544,-1.0933218131643299,-0.9383916721961444
bybit_perp,SUI,20250815,5000,2592,0.15700040723679504,-0.9812647861921047,-0.8242643789553096
bybit_perp,SUI,20250815,10000,1854,0.15668999338000467,-0.8645901065225461,-0.7079001131425413
bybit_perp,SUI,20250816,100,5036,0.14110012743982656,-0.9853154943736337,-0.8442153669338074
bybit_perp,SUI,20250816,250,3846,0.15014328249333617,-0.9191315992923498,-0.7689883167990137
bybit_perp,SUI,20250816,500,3365,0.15193724950583884,-0.891899598420496,-0.7399623489146574
bybit_perp,SUI,20250816,1000,2900,0.15237192963205265,-0.9181972421712176,-0.7658253125391652
bybit_perp,SUI,20250816,2000,2332,0.1560665264345099,-0.9489847459429814,-0.7929182195084714
bybit_perp,SUI,20250816,5000,1685,0.15077139417899812,-0.9204243727137714,-0.7696529785347734
bybit_perp,SUI,20250816,10000,1272,0.15290971950433366,-0.659882043694584,-0.5069723241902504
bybit_perp,SUI,20250817,100,5679,0.13847788402203515,-1.0528312238456936,-0.9143533398236585
bybit_perp,SUI,20250817,250,4303,0.14564621565668212,-1.0022247361128998,-0.8565785204562177
bybit_perp,SUI,20250817,500,3735,0.14814311718194914,-1.0595365235762093,-0.9113934063942604
bybit_perp,SUI,20250817,1000,3124,0.1487723847396505,-0.9499228689770907,-0.8011504842374403
bybit_perp,SUI,20250817,2000,2605,0.149069314769767,-0.9452307869669163,-0.7961614721971494
bybit_perp,SUI,20250817,5000,1925,0.1490117232330328,-0.8707863811362911,-0.7217746579032582
bybit_perp,SUI,20250817,10000,1433,0.14968796962549744,-0.6744800997049727,-0.5247921300794754
bybit_perp,SUI,20250818,100,10531,0.14880670912616697,-0.909583745331986,-0.760777036205819
bybit_perp,SUI,20250818,250,7583,0.15791808011559547,-0.870145127847643,-0.7122270477320474
bybit_perp,SUI,20250818,500,6454,0.15862806145244118,-0.8409102557774977,-0.6822821943250564
bybit_perp,SUI,20250818,1000,5222,0.15849923656853543,-0.8349967160406137,-0.6764974794720783
bybit_perp,SUI,20250818,2000,4110,0.160917202635532,-0.8685602783392434,-0.7076430757037114
bybit_perp,SUI,20250818,5000,2834,0.16098154292557101,-0.9408059553734786,-0.7798244124479076
bybit_perp,SUI,20250818,10000,2014,0.1622081880572956,-0.8151413796213864,-0.652933191564091
bybit_perp,SUI,20250819,100,10736,0.1555446714561352,-1.0537145898852978,-0.8981699184291625
bybit_perp,SUI,20250819,250,7607,0.16482986667021052,-1.029493758527807,-0.8646638918575965
bybit_perp,SUI,20250819,500,6331,0.16984887048645023,-0.9871000187823255,-0.8172511482958751
bybit_perp,SUI,20250819,1000,5257,0.17069683179373413,-0.891614925246088,-0.7209180934523539
bybit_perp,SUI,20250819,2000,4004,0.16855043715738705,-0.8703235012922859,-0.7017730641348989
bybit_perp,SUI,20250819,5000,2784,0.16773270495625459,-0.9184314796177977,-0.7506987746615432
bybit_perp,SUI,20250819,10000,1931,0.1671912321051905,-0.7103460816943103,-0.5431548495891199
bybit_perp,SUI,20250820,100,8813,0.15323407766920902,-1.0004570793297467,-0.8472230016605377
bybit_perp,SUI,20250820,250,6331,0.16285687800663487,-0.9137990404440229,-0.7509421624373881
bybit_perp,SUI,20250820,500,5357,0.16392298054421625,-0.9596658368156571,-0.7957428562714408
bybit_perp,SUI,20250820,1000,4396,0.16491743823948993,-0.9050823434080868,-0.7401649051685969
bybit_perp,SUI,20250820,2000,3362,0.1661227515671242,-0.9113522377670192,-0.7452294861998952
bybit_perp,SUI,20250820,5000,2305,0.1648054119791149,-0.9703836129934426,-0.8055782010143276
bybit_perp,SUI,20250820,10000,1758,0.1684267376679007,-0.732657596005037,-0.5642308583371363
bybit_perp,XRP,20250727,100,12945,0.1576853107501994,-0.9531114038023856,-0.7954260930521863
bybit_perp,XRP,20250727,250,9806,0.15995167094687332,-0.9171044787849738,-0.7571528078381004
bybit_perp,XRP,20250727,500,8320,0.16012582838825154,-0.9164399516607803,-0.7563141232725289
bybit_perp,XRP,20250727,1000,6776,0.1602178484626919,-0.9282105404002441,-0.7679926919375522
bybit_perp,XRP,20250727,2000,5220,0.16032391215184585,-0.9089555575349093,-0.7486316453830638
bybit_perp,XRP,20250727,5000,3441,0.16001260037518508,-0.8112209260983004,-0.6512083257231154
bybit_perp,XRP,20250727,10000,2451,0.16117871448837381,-0.5234021144048931,-0.3622233999165193
bybit_perp,XRP,20250728,100,18706,0.15890342145314304,-0.9588433727544867,-0.7999399513013438
bybit_perp,XRP,20250728,250,13679,0.16152523624483645,-0.9829565617368375,-0.8214313254920012
bybit_perp,XRP,20250728,500,11168,0.1616815617083852,-0.9368923571078677,-0.7752107953994825
bybit_perp,XRP,20250728,1000,8613,0.16178035137778082,-0.9944883372340859,-0.8327079858563052
bybit_perp,XRP,20250728,2000,6397,0.1620864432199193,-0.8988997688763105,-0.7368133256563913
bybit_perp,XRP,20250728,5000,4105,0.16077230333285825,-0.9613702466329029,-0.8005979433000446
bybit_perp,XRP,20250728,10000,2756,0.1612975239103456,-0.747276397501255,-0.5859788735909093
bybit_perp,XRP,20250729,100,15723,0.16199476955738182,-0.9286776647774445,-0.7666828952200627
bybit_perp,XRP,20250729,250,11432,0.16493592383454667,-0.9351250507712433,-0.7701891269366965
bybit_perp,XRP,20250729,500,9500,0.16522651092222054,-0.925827064673587,-0.7606005537513666
bybit_perp,XRP,20250729,1000,7391,0.16523431507505806,-0.9155447748238813,-0.7503104597488233
bybit_perp,XRP,20250729,2000,5624,0.16543505942271278,-0.9020712008680098,-0.736636141445297
bybit_perp,XRP,20250729,5000,3676,0.1654643897585156,-0.846456102935393,-0.6809917131768773
bybit_perp,XRP,20250729,10000,2503,0.16537581516895447,-0.5602364220927408,-0.39486060692378633
bybit_perp,XRP,20250730,100,16728,0.16428366012222162,-0.8667199754221143,-0.7024363152998927
bybit_perp,XRP,20250730,250,12134,0.16726021084485174,-0.8120475087231459,-0.6447872978782943
bybit_perp,XRP,20250730,500,9953,0.166891099905415,-0.9047660228031663,-0.7378749228977513
bybit_perp,XRP,20250730,1000,7741,0.16677169524124696,-0.789132322829883,-0.6223606275886362
bybit_perp,XRP,20250730,2000,5757,0.16676346485562588,-0.8969195938330402,-0.7301561289774143
bybit_perp,XRP,20250730,5000,3739,0.1655568175001724,-0.8523560548185217,-0.6867992373183494
bybit_perp,XRP,20250730,10000,2534,0.1662529601064692,-0.5812437924506244,-0.4149908323441551
bybit_perp,XRP,20250731,100,12872,0.1639122524890506,-0.7620823923951506,-0.5981701399061
bybit_perp,XRP,20250731,250,9707,0.16698733491103562,-0.7926984057951895,-0.6257110708841539
bybit_perp,XRP,20250731,500,8216,0.16689594942096198,-0.8237026477213399,-0.6568066983003781
bybit_perp,XRP,20250731,1000,6591,0.16671819348815967,-0.7752873868534412,-0.6085691933652816
bybit_perp,XRP,20250731,2000,5167,0.16695926656798404,-0.7229988134962887,-0.5560395469283046
bybit_perp,XRP,20250731,5000,3424,0.16738375523348772,-0.6125926632147991,-0.4452089079813114
bybit_perp,XRP,20250731,10000,2331,0.16726812539863056,-0.37545437437789403,-0.2081862489792635
bybit_perp,XRP,20250801,100,21612,0.1717125524693269,-0.8623325143731162,-0.6906199619037892
bybit_perp,XRP,20250801,250,15266,0.173976272924852,-0.8747879642193581,-0.7008116912945062
bybit_perp,XRP,20250801,500,12271,0.1738551675315733,-0.7959178902037952,-0.6220627226722222
bybit_perp,XRP,20250801,1000,9284,0.17443919887868184,-0.781297533056715,-0.6068583341780333
bybit_perp,XRP,20250801,2000,6726,0.17381197919022662,-0.7979017114655359,-0.6240897322753093
bybit_perp,XRP,20250801,5000,4172,0.17497945215522928,-0.7913774277826326,-0.6163979756274034
bybit_perp,XRP,20250801,10000,2790,0.17618623940881772,-0.7973006790992456,-0.6211144396904279
bybit_perp,XRP,20250802,100,17831,0.17663841376910053,-0.8620607283178511,-0.6854223145487507
bybit_perp,XRP,20250802,250,13128,0.17882428762100683,-0.8746502712640609,-0.6958259836430543
bybit_perp,XRP,20250802,500,10862,0.1783611735705363,-0.8920185223809058,-0.7136573488103696
bybit_perp,XRP,20250802,1000,8529,0.17860126557032335,-0.9022606067917603,-0.7236593412214369
bybit_perp,XRP,20250802,2000,6247,0.1778996631654071,-0.8218116357544465,-0.6439119725890394
bybit_perp,XRP,20250802,5000,4017,0.17868490620566155,-0.8449594002648131,-0.6662744940591514
bybit_perp,XRP,20250802,10000,2742,0.1781094091080903,-0.6237103200887194,-0.44560091098062915
bybit_perp,XRP,20250803,100,14239,0.17587616866691813,-0.8898262643196926,-0.7139500956527743
bybit_perp,XRP,20250803,250,10862,0.1783765506009168,-0.960092755383082,-0.7817162047821653
bybit_perp,XRP,20250803,500,9311,0.1781151800835456,-0.9797900379647879,-0.8016748578812423
bybit_perp,XRP,20250803,1000,7550,0.17847211723184755,-0.9736019851242185,-0.7951298678923708
bybit_perp,XRP,20250803,2000,5815,0.17823005439379253,-0.8509501921651237,-0.6727201377713312
bybit_perp,XRP,20250803,5000,3797,0.17834151464209738,-0.8154329081132248,-0.6370913934711274
bybit_perp,XRP,20250803,10000,2604,0.17913146337003075,-0.48663230865834645,-0.30750084528831584
bybit_perp,XRP,20250804,100,15672,0.1675733330557077,-0.9862780179595807,-0.8187046849038732
bybit_perp,XRP,20250804,250,11887,0.1707618243006897,-0.9804478056046715,-0.8096859813039818
bybit_perp,XRP,20250804,500,10049,0.1710983402402185,-0.9953725940853033,-0.8242742538450849
bybit_perp,XRP,20250804,1000,8093,0.1708944566986447,-0.9482050745178133,-0.7773106178191685
bybit_perp,XRP,20250804,2000,6166,0.17139227269016136,-0.958417501133997,-0.7870252284438358
bybit_perp,XRP,20250804,5000,4009,0.17089559332406262,-0.9725015865257415,-0.8016059932016788
bybit_perp,XRP,20250804,10000,2755,0.17010634031220484,-0.5090167571835587,-0.338910416871354
bybit_perp,XRP,20250805,100,13962,0.16902592016897594,-0.8734479305892442,-0.7044220104202681
bybit_perp,XRP,20250805,250,10541,0.17166375243823578,-0.886924969254704,-0.7152612168164685
bybit_perp,XRP,20250805,500,8790,0.1719149681277851,-0.8187972082156928,-0.6468822400879078
bybit_perp,XRP,20250805,1000,7059,0.17115950078801456,-0.8413540677410681,-0.6701945669530535
bybit_perp,XRP,20250805,2000,5351,0.1710892953748947,-0.8891514120324366,-0.7180621166575419
bybit_perp,XRP,20250805,5000,3529,0.17108352886444886,-0.8047199727368267,-0.6336364438723778
bybit_perp,XRP,20250805,10000,2393,0.17233292859701857,-0.573038016994929,-0.40070508839791036
bybit_perp,XRP,20250806,100,10247,0.17058262736771793,-0.8216607432267231,-0.6510781158590051
bybit_perp,XRP,20250806,250,7777,0.17332827065782064,-0.8546376809858367,-0.681309410328016
bybit_perp,XRP,20250806,500,6575,0.17372311727989484,-0.8100078954855701,-0.6362847782056752
bybit_perp,XRP,20250806,1000,5260,0.1742623747364337,-0.7420145987631559,-0.5677522240267222
bybit_perp,XRP,20250806,2000,4096,0.1739665974500445,-0.7944934260991965,-0.6205268286491519
bybit_perp,XRP,20250806,5000,2765,0.17539427149787426,-0.6658046842670212,-0.49041041276914693
bybit_perp,XRP,20250806,10000,1938,0.17364179183710993,-0.569291080885362,-0.3956492890482519
bybit_perp,XRP,20250807,100,15384,0.16641872288531478,-0.9941523728650324,-0.8277336499797178
bybit_perp,XRP,20250807,250,11101,0.17005448816030058,-0.8852774626744011,-0.7152229745141006
bybit_perp,XRP,20250807,500,9073,0.1691415178931347,-0.8239219016061022,-0.6547803837129675
bybit_perp,XRP,20250807,1000,7094,0.16975763925823847,-0.9697648257235467,-0.8000071864653081
bybit_perp,XRP,20250807,2000,5290,0.16739097570063743,-0.7826014621028576,-0.6152104864022203
bybit_perp,XRP,20250807,5000,3399,0.16674460581594183,-0.7584159289545682,-0.5916713231386262
bybit_perp,XRP,20250807,10000,2332,0.16855353799283396,-0.43401681209127635,-0.26546327409844245
bybit_perp,XRP,20250808,100,20321,0.15454201372526294,-0.83097461991742,-0.676432606192157
bybit_perp,XRP,20250808,250,14221,0.15693645615300617,-0.8628514483503922,-0.7059149921973861
bybit_perp,XRP,20250808,500,11714,0.15732686804129736,-0.815087365637354,-0.6577604975960566
bybit_perp,XRP,20250808,1000,9075,0.15767429074147066,-0.8135082116086786,-0.6558339208672078
bybit_perp,XRP,20250808,2000,6852,0.15657481548623356,-0.7728751964436551,-0.6163003809574215
bybit_perp,XRP,20250808,5000,4396,0.15681704352867312,-0.8359424144428931,-0.6791253709142199
bybit_perp,XRP,20250808,10000,2849,0.1571594146001377,-0.5245114125210077,-0.36735199792087003
bybit_perp,XRP,20250809,100,11216,0.15416218459011677,-0.8236259891532343,-0.6694638045631176
bybit_perp,XRP,20250809,250,8468,0.15642286565351246,-0.8025061727447707,-0.6460833070912583
bybit_perp,XRP,20250809,500,7255,0.15662741524152668,-0.8199406177610414,-0.6633132025195146
bybit_perp,XRP,20250809,1000,5811,0.15685080823451084,-0.7981212833788189,-0.6412704751443081
bybit_perp,XRP,20250809,2000,4574,0.15741477202015955,-0.7965532276549917,-0.6391384556348323
bybit_perp,XRP,20250809,5000,3044,0.15702852543735923,-0.8274971230015232,-0.6704685975641641
bybit_perp,XRP,20250809,10000,2118,0.15772175351681644,-0.4877753430039219,-0.3300535894871055
bybit_perp,XRP,20250810,100,11213,0.15943585146855319,-0.9400282242358446,-0.7805923727672914
bybit_perp,XRP,20250810,250,8472,0.16082954087109647,-0.8728360996369192,-0.7120065587658229
bybit_perp,XRP,20250810,500,7252,0.16122755466668523,-0.8880658033450822,-0.7268382486783969
bybit_perp,XRP,20250810,1000,5942,0.160669743700989,-0.9025460958201175,-0.7418763521191284
bybit_perp,XRP,20250810,2000,4572,0.16084903067990072,-0.8139527739283431,-0.6531037432484423
bybit_perp,XRP,20250810,5000,3005,0.161240906634553,-0.7572678192697,-0.5960269126351471
bybit_perp,XRP,20250810,10000,2097,0.1610961610757494,-0.43973371540658407,-0.27863755433083465
bybit_perp,XRP,20250811,100,18417,0.15797141624175767,-0.9252621072312058,-0.767290690989448
bybit_perp,XRP,20250811,250,13097,0.16037863604684613,-0.9456914383383355,-0.7853128022914893
bybit_perp,XRP,20250811,500,10905,0.1605991222174599,-0.9192812313585884,-0.7586821091411288
bybit_perp,XRP,20250811,1000,8460,0.1603100484476232,-0.8960555053027601,-0.7357454568551367
bybit_perp,XRP,20250811,2000,6259,0.16051249427738434,-0.9345363163105924,-0.7740238220332081
bybit_perp,XRP,20250811,5000,4056,0.16251727020971923,-0.8703705707490776,-0.7078533005393584
bybit_perp,XRP,20250811,10000,2636,0.16094752423916056,-0.5572201502263749,-0.3962726259872144
bybit_perp,XRP,20250812,100,12497,0.15888412009845698,-0.7373314380009527,-0.5784473179024956
bybit_perp,XRP,20250812,250,9266,0.1604464653639532,-0.7193715772872159,-0.5589251119232628
bybit_perp,XRP,20250812,500,7796,0.16083851187186066,-0.6659231757409236,-0.5050846638690628
bybit_perp,XRP,20250812,1000,6291,0.16105225868342596,-0.6951001543713569,-0.5340478956879309
bybit_perp,XRP,20250812,2000,4871,0.1616823651777556,-0.6728342182193567,-0.511151853041601
bybit_perp,XRP,20250812,5000,3186,0.16207375362316498,-0.7001907732873283,-0.5381170196641631
bybit_perp,XRP,20250812,10000,2251,0.16124879463463299,-0.4176039561031045,-0.25635516146847165
bybit_perp,XRP,20250813,100,13170,0.1561934898668852,-0.9231349367053192,-0.766941446838434
bybit_perp,XRP,20250813,250,9662,0.15835453371938601,-0.8840941476297453,-0.7257396139103591
bybit_perp,XRP,20250813,500,8084,0.15793071917656756,-0.8416679083745556,-0.6837371891979879
bybit_perp,XRP,20250813,1000,6336,0.1582012252393052,-0.9135490292964328,-0.7553478040571278
bybit_perp,XRP,20250813,2000,4944,0.15879325400013444,-0.8133511520346257,-0.6545578980344913
bybit_perp,XRP,20250813,5000,3229,0.1580797602157866,-0.7615982791737028,-0.6035185189579162
bybit_perp,XRP,20250813,10000,2163,0.1595742450982251,-0.5250909302211565,-0.36551668512293145
bybit_perp,XRP,20250814,100,20165,0.18043004532285992,-0.9010912610462463,-0.720661215723386
bybit_perp,XRP,20250814,250,14086,0.18027827490346865,-0.8477790073565515,-0.6675007324530826
bybit_perp,XRP,20250814,500,11450,0.1786635599708053,-0.8362063570489215,-0.6575427970781164
bybit_perp,XRP,20250814,1000,8776,0.17048832346654508,-0.7829931787476552,-0.6125048552811103
bybit_perp,XRP,20250814,2000,6449,0.17012783482875166,-0.5164291279057894,-0.34630129307703783
bybit_perp,XRP,20250814,5000,4103,0.16875124840299763,-0.7929621810743882,-0.6242109326713905
bybit_perp,XRP,20250814,10000,2775,0.16691722324198002,-0.4191583426212018,-0.25224111937922167
bybit_perp,XRP,20250815,100,10139,0.16427488920379538,-0.9432122231319319,-0.7789373339281365
bybit_perp,XRP,20250815,250,7507,0.16586324559268795,-0.9346487216979805,-0.7687854761052925
bybit_perp,XRP,20250815,500,6316,0.16587105315422265,-0.9036751301615769,-0.7378040770073541
bybit_perp,XRP,20250815,1000,5062,0.16596611568299738,-0.9465865133181212,-0.7806203976351237
bybit_perp,XRP,20250815,2000,4009,0.16565790223941548,-0.8914946043793185,-0.7258367021399031
bybit_perp,XRP,20250815,5000,2661,0.1658716207796313,-0.7846406270007715,-0.6187690062211403
bybit_perp,XRP,20250815,10000,1882,0.16647442987251798,-0.6038250079823054,-0.43735057810978734
bybit_perp,XRP,20250816,100,5739,0.16150032128991137,-0.8315820116513395,-0.6700816903614281
bybit_perp,XRP,20250816,250,4490,0.16380150218671727,-0.8430088503767261,-0.6792073481900088
bybit_perp,XRP,20250816,500,3978,0.16389360768918101,-0.8169194307361747,-0.6530258230469936
bybit_perp,XRP,20250816,1000,3420,0.16408590322492517,-0.8257513886528411,-0.6616654854279161
bybit_perp,XRP,20250816,2000,2835,0.1645555257079968,-0.7525694373925933,-0.5880139116845965
bybit_perp,XRP,20250816,5000,2060,0.16403645085677776,-0.7825982257298122,-0.6185617748730342
bybit_perp,XRP,20250816,10000,1507,0.16472953601604134,-0.4212257661903627,-0.2564962301743213
bybit_perp,XRP,20250817,100,4348,0.1617045062071682,-0.8706396419872885,-0.7089351357801205
bybit_perp,XRP,20250817,250,3504,0.16327692753009174,-0.8693762536672123,-0.7060993261371206
bybit_perp,XRP,20250817,500,3104,0.16335252959480842,-0.797451796078028,-0.6340992664832196
bybit_perp,XRP,20250817,1000,2701,0.16361784071028876,-0.8423716481205252,-0.6787538074102365
bybit_perp,XRP,20250817,2000,2225,0.1641901637947245,-0.7299290744389728,-0.5657389106442483
bybit_perp,XRP,20250817,5000,1603,0.16399751777181834,-0.5899913903147718,-0.4259938725429534
bybit_perp,XRP,20250817,10000,1189,0.16504852818276836,-0.4252595051011295,-0.2602109769183611
bybit_perp,XRP,20250818,100,12063,0.16856605031602193,-0.8739940996794169,-0.7054280493633949
bybit_perp,XRP,20250818,250,8950,0.17072760528361766,-0.8963375505939792,-0.7256099453103617
bybit_perp,XRP,20250818,500,7576,0.17078196869329104,-0.8614270153220466,-0.6906450466287555
bybit_perp,XRP,20250818,1000,6092,0.17127737288175515,-0.9207399996145197,-0.7494626267327644
bybit_perp,XRP,20250818,2000,4800,0.17136626004073552,-0.8198288094191292,-0.6484625493783938
bybit_perp,XRP,20250818,5000,3189,0.17034835445857574,-0.8469630063891741,-0.6766146519305983
bybit_perp,XRP,20250818,10000,2118,0.17083786180456464,-0.5688409564642695,-0.39800309465970474
bybit_perp,XRP,20250819,100,12150,0.1706837074118827,-0.8989308612524964,-0.7282471538406138
bybit_perp,XRP,20250819,250,9013,0.17294704819955561,-0.861586816343925,-0.6886397681443693
bybit_perp,XRP,20250819,500,7471,0.17278069174174726,-0.8988706984428733,-0.726090006701126
bybit_perp,XRP,20250819,1000,5947,0.17274257464569023,-0.8652268142928072,-0.6924842396471168
bybit_perp,XRP,20250819,2000,4530,0.17368881775400316,-0.9187991316593255,-0.7451103139053225
bybit_perp,XRP,20250819,5000,2991,0.17389884612487305,-0.7809631159272032,-0.6070642698023301
bybit_perp,XRP,20250819,10000,2103,0.17346030562217496,-0.6187119446182093,-0.44525163899603426
bybit_perp,XRP,20250820,100,10649,0.1742092448573867,-0.8768157833085102,-0.7026065384511234
bybit_perp,XRP,20250820,250,7946,0.17556363587285242,-0.8917370147081793,-0.7161733788353268
bybit_perp,XRP,20250820,500,6600,0.17597869976031036,-0.9607737214700746,-0.7847950217097642
bybit_perp,XRP,20250820,1000,5467,0.17559112842226388,-0.8767160650733591,-0.7011249366510952
bybit_perp,XRP,20250820,2000,4160,0.17550713853183958,-0.9209568618101112,-0.7454497232782715
bybit_perp,XRP,20250820,5000,2799,0.17560756178823142,-0.8382783992499397,-0.6626708374617084
bybit_perp,XRP,20250820,10000,1975,0.17573110486338434,-0.5162290847970404,-0.3404979799336561
hyperliquid,AAVE,20250727,100,706,0.6897516264843616,-1.2329043773812054,-0.5431527508968438
hyperliquid,AAVE,20250727,250,706,0.6897516264843616,-1.2324331213817046,-0.542681494897343
hyperliquid,AAVE,20250727,500,696,0.6877919743659279,-1.192984194787228,-0.5051922204213
hyperliquid,AAVE,20250727,1000,601,0.7502602517207058,-1.2851803993405533,-0.5349201476198476
hyperliquid,AAVE,20250727,2000,502,0.8446688713437941,-1.1688309728024602,-0.32416210145866614
hyperliquid,AAVE,20250727,5000,381,0.8720224410205797,-1.2757140246493812,-0.4036915836288017
hyperliquid,AAVE,20250727,10000,285,0.8321368020023175,-1.124531444574718,-0.29239464257240066
hyperliquid,AAVE,20250728,100,1817,0.7774201375371835,-0.7638367471594145,0.013583390377769082
hyperliquid,AAVE,20250728,250,1815,0.7776418825313123,-0.7682688710018425,0.009373011529469998
hyperliquid,AAVE,20250728,500,1758,0.7926556864367288,-0.6942580374462223,0.0983976489905065
hyperliquid,AAVE,20250728,1000,1521,0.8614291908103637,-0.9200553119552253,-0.05862612114486165
hyperliquid,AAVE,20250728,2000,1329,0.8773141512895594,-0.7470905006097988,0.1302236506797605
hyperliquid,AAVE,20250728,5000,936,0.9213658540869287,-1.0158072787051113,-0.09444142461818265
hyperliquid,AAVE,20250728,10000,722,0.959374266655337,-0.53352080295745,0.4258534636978869
hyperliquid,AAVE,20250729,100,888,0.9583029400674684,-0.5946046305202676,0.36369830954720084
hyperliquid,AAVE,20250729,250,887,0.9534675731793437,-0.5766316411718275,0.3768359320075162
hyperliquid,AAVE,20250729,500,840,0.9549945200763306,-0.49745494601313484,0.45753957406319584
hyperliquid,AAVE,20250729,1000,693,0.957970002362255,-0.7185907087865909,0.23937929357566404
hyperliquid,AAVE,20250729,2000,560,1.0386305438086145,-0.7715948964161332,0.2670356473924812
hyperliquid,AAVE,20250729,5000,450,0.9946945453381755,-0.17982900365554463,0.814865541682631
hyperliquid,AAVE,20250729,10000,345,1.0285557987564178,-0.2882532418223202,0.7403025569340977
hyperliquid,AAVE,20250730,100,730,1.1980772706405953,-1.6070051177220106,-0.40892784708141544
hyperliquid,AAVE,20250730,250,729,1.1970342860668126,-1.619798723177075,-0.42276443711026235
hyperliquid,AAVE,20250730,500,690,1.166811985136023,-1.826973350863368,-0.6601613657273449
hyperliquid,AAVE,20250730,1000,568,1.1475782362465192,-1.6836270596876737,-0.5360488234411542
hyperliquid,AAVE,20250730,2000,462,1.195597826378651,-1.415581439464044,-0.21998361308539258
hyperliquid,AAVE,20250730,5000,357,1.0797733168340893,-1.148511133745181,-0.06873781691109175
hyperliquid,AAVE,20250730,10000,282,1.064922142386335,-1.236750068075752,-0.17182792568941685
hyperliquid,AAVE,20250731,100,1336,0.8017836704195122,-1.223115495003995,-0.4213318245844828
hyperliquid,AAVE,20250731,250,1332,0.798033678534366,-1.2512804798087092,-0.45324680127434314
hyperliquid,AAVE,20250731,500,1280,0.8038404665696394,-1.2142773559139752,-0.41043688934433564
hyperliquid,AAVE,20250731,1000,1085,0.8725321325463877,-1.3287017653119195,-0.45616963276553146
hyperliquid,AAVE,20250731,2000,856,0.9291279232377826,-1.4422549085143603,-0.5131269852765776
hyperliquid,AAVE,20250731,5000,619,0.9408306568920283,-1.075121998499517,-0.13429134160748907
hyperliquid,AAVE,20250731,10000,453,0.932949991327953,-0.8727181011864092,0.060231890141543655
hyperliquid,AAVE,20250801,100,730,1.2032270762949673,-2.0524905480444606,-0.8492634717494931
hyperliquid,AAVE,20250801,250,723,1.2034766396646408,-2.0101654414138057,-0.8066888017491649
hyperliquid,AAVE,20250801,500,646,1.181969335350767,-2.0126813985621643,-0.8307120632113968
hyperliquid,AAVE,20250801,1000,520,1.191315833362737,-1.9237775991550423,-0.7324617657923053
hyperliquid,AAVE,20250801,2000,444,1.2564070307044883,-2.3592155419498737,-1.1028085112453851
hyperliquid,AAVE,20250801,5000,339,1.1834272793811733,-2.3129361531738057,-1.1295088737926322
hyperliquid,AAVE,20250801,10000,260,1.2660716157602523,-1.3875613852475484,-0.12148976948729613
hyperliquid,AAVE,20250802,100,281,1.0878351850372017,-0.6374816378844509,0.45035354715275094
hyperliquid,AAVE,20250802,250,279,1.0724606383258688,-0.6246719124323559,0.44778872589351293
hyperliquid,AAVE,20250802,500,270,1.0402928384382417,-0.6330463671578116,0.4072464712804299
hyperliquid,AAVE,20250802,1000,245,1.1001744088181609,-1.226117608312571,-0.12594319949441032
hyperliquid,AAVE,20250802,2000,224,1.1571141378231438,-1.2533701739063348,-0.09625603608319096
hyperliquid,AAVE,20250802,5000,168,1.1725620706119095,-1.4900733239573225,-0.31751125334541264
hyperliquid,AAVE,20250802,10000,121,1.0835967848056287,-0.6402312978834034,0.4433654869222255
hyperliquid,AAVE,20250803,100,367,0.9062022187145603,-0.9226937172158522,-0.01649149850129195
hyperliquid,AAVE,20250803,250,367,0.9062022187145603,-0.9226937172158522,-0.01649149850129195
hyperliquid,AAVE,20250803,500,348,0.9130320621411462,-0.9170928417433035,-0.0040607796021572655
hyperliquid,AAVE,20250803,1000,305,1.0130159226550515,-1.0914734200289378,-0.07845749737388612
hyperliquid,AAVE,20250803,2000,268,0.9379829241501972,-0.6134061986759164,0.3245767254742809
hyperliquid,AAVE,20250803,5000,209,0.9377546301562828,-0.6692593900122413,0.2684952401440416
hyperliquid,AAVE,20250803,10000,172,0.8402584421763704,-0.4174575384146115,0.42280090376175883
hyperliquid,AAVE,20250804,100,332,0.977801709879352,-0.8681973537334688,0.10960435614588301
hyperliquid,AAVE,20250804,250,332,0.9789753727598461,-0.8535285023363419,0.12544687042350408
hyperliquid,AAVE,20250804,500,318,0.9628361020201349,-0.7247403778988795,0.23809572412125585
hyperliquid,AAVE,20250804,1000,285,1.04095499780688,-0.49050896673063726,0.5504460310762427
hyperliquid,AAVE,20250804,2000,256,1.0445178672127404,-0.08260817809930245,0.961909689113438
hyperliquid,AAVE,20250804,5000,203,1.0558598210680759,-0.5982957017076187,0.4575641193604575
hyperliquid,AAVE,20250804,10000,182,1.0082038508329525,-0.6586492412865803,0.34955460954637224
hyperliquid,AAVE,20250805,100,265,0.8087517759810774,-0.6060835557864375,0.20266822019463984
hyperliquid,AAVE,20250805,250,265,0.8154220684651143,-0.6056001393621807,0.20982192910293357
hyperliquid,AAVE,20250805,500,242,0.8270562976659567,-0.46923283320848136,0.3578234644574755
hyperliquid,AAVE,20250805,1000,217,0.8453956625714268,-0.5244051695285225,0.32099049304290433
hyperliquid,AAVE,20250805,2000,184,0.9188235599209387,-0.6952727200425787,0.22355083987836008
hyperliquid,AAVE,20250805,5000,155,0.8483756109328994,-0.41357348831164914,0.43480212262125023
hyperliquid,AAVE,20250805,10000,118,0.9629255280382139,-1.1514359389067925,-0.18851041086857864
hyperliquid,AAVE,20250806,100,178,1.0594816974319352,-1.7666255205115327,-0.7071438230795973
hyperliquid,AAVE,20250806,250,177,1.0543965387216503,-1.7046454040766368,-0.6502488653549866
hyperliquid,AAVE,20250806,500,174,1.0514971213222548,-1.6496269224933744,-0.5981298011711195
hyperliquid,AAVE,20250806,1000,133,1.1276547916432673,-1.9822863784187323,-0.8546315867754648
hyperliquid,AAVE,20250806,2000,107,1.0923376471847777,-1.193547693619899,-0.10121004643512116
hyperliquid,AAVE,20250806,5000,105,1.0495327275001252,-0.6534647650979353,0.3960679624021897
hyperliquid,AAVE,20250806,10000,60,0.9321766503386659,-0.34340581729114794,0.5887708330475182
hyperliquid,AAVE,20250807,100,431,1.0055346687132818,-0.6278621176060172,0.37767255110726466
hyperliquid,AAVE,20250807,250,431,1.0059638796597383,-0.6299474568069913,0.37601642285274695
hyperliquid,AAVE,20250807,500,417,1.0104514213319729,-0.5661691357689771,0.4442822855629958
hyperliquid,AAVE,20250807,1000,381,1.0882752713950932,-0.7129131417197109,0.3753621296753825
hyperliquid,AAVE,20250807,2000,356,1.065924251902975,-0.5823875035903189,0.48353674831265625
hyperliquid,AAVE,20250807,5000,277,1.0839463841542751,-0.29153427785213326,0.792412106302142
hyperliquid,AAVE,20250807,10000,238,1.1322819769256731,-0.3674278718287755,0.7648541050968976
hyperliquid,AAVE,20250808,100,581,0.8658558578147845,-1.9861099160604694,-1.1202540582456852
hyperliquid,AAVE,20250808,250,581,0.8457814453924013,-1.7677474885495197,-0.9219660431571182
hyperliquid,AAVE,20250808,500,549,0.812308867884042,-1.7632412355873486,-0.9509323677033066
hyperliquid,AAVE,20250808,1000,507,0.9377903510338862,-1.7728630198374304,-0.8350726688035447
hyperliquid,AAVE,20250808,2000,460,1.0148034121659095,-1.3226582928692565,-0.30785488070334677
hyperliquid,AAVE,20250808,5000,323,0.9481393435904634,-1.0993169074974707,-0.15117756390700743
hyperliquid,AAVE,20250808,10000,221,0.8752344489792733,-0.5547405823725471,0.32049386660672646
hyperliquid,AAVE,20250809,100,488,1.0421197215344147,-0.7419465626249983,0.3001731589094163
hyperliquid,AAVE,20250809,250,488,1.0421197215344147,-0.7419465626249983,0.3001731589094163
hyperliquid,AAVE,20250809,500,463,1.0454684133183672,-0.7982448701149918,0.24722354320337545
hyperliquid,AAVE,20250809,1000,405,1.086352345471643,-1.0343074134477754,0.052044932023867604
hyperliquid,AAVE,20250809,2000,343,1.166254701193076,-0.6655016416257781,0.5007530595672979
hyperliquid,AAVE,20250809,5000,272,1.080157351025686,-0.6079820431055454,0.47217530792014084
hyperliquid,AAVE,20250809,10000,244,1.0848133153035309,-0.7385585107372152,0.3462548045663154
hyperliquid,AAVE,20250810,100,412,1.013732503638693,-1.1321569195559635,-0.11842441591727035
hyperliquid,AAVE,20250810,250,412,1.013732503638693,-1.1321569195559635,-0.11842441591727035
hyperliquid,AAVE,20250810,500,402,1.0138090894324032,-1.140830758648082,-0.12702166921567876
hyperliquid,AAVE,20250810,1000,325,0.9464300498357804,-0.897382971826994,0.04904707800878649
hyperliquid,AAVE,20250810,2000,284,0.983292220797849,-1.0842209683541857,-0.1009287475563364
hyperliquid,AAVE,20250810,5000,234,1.0534849993822084,-0.9817634738352136,0.071721525546995
hyperliquid,AAVE,20250810,10000,192,0.955666409742383,-0.8285286795454532,0.1271377301969298
hyperliquid,AAVE,20250811,100,701,0.9595049682857799,-0.3167299385279758,0.6427750297578041
hyperliquid,AAVE,20250811,250,700,0.9599211131907651,-0.318852918705723,0.641068194485042
hyperliquid,AAVE,20250811,500,659,0.9699701827379328,-0.1957749742782488,0.7741952084596841
hyperliquid,AAVE,20250811,1000,593,1.0290629521710597,-0.38029819407190407,0.6487647580991558
hyperliquid,AAVE,20250811,2000,476,1.0200876369466916,-0.6900907895122734,0.3299968474344183
hyperliquid,AAVE,20250811,5000,360,1.0731367758645747,-0.7130746091836001,0.3600621666809747
hyperliquid,AAVE,20250811,10000,253,1.04607422020535,-0.5999946941473228,0.4460795260580269
hyperliquid,AAVE,20250812,100,1487,0.7985424395184764,-1.039976537495201,-0.2414340979767249
hyperliquid,AAVE,20250812,250,1487,0.7985424395184764,-1.03901996938474,-0.24047752986626378
hyperliquid,AAVE,20250812,500,1436,0.8031827372441969,-0.9145614318488199,-0.11137869460462287
hyperliquid,AAVE,20250812,1000,1286,0.8587972761797723,-0.8164089442805648,0.04238833189920745
hyperliquid,AAVE,20250812,2000,1130,0.9391635990393343,-1.1233866622456246,-0.1842230632062904
hyperliquid,AAVE,20250812,5000,823,0.9217200148048269,-1.0744098037545624,-0.15268978894973584
hyperliquid,AAVE,20250812,10000,589,0.9071731471969426,-0.6318320699613743,0.2753410772355683
hyperliquid,AAVE,20250813,100,1003,0.8138583152131321,-1.2599613445792401,-0.44610302936610824
hyperliquid,AAVE,20250813,250,1002,0.812050590158251,-1.258184319196014,-0.4461337290377634
hyperliquid,AAVE,20250813,500,967,0.8166214806636657,-1.2297038213521807,-0.41308234068851496
hyperliquid,AAVE,20250813,1000,832,0.905453744857218,-1.5159899209444931,-0.610536176087275
hyperliquid,AAVE,20250813,2000,692,0.9883288413295978,-1.4854041856229139,-0.4970753442933162
hyperliquid,AAVE,20250813,5000,564,0.9357364547022405,-1.1612530776534697,-0.22551662295122932
hyperliquid,AAVE,20250813,10000,400,0.9563511902323852,-0.429185888293597,0.5271653019387881
hyperliquid,AAVE,20250814,100,1286,0.859835174912,-2.287173206913245,-1.4273380320012452
hyperliquid,AAVE,20250814,250,1284,0.8691087673992584,-2.257768636600383,-1.3886598692011247
hyperliquid,AAVE,20250814,500,1233,0.8716348313716918,-2.1129166759047218,-1.2412818445330296
hyperliquid,AAVE,20250814,1000,1062,1.0019631586112108,-2.124678803454814,-1.1227156448436035
hyperliquid,AAVE,20250814,2000,897,0.9531319530716728,-1.4557609208639661,-0.5026289677922935
hyperliquid,AAVE,20250814,5000,653,0.954792962491294,-0.8766278671344458,0.07816509535684805
hyperliquid,AAVE,20250814,10000,465,0.9128969408625951,-0.9331641357521219,-0.020267194889526597
hyperliquid,AAVE,20250815,100,952,0.6714314195891607,-1.4331173369767616,-0.7616859173876012
hyperliquid,AAVE,20250815,250,953,0.673179043079058,-1.4400525614018016,-0.7668735183227435
hyperliquid,AAVE,20250815,500,934,0.6741525404530996,-1.510625470623838,-0.8364729301707383
hyperliquid,AAVE,20250815,1000,854,0.7455089361839636,-1.5910049706667624,-0.8454960344827991
hyperliquid,AAVE,20250815,2000,735,0.7622274688532591,-1.4628378748716597,-0.7006104060184005
hyperliquid,AAVE,20250815,5000,546,0.846497805779102,-1.0612073568770097,-0.2147095510979076
hyperliquid,AAVE,20250815,10000,404,0.8940581537423262,-1.2216902027789087,-0.32763204903658255
hyperliquid,AAVE,20250816,100,301,0.8177711957711847,-0.39148123282032254,0.4262899629508622
hyperliquid,AAVE,20250816,250,301,0.8177711957711847,-0.39148123282032254,0.4262899629508622
hyperliquid,AAVE,20250816,500,294,0.8310403363646426,-0.36245755523647993,0.4685827811281627
hyperliquid,AAVE,20250816,1000,255,0.8432348507703756,-0.153836963768858,0.6893978870015175
hyperliquid,AAVE,20250816,2000,229,0.919151670633786,-0.46690864245959307,0.4522430281741927
hyperliquid,AAVE,20250816,5000,200,0.8379821476516373,-0.44282857058519454,0.3951535770664427
hyperliquid,AAVE,20250816,10000,151,0.8544795052886945,-0.29128735104328585,0.5631921542454085
hyperliquid,AAVE,20250817,100,639,0.9388898603499464,-1.0471084377439364,-0.10821857739398998
hyperliquid,AAVE,20250817,250,639,0.9388898603499464,-1.0471084377439364,-0.10821857739398998
hyperliquid,AAVE,20250817,500,627,0.950559225788782,-1.0421386838723206,-0.0915794580835384
hyperliquid,AAVE,20250817,1000,535,0.9666545713610131,-0.8377170373993755,0.12893753396163757
hyperliquid,AAVE,20250817,2000,476,0.9957498306939648,-0.9477572848547645,0.047992545839200304
hyperliquid,AAVE,20250817,5000,423,1.0197660272770392,-1.1818457622660932,-0.16207973498905412
hyperliquid,AAVE,20250817,10000,284,1.0166962726486832,-0.751971658882733,0.26472461376595013
hyperliquid,AAVE,20250818,100,669,0.9256544233227053,-0.75162742982501,0.17402699349769546
hyperliquid,AAVE,20250818,250,667,0.9247243514640977,-0.7635200395059141,0.16120431195818374
hyperliquid,AAVE,20250818,500,633,0.9392294541749727,-0.888846452047108,0.05038300212786475
hyperliquid,AAVE,20250818,1000,565,0.9851346431397592,-1.2754877510128595,-0.29035310787310026
hyperliquid,AAVE,20250818,2000,518,0.9842430352014528,-1.4113550566314372,-0.4271120214299845
hyperliquid,AAVE,20250818,5000,393,0.9601474709241352,-1.066837341955514,-0.10668987103137872
hyperliquid,AAVE,20250818,10000,261,1.0642916727290035,-1.0988631127308965,-0.034571440001892904
hyperliquid,AAVE,20250819,100,1361,0.5336598035013018,-1.542866757818485,-1.009206954317183
hyperliquid,AAVE,20250819,250,1360,0.5327320095687116,-1.5271570671366712,-0.99442505756796
hyperliquid,AAVE,20250819,500,1280,0.544060887278716,-1.5176713406844176,-0.9736104534057016
hyperliquid,AAVE,20250819,1000,1024,0.6356745146859347,-1.552145068214194,-0.9164705535282593
hyperliquid,AAVE,20250819,2000,999,0.6634387775151946,-1.5819292861018162,-0.9184905085866214
hyperliquid,AAVE,20250819,5000,806,0.7554855386790413,-1.7284854085359478,-0.9729998698569065
hyperliquid,AAVE,20250819,10000,626,0.7401176119671626,-1.2046481969785048,-0.464530585011342
hyperliquid,AAVE,20250820,100,600,0.9136280776916895,-1.0712858934389216,-0.15765781574723206
hyperliquid,AAVE,20250820,250,596,0.913970275493264,-1.1181152441208764,-0.20414496862761236
hyperliquid,AAVE,20250820,500,567,0.8941141729761856,-1.037915260434716,-0.14380108745853037
hyperliquid,AAVE,20250820,1000,481,0.942839026759953,-0.8111088305931757,0.1317301961667773
hyperliquid,AAVE,20250820,2000,434,0.9998003241730141,-0.8205618088663672,0.1792385153066468
hyperliquid,AAVE,20250820,5000,333,0.9537688860088547,-1.0296972656108963,-0.07592837960204177
hyperliquid,AAVE,20250820,10000,256,1.0465648802322618,-0.6075604259730832,0.4390044542591784
hyperliquid,APT,20250727,100,66,1.2486027807803728,-1.5536991176826285,-0.3050963369022563
hyperliquid,APT,20250727,250,66,1.2486027807803728,-1.5536991176826285,-0.3050963369022563
hyperliquid,APT,20250727,500,68,1.269355406655123,-1.4704812226045123,-0.20112581594939016
hyperliquid,APT,20250727,1000,51,1.1647940404010377,-0.8170488191445185,0.34774522125651935
hyperliquid,APT,20250727,2000,36,1.4387639178431375,-0.6649594548247469,0.7738044630183906
hyperliquid,APT,20250727,5000,26,1.4390805539125902,-1.4036936666582869,0.03538688725430332
hyperliquid,APT,20250727,10000,25,1.225580836382699,-0.13050227311659368,1.0950785632661058
hyperliquid,APT,20250728,100,98,0.6398537934186397,-0.926394914531492,-0.2865411211128525
hyperliquid,APT,20250728,250,97,0.627953561239848,-0.9794669376591654,-0.35151337641931724
hyperliquid,APT,20250728,500,99,0.6523927662555301,-1.024741410827357,-0.37234864457182704
hyperliquid,APT,20250728,1000,75,0.696676547693275,-1.882588830654104,-1.185912282960829
hyperliquid,APT,20250728,2000,67,0.6028984060697785,-0.5981220971206926,0.004776308949085785
hyperliquid,APT,20250728,5000,52,0.69356859359344,-0.045204661986247736,0.6483639316071923
hyperliquid,APT,20250728,10000,39,0.8675393761972481,-1.4485108839040803,-0.5809715077068324
hyperliquid,APT,20250729,100,104,2.062535649653537,-2.078645937340965,-0.0161102876874275
hyperliquid,APT,20250729,250,103,2.0723319302071332,-2.0650734524249454,0.007258477782186747
hyperliquid,APT,20250729,500,103,2.06054989463076,-2.171501100716273,-0.11095120608551275
hyperliquid,APT,20250729,1000,81,1.806844024724539,-1.556488422786638,0.2503556019379011
hyperliquid,APT,20250729,2000,78,1.9831286379043782,-1.4030015143246026,0.5801271235797755
hyperliquid,APT,20250729,5000,55,1.3515289157301884,-0.8448504571328462,0.5066784585973421
hyperliquid,APT,20250729,10000,49,1.8807024487117114,0.0016297431338706664,1.882332191845582
hyperliquid,APT,20250730,100,184,1.5027066510590745,-0.9231554309527102,0.5795512201063642
hyperliquid,APT,20250730,250,184,1.5027066510590745,-0.9231554309527102,0.5795512201063642
hyperliquid,APT,20250730,500,179,1.5118136027701887,-0.6814899884646364,0.8303236143055527
hyperliquid,APT,20250730,1000,167,1.4386996223646407,-0.36341135069324204,1.0752882716713987
hyperliquid,APT,20250730,2000,124,1.3905396957209204,-0.6304683930020206,0.7600713027188999
hyperliquid,APT,20250730,5000,82,1.3762056956417033,-0.21484954529337452,1.1613561503483287
hyperliquid,APT,20250730,10000,50,1.5551544015283771,-0.46149909136233197,1.0936553101660453
hyperliquid,APT,20250731,100,131,1.203270142083917,-0.9904542368034459,0.2128159052804711
hyperliquid,APT,20250731,250,131,1.203270142083917,-0.9904542368034459,0.2128159052804711
hyperliquid,APT,20250731,500,122,1.2001608878666894,-0.9526377193839383,0.24752316848275133
hyperliquid,APT,20250731,1000,105,1.2289542556852089,-1.0781469287543168,0.1508073269308917
hyperliquid,APT,20250731,2000,93,1.2185842564985376,-1.3466090397147557,-0.12802478321621852
hyperliquid,APT,20250731,5000,85,1.1466407773083989,-1.4819100269080152,-0.33526924959961657
hyperliquid,APT,20250731,10000,53,1.1627152948249913,-0.5412142577968081,0.6215010370281833
hyperliquid,APT,20250801,100,226,1.4613579541104413,-2.4241655185710576,-0.9628075644606156
hyperliquid,APT,20250801,250,225,1.471469348901164,-2.426739062793721,-0.9552697138925568
hyperliquid,APT,20250801,500,206,1.483994146698571,-2.5864814703787813,-1.1024873236802095
hyperliquid,APT,20250801,1000,192,1.576811229436927,-2.3429739283217876,-0.7661626988848611
hyperliquid,APT,20250801,2000,154,1.4982009414785773,-3.1431999903694066,-1.644999048890829
hyperliquid,APT,20250801,5000,117,1.33419005378503,-3.011130749761577,-1.6769406959765465
hyperliquid,APT,20250801,10000,94,1.361352629300278,-2.4419102476327703,-1.0805576183324925
hyperliquid,APT,20250802,100,80,1.20765974820808,-1.9437855501032095,-0.7361258018951296
hyperliquid,APT,20250802,250,80,1.20765974820808,-1.9437855501032095,-0.7361258018951296
hyperliquid,APT,20250802,500,69,1.1965351867112493,-1.9513841506031304,-0.754848963891881
hyperliquid,APT,20250802,1000,58,0.9369284352777882,-1.903845248739511,-0.966916813461723
hyperliquid,APT,20250802,2000,63,0.8734369658471464,-2.716626858118936,-1.8431898922717898
hyperliquid,APT,20250802,5000,52,0.9232325585740215,-1.929230941490964,-1.005998382916942
hyperliquid,APT,20250802,10000,44,1.045594414326374,-2.2189536206951113,-1.1733592063687373
hyperliquid,APT,20250803,100,80,1.1629093512398816,-0.5215636638354756,0.6413456874044057
hyperliquid,APT,20250803,250,82,1.1567023766604456,-0.6364608407974031,0.5202415358630424
hyperliquid,APT,20250803,500,79,1.1921166121422828,-0.7177924182467869,0.4743241938954957
hyperliquid,APT,20250803,1000,68,1.126719151553626,-0.8530101023436845,0.2737090492099415
hyperliquid,APT,20250803,2000,62,1.1983597384065368,-0.45954591783600124,0.7388138205705356
hyperliquid,APT,20250803,5000,41,1.221447478523553,-0.2907151816266599,0.9307322968968932
hyperliquid,APT,20250803,10000,26,1.281301140096159,-0.3831733628758232,0.8981277772203357
hyperliquid,APT,20250804,100,77,1.2752275651055538,-0.13841367283066608,1.1368138922748883
hyperliquid,APT,20250804,250,76,1.2630096009164986,-0.1493919393435387,1.1136176615729603
hyperliquid,APT,20250804,500,74,1.3066612400506052,-0.09701625653794212,1.209644983512663
hyperliquid,APT,20250804,1000,67,1.2294686836789004,-0.4839269550560237,0.7455417286228769
hyperliquid,APT,20250804,2000,64,1.2913757928694174,-0.5997600696716467,0.6916157231977705
hyperliquid,APT,20250804,5000,39,1.163504468827816,-0.33978814473468955,0.8237163240931268
hyperliquid,APT,20250804,10000,28,1.479686372599964,-0.6977368970747913,0.7819494755251725
hyperliquid,APT,20250805,100,131,1.0057543474843444,-0.6668012791566073,0.33895306832773703
hyperliquid,APT,20250805,250,131,1.0057543474843444,-0.6659090983982895,0.33984524908605457
hyperliquid,APT,20250805,500,122,1.01790198496146,-0.17425208449033897,0.8436499004711209
hyperliquid,APT,20250805,1000,99,0.7943190157287031,-0.7974259914393429,-0.003106975710639898
hyperliquid,APT,20250805,2000,87,0.9091318130388956,-1.3968321588226016,-0.48770034578370564
hyperliquid,APT,20250805,5000,69,0.8025528371217757,-0.21892723610941556,0.5836256010123603
hyperliquid,APT,20250805,10000,49,0.8978725562852498,-0.06365456677395159,0.8342179895112986
hyperliquid,APT,20250806,100,141,1.0329784599261662,-1.089845214983269,-0.05686675505710322
hyperliquid,APT,20250806,250,141,1.0329784599261662,-1.0923451087377936,-0.059366648811627634
hyperliquid,APT,20250806,500,139,1.0748532237377524,-1.0326344827048395,0.042218741032912996
hyperliquid,APT,20250806,1000,112,1.1293330615669641,-0.8675280904186877,0.2618049711482762
hyperliquid,APT,20250806,2000,95,1.07915563459856,-1.209634670810744,-0.13047903621218404
hyperliquid,APT,20250806,5000,97,0.9434014627168885,-1.0925833787971628,-0.14918191608027448
hyperliquid,APT,20250806,10000,67,0.9659829008179718,-1.4086408216982862,-0.44265792088031414
hyperliquid,APT,20250807,100,230,1.004566824910832,-0.6246279323445129,0.3799388925663193
hyperliquid,APT,20250807,250,230,1.0162784836423484,-0.636334514084593,0.3799439695577555
hyperliquid,APT,20250807,500,222,1.018968416476252,-0.6464122738237649,0.37255614265248727
hyperliquid,APT,20250807,1000,185,1.0173084577540785,-0.6952317594230224,0.32207669833105634
hyperliquid,APT,20250807,2000,154,1.0262769588424152,-0.8627893557898553,0.16348760305255997
hyperliquid,APT,20250807,5000,126,0.9815854176105009,-0.9135644143734398,0.06802100323706092
hyperliquid,APT,20250807,10000,95,0.9097131079290358,-0.9488851629217608,-0.039172054992725254
hyperliquid,APT,20250808,100,400,1.2395600174978427,-0.5760147812713545,0.6635452362264884
hyperliquid,APT,20250808,250,397,1.235400363895379,-0.3920445262322755,0.843355837663103
hyperliquid,APT,20250808,500,371,1.1828466844126286,-0.04442585483702127,1.1384208295756075
hyperliquid,APT,20250808,1000,319,1.158545036781275,0.00195032237557435,1.1604953591568496
hyperliquid,APT,20250808,2000,280,1.289613754676499,0.059594055387266004,1.3492078100637648
hyperliquid,APT,20250808,5000,222,1.1470993741006654,-0.43626109632014753,0.7108382777805179
hyperliquid,APT,20250808,10000,170,1.2487127645928946,-0.1453580343573862,1.1033547302355085
hyperliquid,APT,20250809,100,101,1.1714994714502647,-0.77086535189893,0.4006341195513348
hyperliquid,APT,20250809,250,101,1.1714994714502647,-0.77086535189893,0.4006341195513348
hyperliquid,APT,20250809,500,99,1.1899185333564948,-0.7496885556489983,0.4402299777074965
hyperliquid,APT,20250809,1000,81,1.1333468241026154,-0.6308444695729344,0.5025023545296813
hyperliquid,APT,20250809,2000,55,1.2773680079209935,-1.0944786959620074,0.1828893119589861
hyperliquid,APT,20250809,5000,49,0.9883439181121202,-0.5635635208726733,0.42478039723944705
hyperliquid,APT,20250809,10000,48,0.7305144232662559,-0.5775204041391232,0.15299401912713267
hyperliquid,APT,20250810,100,359,1.439976901270773,0.20855058994347744,1.6485274912142502
hyperliquid,APT,20250810,250,359,1.439976901270773,0.20855058994347744,1.6485274912142502
hyperliquid,APT,20250810,500,347,1.4359134452107767,0.24719836803160763,1.6831118132423843
hyperliquid,APT,20250810,1000,273,1.4661350737103043,0.1366276304313521,1.6027627041416561
hyperliquid,APT,20250810,2000,254,1.3916522299193772,-0.07108045624899591,1.3205717736703815
hyperliquid,APT,20250810,5000,198,1.3697504091814472,-0.060704749313511615,1.3090456598679356
hyperliquid,APT,20250810,10000,143,1.3046129655819285,0.2593499238584386,1.5639628894403672
hyperliquid,APT,20250811,100,170,1.0501508996600695,-0.16723557603673597,0.8829153236233335
hyperliquid,APT,20250811,250,170,1.0501508996600695,-0.16723557603673597,0.8829153236233335
hyperliquid,APT,20250811,500,166,1.0218461160013919,-0.2722266397747623,0.7496194762266296
hyperliquid,APT,20250811,1000,139,1.0206061077545185,-0.5060480396055291,0.5145580681489895
hyperliquid,APT,20250811,2000,109,1.0885845207097173,-0.6143800391041631,0.4742044816055545
hyperliquid,APT,20250811,5000,92,1.1173071324296,-0.6193117770069066,0.49799535542269346
hyperliquid,APT,20250811,10000,66,1.1423882184423206,-0.20494318940435582,0.9374450290379649
hyperliquid,APT,20250812,100,336,1.2258820341157974,-0.5501766198289202,0.6757054142868771
hyperliquid,APT,20250812,250,336,1.2258820341157974,-0.5501766198289202,0.6757054142868771
hyperliquid,APT,20250812,500,325,1.220334650584343,-0.5828469543731332,0.6374876962112102
hyperliquid,APT,20250812,1000,279,1.2207250704961536,-0.5437639859966924,0.6769610844994612
hyperliquid,APT,20250812,2000,224,1.2269411248311943,-0.3162058623228207,0.9107352625083738
hyperliquid,APT,20250812,5000,209,1.1495138433977938,-0.5809422074575866,0.5685716359402072
hyperliquid,APT,20250812,10000,140,1.2158495933935898,-0.2589344913285227,0.9569151020650671
hyperliquid,APT,20250813,100,731,1.1599732557544553,-1.0502880772546623,0.109685178499793
hyperliquid,APT,20250813,250,730,1.1586424811443419,-1.0520546208862727,0.1065878602580693
hyperliquid,APT,20250813,500,705,1.1586180753047046,-0.9084862311100322,0.25013184419467244
hyperliquid,APT,20250813,1000,606,1.1728085940175983,-0.9516876509848808,0.22112094303271743
hyperliquid,APT,20250813,2000,503,1.1344809341474331,-0.8062634752931962,0.3282174588542369
hyperliquid,APT,20250813,5000,393,1.2789745748709096,-0.6135393181071839,0.6654352567637258
hyperliquid,APT,20250813,10000,275,1.2463627567993292,-0.6416403334512794,0.6047224233480497
hyperliquid,APT,20250814,100,474,1.3305023994244873,-0.7887739034781087,0.5417284959463786
hyperliquid,APT,20250814,250,473,1.323968860121298,-0.7506078611075313,0.5733609990137669
hyperliquid,APT,20250814,500,456,1.273851638274069,-0.8880387218917342,0.38581291638233484
hyperliquid,APT,20250814,1000,397,1.2607582698771596,-0.5662538197114013,0.6945044501657579
hyperliquid,APT,20250814,2000,354,1.2112930377059752,0.0010734162202262608,1.2123664539262011
hyperliquid,APT,20250814,5000,266,1.3306071673623867,-1.0910994988644154,0.23950766849797114
hyperliquid,APT,20250814,10000,177,1.3477175834962611,-1.045864302181199,0.30185328131506245
hyperliquid,APT,20250815,100,319,0.890338277877073,-0.4961864231057539,0.3941518547713192
hyperliquid,APT,20250815,250,319,0.890338277877073,-0.4961864231057539,0.3941518547713192
hyperliquid,APT,20250815,500,302,0.877903374877853,-0.5395156821133548,0.3383876927644984
hyperliquid,APT,20250815,1000,257,0.9754302610395241,-1.2291882176765563,-0.25375795663703243
hyperliquid,APT,20250815,2000,230,0.8811205108551038,-0.747714581037402,0.1334059298177016
hyperliquid,APT,20250815,5000,158,0.9243987496024428,-1.157476493658545,-0.23307774405610224
hyperliquid,APT,20250815,10000,119,0.9668723483874249,-1.1750073454528143,-0.20813499706538924
hyperliquid,APT,20250816,100,152,1.397905677696865,-0.37379862775871153,1.0241070499381535
hyperliquid,APT,20250816,250,152,1.397905677696865,-0.37379862775871153,1.0241070499381535
hyperliquid,APT,20250816,500,145,1.3955300625201268,-0.3926643254544392,1.0028657370656873
hyperliquid,APT,20250816,1000,119,1.4138345690511207,0.019463417430308275,1.4332979864814293
hyperliquid,APT,20250816,2000,99,1.415355444503251,0.13286192874098407,1.5482173732442346
hyperliquid,APT,20250816,5000,69,1.364097918253084,-0.5565769814455319,0.8075209368075519
hyperliquid,APT,20250816,10000,55,1.2309342313023657,-0.39025735877086243,0.8406768725315029
hyperliquid,APT,20250817,100,102,1.2920095064209112,-0.6692015354541858,0.6228079709667252
hyperliquid,APT,20250817,250,102,1.2920095064209112,-0.6692015354541858,0.6228079709667252
hyperliquid,APT,20250817,500,99,1.3112090117362976,-0.7589718390972203,0.5522371726390771
hyperliquid,APT,20250817,1000,87,1.3492639439951597,-0.7110279516314829,0.638235992363677
hyperliquid,APT,20250817,2000,69,1.2866132705931224,-0.9978610676934719,0.288752202899651
hyperliquid,APT,20250817,5000,51,1.2835037140955736,-0.7045542330758189,0.5789494810197544
hyperliquid,APT,20250817,10000,53,1.3121095431967242,-0.6911959072617727,0.6209136359349516
hyperliquid,APT,20250818,100,118,1.0315720587379402,-1.436818703161219,-0.405246644423279
hyperliquid,APT,20250818,250,117,1.0394578165447843,-1.4137175038478906,-0.3742596873031061
hyperliquid,APT,20250818,500,107,0.978877247878364,-1.0731220745539907,-0.09424482667562722
hyperliquid,APT,20250818,1000,87,0.9780011276360941,-1.1777598522280248,-0.1997587245919302
hyperliquid,APT,20250818,2000,78,1.0155862629690722,-1.0390616563019588,-0.023475393332886178
hyperliquid,APT,20250818,5000,75,1.0271798974344164,-0.4589386857601714,0.5682412116742449
hyperliquid,APT,20250818,10000,51,1.2040985746683697,0.9250620916007787,2.1291606662691485
hyperliquid,APT,20250819,100,182,1.2569872979393346,-0.8396902424336294,0.41729705550570545
hyperliquid,APT,20250819,250,181,1.2569682133262592,-0.8373435212426652,0.4196246920835941
hyperliquid,APT,20250819,500,178,1.2652717876589334,-0.531372829854586,0.7338989578043474
hyperliquid,APT,20250819,1000,161,1.2531902759378768,-0.0951603101153981,1.1580299658224789
hyperliquid,APT,20250819,2000,148,1.3097763453311926,-0.6087716567546456,0.7010046885765467
hyperliquid,APT,20250819,5000,108,1.2677809344221178,-0.48592779881164855,0.7818531356104689
hyperliquid,APT,20250819,10000,84,1.2172027472916804,-0.9984474542272668,0.2187552930644138
hyperliquid,APT,20250820,100,163,0.7699486456887674,-1.2586457053938565,-0.4886970597050888
hyperliquid,APT,20250820,250,162,0.7634038661945687,-1.2678273169423868,-0.5044234507478184
hyperliquid,APT,20250820,500,154,0.8140001098588787,-1.2100772254875491,-0.3960771156286701
hyperliquid,APT,20250820,1000,129,0.9693626100037055,-1.1250775402852893,-0.15571493028158365
hyperliquid,APT,20250820,2000,122,0.8918308177711775,-1.1109987797617626,-0.21916796199058525
hyperliquid,APT,20250820,5000,97,0.9563481588938558,-1.6232632314463853,-0.6669150725525296
hyperliquid,APT,20250820,10000,57,0.9868671196435204,-0.45624186475860223,0.5306252548849181
hyperliquid,ARB,20250727,100,149,1.4742614568664567,0.20071521447108395,1.674976671337541
hyperliquid,ARB,20250727,250,149,1.4742614568664567,0.20071521447108395,1.674976671337541
hyperliquid,ARB,20250727,500,143,1.4764856031328606,0.07643131371286047,1.5529169168457209
hyperliquid,ARB,20250727,1000,117,1.4507148520057713,0.14930882598515305,1.600023677990924
hyperliquid,ARB,20250727,2000,107,1.3985359480175825,0.07868219493466445,1.4772181429522466
hyperliquid,ARB,20250727,5000,67,1.2685848640665547,-0.06661623825965363,1.2019686258069013
hyperliquid,ARB,20250727,10000,53,1.2932887297898639,0.5293302934542661,1.82261902324413
hyperliquid,ARB,20250728,100,229,0.9642915053610079,-1.260507945599581,-0.2962164402385731
hyperliquid,ARB,20250728,250,228,0.9631150013190469,-1.240972990108469,-0.2778579887894218
hyperliquid,ARB,20250728,500,216,0.9862555377893747,-0.8195776857490882,0.1666778520402862
hyperliquid,ARB,20250728,1000,193,0.988837211542432,-1.2012874217670741,-0.21245021022464203
hyperliquid,ARB,20250728,2000,174,0.9772540612348741,-0.8078345625068738,0.1694194987280002
hyperliquid,ARB,20250728,5000,111,1.0634239471588687,-1.3089264640039557,-0.24550251684508717
hyperliquid,ARB,20250728,10000,81,0.9210960275833392,-0.7270782405716001,0.19401778701173922
hyperliquid,ARB,20250729,100,210,2.214103306982136,-0.6673309684835441,1.546772338498592
hyperliquid,ARB,20250729,250,210,2.214103306982136,-0.6678860596128584,1.5462172473692777
hyperliquid,ARB,20250729,500,206,2.242221342895359,-0.6438550012003478,1.598366341695011
hyperliquid,ARB,20250729,1000,172,2.3437525366267646,-0.5832152150265805,1.7605373216001836
hyperliquid,ARB,20250729,2000,139,2.4188227707188004,0.03671830155434021,2.455541072273141
hyperliquid,ARB,20250729,5000,111,2.1308588672034476,0.14062998473679833,2.271488851940246
hyperliquid,ARB,20250729,10000,83,2.1809451863331923,-0.16737099385543533,2.013574192477757
hyperliquid,ARB,20250730,100,199,2.2869658403093593,-2.610727124171969,-0.323761283862609
hyperliquid,ARB,20250730,250,196,2.2931809346119354,-2.546770541175383,-0.2535896065634479
hyperliquid,ARB,20250730,500,179,2.1976355712957205,-2.831087519123741,-0.6334519478280212
hyperliquid,ARB,20250730,1000,152,2.3251805469906324,-1.8645210381309045,0.46065950885972834
hyperliquid,ARB,20250730,2000,135,1.8637170670536105,-1.303810893147418,0.5599061739061925
hyperliquid,ARB,20250730,5000,99,1.991857707445042,-2.6433465810669627,-0.65148887362192
hyperliquid,ARB,20250730,10000,72,1.8416316988850983,-0.8674350113282162,0.974196687556882
hyperliquid,ARB,20250731,100,370,1.068197474142177,-2.119162644151216,-1.050965170009039
hyperliquid,ARB,20250731,250,370,1.0627394938140904,-2.0817445508061767,-1.0190050569920859
hyperliquid,ARB,20250731,500,343,1.05354413177346,-2.0583895781104595,-1.0048454463369996
hyperliquid,ARB,20250731,1000,280,1.0707065975189003,-1.8989995010915397,-0.8282929035726394
hyperliquid,ARB,20250731,2000,257,1.196606766223598,-1.5267464257290675,-0.33013965950546986
hyperliquid,ARB,20250731,5000,175,1.202864850743292,-1.5797215695281337,-0.3768567187848418
hyperliquid,ARB,20250731,10000,151,1.234348999605799,-0.9527008751290369,0.28164812447676146
hyperliquid,ARB,20250801,100,444,1.371954785765602,-1.8389483076824837,-0.4669935219168819
hyperliquid,ARB,20250801,250,442,1.363734761583879,-1.8478070815908905,-0.48407232000701156
hyperliquid,ARB,20250801,500,411,1.382760959519066,-1.4675176943609753,-0.08475673484190903
hyperliquid,ARB,20250801,1000,340,1.340912442799003,-1.384826515701863,-0.043914072902860306
hyperliquid,ARB,20250801,2000,280,1.415990311120483,-1.090217285122588,0.32577302599789515
hyperliquid,ARB,20250801,5000,205,1.3557706635727182,-1.2719986351242474,0.08377202844847068
hyperliquid,ARB,20250801,10000,131,1.208740623124299,-1.2248808927042254,-0.016140269579926425
hyperliquid,ARB,20250802,100,140,1.1741527047756886,-2.11537483627735,-0.9412221315016616
hyperliquid,ARB,20250802,250,141,1.1743363593653682,-1.9632508537675777,-0.7889144944022088
hyperliquid,ARB,20250802,500,127,1.159278078995494,-1.6541467077389431,-0.4948686287434491
hyperliquid,ARB,20250802,1000,105,1.0408121134193902,-2.4501242945196466,-1.4093121811002565
hyperliquid,ARB,20250802,2000,107,1.0910082442634017,-2.6043121415660657,-1.5133038973026638
hyperliquid,ARB,20250802,5000,69,1.3755595435373469,-2.2088202125317022,-0.8332606689943555
hyperliquid,ARB,20250802,10000,43,1.5653355076037057,-0.748262622201307,0.8170728854023981
hyperliquid,ARB,20250803,100,149,0.9467326488881507,-1.2310228502731346,-0.28429020138498373
hyperliquid,ARB,20250803,250,149,0.9467326488881507,-1.2310228502731346,-0.28429020138498373
hyperliquid,ARB,20250803,500,139,0.9210968789853031,-0.9233904665035672,-0.002293587518264133
hyperliquid,ARB,20250803,1000,119,1.0563767590561173,-1.0891113673553592,-0.032734608299241845
hyperliquid,ARB,20250803,2000,97,1.1747498075743854,-0.746210136026915,0.42853967154747025
hyperliquid,ARB,20250803,5000,80,1.1363336317491273,-1.3183233786527067,-0.18198974690357977
hyperliquid,ARB,20250803,10000,75,1.1738554006896773,-0.5052689001489864,0.6685865005406909
hyperliquid,ARB,20250804,100,120,1.1918380698904052,-1.3640687826462528,-0.17223071275584764
hyperliquid,ARB,20250804,250,120,1.1918380698904052,-1.3640687826462528,-0.17223071275584764
hyperliquid,ARB,20250804,500,115,1.2818279721446484,-0.7860975855498602,0.49573038659478796
hyperliquid,ARB,20250804,1000,86,1.2016423086473398,-0.8248682629821592,0.3767740456651809
hyperliquid,ARB,20250804,2000,76,1.215967464077246,-1.255439258401395,-0.03947179432414928
hyperliquid,ARB,20250804,5000,64,1.3812969347650152,-0.5297480801768933,0.8515488545881222
hyperliquid,ARB,20250804,10000,54,1.1965920595661461,-0.25277633226435275,0.9438157273017935
hyperliquid,ARB,20250805,100,130,1.3091649096112443,-1.5396758414104001,-0.230510931799156
hyperliquid,ARB,20250805,250,129,1.236792520014462,-1.636144974051141,-0.39935245403667874
hyperliquid,ARB,20250805,500,121,1.2702521155380093,-1.0614945182610536,0.20875759727695578
hyperliquid,ARB,20250805,1000,96,1.2889792147239858,-0.8614438870721184,0.4275353276518674
hyperliquid,ARB,20250805,2000,89,1.0844372683151933,-1.4799857140970858,-0.39554844578189247
hyperliquid,ARB,20250805,5000,63,1.1049391559205093,-0.9741695895673376,0.1307695663531717
hyperliquid,ARB,20250805,10000,53,1.340075834793749,-1.9095929618940803,-0.5695171271003308
hyperliquid,ARB,20250806,100,106,1.323602980260721,-0.8533110522987286,0.470291927961992
hyperliquid,ARB,20250806,250,106,1.323602980260721,-0.8533110522987286,0.470291927961992
hyperliquid,ARB,20250806,500,95,1.3495462915127454,-0.657102147658393,0.6924441438543525
hyperliquid,ARB,20250806,1000,82,1.4631294407585245,-0.6886403693520942,0.77448907140643
hyperliquid,ARB,20250806,2000,70,1.2166200745500484,-0.5078335167948825,0.7087865577551657
hyperliquid,ARB,20250806,5000,55,1.3707113511605662,-0.26408929835414896,1.106622052806417
hyperliquid,ARB,20250806,10000,34,1.3343319118495467,-0.35032834152105874,0.9840035703284876
hyperliquid,ARB,20250807,100,118,0.8198873165397215,-1.2197779823752657,-0.3998906658355441
hyperliquid,ARB,20250807,250,117,0.8258043173757046,-1.2029388585646035,-0.37713454118889883
hyperliquid,ARB,20250807,500,105,0.715249786272175,-1.4380055061048127,-0.7227557198326376
hyperliquid,ARB,20250807,1000,97,0.8651943074498853,-1.493762873223724,-0.6285685657738391
hyperliquid,ARB,20250807,2000,83,0.9168146979430987,-1.9052485955058844,-0.9884338975627857
hyperliquid,ARB,20250807,5000,67,0.9069822174276365,-0.09737423237869512,0.8096079850489416
hyperliquid,ARB,20250807,10000,63,1.0902503866857451,-0.4921613175869978,0.598089069098747
hyperliquid,ARB,20250808,100,250,0.7639723331030753,-0.30421697651467716,0.45975535658839833
hyperliquid,ARB,20250808,250,245,0.7267447275291916,-0.47233463014271737,0.25441009738647413
hyperliquid,ARB,20250808,500,235,0.7240390493733614,-0.3540001144923808,0.37003893488098055
hyperliquid,ARB,20250808,1000,189,0.8906093054667507,-0.7280616809510083,0.1625476245157424
hyperliquid,ARB,20250808,2000,156,0.9686962028199224,-1.3744741521219461,-0.40577794930202365
hyperliquid,ARB,20250808,5000,117,1.0048857802036186,-0.18931711502095555,0.8155686651826632
hyperliquid,ARB,20250808,10000,86,0.9267276854916061,0.04973611015135832,0.9764637956429643
hyperliquid,ARB,20250809,100,237,1.1156576929505726,-1.2335317584513756,-0.11787406550080323
hyperliquid,ARB,20250809,250,237,1.1156576929505726,-1.2335317584513756,-0.11787406550080323
hyperliquid,ARB,20250809,500,228,1.0458503211348251,-1.1110462168987048,-0.06519589576388007
hyperliquid,ARB,20250809,1000,189,1.0231031829511275,-1.9756002063875753,-0.9524970234364482
hyperliquid,ARB,20250809,2000,159,1.0800291807964981,-1.7467188619235428,-0.6666896811270442
hyperliquid,ARB,20250809,5000,112,1.1636387272950819,-1.2877859691640974,-0.12414724186901561
hyperliquid,ARB,20250809,10000,100,1.0307535252612186,-0.853563847335149,0.17718967792606904
hyperliquid,ARB,20250810,100,186,0.6734813970498394,-0.8503515890222012,-0.17687019197236206
hyperliquid,ARB,20250810,250,186,0.6734813970498394,-0.8503515890222012,-0.17687019197236206
hyperliquid,ARB,20250810,500,182,0.6857010245656416,-0.771990699595577,-0.08628967502993518
hyperliquid,ARB,20250810,1000,167,0.8028696807314464,-1.1088197315910624,-0.305950050859616
hyperliquid,ARB,20250810,2000,132,0.9307427743820486,-1.4075348143521529,-0.4767920399701046
hyperliquid,ARB,20250810,5000,117,0.8911076130890736,-0.41733291911905,0.47377469397002353
hyperliquid,ARB,20250810,10000,77,0.8649027043717525,0.0988336236571984,0.963736328028951
hyperliquid,ARB,20250811,100,305,0.8837807986734749,-1.1841433001829431,-0.3003625015094686
hyperliquid,ARB,20250811,250,304,0.883309340323889,-1.2076071355252478,-0.32429779520135893
hyperliquid,ARB,20250811,500,289,0.92180308099448,-0.9692461341497184,-0.047443053155238335
hyperliquid,ARB,20250811,1000,237,0.8578546002456547,-1.2587441411320617,-0.4008895408864073
hyperliquid,ARB,20250811,2000,210,0.9922766597689566,-1.0195956867542217,-0.02731902698526523
hyperliquid,ARB,20250811,5000,139,1.0321500782697872,-1.2261330604465195,-0.19398298217673243
hyperliquid,ARB,20250811,10000,93,1.0608893093322196,-0.9862331001620411,0.0746562091701785
hyperliquid,ARB,20250812,100,278,1.32633864133009,-1.4405835236411562,-0.11424488231106629
hyperliquid,ARB,20250812,250,278,1.32633864133009,-1.4405835236411562,-0.11424488231106629
hyperliquid,ARB,20250812,500,256,1.335285294800825,-1.44912707211723,-0.11384177731640506
hyperliquid,ARB,20250812,1000,210,1.3053836073498304,-0.9937351645770734,0.31164844277275683
hyperliquid,ARB,20250812,2000,176,1.1797862725434063,-0.7775930073999419,0.40219326514346454
hyperliquid,ARB,20250812,5000,124,1.1949023417325788,-0.5513015082141448,0.6436008335184344
hyperliquid,ARB,20250812,10000,97,1.551624655590875,-0.17151439018387385,1.380110265407001
hyperliquid,ARB,20250813,100,742,1.2284960554883537,-1.2054025282591632,0.023093527229190655
hyperliquid,ARB,20250813,250,740,1.2189931484531993,-1.2143352593219594,0.004657889131239761
hyperliquid,ARB,20250813,500,703,1.1474395424033212,-1.203276501217696,-0.05583695881437482
hyperliquid,ARB,20250813,1000,627,1.1496147357347533,-1.2727598805836526,-0.12314514484889949
hyperliquid,ARB,20250813,2000,483,1.1405778097913366,-1.2431430960858143,-0.10256528629447759
hyperliquid,ARB,20250813,5000,324,1.1673495135415684,-1.2899599902744143,-0.12261047673284627
hyperliquid,ARB,20250813,10000,192,1.0348682189032203,-2.0304870388749356,-0.9956188199717151
hyperliquid,ARB,20250814,100,765,1.3519167433351231,-1.0975724755997318,0.25434426773539126
hyperliquid,ARB,20250814,250,766,1.3531249835956574,-1.13627706580026,0.216847917795397
hyperliquid,ARB,20250814,500,731,1.3963227329260575,-1.3769077519115083,0.019414981014548898
hyperliquid,ARB,20250814,1000,631,1.3460019415983218,-1.4662129135751205,-0.12021097197679867
hyperliquid,ARB,20250814,2000,548,1.4607955797520946,-1.9219549068303439,-0.46115932707824925
hyperliquid,ARB,20250814,5000,400,1.2652051685600954,-1.5642120907959212,-0.2990069222358254
hyperliquid,ARB,20250814,10000,248,1.4772369346643317,-0.8111159436789823,0.6661209909853494
hyperliquid,ARB,20250815,100,473,1.1730122576035014,-1.2452348546650842,-0.07222259706158257
hyperliquid,ARB,20250815,250,472,1.1645415937833368,-1.2174090929706656,-0.052867499187328894
hyperliquid,ARB,20250815,500,451,1.1796910932498441,-1.389506890677293,-0.20981579742744888
hyperliquid,ARB,20250815,1000,372,1.1711802031872582,-1.1630256024537828,0.00815460073347531
hyperliquid,ARB,20250815,2000,320,1.1245632384413269,-1.7720171638765294,-0.647453925435202
hyperliquid,ARB,20250815,5000,229,1.1165705012111422,-1.6656130884046398,-0.5490425871934972
hyperliquid,ARB,20250815,10000,165,1.0770863347633035,-1.8103360083511395,-0.7332496735878362
hyperliquid,ARB,20250816,100,131,0.8227868425098066,-1.3253843895564288,-0.5025975470466224
hyperliquid,ARB,20250816,250,131,0.8227868425098066,-1.3253843895564288,-0.5025975470466224
hyperliquid,ARB,20250816,500,129,0.843322732491676,-1.3954227229150202,-0.5520999904233441
hyperliquid,ARB,20250816,1000,97,0.8444308362925149,-1.381765213463695,-0.5373343771711802
hyperliquid,ARB,20250816,2000,89,0.8684093848766502,-1.672330701754476,-0.8039213168778254
hyperliquid,ARB,20250816,5000,73,0.970264416105451,-1.6432445109277714,-0.6729800948223199
hyperliquid,ARB,20250816,10000,56,0.8560038921704781,-1.256837694237255,-0.40083380206677677
hyperliquid,ARB,20250817,100,367,1.204347356867016,-0.715700649521351,0.48864670734566473
hyperliquid,ARB,20250817,250,366,1.207390134866691,-0.7300455432341786,0.4773445916325121
hyperliquid,ARB,20250817,500,352,1.2182745992754918,-0.9379208796435867,0.280353719631905
hyperliquid,ARB,20250817,1000,294,1.1437187696835676,-1.5934600755639499,-0.44974130588038214
hyperliquid,ARB,20250817,2000,247,1.0705574388951908,-1.347115693510357,-0.27655825461516625
hyperliquid,ARB,20250817,5000,151,1.282380483764885,-0.3721485898232344,0.9102318939416504
hyperliquid,ARB,20250817,10000,111,1.1388846655918532,-0.5924376568417458,0.5464470087501073
hyperliquid,ARB,20250818,100,543,0.9648776537135582,-1.1326858366727612,-0.167808182959203
hyperliquid,ARB,20250818,250,543,0.9648776537135582,-1.130025150377465,-0.16514749666390685
hyperliquid,ARB,20250818,500,507,0.9789114741496768,-0.9895507807635093,-0.010639306613832507
hyperliquid,ARB,20250818,1000,448,0.9075869826872438,-0.919254749241838,-0.011667766554594165
hyperliquid,ARB,20250818,2000,362,0.9554966077576036,-0.9925876030888264,-0.03709099533122286
hyperliquid,ARB,20250818,5000,225,1.0693097459444383,-0.5173582797361653,0.5519514662082728
hyperliquid,ARB,20250818,10000,150,1.0417768639700578,-0.9797524735888438,0.06202439038121421
hyperliquid,ARB,20250819,100,386,0.928283882862639,-1.7289533637004595,-0.8006694808378204
hyperliquid,ARB,20250819,250,387,0.920045410992214,-1.7069606228329801,-0.7869152118407656
hyperliquid,ARB,20250819,500,379,0.9012772479162885,-1.6892252616218248,-0.7879480137055366
hyperliquid,ARB,20250819,1000,322,0.9325687666613978,-2.433827091445525,-1.5012583247841274
hyperliquid,ARB,20250819,2000,295,0.9794002865291218,-2.823725160199514,-1.8443248736703919
hyperliquid,ARB,20250819,5000,192,1.0640933958568288,-2.6578563185288133,-1.5937629226719843
hyperliquid,ARB,20250819,10000,134,0.9929098644032126,-2.157640622369924,-1.164730757966711
hyperliquid,ARB,20250820,100,381,0.8700215406331091,-1.721299356768064,-0.851277816134955
hyperliquid,ARB,20250820,250,379,0.8715984156169206,-1.7462775788810019,-0.8746791632640813
hyperliquid,ARB,20250820,500,346,0.8624486663252321,-1.3042124253823262,-0.44176375905709425
hyperliquid,ARB,20250820,1000,317,0.8939183042932475,-1.0112262556162035,-0.11730795132295602
hyperliquid,ARB,20250820,2000,250,0.95283448001234,-1.2444967722199383,-0.2916622922075981
hyperliquid,ARB,20250820,5000,156,1.0036004950604318,-1.4318475010822245,-0.4282470060217926
hyperliquid,ARB,20250820,10000,123,1.1214613351674225,-1.0173723271801984,0.10408900798722406
hyperliquid,AVAX,20250727,100,211,0.838785923154226,-0.7885624805413823,0.05022344261284356
hyperliquid,AVAX,20250727,250,211,0.838785923154226,-0.7885624805413823,0.05022344261284356
hyperliquid,AVAX,20250727,500,209,0.8411975115213337,-0.8226148439052525,0.01858266761608116
hyperliquid,AVAX,20250727,1000,184,0.9436197079901716,-0.511963038700607,0.4316566692895648
hyperliquid,AVAX,20250727,2000,143,0.948100130633191,-0.16690352163399333,0.7811966089991976
hyperliquid,AVAX,20250727,5000,115,0.9695290200343336,-0.07883323106404436,0.8906957889702894
hyperliquid,AVAX,20250727,10000,83,1.0180151188660431,-1.0644830097816198,-0.046467890915576536
hyperliquid,AVAX,20250728,100,635,0.5994692510467762,-0.3225003040497772,0.2769689469969989
hyperliquid,AVAX,20250728,250,634,0.6001225601614741,-0.31516224945064164,0.28496031071083244
hyperliquid,AVAX,20250728,500,631,0.6140363196193457,-0.2477559127286118,0.3662804068907338
hyperliquid,AVAX,20250728,1000,554,0.7510028669460167,-0.6234554695221337,0.12754739742388316
hyperliquid,AVAX,20250728,2000,477,0.7728408517396773,-0.9553831580559323,-0.182542306316255
hyperliquid,AVAX,20250728,5000,355,0.7922587059019605,-0.7810293626775076,0.011229343224452966
hyperliquid,AVAX,20250728,10000,237,0.7477532382615342,-0.6513534295519396,0.09639980870959469
hyperliquid,AVAX,20250729,100,455,0.9329804586780804,-0.7474792400881753,0.1855012185899052
hyperliquid,AVAX,20250729,250,455,0.9321106620218665,-0.7470529892019713,0.18505767281989535
hyperliquid,AVAX,20250729,500,452,0.9068787707242134,-0.6645542631289508,0.2423245075952625
hyperliquid,AVAX,20250729,1000,406,0.9566495157382109,-0.817228581796432,0.13942093394177899
hyperliquid,AVAX,20250729,2000,340,1.0359066817214335,-1.1048854086868758,-0.06897872696544216
hyperliquid,AVAX,20250729,5000,260,1.0558450576244116,-0.854097727180496,0.20174733044391546
hyperliquid,AVAX,20250729,10000,193,1.091727444194599,-0.5015962144142558,0.5901312297803429
hyperliquid,AVAX,20250730,100,393,1.128629354834021,-0.9810253705173413,0.14760398431667965
hyperliquid,AVAX,20250730,250,391,1.1333085748324851,-0.9499933609710757,0.1833152138614092
hyperliquid,AVAX,20250730,500,375,1.157856686917587,-0.9631639183379881,0.19469276857959877
hyperliquid,AVAX,20250730,1000,346,1.0475611230428554,-1.205245973838951,-0.15768485079609534
hyperliquid,AVAX,20250730,2000,298,1.074935667052579,-0.8172676109219585,0.2576680561306199
hyperliquid,AVAX,20250730,5000,220,1.205890346547474,-0.9502384531713501,0.2556518933761239
hyperliquid,AVAX,20250730,10000,161,1.1685681563656198,-0.28993742859690175,0.8786307277687181
hyperliquid,AVAX,20250731,100,373,0.8306972318318432,-0.963749702887756,-0.1330524710559127
hyperliquid,AVAX,20250731,250,374,0.8402104093858875,-0.9829282374336933,-0.14271782804780558
hyperliquid,AVAX,20250731,500,352,0.8632252917885799,-0.9600858078722714,-0.09686051608369148
hyperliquid,AVAX,20250731,1000,304,0.8618453595589725,-1.0732884164619243,-0.21144305690295181
hyperliquid,AVAX,20250731,2000,306,0.8536250170322347,-1.1336158748621057,-0.2799908578298707
hyperliquid,AVAX,20250731,5000,223,0.9219094528500763,-0.6207230080943701,0.3011864447557062
hyperliquid,AVAX,20250731,10000,145,0.9868138687658798,-0.8302979862029244,0.15651588256295595
hyperliquid,AVAX,20250801,100,552,0.9750753738945479,-2.027968947685768,-1.05289357379122
hyperliquid,AVAX,20250801,250,551,0.9781640908736342,-2.0245780483878533,-1.0464139575142186
hyperliquid,AVAX,20250801,500,508,1.0246012853502289,-1.8746249359946496,-0.8500236506444205
hyperliquid,AVAX,20250801,1000,470,0.9966075626080264,-1.4943319947998759,-0.4977244321918493
hyperliquid,AVAX,20250801,2000,422,1.0737048442090662,-1.8287159753399922,-0.7550111311309263
hyperliquid,AVAX,20250801,5000,313,1.0763479958818953,-1.814010509736964,-0.7376625138550692
hyperliquid,AVAX,20250801,10000,203,1.1243456634256985,-1.6584793421549302,-0.5341336787292318
hyperliquid,AVAX,20250802,100,183,0.8712940009063349,-0.3538446450176157,0.5174493558887192
hyperliquid,AVAX,20250802,250,184,0.8704924898021112,-0.32176257805598446,0.5487299117461268
hyperliquid,AVAX,20250802,500,181,0.8616093726187818,-0.5309118953983919,0.33069747722038995
hyperliquid,AVAX,20250802,1000,166,0.854475514730539,-0.5888247519761147,0.26565076275442423
hyperliquid,AVAX,20250802,2000,143,0.9106280276894464,-1.1202174452684304,-0.20958941757898375
hyperliquid,AVAX,20250802,5000,90,1.0275245326095097,-1.8723589334156956,-0.8448344008061855
hyperliquid,AVAX,20250802,10000,90,1.1162808014502912,-0.21722750892487877,0.8990532925254121
hyperliquid,AVAX,20250803,100,131,0.9064050364045486,-1.019437642173706,-0.11303260576915741
hyperliquid,AVAX,20250803,250,130,0.9004902866878093,-1.0530536624916678,-0.15256337580385868
hyperliquid,AVAX,20250803,500,126,0.9938398890465593,-0.9436937406631628,0.05014614838339641
hyperliquid,AVAX,20250803,1000,125,1.037566138068902,-0.705961481356365,0.3316046567125372
hyperliquid,AVAX,20250803,2000,111,1.0344523168895898,-0.7431012007180106,0.29135111617157905
hyperliquid,AVAX,20250803,5000,82,0.9686965964645913,-1.0148253266154277,-0.04612873015083638
hyperliquid,AVAX,20250803,10000,69,0.999562185229572,-0.17549664596160444,0.8240655392679674
hyperliquid,AVAX,20250804,100,251,0.9725026070109017,-0.565438851984243,0.40706375502665854
hyperliquid,AVAX,20250804,250,251,0.9749687764243432,-0.5476782227010263,0.42729055372331703
hyperliquid,AVAX,20250804,500,245,0.9747545240609464,-0.6539209374766564,0.3208335865842901
hyperliquid,AVAX,20250804,1000,202,1.0474148849779534,-0.876155062763413,0.1712598222145405
hyperliquid,AVAX,20250804,2000,181,0.9937892794832537,-0.9653109704942895,0.02847830898896407
hyperliquid,AVAX,20250804,5000,132,0.9611653988468817,-0.7896376529648172,0.17152774588206443
hyperliquid,AVAX,20250804,10000,122,1.1101432909136437,-0.8839457746885221,0.22619751622512177
hyperliquid,AVAX,20250805,100,315,1.1007617523460458,-0.8935733716734946,0.20718838067255121
hyperliquid,AVAX,20250805,250,315,1.0901172090690443,-0.9354116019338002,0.15470560713524412
hyperliquid,AVAX,20250805,500,299,1.0682978258110953,-0.8425460277701332,0.22575179804096193
hyperliquid,AVAX,20250805,1000,285,1.0555251548959967,-0.5033643597198796,0.552160795176117
hyperliquid,AVAX,20250805,2000,224,0.9979507548754135,-0.7241977655195556,0.2737529893558579
hyperliquid,AVAX,20250805,5000,181,1.0460122387270347,-0.2533491679721669,0.7926630707548675
hyperliquid,AVAX,20250805,10000,131,0.9644022465653979,-0.19286224876231942,0.7715399978030782
hyperliquid,AVAX,20250806,100,208,0.6740114097108882,-0.737296378206473,-0.06328496849558478
hyperliquid,AVAX,20250806,250,206,0.6750120568170489,-0.7411416446462665,-0.06612958782921748
hyperliquid,AVAX,20250806,500,186,0.6655102800916574,-0.770503432027908,-0.10499315193625085
hyperliquid,AVAX,20250806,1000,165,0.774591688683563,-0.8527822530512728,-0.07819056436770992
hyperliquid,AVAX,20250806,2000,156,0.8299003183535298,-0.7885178508066772,0.041382467546852486
hyperliquid,AVAX,20250806,5000,99,0.8500281422432636,-1.4579715778800104,-0.6079434356367465
hyperliquid,AVAX,20250806,10000,78,0.911062816000502,-0.8097152037925718,0.10134761220793036
hyperliquid,AVAX,20250807,100,205,0.7123782637416699,-1.3264379707234557,-0.6140597069817856
hyperliquid,AVAX,20250807,250,205,0.7123782637416699,-1.3264379707234557,-0.6140597069817856
hyperliquid,AVAX,20250807,500,199,0.7379934925873096,-1.232518528350592,-0.4945250357632826
hyperliquid,AVAX,20250807,1000,200,0.7577118946197118,-1.5640813533842237,-0.8063694587645124
hyperliquid,AVAX,20250807,2000,162,0.770475257595665,-1.0845635069569863,-0.3140882493613211
hyperliquid,AVAX,20250807,5000,140,0.652054776256343,-1.4197082962896879,-0.7676535200333451
hyperliquid,AVAX,20250807,10000,107,0.8152336654595242,-1.134160440136273,-0.3189267746767484
hyperliquid,AVAX,20250808,100,474,0.6183748022870296,-1.4071981368599278,-0.7888233345728981
hyperliquid,AVAX,20250808,250,473,0.6161025419981676,-1.3913233344226266,-0.7752207924244591
hyperliquid,AVAX,20250808,500,469,0.6457856802441905,-1.2230727819073615,-0.5772871016631709
hyperliquid,AVAX,20250808,1000,440,0.7385969370059897,-0.9703403653727747,-0.23174342836678496
hyperliquid,AVAX,20250808,2000,404,0.831955017970707,-0.6261148747576746,0.20584014321303232
hyperliquid,AVAX,20250808,5000,288,0.8677325762736053,-0.8404125065440275,0.02732006972957776
hyperliquid,AVAX,20250808,10000,219,0.8637915232665379,-0.9849816416511166,-0.12119011838457888
hyperliquid,AVAX,20250809,100,365,0.5003879348091248,-0.7698138234101702,-0.2694258886010455
hyperliquid,AVAX,20250809,250,365,0.5003879348091248,-0.7698138234101702,-0.2694258886010455
hyperliquid,AVAX,20250809,500,358,0.5589848504366272,-0.769726435743501,-0.21074158530687379
hyperliquid,AVAX,20250809,1000,309,0.6941502092553851,-1.00733231896463,-0.31318210970924465
hyperliquid,AVAX,20250809,2000,274,0.7359592755721909,-0.614152896361602,0.12180637921058894
hyperliquid,AVAX,20250809,5000,222,0.7450931009115067,-0.8774587380526093,-0.1323656371411023
hyperliquid,AVAX,20250809,10000,166,0.7461883694166977,-0.5392912029129788,0.2068971665037186
hyperliquid,AVAX,20250810,100,425,0.46760209056346913,-0.4588207592548736,0.008781331308595576
hyperliquid,AVAX,20250810,250,425,0.46760209056346913,-0.4588207592548736,0.008781331308595576
hyperliquid,AVAX,20250810,500,419,0.47550831093901025,-0.39970984990905084,0.07579846102995949
hyperliquid,AVAX,20250810,1000,376,0.6438875052737942,-0.6312029147746996,0.012684590499094654
hyperliquid,AVAX,20250810,2000,318,0.7216464584868003,-0.6010465292175141,0.12059992926928634
hyperliquid,AVAX,20250810,5000,254,0.7460177794635348,-0.8777705847127445,-0.13175280524920974
hyperliquid,AVAX,20250810,10000,195,0.7160571222927478,-0.4692314658502629,0.2468256564424848
hyperliquid,AVAX,20250811,100,316,0.5588578640850812,-0.44402110460245653,0.11483675948262459
hyperliquid,AVAX,20250811,250,316,0.5588578640850812,-0.4426754294543614,0.11618243463071973
hyperliquid,AVAX,20250811,500,312,0.600905708078093,-0.5467950804407716,0.054110627637321114
hyperliquid,AVAX,20250811,1000,265,0.684656115746444,-0.7548223489479668,-0.07016623320152277
hyperliquid,AVAX,20250811,2000,249,0.7781352853760266,-0.8534864589065705,-0.07535117353054388
hyperliquid,AVAX,20250811,5000,162,0.8405641169380473,-0.7081645878634073,0.13239952907464014
hyperliquid,AVAX,20250811,10000,133,0.7922488169159392,-0.49246421514379113,0.2997846017721479
hyperliquid,AVAX,20250812,100,534,0.5083644642795704,-1.4642232906821142,-0.9558588264025438
hyperliquid,AVAX,20250812,250,534,0.5083644642795704,-1.4642232906821142,-0.9558588264025438
hyperliquid,AVAX,20250812,500,514,0.545991708395314,-1.610549359278682,-1.064557650883368
hyperliquid,AVAX,20250812,1000,465,0.6687906333158133,-1.4960257410663749,-0.8272351077505617
hyperliquid,AVAX,20250812,2000,408,0.7217532730769021,-1.638818404656108,-0.9170651315792062
hyperliquid,AVAX,20250812,5000,300,0.8393518244748803,-1.6554008534725253,-0.8160490289976448
hyperliquid,AVAX,20250812,10000,214,0.8432289888039441,-1.1609207018777272,-0.31769171307378297
hyperliquid,AVAX,20250813,100,541,0.6913637444457007,-1.1257866854789331,-0.4344229410332325
hyperliquid,AVAX,20250813,250,542,0.6908271780183963,-1.1344311945066856,-0.4436040164882895
hyperliquid,AVAX,20250813,500,530,0.7042765355871501,-1.1722031104434025,-0.4679265748562525
hyperliquid,AVAX,20250813,1000,492,0.8032056013444956,-1.1576958491984755,-0.3544902478539798
hyperliquid,AVAX,20250813,2000,418,0.7924178452091564,-0.7271961014418956,0.06522174376726074
hyperliquid,AVAX,20250813,5000,320,0.855278098822628,-0.973800929460435,-0.11852283063780683
hyperliquid,AVAX,20250813,10000,231,0.8827386028271939,-0.16617983698382885,0.7165587658433648
hyperliquid,AVAX,20250814,100,846,0.8059331227204737,-2.2243558912731136,-1.4184227685526396
hyperliquid,AVAX,20250814,250,845,0.8056334400794913,-2.183618907214847,-1.377985467135355
hyperliquid,AVAX,20250814,500,808,0.8172933462261721,-2.1055193931189153,-1.2882260468927431
hyperliquid,AVAX,20250814,1000,692,0.982312511026721,-2.3158244543576076,-1.333511943330887
hyperliquid,AVAX,20250814,2000,595,1.081125049976565,-2.5380020790822595,-1.4568770291056938
hyperliquid,AVAX,20250814,5000,407,0.948608223923778,-1.677893345222494,-0.7292851212987159
hyperliquid,AVAX,20250814,10000,289,0.9685779294316581,-1.078127693053446,-0.10954976362178817
hyperliquid,AVAX,20250815,100,677,0.6736637902114545,-0.5298944760966003,0.143769314114854
hyperliquid,AVAX,20250815,250,677,0.6745972791401788,-0.5456129788127431,0.12898430032743569
hyperliquid,AVAX,20250815,500,661,0.665659074715305,-0.46539761071493196,0.20026146400037315
hyperliquid,AVAX,20250815,1000,596,0.7499220174470294,-0.8277878152143207,-0.07786579776729122
hyperliquid,AVAX,20250815,2000,511,0.8071953134708026,-0.8337548544809911,-0.026559541010188443
hyperliquid,AVAX,20250815,5000,375,0.8143380437826071,-0.6336151755067067,0.18072286827590053
hyperliquid,AVAX,20250815,10000,261,0.841294611215941,-0.3941755849558934,0.4471190262600476
hyperliquid,AVAX,20250816,100,444,0.5207093179522946,-0.880287526900334,-0.35957820894803955
hyperliquid,AVAX,20250816,250,444,0.5207093179522946,-0.880287526900334,-0.35957820894803955
hyperliquid,AVAX,20250816,500,441,0.5398191038991138,-0.8567930889935192,-0.31697398509440555
hyperliquid,AVAX,20250816,1000,397,0.5933481337682599,-0.8355410112045215,-0.2421928774362613
hyperliquid,AVAX,20250816,2000,359,0.6287489899128912,-0.7607430754702071,-0.13199408555731598
hyperliquid,AVAX,20250816,5000,257,0.6538310117715377,-0.7407866022117743,-0.08695559044023658
hyperliquid,AVAX,20250816,10000,193,0.6597782386284793,-0.5634656341535631,0.09631260447491626
hyperliquid,AVAX,20250817,100,349,0.6041208662873837,-0.9206233970315375,-0.3165025307441538
hyperliquid,AVAX,20250817,250,348,0.5964653490371947,-0.903898904514275,-0.3074335554770803
hyperliquid,AVAX,20250817,500,344,0.5968734621849514,-0.9426127504288,-0.3457392882438486
hyperliquid,AVAX,20250817,1000,294,0.7144405781488186,-0.9140040481567174,-0.19956347000789892
hyperliquid,AVAX,20250817,2000,262,0.7524727333039533,-1.054764174272892,-0.3022914409689387
hyperliquid,AVAX,20250817,5000,198,0.7946546417622606,-1.2312493874682566,-0.43659474570599627
hyperliquid,AVAX,20250817,10000,152,0.732719462833364,-0.400351974682048,0.33236748815131606
hyperliquid,AVAX,20250818,100,380,0.7411239188809113,-1.1315221276639897,-0.3903982087830784
hyperliquid,AVAX,20250818,250,378,0.7439253650212182,-1.138741483635279,-0.3948161186140604
hyperliquid,AVAX,20250818,500,363,0.7570394440042624,-0.9169056363949676,-0.15986619239070526
hyperliquid,AVAX,20250818,1000,311,0.7745037589339883,-0.7021298893840054,0.07237386954998307
hyperliquid,AVAX,20250818,2000,277,0.8339188229039445,-0.7731502184897999,0.060768604414144646
hyperliquid,AVAX,20250818,5000,225,0.9254492651447558,-1.6762259950057041,-0.7507767298609485
hyperliquid,AVAX,20250818,10000,146,0.9381129643333781,-0.7737135193221434,0.1643994450112346
hyperliquid,AVAX,20250819,100,346,0.7673911835899359,-1.4431811514605861,-0.6757899678706504
hyperliquid,AVAX,20250819,250,345,0.768977662689622,-1.4403403738334666,-0.6713627111438446
hyperliquid,AVAX,20250819,500,342,0.7594240209709039,-1.6053669079657207,-0.8459428869948168
hyperliquid,AVAX,20250819,1000,315,0.7809538291435876,-1.6682809787209207,-0.8873271495773328
hyperliquid,AVAX,20250819,2000,246,0.8441208169389017,-0.9612520320189505,-0.1171312150800492
hyperliquid,AVAX,20250819,5000,196,0.7921706641735051,-1.2813528748062097,-0.48918221063270456
hyperliquid,AVAX,20250819,10000,128,0.8186806539048778,-1.164857621971699,-0.34617696806682136
hyperliquid,AVAX,20250820,100,451,0.5285924783567332,-0.7457137181343486,-0.21712123977761533
hyperliquid,AVAX,20250820,250,450,0.5239352172719066,-0.7410671678444423,-0.21713195057253543
hyperliquid,AVAX,20250820,500,440,0.559399545460025,-0.7226306528314927,-0.16323110737146784
hyperliquid,AVAX,20250820,1000,395,0.676988618800963,-1.0219566737369394,-0.34496805493597654
hyperliquid,AVAX,20250820,2000,355,0.7088167807759699,-1.4836811641206469,-0.7748643833446769
hyperliquid,AVAX,20250820,5000,254,0.760387911423807,-1.4666312162435393,-0.7062433048197322
hyperliquid,AVAX,20250820,10000,204,0.7869828663651045,-0.5619108296142915,0.2250720367508129
hyperliquid,BNB,20250727,100,1586,0.7110836062332188,-0.34967568925266224,0.36140791698055647
hyperliquid,BNB,20250727,250,1586,0.7110836062332188,-0.34967568925266224,0.36140791698055647
hyperliquid,BNB,20250727,500,1537,0.7055266892893469,-0.3016560468511463,0.4038706424382006
hyperliquid,BNB,20250727,1000,1270,0.8177822118763208,-0.6314534055898289,0.1863288062864919
hyperliquid,BNB,20250727,2000,1038,0.8210031656142809,-0.6956316805169062,0.12537148509737486
hyperliquid,BNB,20250727,5000,858,0.7997456023657757,-0.41375157696978077,0.3859940253959952
hyperliquid,BNB,20250727,10000,666,0.8058987580260438,-0.3707023503542251,0.4351964076718189
hyperliquid,BNB,20250728,100,2221,0.3400937673833029,-0.7389144034634005,-0.3988206360800976
hyperliquid,BNB,20250728,250,2217,0.33882579515659933,-0.7376147385353836,-0.39878894337878434
hyperliquid,BNB,20250728,500,2153,0.34081108805027094,-0.7687618971236366,-0.42795080907336563
hyperliquid,BNB,20250728,1000,1773,0.4231230146576555,-1.044514727351625,-0.6213917126939696
hyperliquid,BNB,20250728,2000,1554,0.4576899943621873,-0.9639590322167528,-0.5062690378545657
hyperliquid,BNB,20250728,5000,1121,0.509659145614329,-0.9977263620326051,-0.4880672164182762
hyperliquid,BNB,20250728,10000,786,0.5359660087432487,-0.9432232773978589,-0.4072572686546101
hyperliquid,BNB,20250729,100,1264,0.507379200215489,-0.5407011608205908,-0.03332196060510181
hyperliquid,BNB,20250729,250,1264,0.5075756146629179,-0.5327855972715771,-0.025209982608659122
hyperliquid,BNB,20250729,500,1220,0.5184634204765972,-0.5899712308811541,-0.07150781040455687
hyperliquid,BNB,20250729,1000,1008,0.6196185631991055,-0.5956952274191645,0.023923335779940907
hyperliquid,BNB,20250729,2000,828,0.6641343873983674,-0.6189890596305635,0.04514532776780387
hyperliquid,BNB,20250729,5000,634,0.7651209257558503,-0.8296235851678694,-0.06450265941201909
hyperliquid,BNB,20250729,10000,476,0.8464281485746887,-0.3682432951832221,0.4781848533914666
hyperliquid,BNB,20250730,100,984,0.45312087655806926,-0.7805604788440546,-0.3274396022859853
hyperliquid,BNB,20250730,250,983,0.4526725264409698,-0.7802846454286652,-0.3276121189876952
hyperliquid,BNB,20250730,500,935,0.4450689989991011,-0.7225922974683832,-0.2775232984692821
hyperliquid,BNB,20250730,1000,761,0.5463590010630768,-0.742839705039206,-0.19648070397612932
hyperliquid,BNB,20250730,2000,597,0.5457200177517163,-0.8602673592809204,-0.3145473415292039
hyperliquid,BNB,20250730,5000,431,0.5460943311423122,-1.2345077806409455,-0.6884134494986333
hyperliquid,BNB,20250730,10000,306,0.5313692902123247,-0.28706949177476854,0.24429979843755617
hyperliquid,BNB,20250731,100,1107,0.3276726596343953,-0.5264111489131525,-0.19873848927875729
hyperliquid,BNB,20250731,250,1107,0.32965851069922625,-0.5232106632403271,-0.19355215254110075
hyperliquid,BNB,20250731,500,1060,0.3309592103461096,-0.4953267785376938,-0.1643675681915842
hyperliquid,BNB,20250731,1000,857,0.392984165624058,-0.6729944446220998,-0.28001027899804165
hyperliquid,BNB,20250731,2000,741,0.4769780938978229,-0.45113808077397444,0.02584001312384844
hyperliquid,BNB,20250731,5000,534,0.49792472757566586,-0.35728741590242014,0.14063731167324564
hyperliquid,BNB,20250731,10000,374,0.4597105317829518,-0.13525605051918313,0.32445448126376863
hyperliquid,BNB,20250801,100,1000,0.394625416842315,-0.3623729115325408,0.0322525053097741
hyperliquid,BNB,20250801,250,995,0.3920690165628887,-0.36474734233655026,0.027321674226338365
hyperliquid,BNB,20250801,500,927,0.39735752952424586,-0.37758726664259235,0.01977026288165346
hyperliquid,BNB,20250801,1000,729,0.44176342346290676,-0.5016495685667304,-0.059886145103823445
hyperliquid,BNB,20250801,2000,560,0.47825762683250006,-0.8849848239922066,-0.40672719715970646
hyperliquid,BNB,20250801,5000,429,0.5004828038571375,-0.499048858117868,0.001433945739269541
hyperliquid,BNB,20250801,10000,268,0.5616812401676874,-0.4042031885134048,0.15747805165428264
hyperliquid,BNB,20250802,100,743,0.23746575416235916,-0.7090106625557633,-0.4715449083934042
hyperliquid,BNB,20250802,250,743,0.23746575416235916,-0.708919123130195,-0.471453368967836
hyperliquid,BNB,20250802,500,703,0.24244873752247553,-0.6926261723229169,-0.45017743480044137
hyperliquid,BNB,20250802,1000,555,0.32306796526134757,-0.8863807343511708,-0.5633127690898232
hyperliquid,BNB,20250802,2000,415,0.3663814110451785,-0.6063471268666505,-0.239965715821472
hyperliquid,BNB,20250802,5000,290,0.39550063336120894,-0.8488061353528064,-0.4533055019915973
hyperliquid,BNB,20250802,10000,241,0.3796543518950588,-0.543389916666583,-0.1637355647715241
hyperliquid,BNB,20250803,100,503,0.1526744973083312,-0.918923569188724,-0.7662490718803928
hyperliquid,BNB,20250803,250,502,0.15284437139235188,-0.9168606011855742,-0.7640162297932225
hyperliquid,BNB,20250803,500,481,0.17315442115088578,-0.8653282297810894,-0.6921738086302035
hyperliquid,BNB,20250803,1000,395,0.2613404636387677,-0.8616071555693875,-0.6002666919306199
hyperliquid,BNB,20250803,2000,306,0.347667820614068,-0.8927697639078986,-0.5451019432938307
hyperliquid,BNB,20250803,5000,258,0.34364722661980546,-0.8321358149028943,-0.4884885882830888
hyperliquid,BNB,20250803,10000,202,0.40590636219236476,-0.703787931109922,-0.2978815689175571
hyperliquid,BNB,20250804,100,925,0.22099415672033096,-0.845618094995545,-0.6246239382752141
hyperliquid,BNB,20250804,250,924,0.21855452347155294,-0.8551432075190952,-0.6365886840475423
hyperliquid,BNB,20250804,500,906,0.23818366291674395,-0.8807849355115505,-0.6426012725948065
hyperliquid,BNB,20250804,1000,749,0.3230529927094998,-1.1064314797871369,-0.7833784870776372
hyperliquid,BNB,20250804,2000,563,0.40584565081487495,-1.1305155813964258,-0.7246699305815508
hyperliquid,BNB,20250804,5000,507,0.49366404794591356,-1.1567986641614754,-0.6631346162155619
hyperliquid,BNB,20250804,10000,421,0.47792283083396714,-0.8706252883795724,-0.39270245754560534
hyperliquid,BNB,20250805,100,315,0.2442955258170379,-0.5296036901984362,-0.2853081643813985
hyperliquid,BNB,20250805,250,314,0.2488405610938306,-0.5211904839391125,-0.2723499228452818
hyperliquid,BNB,20250805,500,310,0.2734966059116282,-0.6103556575982113,-0.33685905168658314
hyperliquid,BNB,20250805,1000,244,0.3620467844997963,-0.5494295457185808,-0.18738276121878464
hyperliquid,BNB,20250805,2000,197,0.36741446733694816,-0.6957638484640605,-0.3283493811271124
hyperliquid,BNB,20250805,5000,133,0.4428262860204146,-0.4010505309614581,0.04177575505895648
hyperliquid,BNB,20250805,10000,112,0.4093817847992806,-0.39262733893432755,0.016754445864952974
hyperliquid,BNB,20250806,100,247,0.2866789066358895,-0.42430591198667256,-0.13762700535078307
hyperliquid,BNB,20250806,250,246,0.28561701592607747,-0.4306308987077283,-0.1450138827816509
hyperliquid,BNB,20250806,500,238,0.291126818427521,-0.40362969193215725,-0.11250287350463621
hyperliquid,BNB,20250806,1000,188,0.4109044993697728,-0.6862824453397727,-0.2753779459699998
hyperliquid,BNB,20250806,2000,134,0.5078914948496048,-0.9015232978513593,-0.3936318030017544
hyperliquid,BNB,20250806,5000,114,0.5340775666860963,-0.6939707359858461,-0.15989316929975014
hyperliquid,BNB,20250806,10000,98,0.4087623279979616,-0.46031813877692807,-0.051555810778966496
hyperliquid,BNB,20250807,100,547,0.1811574073053911,-0.476754386243337,-0.295596978937946
hyperliquid,BNB,20250807,250,546,0.18066150428321376,-0.47878611497545004,-0.2981246106922362
hyperliquid,BNB,20250807,500,528,0.1877116869603751,-0.48708985962495743,-0.29937817266458233
hyperliquid,BNB,20250807,1000,430,0.266655335696139,-0.6030813627736671,-0.3364260270775281
hyperliquid,BNB,20250807,2000,327,0.3049309971199796,-0.6583342387709374,-0.353403241650958
hyperliquid,BNB,20250807,5000,308,0.35377798366025004,-0.5554051371086335,-0.20162715344838344
hyperliquid,BNB,20250807,10000,212,0.3717634729567826,-0.4540491749013041,-0.08228570194452145
hyperliquid,BNB,20250808,100,867,0.18855799229127743,-0.7018752255005394,-0.5133172332092619
hyperliquid,BNB,20250808,250,866,0.18782300576279165,-0.7046644330624904,-0.5168414272996987
hyperliquid,BNB,20250808,500,831,0.19337862289388574,-0.7383283115762029,-0.5449496886823172
hyperliquid,BNB,20250808,1000,643,0.2538573588380876,-0.806410584959587,-0.5525532261214995
hyperliquid,BNB,20250808,2000,555,0.32075662235113084,-0.6524467587267229,-0.3316901363755921
hyperliquid,BNB,20250808,5000,383,0.37328894344418606,-0.5257472478403673,-0.15245830439618133
hyperliquid,BNB,20250808,10000,301,0.3468800700426165,-0.42354032607335035,-0.07666025603073388
hyperliquid,BNB,20250809,100,416,0.20193744990940102,-0.7841347273660337,-0.5821972774566326
hyperliquid,BNB,20250809,250,416,0.20193744990940102,-0.7841347273660337,-0.5821972774566326
hyperliquid,BNB,20250809,500,402,0.20024020672716483,-0.731008245494776,-0.5307680387676111
hyperliquid,BNB,20250809,1000,317,0.29864011630332393,-0.7424885795073918,-0.44384846320406784
hyperliquid,BNB,20250809,2000,235,0.36358187199104375,-0.7885141540210725,-0.42493228203002853
hyperliquid,BNB,20250809,5000,161,0.38392022567896933,-0.6279314685188481,-0.2440112428398787
hyperliquid,BNB,20250809,10000,128,0.3324989654159405,-0.6321001270377667,-0.29960116162182615
hyperliquid,BNB,20250810,100,279,0.16735097229707566,-0.4927873659306037,-0.325436393633528
hyperliquid,BNB,20250810,250,279,0.16735097229707566,-0.4927873659306037,-0.325436393633528
hyperliquid,BNB,20250810,500,267,0.18461160276111568,-0.5502706684008372,-0.36565906563972145
hyperliquid,BNB,20250810,1000,202,0.22180745589398623,-0.45792530813021043,-0.2361178522362242
hyperliquid,BNB,20250810,2000,170,0.27697804924646907,-0.3627993255311577,-0.08582127628468862
hyperliquid,BNB,20250810,5000,114,0.3756838534600216,-0.4027288300326085,-0.027044976572586813
hyperliquid,BNB,20250810,10000,93,0.332019913373608,-0.3048640636405225,0.02715584973308553
hyperliquid,BNB,20250811,100,680,0.2695145458410623,-0.7888058501217109,-0.5192913042806486
hyperliquid,BNB,20250811,250,680,0.2695145458410623,-0.7896287000422981,-0.5201141542012359
hyperliquid,BNB,20250811,500,648,0.26081900004821695,-0.7412922231775985,-0.4804732231293816
hyperliquid,BNB,20250811,1000,518,0.3088545582069629,-0.7974539247804948,-0.4885993665735318
hyperliquid,BNB,20250811,2000,410,0.39259759983487136,-0.8637171542551233,-0.4711195544202521
hyperliquid,BNB,20250811,5000,292,0.370532661116289,-1.0246450675567311,-0.6541124064404423
hyperliquid,BNB,20250811,10000,221,0.3298128192731174,-0.7303710842358473,-0.4005582649627298
hyperliquid,BNB,20250812,100,405,0.2806652715036946,-0.5930005166379699,-0.31233524513427535
hyperliquid,BNB,20250812,250,405,0.2806652715036946,-0.5930005166379699,-0.31233524513427535
hyperliquid,BNB,20250812,500,391,0.2879754339767443,-0.6810777772522967,-0.3931023432755523
hyperliquid,BNB,20250812,1000,336,0.3235941619733846,-0.6821371796725786,-0.35854301769919394
hyperliquid,BNB,20250812,2000,267,0.3815134723040033,-0.6653521531291551,-0.28383868082515173
hyperliquid,BNB,20250812,5000,180,0.45524245926891177,-0.8425884007430392,-0.3873459414741274
hyperliquid,BNB,20250812,10000,138,0.5203700749229684,-0.5119189273203525,0.00845114760261577
hyperliquid,BNB,20250813,100,648,0.32024143222013646,-0.9858807841693485,-0.665639351949212
hyperliquid,BNB,20250813,250,647,0.3194645852191028,-0.9765033231350987,-0.6570387379159959
hyperliquid,BNB,20250813,500,611,0.3257816671945973,-0.9979158501641621,-0.6721341829695647
hyperliquid,BNB,20250813,1000,499,0.4231569307272212,-0.9741960103756472,-0.551039079648426
hyperliquid,BNB,20250813,2000,401,0.47876237259669896,-1.1064541536123127,-0.627691781015614
hyperliquid,BNB,20250813,5000,274,0.4478688342029854,-0.6956281630853697,-0.24775932888238447
hyperliquid,BNB,20250813,10000,202,0.43185373987228054,-0.3389824658694166,0.0928712740028638
hyperliquid,BNB,20250814,100,805,0.4140997904420485,-1.2358604353070684,-0.8217606448650198
hyperliquid,BNB,20250814,250,805,0.4140262152594909,-1.2346829321007546,-0.8206567168412637
hyperliquid,BNB,20250814,500,785,0.3950332377337226,-1.286468326118765,-0.8914350883850422
hyperliquid,BNB,20250814,1000,627,0.4907608609895319,-1.1882745135943944,-0.6975136526048623
hyperliquid,BNB,20250814,2000,544,0.5243422657396573,-1.026062775103756,-0.5017205093640987
hyperliquid,BNB,20250814,5000,368,0.4866839542240292,-1.1405223812369933,-0.6538384270129639
hyperliquid,BNB,20250814,10000,249,0.4597502122944149,-0.8602490634181287,-0.4004988511237139
hyperliquid,BNB,20250815,100,798,0.21725113035816007,-1.0936344217990368,-0.8763832914408768
hyperliquid,BNB,20250815,250,798,0.21725113035816007,-1.0936344217990368,-0.8763832914408768
hyperliquid,BNB,20250815,500,770,0.24436927133779718,-1.1937552212681801,-0.9493859499303827
hyperliquid,BNB,20250815,1000,622,0.30350687968407786,-1.3294091510684247,-1.0259022713843469
hyperliquid,BNB,20250815,2000,522,0.3953757828443099,-1.2687994002682637,-0.8734236174239538
hyperliquid,BNB,20250815,5000,376,0.4181125937664366,-1.0299648434160258,-0.6118522496495891
hyperliquid,BNB,20250815,10000,262,0.3780703289592541,-0.7740649375356947,-0.3959946085764406
hyperliquid,BNB,20250816,100,203,0.16483723363708536,-1.3667548854376326,-1.201917651800547
hyperliquid,BNB,20250816,250,203,0.16483723363708536,-1.3667548854376326,-1.201917651800547
hyperliquid,BNB,20250816,500,199,0.16844860492545494,-1.3842718173248139,-1.2158232123993586
hyperliquid,BNB,20250816,1000,163,0.17502765818328586,-1.412452046624651,-1.2374243884413652
hyperliquid,BNB,20250816,2000,144,0.19140595936954818,-1.3648654049615383,-1.1734594455919907
hyperliquid,BNB,20250816,5000,107,0.20590307761326773,-1.3236311996619587,-1.1177281220486912
hyperliquid,BNB,20250816,10000,91,0.17481117151963643,-1.0282356896503748,-0.8534245181307385
hyperliquid,BNB,20250817,100,265,0.2806457665910396,-0.7728075512592566,-0.492161784668217
hyperliquid,BNB,20250817,250,265,0.2806457665910396,-0.7728075512592566,-0.492161784668217
hyperliquid,BNB,20250817,500,262,0.27886463216861784,-0.7841916889791599,-0.5053270568105422
hyperliquid,BNB,20250817,1000,202,0.35866308737969826,-1.0157420771180188,-0.6570789897383206
hyperliquid,BNB,20250817,2000,167,0.4706975628676531,-0.6918012850703845,-0.22110372220273147
hyperliquid,BNB,20250817,5000,151,0.49199545563503433,-0.8554671896928145,-0.36347173405778027
hyperliquid,BNB,20250817,10000,118,0.39982075327586,-0.5160794735501983,-0.11625872027433842
hyperliquid,BNB,20250818,100,325,0.2797325930020375,-1.1036027206245769,-0.8238701276225392
hyperliquid,BNB,20250818,250,325,0.2797325930020375,-1.0917684722172334,-0.8120358792151956
hyperliquid,BNB,20250818,500,307,0.26301933189133564,-1.132486728666136,-0.8694673967748003
hyperliquid,BNB,20250818,1000,254,0.3032488925277289,-1.1173563364471972,-0.8141074439194683
hyperliquid,BNB,20250818,2000,197,0.3242437535540719,-0.9665233234348394,-0.6422795698807674
hyperliquid,BNB,20250818,5000,148,0.477973591135145,-1.100612233232204,-0.6226386420970591
hyperliquid,BNB,20250818,10000,118,0.4400485802267661,-0.546216743921517,-0.10616816369475095
hyperliquid,BNB,20250819,100,1214,0.15581495304798554,-1.344982244558906,-1.1891672915109204
hyperliquid,BNB,20250819,250,1213,0.15589375014893656,-1.3408273977885417,-1.1849336476396048
hyperliquid,BNB,20250819,500,1147,0.1648195142917978,-1.3426240903613207,-1.1778045760695228
hyperliquid,BNB,20250819,1000,907,0.25390506120501005,-1.5209348598482868,-1.2670297986432766
hyperliquid,BNB,20250819,2000,747,0.27687005558132854,-1.292586691432129,-1.0157166358508003
hyperliquid,BNB,20250819,5000,490,0.2846826533818282,-1.4683189059554393,-1.1836362525736113
hyperliquid,BNB,20250819,10000,370,0.33539127366012084,-1.083888942039947,-0.748497668379826
hyperliquid,BNB,20250820,100,570,0.29600291253169575,-0.8062921861385995,-0.5102892736069038
hyperliquid,BNB,20250820,250,569,0.29560921326344897,-0.8076587084164761,-0.5120494951530272
hyperliquid,BNB,20250820,500,529,0.3049565644027491,-0.5259761658824061,-0.22101960147965705
hyperliquid,BNB,20250820,1000,466,0.39876817502047746,-1.0232207277795928,-0.6244525527591154
hyperliquid,BNB,20250820,2000,354,0.43620962132893726,-0.6562329022369079,-0.22002328090797038
hyperliquid,BNB,20250820,5000,280,0.5217409710760714,-0.49145786689427495,0.03028310418179634
hyperliquid,BNB,20250820,10000,185,0.4490197147894555,-0.4944567751320826,-0.04543706034262713
hyperliquid,BTC,20250727,100,13183,0.05146201711300887,-0.23427094492520198,-0.18280892781219307
hyperliquid,BTC,20250727,250,13177,0.05147588708050006,-0.23519780363454618,-0.1837219165540461
hyperliquid,BTC,20250727,500,12760,0.053478392366990445,-0.23607373343968374,-0.1825953410726933
hyperliquid,BTC,20250727,1000,10131,0.0849658103206112,-0.23338186721846782,-0.14841605689785656
hyperliquid,BTC,20250727,2000,7959,0.0886578730283772,-0.20844000317811634,-0.11978213014973915
hyperliquid,BTC,20250727,5000,5908,0.09225386228591945,-0.16444969369153536,-0.07219583140561597
hyperliquid,BTC,20250727,10000,3943,0.10066785987931244,-0.11757491699172468,-0.016907057112412235
hyperliquid,BTC,20250728,100,24061,0.05269207870331464,-0.37036632841585804,-0.31767424971254343
hyperliquid,BTC,20250728,250,24026,0.052715887686877405,-0.3720877304076367,-0.31937184272075925
hyperliquid,BTC,20250728,500,23149,0.05837727906653926,-0.3922313284308827,-0.3338540493643434
hyperliquid,BTC,20250728,1000,18271,0.08597553925567193,-0.377385345219406,-0.29140980596373395
hyperliquid,BTC,20250728,2000,13587,0.09066906836535317,-0.3571385529306119,-0.2664694845652587
hyperliquid,BTC,20250728,5000,8692,0.09470004523775735,-0.2375038530217538,-0.14280380778399643
hyperliquid,BTC,20250728,10000,5925,0.0929147658266996,-0.09428377906663467,-0.001369013239935065
hyperliquid,BTC,20250729,100,22970,0.0705036606005939,-0.34205885237754224,-0.2715551917769483
hyperliquid,BTC,20250729,250,22951,0.07058409057373029,-0.3423259867715674,-0.2717418961978371
hyperliquid,BTC,20250729,500,21755,0.07745669551879689,-0.3465318681320168,-0.2690751726132199
hyperliquid,BTC,20250729,1000,17797,0.10333199856279213,-0.3859084984312811,-0.282576499868489
hyperliquid,BTC,20250729,2000,13455,0.11610618805892609,-0.352684363670458,-0.23657817561153194
hyperliquid,BTC,20250729,5000,8727,0.1199440401992976,-0.2942036359914588,-0.17425959579216124
hyperliquid,BTC,20250729,10000,6633,0.12850463990998492,-0.17838078636258536,-0.04987614645260045
hyperliquid,BTC,20250730,100,21992,0.07999974080685612,-0.3707760845291302,-0.290776343722274
hyperliquid,BTC,20250730,250,21988,0.08110410498411628,-0.3710287536675247,-0.28992464868340845
hyperliquid,BTC,20250730,500,20912,0.08663590908806898,-0.37138132723842526,-0.2847454181503563
hyperliquid,BTC,20250730,1000,17244,0.11483886206894504,-0.37996314756006483,-0.26512428549111977
hyperliquid,BTC,20250730,2000,12825,0.12201563359207045,-0.3997750212574729,-0.2777593876654024
hyperliquid,BTC,20250730,5000,8528,0.1309756997700643,-0.3323167106854923,-0.20134101091542803
hyperliquid,BTC,20250730,10000,5947,0.1319645337880658,-0.23135878786681913,-0.0993942540787533
hyperliquid,BTC,20250731,100,27374,0.0660604779278856,-0.42575634910085786,-0.3596958711729723
hyperliquid,BTC,20250731,250,27332,0.0660340370147233,-0.4258400151130199,-0.3598059780982965
hyperliquid,BTC,20250731,500,25826,0.07189371204211212,-0.4256979105344186,-0.35380419849230643
hyperliquid,BTC,20250731,1000,21878,0.10969482440801546,-0.4463937354010425,-0.3366989109930271
hyperliquid,BTC,20250731,2000,16207,0.11137522926660202,-0.38172094526874495,-0.27034571600214286
hyperliquid,BTC,20250731,5000,11138,0.11210094980929647,-0.34515154439119916,-0.23305059458190272
hyperliquid,BTC,20250731,10000,8423,0.12336638187086314,-0.22244740251205414,-0.09908102064119098
hyperliquid,BTC,20250801,100,33607,0.09129224916695232,-0.5031550731376062,-0.4118628239706539
hyperliquid,BTC,20250801,250,33473,0.0919814437127026,-0.5027085871007334,-0.4107271433880308
hyperliquid,BTC,20250801,500,31028,0.09698327801146196,-0.5052879680782659,-0.40830469006680403
hyperliquid,BTC,20250801,1000,25509,0.12977411831910382,-0.47702258528071984,-0.34724846696161604
hyperliquid,BTC,20250801,2000,17621,0.1399355864975954,-0.5303524934025827,-0.39041690690498726
hyperliquid,BTC,20250801,5000,10607,0.14252485639552032,-0.47376118806731504,-0.33123633167179467
hyperliquid,BTC,20250801,10000,7467,0.13048850678778254,-0.32178876567959613,-0.19130025889181357
hyperliquid,BTC,20250802,100,21714,0.06624222967833131,-0.3642147768200735,-0.29797254714174226
hyperliquid,BTC,20250802,250,21703,0.06628014687996217,-0.3662291042123565,-0.2999489573323943
hyperliquid,BTC,20250802,500,20860,0.06958435910178916,-0.3784522733290948,-0.30886791422730564
hyperliquid,BTC,20250802,1000,17080,0.09634750192745953,-0.35716095815666876,-0.2608134562292092
hyperliquid,BTC,20250802,2000,12969,0.10065246909071497,-0.37454014689441656,-0.2738876778037016
hyperliquid,BTC,20250802,5000,8097,0.09513435389206149,-0.35622291944785633,-0.26108856555579485
hyperliquid,BTC,20250802,10000,5932,0.09633988494032919,-0.11975658920860212,-0.023416704268272928
hyperliquid,BTC,20250803,100,20015,0.05487149706988695,-0.27776073666266393,-0.22288923959277693
hyperliquid,BTC,20250803,250,20020,0.05465124280502161,-0.27841073238656167,-0.22375948958154002
hyperliquid,BTC,20250803,500,19287,0.05923927235810944,-0.2780115179068509,-0.21877224554874147
hyperliquid,BTC,20250803,1000,16426,0.0858741934184363,-0.26464713465142375,-0.17877294123298743
hyperliquid,BTC,20250803,2000,12726,0.09001242053380344,-0.2555897719233538,-0.1655773513895504
hyperliquid,BTC,20250803,5000,8354,0.09369389018968097,-0.20070118518332744,-0.10700729499364646
hyperliquid,BTC,20250803,10000,6512,0.09731070732768776,-0.08768965573980227,0.0096210515878855
hyperliquid,BTC,20250804,100,21824,0.06080881253801515,-0.3242980161190345,-0.26348920358101935
hyperliquid,BTC,20250804,250,21757,0.060819570825358514,-0.32472721037296903,-0.2639076395476105
hyperliquid,BTC,20250804,500,20905,0.06715544277561271,-0.3313742181685039,-0.2642187753928912
hyperliquid,BTC,20250804,1000,16901,0.10074252119948554,-0.36016182461368584,-0.2594193034142003
hyperliquid,BTC,20250804,2000,12789,0.10919953718798962,-0.31532568701888136,-0.2061261498308917
hyperliquid,BTC,20250804,5000,8270,0.10961351588105801,-0.24341650666745068,-0.13380299078639268
hyperliquid,BTC,20250804,10000,6100,0.11218645759558002,-0.15024643895184084,-0.03805998135626079
hyperliquid,BTC,20250805,100,23212,0.06344231808110556,-0.37368640250334545,-0.31024408442223983
hyperliquid,BTC,20250805,250,23200,0.06387602962938081,-0.3730667771280759,-0.3091907474986951
hyperliquid,BTC,20250805,500,22137,0.06761865305016158,-0.3672796619949659,-0.29966100894480435
hyperliquid,BTC,20250805,1000,17494,0.10144337964223687,-0.3422674295865527,-0.24082404994431578
hyperliquid,BTC,20250805,2000,12695,0.10753535301298553,-0.3454916609589768,-0.23795630794599126
hyperliquid,BTC,20250805,5000,8348,0.10554038247604944,-0.3287325582331534,-0.22319217575710396
hyperliquid,BTC,20250805,10000,5727,0.11266100339280942,-0.1408487890189338,-0.02818778562612441
hyperliquid,BTC,20250806,100,19425,0.06610859360724908,-0.4546963733738846,-0.3885877797666356
hyperliquid,BTC,20250806,250,19380,0.06422684373803451,-0.45212291774961993,-0.38789607401158543
hyperliquid,BTC,20250806,500,18676,0.06862214183869647,-0.4495736281313584,-0.380951486292662
hyperliquid,BTC,20250806,1000,15061,0.10020635874332348,-0.45537371073528277,-0.35516735199195915
hyperliquid,BTC,20250806,2000,11122,0.10787988295086565,-0.4424446985797727,-0.33456481562890716
hyperliquid,BTC,20250806,5000,7058,0.10949429035013919,-0.3639345178416358,-0.25444022749149653
hyperliquid,BTC,20250806,10000,5242,0.11774125212216727,-0.22324640846722119,-0.10550515634505393
hyperliquid,BTC,20250807,100,18903,0.0634423263769176,-0.29292762369787556,-0.22948529732095796
hyperliquid,BTC,20250807,250,18890,0.06317756735813673,-0.29178411224412015,-0.22860654488598342
hyperliquid,BTC,20250807,500,18193,0.06459022562344337,-0.2974722938102301,-0.23288206818678678
hyperliquid,BTC,20250807,1000,14826,0.09964082285111814,-0.2949849266690644,-0.19534410381794626
hyperliquid,BTC,20250807,2000,10760,0.10227015034029426,-0.24864746273344943,-0.14637731239315518
hyperliquid,BTC,20250807,5000,6800,0.10671148375175807,-0.25000447686567506,-0.14329299311391697
hyperliquid,BTC,20250807,10000,5139,0.10035801867448876,-0.13895126679096745,-0.03859324811647872
hyperliquid,BTC,20250808,100,20342,0.051915674744530176,-0.2974253256267442,-0.2455096508822139
hyperliquid,BTC,20250808,250,20333,0.05230819708143826,-0.29766164349408963,-0.24535344641265136
hyperliquid,BTC,20250808,500,19403,0.055834962477542695,-0.29309087001815204,-0.23725590754060932
hyperliquid,BTC,20250808,1000,15672,0.08387629253402146,-0.3076770692932206,-0.22380077675919915
hyperliquid,BTC,20250808,2000,11976,0.0862892113425868,-0.2986369115061128,-0.212347700163526
hyperliquid,BTC,20250808,5000,8270,0.08788379233851422,-0.237819482010753,-0.14993568967223875
hyperliquid,BTC,20250808,10000,6056,0.08534812202109188,-0.109950844498338,-0.024602722477246118
hyperliquid,BTC,20250809,100,15515,0.05371625200131439,-0.2924112689484514,-0.23869501694713702
hyperliquid,BTC,20250809,250,15520,0.05380371878273062,-0.29247435684746886,-0.23867063806473823
hyperliquid,BTC,20250809,500,15231,0.05626771830691751,-0.29279628282106124,-0.23652856451414372
hyperliquid,BTC,20250809,1000,12615,0.08414715472779595,-0.28734529174552276,-0.2031981370177267
hyperliquid,BTC,20250809,2000,9472,0.08656951856063831,-0.269571389906348,-0.18300187134570967
hyperliquid,BTC,20250809,5000,6839,0.0912080724852459,-0.21995455172917805,-0.12874647924393212
hyperliquid,BTC,20250809,10000,4915,0.09303348396777748,-0.10432199477237887,-0.011288510804601377
hyperliquid,BTC,20250810,100,18038,0.06374969835958737,-0.37603551543734876,-0.3122858170777614
hyperliquid,BTC,20250810,250,18034,0.06375215812419946,-0.37645281665721314,-0.3127006585330137
hyperliquid,BTC,20250810,500,17397,0.06546506237107615,-0.37519340525038064,-0.3097283428793045
hyperliquid,BTC,20250810,1000,14307,0.09723020133259368,-0.3791607917828535,-0.28193059045025975
hyperliquid,BTC,20250810,2000,10054,0.10258118655079018,-0.3575296454491596,-0.2549484588983695
hyperliquid,BTC,20250810,5000,7077,0.11133120207651283,-0.2949025588744528,-0.18357135679794
hyperliquid,BTC,20250810,10000,4931,0.10971361641790692,-0.14295811237616737,-0.03324449595826045
hyperliquid,BTC,20250811,100,28551,0.07179956030389639,-0.3138360637891969,-0.24203650348530048
hyperliquid,BTC,20250811,250,28553,0.07216113933098782,-0.3122369684442132,-0.24007582911322542
hyperliquid,BTC,20250811,500,27444,0.07559221581087149,-0.3018967045797301,-0.22630448876885864
hyperliquid,BTC,20250811,1000,22469,0.13432473875427375,-0.3447966529865603,-0.2104719142322866
hyperliquid,BTC,20250811,2000,16211,0.14641191635364587,-0.3453547899084246,-0.19894287355477872
hyperliquid,BTC,20250811,5000,9780,0.12026172694569587,-0.3391219101490156,-0.21886018320331974
hyperliquid,BTC,20250811,10000,6912,0.12974784260826078,-0.1574719929568015,-0.02772415034854073
hyperliquid,BTC,20250812,100,23685,0.05464308155889086,-0.3537523235187156,-0.2991092419598248
hyperliquid,BTC,20250812,250,23684,0.054647152698240775,-0.3538697152118116,-0.2992225625135708
hyperliquid,BTC,20250812,500,22850,0.059843603422626575,-0.3639054010501427,-0.3040617976275161
hyperliquid,BTC,20250812,1000,18680,0.09222138052371796,-0.35815394428713165,-0.2659325637634137
hyperliquid,BTC,20250812,2000,13060,0.10171205867801557,-0.34906159963766137,-0.24734954095964573
hyperliquid,BTC,20250812,5000,8264,0.11246402826771097,-0.3286260613923698,-0.2161620331246588
hyperliquid,BTC,20250812,10000,5628,0.1044781246875418,-0.20608434411829002,-0.10160621943074821
hyperliquid,BTC,20250813,100,26968,0.05818513471625272,-0.3395458943296497,-0.28136075961339696
hyperliquid,BTC,20250813,250,26954,0.058265434528316784,-0.3383792089293836,-0.2801137744010669
hyperliquid,BTC,20250813,500,25930,0.06251947039009093,-0.34891223390101184,-0.2863927635109209
hyperliquid,BTC,20250813,1000,20982,0.09747460450152272,-0.37552550547755037,-0.2780509009760277
hyperliquid,BTC,20250813,2000,15113,0.10340077581372817,-0.3500770038236781,-0.24667622800994993
hyperliquid,BTC,20250813,5000,9629,0.10206782048784896,-0.27908056028743977,-0.17701273979959084
hyperliquid,BTC,20250813,10000,6583,0.11096447688072225,-0.22972126687749544,-0.11875678999677315
hyperliquid,BTC,20250814,100,33450,0.08383781572395442,-0.3429180345161063,-0.2590802187921519
hyperliquid,BTC,20250814,250,33420,0.08431315343839775,-0.34890747778578635,-0.2645943243473887
hyperliquid,BTC,20250814,500,31868,0.09056087270422546,-0.3699194932850879,-0.2793586205808624
hyperliquid,BTC,20250814,1000,26041,0.1337551870687406,-0.3559559884141704,-0.22220080134542977
hyperliquid,BTC,20250814,2000,18232,0.13390264821263217,-0.3702867492098133,-0.23638410099718118
hyperliquid,BTC,20250814,5000,11522,0.13896467520313618,-0.2411636442639047,-0.10219896906076852
hyperliquid,BTC,20250814,10000,7643,0.13478918847274562,-0.09498394181814132,0.03980524665460431
hyperliquid,BTC,20250815,100,22728,0.06398579369002078,-0.4153949191681756,-0.3514091254781549
hyperliquid,BTC,20250815,250,22709,0.06407885040574647,-0.4153347898793928,-0.3512559394736464
hyperliquid,BTC,20250815,500,21671,0.06694414703614561,-0.39878883474380894,-0.3318446877076633
hyperliquid,BTC,20250815,1000,17338,0.09405470650170482,-0.38860016839019706,-0.29454546188849223
hyperliquid,BTC,20250815,2000,12306,0.10181088455195962,-0.3569772829959772,-0.2551663984440176
hyperliquid,BTC,20250815,5000,7693,0.10328260115353076,-0.3856069688290832,-0.2823243676755523
hyperliquid,BTC,20250815,10000,5205,0.10896916243766802,-0.1597809473536406,-0.05081178491597259
hyperliquid,BTC,20250816,100,11411,0.0643437435811422,-0.2910410870584544,-0.2266973434773122
hyperliquid,BTC,20250816,250,11411,0.0643437435811422,-0.2910410870584544,-0.2266973434773122
hyperliquid,BTC,20250816,500,11133,0.06878592027394684,-0.28650705961227757,-0.21772113933833073
hyperliquid,BTC,20250816,1000,9217,0.09863938170312903,-0.2772089510639403,-0.17856956936081125
hyperliquid,BTC,20250816,2000,7199,0.1074300120643128,-0.25552618187540427,-0.14809616981109147
hyperliquid,BTC,20250816,5000,5304,0.10750033827343193,-0.18368773445097542,-0.07618739617754348
hyperliquid,BTC,20250816,10000,4045,0.11247820796859442,-0.10458086068297093,0.007897347285623493
hyperliquid,BTC,20250817,100,10986,0.05555438686621042,-0.30791996104627206,-0.2523655741800616
hyperliquid,BTC,20250817,250,10985,0.055497565730408274,-0.307813013109151,-0.2523154473787427
hyperliquid,BTC,20250817,500,10816,0.05611050015563464,-0.30582158369006096,-0.24971108353442628
hyperliquid,BTC,20250817,1000,8874,0.0824179412428466,-0.2895481465600353,-0.20713020531718873
hyperliquid,BTC,20250817,2000,6951,0.08936535839196243,-0.2666319617225917,-0.1772666033306292
hyperliquid,BTC,20250817,5000,4986,0.09315740754276504,-0.2078943149164132,-0.11473690737364813
hyperliquid,BTC,20250817,10000,3863,0.0951000937965412,-0.1202882445475502,-0.025188150751009022
hyperliquid,BTC,20250818,100,20515,0.061512641404648793,-0.4210634538500738,-0.359550812445425
hyperliquid,BTC,20250818,250,20510,0.06217472820590642,-0.42385169861546074,-0.36167697040955427
hyperliquid,BTC,20250818,500,19725,0.06704728367817545,-0.39944208895078603,-0.3323948052726106
hyperliquid,BTC,20250818,1000,16168,0.09770662160435961,-0.42328635101091205,-0.3255797294065525
hyperliquid,BTC,20250818,2000,11905,0.09977773721539311,-0.3766772810074609,-0.27689954379206777
hyperliquid,BTC,20250818,5000,7751,0.09465249004441136,-0.34073016115550087,-0.24607767111108944
hyperliquid,BTC,20250818,10000,5176,0.09809805788377275,-0.19154123361377814,-0.09344317573000539
hyperliquid,BTC,20250819,100,24133,0.06338902442743034,-0.45749884398869034,-0.39410981956126
hyperliquid,BTC,20250819,250,24112,0.06355611056040428,-0.4596290279944456,-0.39607291743404144
hyperliquid,BTC,20250819,500,22879,0.0704152362657447,-0.4722888773571603,-0.4018736410914156
hyperliquid,BTC,20250819,1000,18541,0.09625712165620101,-0.45143403045522146,-0.3551769087990205
hyperliquid,BTC,20250819,2000,13021,0.10462523388730526,-0.4058076478275151,-0.30118241394020984
hyperliquid,BTC,20250819,5000,8641,0.10215508975118416,-0.39567007716498437,-0.2935149874138002
hyperliquid,BTC,20250819,10000,6010,0.10350606382974083,-0.18965995573199945,-0.08615389190225863
hyperliquid,BTC,20250820,100,19119,0.05807927858081369,-0.3614155446563573,-0.30333626607554365
hyperliquid,BTC,20250820,250,19101,0.05838892092025422,-0.36402631180718414,-0.30563739088693
hyperliquid,BTC,20250820,500,18148,0.06399112784874665,-0.36743057439219556,-0.3034394465434489
hyperliquid,BTC,20250820,1000,15033,0.09294065639662287,-0.346721237283946,-0.2537805808873231
hyperliquid,BTC,20250820,2000,10844,0.09934269531521227,-0.31127413483195615,-0.2119314395167439
hyperliquid,BTC,20250820,5000,6838,0.09470481607395279,-0.2493040384374194,-0.15459922236346665
hyperliquid,BTC,20250820,10000,4944,0.09864260015917717,-0.08498683182322223,0.013655768335954924
hyperliquid,DOGE,20250727,100,1151,0.33412085750268755,-0.6134324811903977,-0.27931162368771023
hyperliquid,DOGE,20250727,250,1151,0.33412085750268755,-0.6136148241984936,-0.2794939666958062
hyperliquid,DOGE,20250727,500,1131,0.3425462955890588,-0.6702630551710512,-0.3277167595819923
hyperliquid,DOGE,20250727,1000,873,0.47417465902725314,-0.7857869894979123,-0.3116123304706593
hyperliquid,DOGE,20250727,2000,644,0.5097196918092822,-0.5469257268684663,-0.0372060350591841
hyperliquid,DOGE,20250727,5000,430,0.5211282037842349,-0.6772243963681912,-0.15609619258395643
hyperliquid,DOGE,20250727,10000,317,0.5868570063184391,-0.3518207758262012,0.23503623049223782
hyperliquid,DOGE,20250728,100,2235,0.40662544571382003,-0.17823218875216695,0.22839325696165308
hyperliquid,DOGE,20250728,250,2229,0.40431223743282396,-0.19982733875225422,0.2044848986805697
hyperliquid,DOGE,20250728,500,2143,0.4243757250360399,-0.329769600249605,0.09460612478643492
hyperliquid,DOGE,20250728,1000,1721,0.5418987462379274,-0.17182793711251737,0.3700708091254101
hyperliquid,DOGE,20250728,2000,1326,0.5776146291409494,-0.3318206370948049,0.2457939920461446
hyperliquid,DOGE,20250728,5000,864,0.5637067076290238,-0.5581495066909771,0.005557200938046689
hyperliquid,DOGE,20250728,10000,616,0.5169843800219658,-0.35447830914407247,0.16250607087789323
hyperliquid,DOGE,20250729,100,1677,0.46002447790899853,-0.5094207232856437,-0.04939624537664514
hyperliquid,DOGE,20250729,250,1674,0.46115772305905334,-0.5107929506472438,-0.049635227588190625
hyperliquid,DOGE,20250729,500,1587,0.4616715223760636,-0.4300010157837297,0.03167050659233403
hyperliquid,DOGE,20250729,1000,1219,0.6247043724380293,-0.4640768748319719,0.16062749760605732
hyperliquid,DOGE,20250729,2000,948,0.6378172017006092,-0.5312241272189351,0.1065930744816742
hyperliquid,DOGE,20250729,5000,587,0.652524507100107,-0.7190933842230628,-0.06656887712295582
hyperliquid,DOGE,20250729,10000,419,0.7188429385366242,-0.5693538053599506,0.14948913317667362
hyperliquid,DOGE,20250730,100,1363,0.6767591419629235,-0.800585576792061,-0.12382643482913766
hyperliquid,DOGE,20250730,250,1359,0.6733458570901233,-0.8020433235845753,-0.12869746649445207
hyperliquid,DOGE,20250730,500,1278,0.6928552734933124,-0.9517762138968733,-0.2589209404035609
hyperliquid,DOGE,20250730,1000,1000,0.7828828376267382,-1.2029255702624655,-0.4200427326357278
hyperliquid,DOGE,20250730,2000,752,0.7996813513947806,-0.7302637089730549,0.06941764242172585
hyperliquid,DOGE,20250730,5000,516,0.7225033719118404,-1.1916216706741496,-0.46911829876230904
hyperliquid,DOGE,20250730,10000,362,0.7633715871248747,-0.63981131356731,0.12356027355756484
hyperliquid,DOGE,20250731,100,1827,0.3798108176035047,-0.7242554608449316,-0.34444464324142676
hyperliquid,DOGE,20250731,250,1823,0.3801298668543008,-0.726873067341279,-0.3467432004869781
hyperliquid,DOGE,20250731,500,1756,0.392783630759029,-0.7068722640753251,-0.3140886333162962
hyperliquid,DOGE,20250731,1000,1358,0.4889131426804148,-0.8190340895460584,-0.33012094686564364
hyperliquid,DOGE,20250731,2000,1090,0.5261335762389007,-0.7545578544191937,-0.22842427818029304
hyperliquid,DOGE,20250731,5000,761,0.5396482958496309,-0.7874171568844017,-0.247768861034771
hyperliquid,DOGE,20250731,10000,563,0.5341241865121394,-0.6397484829962321,-0.10562429648409262
hyperliquid,DOGE,20250801,100,2421,0.5655495392587035,-1.4697744731568,-0.9042249338980964
hyperliquid,DOGE,20250801,250,2410,0.5627722373358826,-1.4301248251415006,-0.8673525878056182
hyperliquid,DOGE,20250801,500,2231,0.58165815925828,-1.3764461623543225,-0.7947880030960424
hyperliquid,DOGE,20250801,1000,1773,0.6920134618685333,-1.4172915913572017,-0.7252781294886685
hyperliquid,DOGE,20250801,2000,1429,0.752540602800577,-1.5978994458094762,-0.845358843008899
hyperliquid,DOGE,20250801,5000,915,0.6731075062667596,-1.2395637526125034,-0.5664562463457438
hyperliquid,DOGE,20250801,10000,596,0.7665267348853096,-1.3898884120136374,-0.623361677128328
hyperliquid,DOGE,20250802,100,987,0.47037862760559,-0.48892890706133907,-0.01855027945574912
hyperliquid,DOGE,20250802,250,982,0.46728863935199966,-0.47308795236144924,-0.005799313009449581
hyperliquid,DOGE,20250802,500,922,0.4924605640639601,-0.607367509664968,-0.1149069456010079
hyperliquid,DOGE,20250802,1000,731,0.6465900089901644,-0.4013079933764343,0.24528201561373006
hyperliquid,DOGE,20250802,2000,551,0.6691591144081371,-0.30913152671831573,0.3600275876898214
hyperliquid,DOGE,20250802,5000,396,0.6745448235737452,-1.1601031585543808,-0.48555833498063555
hyperliquid,DOGE,20250802,10000,274,0.7294961434981004,-0.40280985684303394,0.32668628665506644
hyperliquid,DOGE,20250803,100,579,0.34249476099466036,-0.31724587770742474,0.02524888328723572
hyperliquid,DOGE,20250803,250,578,0.34218846387338614,-0.3371199911419465,0.005068472731439692
hyperliquid,DOGE,20250803,500,563,0.377925026833695,-0.4257865998150551,-0.04786157298136012
hyperliquid,DOGE,20250803,1000,435,0.518039395219117,-0.6782676011335446,-0.16022820591442752
hyperliquid,DOGE,20250803,2000,344,0.5055771384250171,-0.45408435967667027,0.05149277874834674
hyperliquid,DOGE,20250803,5000,244,0.5531663549227592,-0.8620268853985936,-0.3088605304758344
hyperliquid,DOGE,20250803,10000,182,0.5109371629195562,-0.37499441065084854,0.13594275226870764
hyperliquid,DOGE,20250804,100,938,0.3640975472688126,-0.7709870740814456,-0.4068895268126331
hyperliquid,DOGE,20250804,250,936,0.3643510329860054,-0.7500908672588457,-0.3857398342728403
hyperliquid,DOGE,20250804,500,896,0.3857881752019356,-0.7523958749736234,-0.3666076997716877
hyperliquid,DOGE,20250804,1000,732,0.5173198588765572,-0.758760811633277,-0.24144095275671998
hyperliquid,DOGE,20250804,2000,590,0.5537518901382221,-0.7597826219109616,-0.20603073177273945
hyperliquid,DOGE,20250804,5000,433,0.5722825784321461,-0.6649668717461893,-0.09268429331404321
hyperliquid,DOGE,20250804,10000,319,0.5571647596587921,-0.37966994588826597,0.17749481377052626
hyperliquid,DOGE,20250805,100,839,0.3819498812360124,-0.9934848762262661,-0.6115349949902537
hyperliquid,DOGE,20250805,250,834,0.3815512685334594,-1.002548926225654,-0.6209976576921945
hyperliquid,DOGE,20250805,500,789,0.40374433462610543,-1.1325289483058043,-0.7287846136796988
hyperliquid,DOGE,20250805,1000,650,0.5223054104723959,-1.265491894886559,-0.7431864844141631
hyperliquid,DOGE,20250805,2000,521,0.5393037620314748,-1.1763695240366498,-0.637065762005175
hyperliquid,DOGE,20250805,5000,319,0.5792376382143957,-1.3445960982417027,-0.7653584600273068
hyperliquid,DOGE,20250805,10000,257,0.5234453079997827,-0.9177728021380703,-0.39432749413828766
hyperliquid,DOGE,20250806,100,652,0.4015428698738024,-1.289568117674854,-0.8880252478010516
hyperliquid,DOGE,20250806,250,652,0.4052972564957155,-1.2843018477016304,-0.8790045912059145
hyperliquid,DOGE,20250806,500,614,0.41199974563203545,-1.1295568349513019,-0.7175570893192665
hyperliquid,DOGE,20250806,1000,496,0.580355360998528,-1.557760889405621,-0.9774055284070929
hyperliquid,DOGE,20250806,2000,371,0.6026711715189984,-1.5998122823186973,-0.9971411107996985
hyperliquid,DOGE,20250806,5000,255,0.5493293247038997,-1.184544057226863,-0.6352147325229633
hyperliquid,DOGE,20250806,10000,200,0.5544214858671456,-1.0763013896554143,-0.5218799037882687
hyperliquid,DOGE,20250807,100,1097,0.35223472041006343,-1.225085872760583,-0.8728511523505195
hyperliquid,DOGE,20250807,250,1096,0.35255828351277735,-1.2264115704831955,-0.8738532869704181
hyperliquid,DOGE,20250807,500,1066,0.3713844866934164,-1.22418393424081,-0.8527994475473936
hyperliquid,DOGE,20250807,1000,862,0.523465529394806,-1.4359779256241776,-0.9125123962293719
hyperliquid,DOGE,20250807,2000,673,0.5546301588353625,-1.275916217312686,-0.7212860584773234
hyperliquid,DOGE,20250807,5000,491,0.5848398993094055,-1.181250938669734,-0.5964110393603288
hyperliquid,DOGE,20250807,10000,356,0.5901228934016136,-0.6160940174081893,-0.025971124006575565
hyperliquid,DOGE,20250808,100,1613,0.3751612591976393,-0.8908555152651328,-0.5156942560674936
hyperliquid,DOGE,20250808,250,1608,0.3732806981829146,-0.8980142725034297,-0.524733574320515
hyperliquid,DOGE,20250808,500,1545,0.39382570187274624,-0.7957626684631313,-0.401936966590385
hyperliquid,DOGE,20250808,1000,1267,0.5206962480187827,-0.9165941171395751,-0.39589786912079244
hyperliquid,DOGE,20250808,2000,933,0.5636122564824707,-1.10380327055072,-0.5401910140682492
hyperliquid,DOGE,20250808,5000,647,0.5772735527329673,-0.7625284952007128,-0.18525494246774543
hyperliquid,DOGE,20250808,10000,460,0.5337333814487363,-0.7098497337189825,-0.17611635227024627
hyperliquid,DOGE,20250809,100,3374,0.33874311735145946,-1.1037813873123696,-0.7650382699609103
hyperliquid,DOGE,20250809,250,3374,0.33886902929054374,-1.1037195499632628,-0.7648505206727189
hyperliquid,DOGE,20250809,500,3292,0.34099933008573646,-1.129240374348271,-0.7882410442625347
hyperliquid,DOGE,20250809,1000,2542,0.4717296873868972,-1.1970420142316063,-0.725312326844709
hyperliquid,DOGE,20250809,2000,1880,0.5225937811024134,-1.2263374878760274,-0.7037437067736138
hyperliquid,DOGE,20250809,5000,1241,0.5376863228893436,-1.0905220992798896,-0.5528357763905463
hyperliquid,DOGE,20250809,10000,882,0.5362676811905641,-0.6207843428107018,-0.08451666162013786
hyperliquid,DOGE,20250810,100,1365,0.3465794066078358,-0.5437218406672976,-0.19714243405946164
hyperliquid,DOGE,20250810,250,1365,0.34642228718592266,-0.542940401500561,-0.19651811431463836
hyperliquid,DOGE,20250810,500,1335,0.35176662971170636,-0.5848138412062915,-0.2330472114945852
hyperliquid,DOGE,20250810,1000,1062,0.4648365066406656,-0.5789554165510096,-0.11411890991034399
hyperliquid,DOGE,20250810,2000,820,0.5217765441404716,-0.7066912224584758,-0.18491467831800426
hyperliquid,DOGE,20250810,5000,588,0.5285014072815408,-0.5784292653657714,-0.04992785808423065
hyperliquid,DOGE,20250810,10000,382,0.5214849759209857,-0.6072820624590757,-0.08579708653808991
hyperliquid,DOGE,20250811,100,2139,0.3525815580817578,-1.3696189706418507,-1.0170374125600927
hyperliquid,DOGE,20250811,250,2139,0.351131030112316,-1.3571493090626694,-1.0060182789503538
hyperliquid,DOGE,20250811,500,2068,0.377502278280654,-1.338965286423958,-0.9614630081433043
hyperliquid,DOGE,20250811,1000,1619,0.49238112445409604,-1.2739408638955287,-0.7815597394414325
hyperliquid,DOGE,20250811,2000,1238,0.5761196045050703,-1.463679690665911,-0.8875600861608411
hyperliquid,DOGE,20250811,5000,833,0.5812990695988567,-1.2256661049096111,-0.6443670353107547
hyperliquid,DOGE,20250811,10000,554,0.5440499974504134,-1.2438329545078817,-0.6997829570574684
hyperliquid,DOGE,20250812,100,2092,0.33484696510233947,-1.1969951078657555,-0.8621481427634161
hyperliquid,DOGE,20250812,250,2092,0.33484696510233947,-1.1976115919346353,-0.8627646268322959
hyperliquid,DOGE,20250812,500,2014,0.35241712831098615,-1.286867734413562,-0.9344506061025759
hyperliquid,DOGE,20250812,1000,1660,0.4806721552890607,-1.3914361146615122,-0.9107639593724512
hyperliquid,DOGE,20250812,2000,1272,0.49813045265114375,-1.3164498853007884,-0.8183194326496449
hyperliquid,DOGE,20250812,5000,870,0.4913654682257739,-1.1196090722958405,-0.6282436040700666
hyperliquid,DOGE,20250812,10000,640,0.5125721855575798,-0.807700681970132,-0.2951284964125521
hyperliquid,DOGE,20250813,100,2600,0.3521509503423598,-0.6896843109837678,-0.3375333606414079
hyperliquid,DOGE,20250813,250,2600,0.3506355819851038,-0.6873957529442443,-0.3367601709591404
hyperliquid,DOGE,20250813,500,2470,0.37029500093651957,-0.6817885282469619,-0.31149352731044244
hyperliquid,DOGE,20250813,1000,1992,0.48275006252221353,-0.7252837029162778,-0.24253364039406408
hyperliquid,DOGE,20250813,2000,1508,0.5228559400695444,-0.6422193714374982,-0.11936343136795366
hyperliquid,DOGE,20250813,5000,1030,0.5061956857545038,-0.8087885840645,-0.3025928983099963
hyperliquid,DOGE,20250813,10000,678,0.5266009569880639,-0.734341579355715,-0.20774062236765115
hyperliquid,DOGE,20250814,100,2620,0.5427020649247632,-1.297932793846636,-0.7552307289218727
hyperliquid,DOGE,20250814,250,2617,0.5391784668785142,-1.2459318957784018,-0.7067534288998876
hyperliquid,DOGE,20250814,500,2492,0.5604162761358352,-1.2477871186683318,-0.6873708425324965
hyperliquid,DOGE,20250814,1000,2033,0.6468748444242877,-1.402410919986235,-0.7555360755619476
hyperliquid,DOGE,20250814,2000,1575,0.7047659268294394,-1.1631040734084892,-0.4583381465790497
hyperliquid,DOGE,20250814,5000,986,0.7342189126047509,-0.8967350330861931,-0.16251612048144215
hyperliquid,DOGE,20250814,10000,695,0.6777130820861702,-0.8278744795525631,-0.15016139746639295
hyperliquid,DOGE,20250815,100,1509,0.44642450264576466,-0.5474407460637336,-0.10101624341796892
hyperliquid,DOGE,20250815,250,1508,0.4462893078515155,-0.5424835170282478,-0.09619420917673233
hyperliquid,DOGE,20250815,500,1427,0.45255566935348435,-0.41963123031448485,0.032924439038999505
hyperliquid,DOGE,20250815,1000,1169,0.562583532463582,-0.5548026519918292,0.0077808804717528525
hyperliquid,DOGE,20250815,2000,884,0.6079563126344182,-0.5449676715566361,0.06298864107778215
hyperliquid,DOGE,20250815,5000,583,0.5945155703706064,-0.7338988905015272,-0.13938332013092078
hyperliquid,DOGE,20250815,10000,404,0.5659155817775376,-0.6523888031182828,-0.08647322134074518
hyperliquid,DOGE,20250816,100,797,0.371243052469293,-0.29715044460272405,0.07409260786656886
hyperliquid,DOGE,20250816,250,797,0.371243052469293,-0.29715044460272405,0.07409260786656886
hyperliquid,DOGE,20250816,500,765,0.3756637440567057,-0.25887732097800487,0.11678642307870092
hyperliquid,DOGE,20250816,1000,624,0.4536570103701895,-0.2856545719992039,0.1680024383709856
hyperliquid,DOGE,20250816,2000,478,0.5200541246869305,-0.3345258374565545,0.1855282872303761
hyperliquid,DOGE,20250816,5000,362,0.49698368849609964,-0.5935442770379507,-0.096560588541851
hyperliquid,DOGE,20250816,10000,237,0.47694231672242393,-0.4452177059251631,0.0317246107972608
hyperliquid,DOGE,20250817,100,991,0.34363382243843105,-0.28576243113258837,0.05787139130584277
hyperliquid,DOGE,20250817,250,991,0.3440711844938217,-0.28619993534865396,0.05787124914516775
hyperliquid,DOGE,20250817,500,961,0.35310512982007636,-0.31589622837188547,0.037208901448190786
hyperliquid,DOGE,20250817,1000,786,0.43605803045220326,-0.2915672746648384,0.14449075578736492
hyperliquid,DOGE,20250817,2000,627,0.4590875420490667,-0.5466551933054319,-0.08756765125636518
hyperliquid,DOGE,20250817,5000,445,0.47253736877818625,-0.4159636543907756,0.05657371438741064
hyperliquid,DOGE,20250817,10000,349,0.45108831377074776,-0.17360023354428517,0.2774880802264627
hyperliquid,DOGE,20250818,100,857,0.3942560807431344,-0.2663768732017683,0.1278792075413661
hyperliquid,DOGE,20250818,250,855,0.39574393560322,-0.2589197974563783,0.13682413814684158
hyperliquid,DOGE,20250818,500,828,0.4154998572672769,-0.3655658658976762,0.049933991369600694
hyperliquid,DOGE,20250818,1000,656,0.49155580500188206,-0.5753304400375653,-0.0837746350356831
hyperliquid,DOGE,20250818,2000,520,0.5591917186396718,-0.5627313563524899,-0.003539637712818319
hyperliquid,DOGE,20250818,5000,370,0.5248308973196262,-0.466566416821522,0.058264480498104024
hyperliquid,DOGE,20250818,10000,266,0.5083940094504514,-0.15301889090529605,0.3553751185451553
hyperliquid,DOGE,20250819,100,1056,0.3956208784424862,-0.9221310596186082,-0.5265101811761218
hyperliquid,DOGE,20250819,250,1053,0.3958588117113446,-0.8892170881931426,-0.4933582764817981
hyperliquid,DOGE,20250819,500,986,0.40868226630087373,-0.8886084930177244,-0.4799262267168507
hyperliquid,DOGE,20250819,1000,811,0.490129097880519,-1.002473610435851,-0.512344512555332
hyperliquid,DOGE,20250819,2000,603,0.539257555336773,-0.8429416075366786,-0.3036840521999055
hyperliquid,DOGE,20250819,5000,414,0.5283317286939846,-0.6783144342998563,-0.14998270560587157
hyperliquid,DOGE,20250819,10000,293,0.580402346789089,-0.6802089376684304,-0.09980659087934153
hyperliquid,DOGE,20250820,100,898,0.36089823750586636,-0.7718230067554973,-0.41092476924963095
hyperliquid,DOGE,20250820,250,896,0.3588313514976445,-0.7711021148000726,-0.4122707633024282
hyperliquid,DOGE,20250820,500,847,0.37608796212694595,-0.7410222383436457,-0.36493427621669966
hyperliquid,DOGE,20250820,1000,651,0.4866851443224682,-1.1035557935093574,-0.6168706491868892
hyperliquid,DOGE,20250820,2000,540,0.528647329135119,-1.210908672961258,-0.682261343826139
hyperliquid,DOGE,20250820,5000,368,0.5497433239195567,-1.1340922186211337,-0.5843488947015769
hyperliquid,DOGE,20250820,10000,296,0.5378995475102655,-0.8509483400715668,-0.31304879256130136
hyperliquid,ETH,20250727,100,5129,0.1681346036097781,-0.7827543789256749,-0.6146197753158971
hyperliquid,ETH,20250727,250,5128,0.1681422389330642,-0.782102150585851,-0.613959911652787
hyperliquid,ETH,20250727,500,4984,0.173207392096967,-0.8011836030813757,-0.6279762109844086
hyperliquid,ETH,20250727,1000,4196,0.22043354291612183,-0.7129266889890948,-0.4924931460729728
hyperliquid,ETH,20250727,2000,3206,0.22224275068982802,-0.6007524731606049,-0.37850972247077685
hyperliquid,ETH,20250727,5000,2065,0.2197946631059706,-0.5437156233392227,-0.3239209602332521
hyperliquid,ETH,20250727,10000,1552,0.2325587479902929,-0.3274843968624789,-0.09492564887218603
hyperliquid,ETH,20250728,100,11124,0.177418462866699,-0.4877563073881219,-0.31033784452142293
hyperliquid,ETH,20250728,250,11110,0.17708599530416616,-0.4872126258557206,-0.31012663055155454
hyperliquid,ETH,20250728,500,10613,0.18699585709141547,-0.4941358555990274,-0.30713999850761187
hyperliquid,ETH,20250728,1000,8990,0.23609710105482756,-0.544807129715625,-0.30871002866079744
hyperliquid,ETH,20250728,2000,6792,0.24021831397484095,-0.5653196112892244,-0.3251012973143833
hyperliquid,ETH,20250728,5000,4592,0.22975672339296815,-0.45320883018610875,-0.2234521067931406
hyperliquid,ETH,20250728,10000,3067,0.2210469485403794,-0.34599158982593087,-0.12494464128555141
hyperliquid,ETH,20250729,100,12907,0.23771516200931642,-0.5067860579065968,-0.26907089589728034
hyperliquid,ETH,20250729,250,12900,0.23782302957148618,-0.5059657942082666,-0.26814276463678044
hyperliquid,ETH,20250729,500,12366,0.24470833231992772,-0.528163816355937,-0.2834554840360093
hyperliquid,ETH,20250729,1000,9977,0.29889088417281845,-0.6039915693540235,-0.30510068518120514
hyperliquid,ETH,20250729,2000,7547,0.31528494482968555,-0.5759149136049221,-0.2606299687752365
hyperliquid,ETH,20250729,5000,4899,0.3220224869361808,-0.5589319348685706,-0.23690944793238983
hyperliquid,ETH,20250729,10000,3325,0.319693068830738,-0.38559121046988554,-0.0658981416391475
hyperliquid,ETH,20250730,100,9202,0.2708940406933884,-0.7926100946274224,-0.5217160539340339
hyperliquid,ETH,20250730,250,9184,0.27140003456761386,-0.7933723915530924,-0.5219723569854784
hyperliquid,ETH,20250730,500,8732,0.28114851949224673,-0.8149281092566177,-0.5337795897643709
hyperliquid,ETH,20250730,1000,7160,0.3270132653651226,-0.7959012749089055,-0.46888800954378307
hyperliquid,ETH,20250730,2000,5310,0.3214003630010097,-0.7651479930550233,-0.44374763005401374
hyperliquid,ETH,20250730,5000,3592,0.3389655345093269,-0.6739550001652268,-0.3349894656558999
hyperliquid,ETH,20250730,10000,2450,0.33802677182663193,-0.31251740060379946,0.02550937122283253
hyperliquid,ETH,20250731,100,12254,0.18979931053680196,-0.6452609180458946,-0.4554616075090925
hyperliquid,ETH,20250731,250,12241,0.19031423247854515,-0.6379939623012498,-0.4476797298227048
hyperliquid,ETH,20250731,500,11547,0.1978112563330057,-0.6325823355084247,-0.434771079175419
hyperliquid,ETH,20250731,1000,9851,0.242487743112886,-0.6516617651666522,-0.40917402205376624
hyperliquid,ETH,20250731,2000,7361,0.24968458525295564,-0.6444587206790269,-0.39477413542607115
hyperliquid,ETH,20250731,5000,5062,0.253417015343837,-0.5689367404873711,-0.31551972514353427
hyperliquid,ETH,20250731,10000,3305,0.24228387249569747,-0.27355370471882656,-0.03126983222312909
hyperliquid,ETH,20250801,100,15968,0.2408973404185305,-0.7864955306750945,-0.5455981902565639
hyperliquid,ETH,20250801,250,15886,0.24024348778169338,-0.7782135146941664,-0.5379700269124731
hyperliquid,ETH,20250801,500,14626,0.25075653829384514,-0.7538526486905727,-0.5030961103967274
hyperliquid,ETH,20250801,1000,11461,0.2909762022540326,-0.8277028492509072,-0.5367266469968746
hyperliquid,ETH,20250801,2000,8527,0.2915565422869669,-0.8450777373878147,-0.5535211951008476
hyperliquid,ETH,20250801,5000,5260,0.29468302650573286,-0.6918712771248972,-0.3971882506191644
hyperliquid,ETH,20250801,10000,3527,0.28783295405110354,-0.4370964516312957,-0.14926349758019217
hyperliquid,ETH,20250802,100,9079,0.22412957706830797,-0.6934740793698964,-0.46934450230158864
hyperliquid,ETH,20250802,250,9074,0.22436516601662257,-0.6934375259085096,-0.46907235989188695
hyperliquid,ETH,20250802,500,8476,0.22668064222326975,-0.68601415613818,-0.45933351391491034
hyperliquid,ETH,20250802,1000,6757,0.2624755464110863,-0.7655526462608145,-0.5030770998497283
hyperliquid,ETH,20250802,2000,4876,0.2656425447508633,-0.6046253079111253,-0.33898276316026205
hyperliquid,ETH,20250802,5000,3230,0.25858585913544097,-0.6075954263086696,-0.34900956717322856
hyperliquid,ETH,20250802,10000,2322,0.26324759762556926,-0.4709906853109783,-0.20774308768540908
hyperliquid,ETH,20250803,100,6404,0.20616511010930463,-0.43999426960463833,-0.2338291594953338
hyperliquid,ETH,20250803,250,6389,0.20639326658246865,-0.4384854861311373,-0.23209221954866857
hyperliquid,ETH,20250803,500,6095,0.2081559103023396,-0.40259590219633307,-0.19443999189399347
hyperliquid,ETH,20250803,1000,5115,0.24583232693730428,-0.4507970903571026,-0.20496476341979825
hyperliquid,ETH,20250803,2000,4015,0.23581770498268032,-0.3458113015054404,-0.10999359652276017
hyperliquid,ETH,20250803,5000,2618,0.22888532652834892,-0.433356286403946,-0.20447095987559705
hyperliquid,ETH,20250803,10000,1823,0.23321858856374975,-0.09608668884613152,0.13713189971761824
hyperliquid,ETH,20250804,100,8089,0.21452383306456704,-0.5772237303990875,-0.36269989733452035
hyperliquid,ETH,20250804,250,8070,0.21485501006341606,-0.5760367362121256,-0.3611817261487096
hyperliquid,ETH,20250804,500,7675,0.22070988438106384,-0.5441217391090452,-0.32341185472798134
hyperliquid,ETH,20250804,1000,6295,0.2501655870479667,-0.5845094288754725,-0.33434384182750587
hyperliquid,ETH,20250804,2000,4667,0.26305597845661705,-0.5562737490385178,-0.29321777058190074
hyperliquid,ETH,20250804,5000,3039,0.2576989902857101,-0.43475822777820733,-0.17705923749249736
hyperliquid,ETH,20250804,10000,2061,0.24799008575847495,-0.15910530525789582,0.0888847805005791
hyperliquid,ETH,20250805,100,9146,0.21830099023776306,-0.6077618937601831,-0.38946090352241985
hyperliquid,ETH,20250805,250,9107,0.2184310306297387,-0.6115172920648719,-0.39308626143513326
hyperliquid,ETH,20250805,500,8594,0.2187245575005277,-0.5816069891492602,-0.3628824316487325
hyperliquid,ETH,20250805,1000,6903,0.26429786379860354,-0.5574347129078246,-0.2931368491092211
hyperliquid,ETH,20250805,2000,5150,0.2654968702316657,-0.5429409465436091,-0.27744407631194345
hyperliquid,ETH,20250805,5000,3305,0.2686499329261307,-0.45073219314814145,-0.18208226022201074
hyperliquid,ETH,20250805,10000,2330,0.24190489346639096,-0.08148006440512565,0.16042482906126532
hyperliquid,ETH,20250806,100,9010,0.20193185334921893,-0.6192698595838805,-0.41733800623466155
hyperliquid,ETH,20250806,250,8996,0.20227359183909013,-0.6248672277870684,-0.4225936359479782
hyperliquid,ETH,20250806,500,8582,0.20244735146913231,-0.6193125955917332,-0.4168652441226008
hyperliquid,ETH,20250806,1000,7210,0.24515994847911812,-0.6886052178324884,-0.4434452693533704
hyperliquid,ETH,20250806,2000,5346,0.2443252580074729,-0.6562704677280128,-0.41194520972053994
hyperliquid,ETH,20250806,5000,3305,0.24041745662977143,-0.6304490638909359,-0.3900316072611645
hyperliquid,ETH,20250806,10000,2412,0.2441626708296617,-0.3899197630527429,-0.1457570922230812
hyperliquid,ETH,20250807,100,10616,0.19016152911236175,-0.5215386923717737,-0.33137716325941197
hyperliquid,ETH,20250807,250,10609,0.1901404006913287,-0.5237491278306136,-0.3336087271392848
hyperliquid,ETH,20250807,500,10179,0.19474451023846692,-0.5350416418350254,-0.34029713159655844
hyperliquid,ETH,20250807,1000,8330,0.2400321749616132,-0.5665394616033085,-0.32650728664169515
hyperliquid,ETH,20250807,2000,6320,0.24730524048235683,-0.5087892791708665,-0.26148403868850967
hyperliquid,ETH,20250807,5000,4153,0.24096574947761565,-0.38679909873829965,-0.14583334926068395
hyperliquid,ETH,20250807,10000,2834,0.2463744573124507,-0.21977586454535475,0.02659859276709597
hyperliquid,ETH,20250808,100,12825,0.1779253098931046,-0.43468737668485946,-0.2567620667917548
hyperliquid,ETH,20250808,250,12787,0.1773596969072498,-0.43261408092097176,-0.25525438401372197
hyperliquid,ETH,20250808,500,12257,0.18191621997233548,-0.4366025099958256,-0.25468629002349014
hyperliquid,ETH,20250808,1000,10069,0.22418844281541228,-0.5036235221554429,-0.27943507934003065
hyperliquid,ETH,20250808,2000,7492,0.224389618963967,-0.5131439318749812,-0.28875431291101417
hyperliquid,ETH,20250808,5000,4753,0.22692024842977485,-0.46802258269758074,-0.24110233426780603
hyperliquid,ETH,20250808,10000,3258,0.22284373079701641,-0.24821921493702584,-0.025375484140009452
hyperliquid,ETH,20250809,100,11841,0.1802553528004855,-0.623503273833369,-0.4432479210328834
hyperliquid,ETH,20250809,250,11832,0.17595685733947022,-0.6193061911876382,-0.443349333848168
hyperliquid,ETH,20250809,500,11507,0.18270516483183039,-0.6001069831178536,-0.4174018182860233
hyperliquid,ETH,20250809,1000,9407,0.2325246400254008,-0.5398285313623954,-0.3073038913369946
hyperliquid,ETH,20250809,2000,6997,0.23278173268550142,-0.5138622406374054,-0.281080507951904
hyperliquid,ETH,20250809,5000,4533,0.2138795825693011,-0.3695940390444031,-0.155714456475102
hyperliquid,ETH,20250809,10000,3166,0.2240006064957906,-0.27750655491949544,-0.05350594842370486
hyperliquid,ETH,20250810,100,9973,0.1714375058631412,-0.39853135345978763,-0.22709384759664641
hyperliquid,ETH,20250810,250,9970,0.17145314215809632,-0.39817289369234016,-0.22671975153424384
hyperliquid,ETH,20250810,500,9608,0.17113757986967715,-0.4229341572194931,-0.251796577349816
hyperliquid,ETH,20250810,1000,7630,0.20654166157130097,-0.432359261547462,-0.22581759997616102
hyperliquid,ETH,20250810,2000,5645,0.2163631096346937,-0.47018615523821966,-0.25382304560352587
hyperliquid,ETH,20250810,5000,3719,0.20857299370563834,-0.3991998360945447,-0.19062684238890631
hyperliquid,ETH,20250810,10000,2674,0.21468052579620922,-0.290163771002611,-0.0754832452064017
hyperliquid,ETH,20250811,100,13105,0.18517538743916045,-0.3613219401838708,-0.1761465527447104
hyperliquid,ETH,20250811,250,13085,0.18506447794661934,-0.355202772960888,-0.1701382950142687
hyperliquid,ETH,20250811,500,12365,0.19434036623706633,-0.3731996817569778,-0.17885931551991144
hyperliquid,ETH,20250811,1000,9761,0.2382924712507716,-0.4202274358935212,-0.18193496464274955
hyperliquid,ETH,20250811,2000,6906,0.23929159049961687,-0.46604401731139994,-0.22675242681178306
hyperliquid,ETH,20250811,5000,4510,0.23826567688168204,-0.3290174538062455,-0.09075177692456347
hyperliquid,ETH,20250811,10000,3126,0.22508569931545364,-0.17595659671856223,0.049129102596891454
hyperliquid,ETH,20250812,100,14479,0.1820118627955309,-0.4812874938030268,-0.299275631007496
hyperliquid,ETH,20250812,250,14481,0.18216512096119805,-0.4816929154475233,-0.29952779448632527
hyperliquid,ETH,20250812,500,13829,0.18823413648915915,-0.5120120763729548,-0.3237779398837955
hyperliquid,ETH,20250812,1000,10859,0.23480645583632329,-0.5562261598904148,-0.32141970405409154
hyperliquid,ETH,20250812,2000,7875,0.23503480643383642,-0.5236138205227664,-0.28857901408893
hyperliquid,ETH,20250812,5000,4752,0.22736014528651557,-0.5708123828585208,-0.3434522375720052
hyperliquid,ETH,20250812,10000,3203,0.22614789192880433,-0.16266568320663474,0.06348220872216956
hyperliquid,ETH,20250813,100,14043,0.16359051760466953,-0.4664029702592168,-0.30281245265454726
hyperliquid,ETH,20250813,250,14042,0.16460997474173134,-0.4672371392377351,-0.30262716449600374
hyperliquid,ETH,20250813,500,13288,0.17028378162795624,-0.5296321371861821,-0.35934835555822575
hyperliquid,ETH,20250813,1000,10471,0.2168032368419847,-0.5024694899745252,-0.28566625313254057
hyperliquid,ETH,20250813,2000,7540,0.22027118090903747,-0.46646272968898417,-0.24619154877994667
hyperliquid,ETH,20250813,5000,4663,0.2186823503661268,-0.40351993634843975,-0.18483758598231292
hyperliquid,ETH,20250813,10000,3217,0.21875734493811863,-0.3230981988495666,-0.10434085391144796
hyperliquid,ETH,20250814,100,18260,0.27507217160543823,-0.6005808005047703,-0.32550862889933196
hyperliquid,ETH,20250814,250,18232,0.27331399513632776,-0.5758818455256787,-0.3025678503893509
hyperliquid,ETH,20250814,500,17234,0.2720267802847184,-0.6335229481144982,-0.3614961678297798
hyperliquid,ETH,20250814,1000,13482,0.31440371081383284,-0.7586947130262035,-0.44429100221237067
hyperliquid,ETH,20250814,2000,9437,0.307313835462614,-0.5802163807203709,-0.27290254525775687
hyperliquid,ETH,20250814,5000,5711,0.3254241117745407,-0.5615126001447872,-0.23608848837024637
hyperliquid,ETH,20250814,10000,3710,0.2835931452366323,-0.3064759747658169,-0.022882829529184575
hyperliquid,ETH,20250815,100,15278,0.18790366276285086,-0.5772658577490054,-0.38936219498615454
hyperliquid,ETH,20250815,250,15261,0.1877190389881902,-0.5742520865420334,-0.3865330475538433
hyperliquid,ETH,20250815,500,14366,0.18886759206584197,-0.5860923455472357,-0.3972247534813937
hyperliquid,ETH,20250815,1000,11426,0.22894937971603918,-0.5256120123123506,-0.29666263259631137
hyperliquid,ETH,20250815,2000,7955,0.22980271765503008,-0.5785543905040818,-0.34875167284905173
hyperliquid,ETH,20250815,5000,4835,0.2196955969100626,-0.38998628922131595,-0.17029069231125327
hyperliquid,ETH,20250815,10000,3225,0.2275815577898303,-0.22594524555481904,0.001636312235011238
hyperliquid,ETH,20250816,100,7523,0.17035357481391405,-0.4913458008707537,-0.3209922260568396
hyperliquid,ETH,20250816,250,7523,0.17041393248293496,-0.49137602724258594,-0.320962094759651
hyperliquid,ETH,20250816,500,7325,0.1739496521367483,-0.44445924561505734,-0.27050959347830905
hyperliquid,ETH,20250816,1000,6377,0.19685883675825472,-0.5222448038354722,-0.3253859670772175
hyperliquid,ETH,20250816,2000,4770,0.19603560096865366,-0.46401408042991915,-0.2679784794612655
hyperliquid,ETH,20250816,5000,2864,0.19314197724406815,-0.38882975225023864,-0.19568777500617043
hyperliquid,ETH,20250816,10000,2319,0.20563695068610524,-0.10381137460130345,0.10182557608480178
hyperliquid,ETH,20250817,100,7685,0.16980250813242884,-0.4735123464903233,-0.30370983835789445
hyperliquid,ETH,20250817,250,7668,0.17000527330787435,-0.46744190703985716,-0.29743663373198276
hyperliquid,ETH,20250817,500,7358,0.17006391913412763,-0.49354479835685083,-0.3234808792227231
hyperliquid,ETH,20250817,1000,6161,0.2133321593929996,-0.4867393115886311,-0.2734071521956315
hyperliquid,ETH,20250817,2000,4677,0.21316001769334653,-0.4260898691373737,-0.21292985144402712
hyperliquid,ETH,20250817,5000,3016,0.2111280302887803,-0.312230410992611,-0.10110238070383074
hyperliquid,ETH,20250817,10000,2229,0.19149994790525898,-0.22406563951565048,-0.03256569161039154
hyperliquid,ETH,20250818,100,13656,0.22086698559057832,-0.4473947906031993,-0.2265278050126209
hyperliquid,ETH,20250818,250,13627,0.22093947176314666,-0.44036298420158243,-0.21942351243843586
hyperliquid,ETH,20250818,500,12755,0.22503780475936294,-0.409387637158252,-0.18434983239888902
hyperliquid,ETH,20250818,1000,9981,0.2610549937417414,-0.5389835521521977,-0.2779285584104564
hyperliquid,ETH,20250818,2000,6886,0.2458333664282195,-0.49994145522332767,-0.25410808879510816
hyperliquid,ETH,20250818,5000,4251,0.24678222169214648,-0.3624484801469133,-0.11566625845476679
hyperliquid,ETH,20250818,10000,2729,0.24543679771066956,-0.09891292003322345,0.1465238776774461
hyperliquid,ETH,20250819,100,13056,0.19472326098757411,-0.48452179143552143,-0.28979853044794734
hyperliquid,ETH,20250819,250,13024,0.19494194471822002,-0.4862966650917698,-0.29135472037354965
hyperliquid,ETH,20250819,500,12263,0.19795615793436744,-0.518038967548444,-0.32008280961407665
hyperliquid,ETH,20250819,1000,9667,0.24926894319857318,-0.5044129729118307,-0.25514402971325756
hyperliquid,ETH,20250819,2000,6666,0.25111075013795314,-0.47602474636599923,-0.22491399622804611
hyperliquid,ETH,20250819,5000,3977,0.23929777350298512,-0.2932019410480294,-0.053904167545044346
hyperliquid,ETH,20250819,10000,2763,0.24519411431566243,-0.18123052065190992,0.06396359366375247
hyperliquid,ETH,20250820,100,14545,0.18835269451920805,-0.4530529889323956,-0.2647002944131875
hyperliquid,ETH,20250820,250,14505,0.18871801934660976,-0.45014978135806316,-0.2614317620114534
hyperliquid,ETH,20250820,500,13563,0.19449843050942703,-0.4250924538840408,-0.2305940233746139
hyperliquid,ETH,20250820,1000,10837,0.24838291452579603,-0.45765984945060006,-0.20927693492480406
hyperliquid,ETH,20250820,2000,7720,0.2538867685487934,-0.42809056233420023,-0.1742037937854069
hyperliquid,ETH,20250820,5000,4708,0.26298548146905953,-0.32002970615923704,-0.057044224690177524
hyperliquid,ETH,20250820,10000,3194,0.2672497091631218,-0.21898544358648755,0.0482642655766342
hyperliquid,HYPE,20250727,100,5874,0.37898871112711197,-0.6425010103563936,-0.2635122992292817
hyperliquid,HYPE,20250727,250,5871,0.3792766070882931,-0.6417006952966129,-0.26242408820831986
hyperliquid,HYPE,20250727,500,5753,0.3825373515310829,-0.610441163925812,-0.22790381239472912
hyperliquid,HYPE,20250727,1000,4589,0.46709354965822236,-0.7711342393266517,-0.3040406896684294
hyperliquid,HYPE,20250727,2000,3609,0.4849463467189922,-0.6878728332501485,-0.20292648653115627
hyperliquid,HYPE,20250727,5000,2481,0.5095332000294497,-0.7123927904728009,-0.20285959044335128
hyperliquid,HYPE,20250727,10000,1757,0.4962904356060965,-0.6214293593273713,-0.1251389237212748
hyperliquid,HYPE,20250728,100,15800,0.41098982921632626,-0.6868885506163098,-0.2758987213999835
hyperliquid,HYPE,20250728,250,15786,0.41037265310848314,-0.6855120495949387,-0.27513939648645575
hyperliquid,HYPE,20250728,500,15042,0.4130175230126963,-0.7060498497409495,-0.2930323267282532
hyperliquid,HYPE,20250728,1000,11890,0.4998808445658386,-0.9560279196475558,-0.45614707508171737
hyperliquid,HYPE,20250728,2000,8930,0.4944603912299614,-0.9870694113099152,-0.49260902007995383
hyperliquid,HYPE,20250728,5000,5565,0.5173055795740592,-0.7906189982601518,-0.27331341868609266
hyperliquid,HYPE,20250728,10000,3729,0.4703868082224182,-0.48987301343341527,-0.01948620521099702
hyperliquid,HYPE,20250729,100,14772,0.53580906365418,-0.963884895454136,-0.42807583179995584
hyperliquid,HYPE,20250729,250,14759,0.5356789782879633,-0.9636661615448731,-0.42798718325690993
hyperliquid,HYPE,20250729,500,14160,0.5360232219447006,-0.9623911550006914,-0.42636793305599086
hyperliquid,HYPE,20250729,1000,11273,0.6022259267712053,-1.260140952642178,-0.6579150258709726
hyperliquid,HYPE,20250729,2000,8374,0.5741252362050774,-1.1294966072330626,-0.5553713710279851
hyperliquid,HYPE,20250729,5000,5145,0.6024171309341849,-0.9957428833805416,-0.3933257524463566
hyperliquid,HYPE,20250729,10000,3456,0.5880513037417834,-0.6712723995872422,-0.08322109584545889
hyperliquid,HYPE,20250730,100,11286,0.42246415787666497,-0.8583659917402208,-0.43590183386355574
hyperliquid,HYPE,20250730,250,11269,0.42193444713642186,-0.8624239352431509,-0.4404894881067289
hyperliquid,HYPE,20250730,500,10759,0.43460554338256085,-0.883769693481908,-0.4491641500993473
hyperliquid,HYPE,20250730,1000,8668,0.512858324191146,-1.0068160327589672,-0.49395770856782123
hyperliquid,HYPE,20250730,2000,6537,0.5103603143053745,-0.9757515543459926,-0.46539124004061816
hyperliquid,HYPE,20250730,5000,4200,0.5583452577374156,-0.9235515135604779,-0.36520625582306243
hyperliquid,HYPE,20250730,10000,2830,0.6029526319187117,-0.7686043497187006,-0.16565171779998905
hyperliquid,HYPE,20250731,100,13543,0.32667079413694294,-0.9324162841471669,-0.6057454900102239
hyperliquid,HYPE,20250731,250,13536,0.32642931683259985,-0.9316196798872224,-0.6051903630546225
hyperliquid,HYPE,20250731,500,12853,0.33261774506878383,-0.9459352062946773,-0.6133174612258936
hyperliquid,HYPE,20250731,1000,10303,0.41553538338392204,-1.0514070093684211,-0.6358716259844989
hyperliquid,HYPE,20250731,2000,7784,0.4362009145986703,-1.1027209148337243,-0.6665200002350538
hyperliquid,HYPE,20250731,5000,5162,0.4362681222688666,-0.9459866738730784,-0.5097185516042119
hyperliquid,HYPE,20250731,10000,3552,0.44611598924940726,-0.6673225207499937,-0.22120653150058642
hyperliquid,HYPE,20250801,100,17442,0.46429943301322013,-1.043252069958487,-0.5789526369452669
hyperliquid,HYPE,20250801,250,17376,0.46252983845754897,-1.0350351904731954,-0.5725053520156465
hyperliquid,HYPE,20250801,500,16157,0.46390711378099786,-1.0365704272940823,-0.5726633135130845
hyperliquid,HYPE,20250801,1000,12930,0.536673204065098,-1.1361874715512321,-0.599514267486134
hyperliquid,HYPE,20250801,2000,9614,0.5482962814234776,-1.1389323240520906,-0.5906360426286131
hyperliquid,HYPE,20250801,5000,5629,0.570453426104569,-1.049049033315717,-0.4785956072111481
hyperliquid,HYPE,20250801,10000,3729,0.565392159309201,-0.7773004753124381,-0.21190831600323717
hyperliquid,HYPE,20250802,100,10184,0.3593429629481131,-1.0074053062253971,-0.6480623432772841
hyperliquid,HYPE,20250802,250,10177,0.3581691722680446,-1.0087879316951514,-0.6506187594271068
hyperliquid,HYPE,20250802,500,9690,0.3635627503693418,-1.0132214594315763,-0.6496587090622344
hyperliquid,HYPE,20250802,1000,7550,0.4313369767517477,-1.0193236745713534,-0.5879866978196059
hyperliquid,HYPE,20250802,2000,5626,0.46289386526761034,-1.133712352119772,-0.6708184868521617
hyperliquid,HYPE,20250802,5000,3698,0.46523837298923093,-1.0550799448845607,-0.5898415718953296
hyperliquid,HYPE,20250802,10000,2526,0.47297156392476003,-0.714952426900422,-0.24198086297566207
hyperliquid,HYPE,20250803,100,9283,0.33652136621076134,-0.9273749586086723,-0.5908535923979107
hyperliquid,HYPE,20250803,250,9281,0.3360686824501349,-0.9258120297843087,-0.5897433473341738
hyperliquid,HYPE,20250803,500,8926,0.3427663465466956,-0.9540914264931499,-0.6113250799464544
hyperliquid,HYPE,20250803,1000,6950,0.4201359875565995,-1.1142394864007938,-0.6941034988441944
hyperliquid,HYPE,20250803,2000,5317,0.44117821483826763,-1.0232363004433414,-0.5820580856050739
hyperliquid,HYPE,20250803,5000,3541,0.4526737932584763,-0.9021015054419461,-0.44942771218346983
hyperliquid,HYPE,20250803,10000,2365,0.4317281109633716,-0.7217891047018945,-0.29006099373852284
hyperliquid,HYPE,20250804,100,8907,0.3756613789308424,-0.8805141414688854,-0.504852762538043
hyperliquid,HYPE,20250804,250,8896,0.37553941458736656,-0.8800634813054043,-0.504524066718038
hyperliquid,HYPE,20250804,500,8522,0.3835245109886227,-0.8844918854794243,-0.5009673744908015
hyperliquid,HYPE,20250804,1000,6949,0.47739568601236776,-0.8967421585533258,-0.4193464725409582
hyperliquid,HYPE,20250804,2000,5227,0.50035981719706,-1.0426145828358335,-0.5422547656387735
hyperliquid,HYPE,20250804,5000,3374,0.4889108185677801,-0.9833259443596073,-0.4944151257918273
hyperliquid,HYPE,20250804,10000,2404,0.5006968356013352,-0.7833671964336401,-0.28267036083230485
hyperliquid,HYPE,20250805,100,12485,0.432991582547805,-0.8272213976900277,-0.39422981514222244
hyperliquid,HYPE,20250805,250,12474,0.4327828795282677,-0.8259620292406051,-0.3931791497123373
hyperliquid,HYPE,20250805,500,11983,0.44181409826630796,-0.8541804743153363,-0.41236637604902826
hyperliquid,HYPE,20250805,1000,9695,0.5321327086799836,-1.0214769474835543,-0.4893442388035708
hyperliquid,HYPE,20250805,2000,7306,0.5518529778573755,-1.1463007501464768,-0.5944477722891014
hyperliquid,HYPE,20250805,5000,4428,0.5631536096751532,-1.0749091606679653,-0.5117555509928121
hyperliquid,HYPE,20250805,10000,2868,0.5609372208300747,-0.8142343606590581,-0.25329713982898344
hyperliquid,HYPE,20250806,100,9472,0.33434913957215423,-0.7346549717389647,-0.4003058321668105
hyperliquid,HYPE,20250806,250,9469,0.3346543090610942,-0.7381879973771582,-0.4035336883160638
hyperliquid,HYPE,20250806,500,9190,0.34399644914192323,-0.7542197128025705,-0.41022326366064726
hyperliquid,HYPE,20250806,1000,7346,0.4447125621623012,-0.8061543647343208,-0.3614418025720196
hyperliquid,HYPE,20250806,2000,5704,0.46436797723340545,-0.8151419780074824,-0.35077400077407694
hyperliquid,HYPE,20250806,5000,3818,0.48682551467981766,-0.7315543471863916,-0.2447288325065738
hyperliquid,HYPE,20250806,10000,2681,0.4823306784894025,-0.5003971425521363,-0.018066464062733885
hyperliquid,HYPE,20250807,100,9967,0.3087603051440566,-0.7911280761096591,-0.4823677709656023
hyperliquid,HYPE,20250807,250,9969,0.3091157018180134,-0.7917153429402918,-0.4825996411222784
hyperliquid,HYPE,20250807,500,9623,0.3155673874535575,-0.7966353145555524,-0.48106792710199475
hyperliquid,HYPE,20250807,1000,7660,0.40248445359652346,-0.8663532260008943,-0.46386877240437085
hyperliquid,HYPE,20250807,2000,5909,0.4234706630482176,-0.8340962035769225,-0.41062554052870476
hyperliquid,HYPE,20250807,5000,3852,0.4547816051383253,-0.837356691246463,-0.3825750861081379
hyperliquid,HYPE,20250807,10000,2712,0.44773699618068774,-0.7116452794149063,-0.26390828323421844
hyperliquid,HYPE,20250808,100,10840,0.27967411440073414,-1.0005911781881194,-0.7209170637873848
hyperliquid,HYPE,20250808,250,10833,0.2796868729804664,-0.9965601679025465,-0.7168732949220801
hyperliquid,HYPE,20250808,500,10441,0.2873960757601654,-1.001520102166237,-0.7141240264060715
hyperliquid,HYPE,20250808,1000,8506,0.38381571992884167,-1.1543030462006634,-0.7704873262718218
hyperliquid,HYPE,20250808,2000,6727,0.3875528277823663,-1.122857839411711,-0.7353050116293448
hyperliquid,HYPE,20250808,5000,4428,0.394850092594653,-1.0395008286972935,-0.6446507361026407
hyperliquid,HYPE,20250808,10000,3065,0.4033246170526321,-0.6766176977186,-0.2732930806659679
hyperliquid,HYPE,20250809,100,12252,0.3167796136105234,-0.7714756986363583,-0.45469608502583486
hyperliquid,HYPE,20250809,250,12252,0.31672249576630157,-0.7713484139648441,-0.45462591819854253
hyperliquid,HYPE,20250809,500,11948,0.32436718150254773,-0.797907953526351,-0.47354077202380335
hyperliquid,HYPE,20250809,1000,9501,0.4209219232148704,-0.9396193983035176,-0.5186974750886473
hyperliquid,HYPE,20250809,2000,7470,0.4399199776824026,-0.9431243543624076,-0.503204376680005
hyperliquid,HYPE,20250809,5000,5101,0.44921932465495995,-0.9191533819792678,-0.4699340573243079
hyperliquid,HYPE,20250809,10000,3432,0.4629477713326505,-0.6237097024954362,-0.1607619311627856
hyperliquid,HYPE,20250810,100,9606,0.2481141664907214,-1.0227752630945408,-0.7746610966038195
hyperliquid,HYPE,20250810,250,9607,0.2482036556831122,-1.0231646586539669,-0.7749610029708545
hyperliquid,HYPE,20250810,500,9363,0.25878349132587336,-1.036341122082339,-0.7775576307564657
hyperliquid,HYPE,20250810,1000,7484,0.35552331624201056,-1.1359690197944154,-0.780445703552405
hyperliquid,HYPE,20250810,2000,5904,0.39398031187276916,-1.1153527779870411,-0.7213724661142722
hyperliquid,HYPE,20250810,5000,4081,0.4041298190192587,-0.8972650628976179,-0.49313524387835916
hyperliquid,HYPE,20250810,10000,2956,0.4000814318706252,-0.6734017825986869,-0.27332035072806155
hyperliquid,HYPE,20250811,100,13839,0.29923034386694464,-0.7068371742657992,-0.40760683039885454
hyperliquid,HYPE,20250811,250,13835,0.29933088402266056,-0.7074490238111281,-0.40811813978846756
hyperliquid,HYPE,20250811,500,13327,0.3090088732002356,-0.7292253612159947,-0.4202164880157591
hyperliquid,HYPE,20250811,1000,10821,0.3987926476555226,-0.9641461280324342,-0.5653534803769115
hyperliquid,HYPE,20250811,2000,8461,0.4247127684592651,-0.97832752728934,-0.5536147588300748
hyperliquid,HYPE,20250811,5000,5514,0.44571441576890714,-0.8563245549595531,-0.410610139190646
hyperliquid,HYPE,20250811,10000,3758,0.44337919125626074,-0.5969300284787007,-0.15355083722244
hyperliquid,HYPE,20250812,100,11644,0.3415438645600876,-0.9064141938001407,-0.564870329240053
hyperliquid,HYPE,20250812,250,11644,0.3415543419726707,-0.9062266600776536,-0.5646723181049828
hyperliquid,HYPE,20250812,500,11243,0.34605532211930584,-0.9132873919544677,-0.5672320698351618
hyperliquid,HYPE,20250812,1000,9156,0.4235882004360647,-1.1159751573523973,-0.6923869569163327
hyperliquid,HYPE,20250812,2000,7104,0.4502436822638342,-1.0255604276422952,-0.5753167453784609
hyperliquid,HYPE,20250812,5000,4746,0.44363222709133426,-0.9196041621145427,-0.4759719350232084
hyperliquid,HYPE,20250812,10000,3228,0.450333279303119,-0.644363908244401,-0.19403062894128212
hyperliquid,HYPE,20250813,100,15157,0.39329247490384744,-0.9362146637982649,-0.5429221888944175
hyperliquid,HYPE,20250813,250,15156,0.39311779189594603,-0.9333570426074022,-0.5402392507114561
hyperliquid,HYPE,20250813,500,14589,0.40050761557278214,-0.9381080642778113,-0.5376004487050292
hyperliquid,HYPE,20250813,1000,11825,0.4736500154152567,-1.1199953518147103,-0.6463453363994536
hyperliquid,HYPE,20250813,2000,9204,0.47683377171360974,-1.0545654540047182,-0.5777316822911086
hyperliquid,HYPE,20250813,5000,5979,0.4788530094776035,-1.048500213648357,-0.5696472041707538
hyperliquid,HYPE,20250813,10000,4000,0.4688558132887846,-0.8076087508217837,-0.338752937532999
hyperliquid,HYPE,20250814,100,16542,0.7234522632618481,-1.1221014352975756,-0.3986491720357275
hyperliquid,HYPE,20250814,250,16533,0.7220362697269227,-1.1149895841793624,-0.3929533144524398
hyperliquid,HYPE,20250814,500,15846,0.70352915427468,-1.1425467595165664,-0.43901760524188643
hyperliquid,HYPE,20250814,1000,13061,0.7981314007667702,-1.268675147178282,-0.4705437464115116
hyperliquid,HYPE,20250814,2000,10207,0.7719235550785197,-1.1384804093990983,-0.36655685432057866
hyperliquid,HYPE,20250814,5000,6310,0.7518605417059138,-0.9581984922634706,-0.206337950557557
hyperliquid,HYPE,20250814,10000,4127,0.7050309533027443,-0.9475955865932166,-0.24256463329047223
hyperliquid,HYPE,20250815,100,15841,0.4500334729774468,-0.9139995236207636,-0.46396605064331686
hyperliquid,HYPE,20250815,250,15833,0.44934224391666083,-0.9128290686969089,-0.4634868247802484
hyperliquid,HYPE,20250815,500,15323,0.45322407347920995,-0.9195048470467851,-0.4662807735675751
hyperliquid,HYPE,20250815,1000,12605,0.5270358743417694,-1.132923638750608,-0.6058877644088388
hyperliquid,HYPE,20250815,2000,9708,0.5283853366358334,-1.103584418553929,-0.5751990819180957
hyperliquid,HYPE,20250815,5000,5957,0.5382029341212589,-1.0377955777132923,-0.4995926435920339
hyperliquid,HYPE,20250815,10000,3979,0.5529739951135811,-0.8218978369325824,-0.2689238418190013
hyperliquid,HYPE,20250816,100,6839,0.2500764791927305,-0.9631325635322097,-0.7130560843394793
hyperliquid,HYPE,20250816,250,6839,0.25001404262119326,-0.9631949821104987,-0.7131809394893055
hyperliquid,HYPE,20250816,500,6704,0.25489728380054816,-0.9727386688052722,-0.717841385004724
hyperliquid,HYPE,20250816,1000,5463,0.34366673489473587,-1.1354777838368784,-0.7918110489421426
hyperliquid,HYPE,20250816,2000,4413,0.38506586140176013,-1.1274768940835815,-0.7424110326818215
hyperliquid,HYPE,20250816,5000,3167,0.3992629993842469,-1.0305963517924543,-0.6313333524082073
hyperliquid,HYPE,20250816,10000,2360,0.39343013576513836,-0.5834369835980611,-0.1900068478329228
hyperliquid,HYPE,20250817,100,7544,0.2836181874398536,-0.8784515214918004,-0.5948333340519467
hyperliquid,HYPE,20250817,250,7543,0.2837114877853687,-0.8766852378792699,-0.5929737500939012
hyperliquid,HYPE,20250817,500,7388,0.28772313342569394,-0.8906581427303647,-0.6029350093046707
hyperliquid,HYPE,20250817,1000,6158,0.35507096150386047,-1.0318363511320499,-0.6767653896281893
hyperliquid,HYPE,20250817,2000,4980,0.3970548390375143,-1.0265922398146088,-0.6295374007770945
hyperliquid,HYPE,20250817,5000,3554,0.41059736158827853,-0.9579328806910177,-0.547335519102739
hyperliquid,HYPE,20250817,10000,2654,0.42029999190758605,-0.5573012523795882,-0.1370012604720021
hyperliquid,HYPE,20250818,100,11459,0.3486266622877564,-0.887251968562416,-0.5386253062746597
hyperliquid,HYPE,20250818,250,11456,0.3484175499533207,-0.8891958920933155,-0.540778342139995
hyperliquid,HYPE,20250818,500,11003,0.3583255841665131,-0.9250541598211927,-0.5667285756546795
hyperliquid,HYPE,20250818,1000,9333,0.4416378960084527,-0.9983737995641685,-0.5567359035557159
hyperliquid,HYPE,20250818,2000,7460,0.46124562825295873,-1.0306985540552553,-0.5694529258022968
hyperliquid,HYPE,20250818,5000,4967,0.4732577382995127,-1.0102453657552388,-0.5369876274557261
hyperliquid,HYPE,20250818,10000,3320,0.4709753137014624,-0.708306118729876,-0.2373308050284137
hyperliquid,HYPE,20250819,100,12058,0.4346661667801051,-0.9718328252659051,-0.5371666584858
hyperliquid,HYPE,20250819,250,12060,0.4342468498800118,-0.9765836897234198,-0.5423368398434081
hyperliquid,HYPE,20250819,500,11596,0.4402182169747433,-0.9703717373118124,-0.5301535203370692
hyperliquid,HYPE,20250819,1000,9750,0.5169647507107257,-1.163939308734385,-0.6469745580236592
hyperliquid,HYPE,20250819,2000,7831,0.5306908189619247,-1.0658671876468082,-0.5351763686848836
hyperliquid,HYPE,20250819,5000,4871,0.5474895738992528,-1.0320446264079013,-0.48455505250864833
hyperliquid,HYPE,20250819,10000,3389,0.5308419052038216,-0.892600064280966,-0.3617581590771444
hyperliquid,HYPE,20250820,100,10617,0.3898246018682828,-0.8354782985146737,-0.4456536966463911
hyperliquid,HYPE,20250820,250,10603,0.389238986387091,-0.8386150270912305,-0.44937604070413933
hyperliquid,HYPE,20250820,500,10124,0.3928374929773047,-0.9014330568816519,-0.5085955639043471
hyperliquid,HYPE,20250820,1000,8538,0.485333376165782,-1.0467942371366,-0.5614608609708182
hyperliquid,HYPE,20250820,2000,6803,0.5053200928956689,-1.079259857145819,-0.5739397642501501
hyperliquid,HYPE,20250820,5000,4414,0.5072214943572758,-1.036965203736228,-0.5297437093789523
hyperliquid,HYPE,20250820,10000,2958,0.5038057289094792,-0.7941583394101914,-0.2903526105007124
hyperliquid,INJ,20250727,100,90,1.1863678918172709,-1.156392554950966,0.02997533686630462
hyperliquid,INJ,20250727,250,90,1.1863678918172709,-1.156392554950966,0.02997533686630462
hyperliquid,INJ,20250727,500,91,1.1805743142160294,-1.208887751443569,-0.02831343722753998
hyperliquid,INJ,20250727,1000,74,1.3223233900000324,-1.6009639209807354,-0.27864053098070285
hyperliquid,INJ,20250727,2000,68,1.440011712975779,-1.9493067817234446,-0.5092950687476657
hyperliquid,INJ,20250727,5000,49,1.108603483564638,-1.3019808843168934,-0.19337740075225526
hyperliquid,INJ,20250727,10000,35,1.2412845990404784,-0.9296927512647861,0.31159184777569227
hyperliquid,INJ,20250728,100,252,1.490863398770358,-1.5786778832531223,-0.08781448448276453
hyperliquid,INJ,20250728,250,251,1.4900898125815267,-1.6064499357877398,-0.11636012320621332
hyperliquid,INJ,20250728,500,247,1.4907113714492444,-1.5105378600007595,-0.019826488551515174
hyperliquid,INJ,20250728,1000,206,1.557250248214194,-1.8612015827989283,-0.30395133458473444
hyperliquid,INJ,20250728,2000,184,1.6244915553747898,-2.4241275664855793,-0.7996360111107894
hyperliquid,INJ,20250728,5000,113,1.41432523459345,-1.411158043902968,0.003167190690482417
hyperliquid,INJ,20250728,10000,105,1.5242238656895017,-2.014178112516528,-0.4899542468270259
hyperliquid,INJ,20250729,100,197,1.8534163350354498,-0.8839854070574842,0.9694309279779662
hyperliquid,INJ,20250729,250,197,1.8677536941807116,-0.8982798210139817,0.9694738731667302
hyperliquid,INJ,20250729,500,183,1.967202291110067,-0.6231489312186624,1.3440533598914046
hyperliquid,INJ,20250729,1000,165,1.9713119973618876,-0.9500258121090178,1.0212861852528696
hyperliquid,INJ,20250729,2000,141,1.996081184090593,-0.8936619389844057,1.1024192451061876
hyperliquid,INJ,20250729,5000,125,1.7615833356386177,-1.4781810478036677,0.2834022878349502
hyperliquid,INJ,20250729,10000,102,2.165121362860771,-0.9148944029799987,1.2502269598807718
hyperliquid,INJ,20250730,100,171,2.244231685491604,-1.8138230560075095,0.4304086294840947
hyperliquid,INJ,20250730,250,170,2.2336921265521936,-1.7942768847472965,0.4394152418048972
hyperliquid,INJ,20250730,500,149,2.1774550934206274,-1.6422074176480475,0.53524767577258
hyperliquid,INJ,20250730,1000,128,1.7432823836007052,-1.7900370492160786,-0.046754665615373364
hyperliquid,INJ,20250730,2000,119,2.097808861726271,-1.8453418257986138,0.2524670359276576
hyperliquid,INJ,20250730,5000,86,1.914976102930121,-3.2947539998248305,-1.3797778968947096
hyperliquid,INJ,20250730,10000,79,2.290361065827892,-1.1852437966890335,1.1051172691388584
hyperliquid,INJ,20250731,100,146,1.4777149679847617,-3.052090314294835,-1.574375346310074
hyperliquid,INJ,20250731,250,146,1.4777149679847617,-3.052090314294835,-1.574375346310074
hyperliquid,INJ,20250731,500,140,1.4115290592600567,-2.989927991128064,-1.5783989318680074
hyperliquid,INJ,20250731,1000,115,1.4934586607480953,-2.1590007739732635,-0.6655421132251685
hyperliquid,INJ,20250731,2000,99,1.4014016408525691,-3.4241653133323506,-2.0227636724797824
hyperliquid,INJ,20250731,5000,72,1.3209373261208608,-1.765115447496053,-0.44417812137519225
hyperliquid,INJ,20250731,10000,68,1.399895716035479,-2.562718107831939,-1.1628223917964604
hyperliquid,INJ,20250801,100,251,1.6921180833258818,-4.605706592071944,-2.9135885087460625
hyperliquid,INJ,20250801,250,250,1.681719843474722,-4.554142650810666,-2.872422807335943
hyperliquid,INJ,20250801,500,240,1.737667774452953,-4.926573947511218,-3.1889061730582657
hyperliquid,INJ,20250801,1000,203,1.7777645693864104,-4.391506276420399,-2.6137417070339892
hyperliquid,INJ,20250801,2000,186,1.9006779991407785,-2.676255618099937,-0.7755776189591581
hyperliquid,INJ,20250801,5000,122,1.656912750879923,-2.4830291164973697,-0.8261163656174471
hyperliquid,INJ,20250801,10000,95,1.6244366344506633,-2.412836629702055,-0.7883999952513909
hyperliquid,INJ,20250802,100,80,1.7656457639990197,-1.0195890593482946,0.7460567046507252
hyperliquid,INJ,20250802,250,80,1.7656457639990197,-1.0195890593482946,0.7460567046507252
hyperliquid,INJ,20250802,500,77,1.8911238982371597,-1.653217574075294,0.2379063241618658
hyperliquid,INJ,20250802,1000,80,1.8921276535811313,-1.3805289826835967,0.5115986708975347
hyperliquid,INJ,20250802,2000,72,1.5382647565958911,-1.482812324466875,0.05545243212901598
hyperliquid,INJ,20250802,5000,56,1.9500046525112587,-1.7377969446240893,0.21220770788716964
hyperliquid,INJ,20250802,10000,42,1.4954153922013715,-0.7941133292426084,0.701302062958763
hyperliquid,INJ,20250803,100,65,1.40987115041435,-1.4925525047116104,-0.08268135429725984
hyperliquid,INJ,20250803,250,63,1.3222115119531246,-1.3687171528247355,-0.04650564087161082
hyperliquid,INJ,20250803,500,61,1.3378837943064534,-1.1611898725194914,0.17669392178696186
hyperliquid,INJ,20250803,1000,40,1.544795105095043,-1.1439918089129755,0.40080329618206784
hyperliquid,INJ,20250803,2000,41,1.5492267163615374,-1.9727896958263298,-0.4235629794647919
hyperliquid,INJ,20250803,5000,32,1.347285287489111,-2.8994405091101854,-1.552155221621074
hyperliquid,INJ,20250803,10000,29,1.3923286537310675,-1.1610895864191535,0.23123906731191463
hyperliquid,INJ,20250804,100,131,1.6804677618225272,-2.2672644165425644,-0.5867966547200366
hyperliquid,INJ,20250804,250,131,1.6804677618225272,-2.2785462754544508,-0.5980785136319233
hyperliquid,INJ,20250804,500,122,1.6948110473197011,-2.5392149356149645,-0.8444038882952634
hyperliquid,INJ,20250804,1000,100,1.1100882980500353,-1.489528483824782,-0.3794401857747469
hyperliquid,INJ,20250804,2000,92,1.0415238722216205,-2.7645986360823516,-1.7230747638607307
hyperliquid,INJ,20250804,5000,82,1.8702437220302903,-3.5020406428782684,-1.631796920847978
hyperliquid,INJ,20250804,10000,62,1.24664639982837,-1.0604834857437633,0.1861629140846068
hyperliquid,INJ,20250805,100,104,1.777266338267007,-0.7545932582596836,1.0226730800073234
hyperliquid,INJ,20250805,250,103,1.7800436628255316,-0.468746215602451,1.311297447223081
hyperliquid,INJ,20250805,500,103,1.869961482049889,-0.9106202630594911,0.9593412189903979
hyperliquid,INJ,20250805,1000,90,2.0470466949216553,-1.2829719958198587,0.7640746991017968
hyperliquid,INJ,20250805,2000,74,2.0644176053482455,0.09811068211217712,2.1625282874604226
hyperliquid,INJ,20250805,5000,52,1.634158538795542,0.7354170148836352,2.369575553679177
hyperliquid,INJ,20250805,10000,52,2.186888475722168,-0.9003102372714837,1.2865782384506848
hyperliquid,INJ,20250806,100,104,1.7101764787244353,-1.19434123289975,0.5158352458246852
hyperliquid,INJ,20250806,250,104,1.7101764787244353,-1.19434123289975,0.5158352458246852
hyperliquid,INJ,20250806,500,105,1.7278038299904692,-1.1164440255206163,0.611359804469853
hyperliquid,INJ,20250806,1000,89,1.8302524074924764,-1.9596762580310632,-0.12942385053858635
hyperliquid,INJ,20250806,2000,79,1.608518956207593,-1.6609895013058946,-0.052470545098301645
hyperliquid,INJ,20250806,5000,63,1.7866511372138196,-1.6853745225326529,0.10127661468116694
hyperliquid,INJ,20250806,10000,46,1.5158898646495844,-2.8003902853672495,-1.2845004207176653
hyperliquid,INJ,20250807,100,109,1.6692237432686239,-1.0666757666002993,0.6025479766683247
hyperliquid,INJ,20250807,250,109,1.6692237432686239,-1.0666757666002993,0.6025479766683247
hyperliquid,INJ,20250807,500,105,1.6152125105644866,-1.3138125269651442,0.30139998359934267
hyperliquid,INJ,20250807,1000,95,1.5400602056206976,-0.7084091962298703,0.8316510093908273
hyperliquid,INJ,20250807,2000,84,1.5448405589585514,-0.6234777728577106,0.9213627861008411
hyperliquid,INJ,20250807,5000,61,1.4578594880346047,-0.9723638630021421,0.4854956250324623
hyperliquid,INJ,20250807,10000,65,1.5336836069382294,-1.8350646693593342,-0.30138106242110463
hyperliquid,INJ,20250808,100,111,1.471398115416107,0.007538053570458673,1.4789361689865657
hyperliquid,INJ,20250808,250,109,1.4244627047378846,0.06447487581202764,1.4889375805499117
hyperliquid,INJ,20250808,500,108,1.408170201098407,-0.18869956994858947,1.2194706311498174
hyperliquid,INJ,20250808,1000,82,1.446307930922306,-0.8653279687428818,0.580979962179424
hyperliquid,INJ,20250808,2000,69,1.3215504876169002,-0.14543175324595034,1.1761187343709498
hyperliquid,INJ,20250808,5000,65,1.5807521669338809,-1.0548522348314382,0.5258999321024426
hyperliquid,INJ,20250808,10000,48,1.319084895147503,-1.3875080884760937,-0.06842319332859088
hyperliquid,INJ,20250809,100,86,1.5175863434972947,-0.6539205885733571,0.8636657549239376
hyperliquid,INJ,20250809,250,86,1.5175863434972947,-0.6539205885733571,0.8636657549239376
hyperliquid,INJ,20250809,500,84,1.5168490663804146,-0.7069969112337924,0.8098521551466227
hyperliquid,INJ,20250809,1000,74,1.716489996842372,-1.2473865356527112,0.4691034611896608
hyperliquid,INJ,20250809,2000,67,1.8496672862816204,-0.5701825315433668,1.2794847547382537
hyperliquid,INJ,20250809,5000,44,2.230448859042925,0.11264881487523253,2.343097673918157
hyperliquid,INJ,20250809,10000,41,1.6190381647907384,-0.2214335865336207,1.3976045782571176
hyperliquid,INJ,20250810,100,108,1.5925581777803623,-0.4411174940862559,1.1514406836941065
hyperliquid,INJ,20250810,250,108,1.5925581777803623,-0.4411174940862559,1.1514406836941065
hyperliquid,INJ,20250810,500,104,1.5639952094791492,-0.4474153338497141,1.116579875629435
hyperliquid,INJ,20250810,1000,98,1.4239339387432068,-0.6970299887742647,0.7269039499689423
hyperliquid,INJ,20250810,2000,82,1.5524936809394054,-0.8455969121208835,0.7068967688185218
hyperliquid,INJ,20250810,5000,71,1.5162425904707713,-1.387255540561918,0.12898704990885304
hyperliquid,INJ,20250810,10000,62,1.661866772473051,-0.7508580803802124,0.911008692092839
hyperliquid,INJ,20250811,100,141,1.426031914345192,-1.4619943737243113,-0.035962459379118475
hyperliquid,INJ,20250811,250,141,1.426031914345192,-1.4739906500801279,-0.04795873573493523
hyperliquid,INJ,20250811,500,136,1.4340824029533736,-1.5225786506837045,-0.08849624773033091
hyperliquid,INJ,20250811,1000,109,1.4364176673345084,-1.1072789137767078,0.3291387535578007
hyperliquid,INJ,20250811,2000,106,1.4885544534722068,-0.9669595069694176,0.5215949465027891
hyperliquid,INJ,20250811,5000,68,1.5330886038077411,-1.268048097720895,0.26504050608684615
hyperliquid,INJ,20250811,10000,58,1.7668409586708462,-0.34608501394358493,1.420755944727261
hyperliquid,INJ,20250812,100,141,1.226121420251159,-1.1764494724215548,0.04967194782960407
hyperliquid,INJ,20250812,250,142,1.2247983251111165,-1.2169083686422995,0.007889956468817122
hyperliquid,INJ,20250812,500,127,1.2547200626744675,-1.4207140693601734,-0.16599400668570585
hyperliquid,INJ,20250812,1000,122,1.3718088393682342,-1.0223620934612856,0.3494467459069482
hyperliquid,INJ,20250812,2000,102,1.4554047967448613,-1.8382435299257212,-0.3828387331808596
hyperliquid,INJ,20250812,5000,72,1.385435216452661,-1.1928220891920789,0.1926131272605825
hyperliquid,INJ,20250812,10000,56,1.262233401798761,-1.1713884669496446,0.09084493484911625
hyperliquid,INJ,20250813,100,224,1.4677718567393425,-0.8590908767661333,0.6086809799732091
hyperliquid,INJ,20250813,250,224,1.4677718567393425,-0.8590908767661333,0.6086809799732091
hyperliquid,INJ,20250813,500,217,1.5537678518282168,-1.0614754469170373,0.49229240491117926
hyperliquid,INJ,20250813,1000,189,1.6451802915398481,-1.6724086236761802,-0.027228332136332335
hyperliquid,INJ,20250813,2000,195,1.638806182596154,-1.9553274745225662,-0.3165212919264122
hyperliquid,INJ,20250813,5000,148,1.6410733095665755,-2.08870545714661,-0.44763214758003467
hyperliquid,INJ,20250813,10000,98,1.5532617043168175,-1.4333103079972898,0.11995139631952766
hyperliquid,INJ,20250814,100,387,1.6417748986105964,-1.4426741085042218,0.19910079010637446
hyperliquid,INJ,20250814,250,387,1.6417748986105964,-1.4426741085042218,0.19910079010637446
hyperliquid,INJ,20250814,500,377,1.6168103437673742,-1.4235679947740332,0.19324234899334097
hyperliquid,INJ,20250814,1000,330,1.719540765582005,-1.7958998117267166,-0.076359046144712
hyperliquid,INJ,20250814,2000,294,1.7412394832917315,-1.461490489471993,0.27974899381973867
hyperliquid,INJ,20250814,5000,237,1.732518224144163,-1.2187902236196642,0.5137280005244992
hyperliquid,INJ,20250814,10000,178,1.8050209876911971,-1.6157831508297003,0.18923783686149692
hyperliquid,INJ,20250815,100,112,1.544044599169491,-3.779666847347113,-2.235622248177621
hyperliquid,INJ,20250815,250,113,1.5424519070178355,-3.743200613330703,-2.200748706312867
hyperliquid,INJ,20250815,500,105,1.535718420090507,-3.363841848897126,-1.828123428806619
hyperliquid,INJ,20250815,1000,97,1.5988657907309398,-1.7255572433518478,-0.1266914526209082
hyperliquid,INJ,20250815,2000,78,1.9027053224837076,-1.8012119917863723,0.1014933306973354
hyperliquid,INJ,20250815,5000,72,1.5960612950676223,-0.3918266873394514,1.204234607728171
hyperliquid,INJ,20250815,10000,61,1.5778846828691018,-0.6100104181330259,0.9678742647360762
hyperliquid,INJ,20250816,100,65,1.4380819956451518,-2.4279029815595794,-0.9898209859144275
hyperliquid,INJ,20250816,250,65,1.4380819956451518,-2.4279029815595794,-0.9898209859144275
hyperliquid,INJ,20250816,500,65,1.427371954471727,-2.4222566235403944,-0.9948846690686673
hyperliquid,INJ,20250816,1000,57,1.4903866694201149,-2.133591515522636,-0.643204846102521
hyperliquid,INJ,20250816,2000,55,1.4148069618016712,-2.1770321546871183,-0.7622251928854474
hyperliquid,INJ,20250816,5000,39,1.5413608631567908,-2.233267234710573,-0.6919063715537823
hyperliquid,INJ,20250816,10000,39,1.240022054554862,-0.8798328899254085,0.36018916462945305
hyperliquid,INJ,20250817,100,100,1.7142798312395482,1.0137428228015568,2.728022654041105
hyperliquid,INJ,20250817,250,100,1.7142798312395482,1.0137428228015568,2.728022654041105
hyperliquid,INJ,20250817,500,97,1.7033712115724222,0.9406202693057272,2.6439914808781504
hyperliquid,INJ,20250817,1000,91,1.5805241336388918,-0.34217682985035663,1.238347303788535
hyperliquid,INJ,20250817,2000,86,1.7969234586138876,-0.41589487076924436,1.3810285878446436
hyperliquid,INJ,20250817,5000,55,1.8089794492186435,-0.309189474415126,1.499789974803517
hyperliquid,INJ,20250817,10000,52,1.5983002819593979,-0.6593304187986124,0.9389698631607856
hyperliquid,INJ,20250818,100,185,1.8692494057904718,-0.7310673075881657,1.1381820982023059
hyperliquid,INJ,20250818,250,185,1.8692494057904718,-0.7310673075881657,1.1381820982023059
hyperliquid,INJ,20250818,500,184,1.8377664412917731,-0.8493941863522538,0.988372254939519
hyperliquid,INJ,20250818,1000,166,2.044595957730416,-1.3032768532503143,0.7413191044801015
hyperliquid,INJ,20250818,2000,147,1.8489057159137496,-1.7797390273111002,0.06916668860264916
hyperliquid,INJ,20250818,5000,117,1.8840020226213938,-1.179873819416077,0.7041282032053169
hyperliquid,INJ,20250818,10000,94,1.5559827447447592,-0.9350617010872677,0.6209210436574915
hyperliquid,INJ,20250819,100,176,1.5695018900028577,-1.6306997005973005,-0.061197810594442646
hyperliquid,INJ,20250819,250,176,1.5695018900028577,-1.6306997005973005,-0.061197810594442646
hyperliquid,INJ,20250819,500,167,1.5910163745345949,-1.4338165932393736,0.15719978129522127
hyperliquid,INJ,20250819,1000,150,1.6703136657699518,-1.4840708621024856,0.18624280366746632
hyperliquid,INJ,20250819,2000,138,1.4186017792378243,-1.3594185809001949,0.05918319833762932
hyperliquid,INJ,20250819,5000,109,1.6435059274589188,-1.7206372480144645,-0.07713132055554588
hyperliquid,INJ,20250819,10000,96,1.5164911832809502,-1.0139262672594949,0.5025649160214553
hyperliquid,INJ,20250820,100,182,1.3282564507974344,-1.6636303962171264,-0.33537394541969234
hyperliquid,INJ,20250820,250,180,1.3229696888615108,-1.7524221907221025,-0.42945250186059175
hyperliquid,INJ,20250820,500,175,1.3340242638293753,-1.570123565258111,-0.23609930142873592
hyperliquid,INJ,20250820,1000,149,1.4108958419190258,-0.79761827806026,0.6132775638587659
hyperliquid,INJ,20250820,2000,148,1.4946025603771012,-0.9470270306386963,0.5475755297384051
hyperliquid,INJ,20250820,5000,121,1.5452627516444768,-0.9489157665185173,0.5963469851259593
hyperliquid,INJ,20250820,10000,81,1.8062687777035284,0.25015414064581587,2.0564229183493445
hyperliquid,LINK,20250727,100,163,0.9033645436997256,-1.0848580375595949,-0.18149349385986951
hyperliquid,LINK,20250727,250,163,0.9033645436997256,-1.0848580375595949,-0.18149349385986951
hyperliquid,LINK,20250727,500,165,0.908212062441345,-1.027644025023647,-0.1194319625823021
hyperliquid,LINK,20250727,1000,139,0.9258838435428992,-0.973173098628406,-0.047289255085506805
hyperliquid,LINK,20250727,2000,121,1.0352826180413315,-1.8606691022773472,-0.8253864842360153
hyperliquid,LINK,20250727,5000,90,0.990654357839917,-1.8662653661961832,-0.8756110083562665
hyperliquid,LINK,20250727,10000,82,1.1476316732040415,-1.1369967389801598,0.010634934223881908
hyperliquid,LINK,20250728,100,331,0.739364944056877,-1.2452411148528544,-0.5058761707959772
hyperliquid,LINK,20250728,250,332,0.7381005203062422,-1.220102927568288,-0.48200240726204563
hyperliquid,LINK,20250728,500,327,0.7351631014530086,-1.145025934366403,-0.40986283291339437
hyperliquid,LINK,20250728,1000,279,0.7399861112042898,-1.0547187061347558,-0.31473259493046607
hyperliquid,LINK,20250728,2000,238,0.8270289547819123,-1.1060242510712197,-0.27899529628930764
hyperliquid,LINK,20250728,5000,183,0.8497039545613025,-0.8331567937962716,0.016547160765030957
hyperliquid,LINK,20250728,10000,116,0.9208021633616418,-0.729915703570673,0.1908864597909686
hyperliquid,LINK,20250729,100,304,1.043901660683859,-1.8285005125289107,-0.7845988518450516
hyperliquid,LINK,20250729,250,303,1.0408191447557897,-1.8206979229866276,-0.7798787782308374
hyperliquid,LINK,20250729,500,292,1.048474990455172,-1.6400799909771575,-0.5916050005219858
hyperliquid,LINK,20250729,1000,256,1.095701150962799,-1.713529007958711,-0.617827856995912
hyperliquid,LINK,20250729,2000,220,1.117077629150523,-1.0238627726821745,0.09321485646834873
hyperliquid,LINK,20250729,5000,162,1.169742754182038,-1.4054376732667433,-0.23569491908470555
hyperliquid,LINK,20250729,10000,138,1.2045537191941482,-0.19811765593094136,1.0064360632632072
hyperliquid,LINK,20250730,100,309,1.1949401178797259,-2.10286147821302,-0.907921360333294
hyperliquid,LINK,20250730,250,310,1.1928235979818138,-2.1083112612697397,-0.9154876632879262
hyperliquid,LINK,20250730,500,296,1.1671751124642127,-2.1456582156794353,-0.978483103215222
hyperliquid,LINK,20250730,1000,268,1.179645311402376,-1.7312546452269995,-0.5516093338246237
hyperliquid,LINK,20250730,2000,224,1.216336100000888,-1.4245564980033845,-0.20822039800249612
hyperliquid,LINK,20250730,5000,165,1.211544812741229,-1.5447576781628367,-0.33321286542160755
hyperliquid,LINK,20250730,10000,134,1.293066785177555,-0.4565530960568516,0.8365136891207035
hyperliquid,LINK,20250731,100,371,0.8870042090892627,-0.5645965729487891,0.3224076361404738
hyperliquid,LINK,20250731,250,369,0.8886658373502678,-0.5765930989790551,0.3120727383712128
hyperliquid,LINK,20250731,500,344,0.9119594628801778,-0.2889148337597516,0.6230446291204262
hyperliquid,LINK,20250731,1000,312,0.9616385392501319,-0.65075791478889,0.31088062446124193
hyperliquid,LINK,20250731,2000,289,0.9325854860060306,-0.343390663938929,0.5891948220671016
hyperliquid,LINK,20250731,5000,213,1.0169770267278972,-0.9825968282613275,0.034380198466569846
hyperliquid,LINK,20250731,10000,184,1.0204847587333425,-1.0248182375245263,-0.004333478791183698
hyperliquid,LINK,20250801,100,630,1.1323684693627083,-2.080438609011161,-0.9480701396484525
hyperliquid,LINK,20250801,250,626,1.1112140289191699,-2.0922016556793825,-0.9809876267602124
hyperliquid,LINK,20250801,500,587,1.133417466937845,-2.2437250528894577,-1.1103075859516127
hyperliquid,LINK,20250801,1000,555,1.1818711902450514,-2.12513902521127,-0.9432678349662185
hyperliquid,LINK,20250801,2000,466,1.1918641551460403,-2.091687724679989,-0.899823569533949
hyperliquid,LINK,20250801,5000,338,1.2458725227910459,-1.6991012483905894,-0.4532287255995434
hyperliquid,LINK,20250801,10000,266,1.1556432466219557,-1.5435930815839944,-0.38794983496203866
hyperliquid,LINK,20250802,100,299,1.2117599489576678,-0.6882979735759722,0.5234619753816957
hyperliquid,LINK,20250802,250,296,1.214499263963294,-0.630971114476801,0.5835281494864929
hyperliquid,LINK,20250802,500,291,1.2135585087645995,-0.6987811826049981,0.5147773261596015
hyperliquid,LINK,20250802,1000,250,1.1413827750172716,-0.8155906712761255,0.32579210374114614
hyperliquid,LINK,20250802,2000,217,1.1370237253158273,-1.23905318399438,-0.10202945867855248
hyperliquid,LINK,20250802,5000,159,1.1219870741300066,-1.2193041899737218,-0.09731711584371507
hyperliquid,LINK,20250802,10000,116,1.0841874084008494,-0.276226779452114,0.8079606289487353
hyperliquid,LINK,20250803,100,143,0.9072380152091581,-0.7589197907141884,0.14831822449496973
hyperliquid,LINK,20250803,250,143,0.9072380152091581,-0.7589197907141884,0.14831822449496973
hyperliquid,LINK,20250803,500,140,0.9090444388497156,-0.9032109024176166,0.005833536432099117
hyperliquid,LINK,20250803,1000,119,0.955805643969702,-0.8299638610025545,0.12584178296714713
hyperliquid,LINK,20250803,2000,100,1.0014350639327845,-0.6089044637048843,0.39253060022790015
hyperliquid,LINK,20250803,5000,85,0.9362497140727176,-0.47195228944084533,0.46429742463187224
hyperliquid,LINK,20250803,10000,73,1.1659576733969466,-0.6204068903480039,0.5455507830489427
hyperliquid,LINK,20250804,100,198,0.9468044786170687,-0.7579927091261907,0.18881176949087813
hyperliquid,LINK,20250804,250,198,0.9468044786170687,-0.7579927091261907,0.18881176949087813
hyperliquid,LINK,20250804,500,185,1.023481408960935,-0.8031438897576947,0.22033751920324016
hyperliquid,LINK,20250804,1000,163,1.097238718985753,-1.1739795979592573,-0.07674087897350444
hyperliquid,LINK,20250804,2000,162,0.9827308673372794,-0.6858674248559794,0.29686344248130003
hyperliquid,LINK,20250804,5000,141,1.1172665891994238,-1.1948750031231028,-0.07760841392367876
hyperliquid,LINK,20250804,10000,105,1.132641733473483,-0.695510477818377,0.4371312556551062
hyperliquid,LINK,20250805,100,209,0.9846810638767157,-0.05130394053972844,0.9333771233369874
hyperliquid,LINK,20250805,250,209,0.9876132179285171,-0.054237442088796106,0.933375775839721
hyperliquid,LINK,20250805,500,209,0.9731489766130782,-0.36986607859505033,0.6032828980180279
hyperliquid,LINK,20250805,1000,189,1.03971649314545,-1.1451657684956904,-0.10544927535024057
hyperliquid,LINK,20250805,2000,163,1.119620008826156,-0.8469145314939344,0.2727054773322219
hyperliquid,LINK,20250805,5000,115,1.2491213857226358,-1.0497389556409125,0.1993824300817233
hyperliquid,LINK,20250805,10000,115,1.182367968206533,-1.0282217756573213,0.15414619254921147
hyperliquid,LINK,20250806,100,114,1.1347467201048753,-0.7689925903538498,0.3657541297510255
hyperliquid,LINK,20250806,250,114,1.1347467201048753,-0.7689925903538498,0.3657541297510255
hyperliquid,LINK,20250806,500,112,1.1332554384876992,-0.5276051528445168,0.6056502856431822
hyperliquid,LINK,20250806,1000,110,1.1515080991342983,-0.9275490739344109,0.22395902519988747
hyperliquid,LINK,20250806,2000,89,1.2099371708620592,-0.7689351931656796,0.4410019776963796
hyperliquid,LINK,20250806,5000,88,1.2263958684799798,-0.32661710676139694,0.8997787617185827
hyperliquid,LINK,20250806,10000,64,1.246920315451365,-0.00935585700650602,1.2375644584448593
hyperliquid,LINK,20250807,100,632,1.063799591259396,-1.3856293785386493,-0.3218297872792534
hyperliquid,LINK,20250807,250,631,1.0658815920071203,-1.3940190399342125,-0.32813744792709215
hyperliquid,LINK,20250807,500,621,1.0780044189236277,-1.3957135883833152,-0.31770916945968736
hyperliquid,LINK,20250807,1000,572,1.125972239680145,-1.5816719325319433,-0.45569969285179807
hyperliquid,LINK,20250807,2000,493,1.200016769043725,-1.3238336908954929,-0.12381692185176801
hyperliquid,LINK,20250807,5000,355,1.1466603473645278,-1.4510510783772153,-0.3043907310126872
hyperliquid,LINK,20250807,10000,273,1.160290219290953,-1.242122167867835,-0.08183194857688202
hyperliquid,LINK,20250808,100,1577,0.9198209767089397,-0.7977863797202857,0.12203459698865397
hyperliquid,LINK,20250808,250,1571,0.9152401491039758,-0.7253759336144919,0.18986421548948373
hyperliquid,LINK,20250808,500,1514,0.9236110564887907,-0.5979273893997026,0.3256836670890881
hyperliquid,LINK,20250808,1000,1326,0.9781551387718047,-0.7024756638244499,0.27567947494735473
hyperliquid,LINK,20250808,2000,1177,1.043875746849082,-1.0730622951162634,-0.029186548267181305
hyperliquid,LINK,20250808,5000,844,1.0457322154725859,-1.0008180264846318,0.044914188987953955
hyperliquid,LINK,20250808,10000,639,1.0108788210719069,-0.4621386779914087,0.5487401430804983
hyperliquid,LINK,20250809,100,1374,0.9337248899005935,-0.7505422622590987,0.18318262764149482
hyperliquid,LINK,20250809,250,1374,0.9337248899005935,-0.7505422622590987,0.18318262764149482
hyperliquid,LINK,20250809,500,1345,0.9342225907518097,-0.8006149169782902,0.1336076737735195
hyperliquid,LINK,20250809,1000,1184,0.9715684602320611,-1.0768371541543853,-0.10526869392232431
hyperliquid,LINK,20250809,2000,990,1.0060404462679455,-1.044088195629244,-0.038047749361298525
hyperliquid,LINK,20250809,5000,779,1.0280801431023183,-0.7174053451303426,0.31067479797197595
hyperliquid,LINK,20250809,10000,557,1.0425840978881378,-0.7077090731493646,0.3348750247387732
hyperliquid,LINK,20250810,100,2587,0.7631259385786298,-0.9870745230272637,-0.22394858444863397
hyperliquid,LINK,20250810,250,2589,0.7641124383135659,-0.9927750159391727,-0.22866257762560693
hyperliquid,LINK,20250810,500,2537,0.773112870426153,-0.9862176794847354,-0.21310480905858223
hyperliquid,LINK,20250810,1000,2049,0.8855121873324809,-1.1677201349500517,-0.28220794761757056
hyperliquid,LINK,20250810,2000,1697,0.9814017543123866,-1.3327778339438796,-0.35137607963149303
hyperliquid,LINK,20250810,5000,1236,1.0179119112562387,-1.382027588696843,-0.36411567744060425
hyperliquid,LINK,20250810,10000,908,1.0637782672639886,-1.0351699592170138,0.028608308046974788
hyperliquid,LINK,20250811,100,1598,0.8517121965036395,-0.8245277491847004,0.027184447318939087
hyperliquid,LINK,20250811,250,1598,0.8517121965036395,-0.8245277491847004,0.027184447318939087
hyperliquid,LINK,20250811,500,1549,0.8486489344798793,-0.8554121327169989,-0.006763198237119647
hyperliquid,LINK,20250811,1000,1288,0.9139915014896713,-0.8295378380591367,0.08445366343053452
hyperliquid,LINK,20250811,2000,1081,0.9168249966494076,-0.8222054588667178,0.09461953778268972
hyperliquid,LINK,20250811,5000,834,0.953881699224451,-0.8296287213017054,0.12425297792274577
hyperliquid,LINK,20250811,10000,641,1.0162799874750137,-0.7914908300020842,0.2247891574729293
hyperliquid,LINK,20250812,100,2423,0.9021300860960344,-0.21196416790221997,0.6901659181938143
hyperliquid,LINK,20250812,250,2423,0.9021177686133258,-0.21371668963954113,0.6884010789737847
hyperliquid,LINK,20250812,500,2362,0.9008853807076883,-0.2632494595880798,0.6376359211196084
hyperliquid,LINK,20250812,1000,2018,0.9540052621582378,-0.47752041352282415,0.4764848486354136
hyperliquid,LINK,20250812,2000,1717,0.9331934956537586,-0.4690195204929172,0.4641739751608414
hyperliquid,LINK,20250812,5000,1215,0.9310276856386343,-0.577690198175317,0.35333748746331717
hyperliquid,LINK,20250812,10000,864,0.9333614686224372,-0.4414800708667166,0.4918813977557206
hyperliquid,LINK,20250813,100,3014,0.6218893058917278,-0.9358327515634263,-0.3139434456716985
hyperliquid,LINK,20250813,250,3015,0.6210566356669542,-0.9355546008256924,-0.3144979651587382
hyperliquid,LINK,20250813,500,2930,0.6272993223217035,-0.9066741873621467,-0.2793748650404432
hyperliquid,LINK,20250813,1000,2430,0.7304382672393154,-1.0154774626857856,-0.2850391954464703
hyperliquid,LINK,20250813,2000,2102,0.7527510176135717,-1.0087949978946942,-0.25604398028112235
hyperliquid,LINK,20250813,5000,1613,0.7612458907921735,-0.8839782989837507,-0.12273240819157727
hyperliquid,LINK,20250813,10000,1096,0.7399761350796241,-0.4956417955149333,0.2443343395646908
hyperliquid,LINK,20250814,100,3174,0.8022782100963757,-1.013779275183174,-0.2115010650867983
hyperliquid,LINK,20250814,250,3174,0.7953006074165162,-0.9865440765384573,-0.19124346912194104
hyperliquid,LINK,20250814,500,3041,0.7993457101392603,-1.0863772062289405,-0.28703149608968026
hyperliquid,LINK,20250814,1000,2546,0.8684335606038179,-1.242577706933916,-0.3741441463300978
hyperliquid,LINK,20250814,2000,2084,0.9179265577489476,-1.6625431893656006,-0.7446166316166535
hyperliquid,LINK,20250814,5000,1495,1.000541343266419,-1.0295290829230803,-0.02898773965666172
hyperliquid,LINK,20250814,10000,1043,0.9195341941518137,-0.8469273215734933,0.07260687257832048
hyperliquid,LINK,20250815,100,1220,0.7553861209770125,-0.4660043735159588,0.28938174746105383
hyperliquid,LINK,20250815,250,1217,0.755363066894976,-0.451934191344212,0.3034288755507641
hyperliquid,LINK,20250815,500,1172,0.7661992795839289,-0.5940314776191103,0.1721678019648186
hyperliquid,LINK,20250815,1000,1018,0.8054342999386892,-0.653054465672287,0.15237983426640214
hyperliquid,LINK,20250815,2000,958,0.8441931612356071,-0.6169103445497576,0.22728281668584946
hyperliquid,LINK,20250815,5000,679,0.8453015510985975,-0.5672072232050307,0.27809432789356675
hyperliquid,LINK,20250815,10000,503,0.8276398834263926,-0.4193697183946443,0.40827016503174823
hyperliquid,LINK,20250816,100,576,0.6937515243913656,-0.3870499862870836,0.3067015381042818
hyperliquid,LINK,20250816,250,576,0.6937515243913656,-0.3870499862870836,0.3067015381042818
hyperliquid,LINK,20250816,500,566,0.6961442143733995,-0.3938166002998276,0.3023276140735718
hyperliquid,LINK,20250816,1000,474,0.7216159575474572,-0.8975960222833484,-0.17598006473589106
hyperliquid,LINK,20250816,2000,463,0.7130325890992723,-1.2313185780293074,-0.5182859889300353
hyperliquid,LINK,20250816,5000,340,0.7354827130104219,-1.3269189331297555,-0.5914362201193336
hyperliquid,LINK,20250816,10000,245,0.7632767150803791,-1.125219208603053,-0.36194249352267405
hyperliquid,LINK,20250817,100,1670,0.7356427716315629,-0.41375809915943446,0.32188467247212854
hyperliquid,LINK,20250817,250,1670,0.7356427716315629,-0.41375809915943446,0.32188467247212854
hyperliquid,LINK,20250817,500,1625,0.73169197186387,-0.5066904179404239,0.22500155392344603
hyperliquid,LINK,20250817,1000,1380,0.8062113433650665,-0.4857616785112655,0.32044966485380116
hyperliquid,LINK,20250817,2000,1176,0.7963479921784504,-0.47338250473571,0.3229654874427405
hyperliquid,LINK,20250817,5000,841,0.8061444528248597,-0.7220242276035385,0.08412022522132113
hyperliquid,LINK,20250817,10000,608,0.8188839372858281,-0.38363441710582985,0.43524952017999813
hyperliquid,LINK,20250818,100,2422,0.8639005652360007,-0.44697865007494403,0.41692191516105653
hyperliquid,LINK,20250818,250,2421,0.8633772533784817,-0.4660615350928221,0.39731571828565954
hyperliquid,LINK,20250818,500,2324,0.8658834361690321,-0.3478143630557168,0.5180690731133153
hyperliquid,LINK,20250818,1000,2048,0.8951883333762164,-0.4815486329441258,0.41363970043209064
hyperliquid,LINK,20250818,2000,1708,0.8938837803587202,-0.5211847433297094,0.37269903702901097
hyperliquid,LINK,20250818,5000,1098,0.9001058520390082,-0.53957154251736,0.36053430952164817
hyperliquid,LINK,20250818,10000,759,0.8648265317601138,-0.311969270966744,0.55285726079337
hyperliquid,LINK,20250819,100,1744,0.7896813813800834,-0.202284426230058,0.5873969551500252
hyperliquid,LINK,20250819,250,1745,0.7884876075557073,-0.22144242909431747,0.5670451784613898
hyperliquid,LINK,20250819,500,1665,0.7808159715198613,-0.3086809410245516,0.47213503049530964
hyperliquid,LINK,20250819,1000,1488,0.8536862700679454,-0.39083033151321306,0.4628559385547321
hyperliquid,LINK,20250819,2000,1236,0.8568736778798138,-0.3499199511743711,0.5069537267054427
hyperliquid,LINK,20250819,5000,850,0.8648343342523478,-0.4714172256034553,0.39341710864889246
hyperliquid,LINK,20250819,10000,581,0.8163953935796315,-0.46959068126604175,0.3468047123135899
hyperliquid,LINK,20250820,100,2607,0.7912623555489775,-0.7869822473943926,0.00428010815458514
hyperliquid,LINK,20250820,250,2605,0.7901485673267403,-0.80152205082499,-0.011373483498249603
hyperliquid,LINK,20250820,500,2486,0.7776939471968016,-0.9021125474395324,-0.12441860024273053
hyperliquid,LINK,20250820,1000,2171,0.8368845108569894,-0.8723981243992645,-0.03551361354227516
hyperliquid,LINK,20250820,2000,1823,0.8481745865665286,-0.887073504048444,-0.03889891748191537
hyperliquid,LINK,20250820,5000,1282,0.8494064369410684,-0.8844568899272696,-0.03505045298620103
hyperliquid,LINK,20250820,10000,915,0.8999175372372576,-0.5990276213835903,0.3008899158536674
hyperliquid,LTC,20250727,100,162,1.2022665671521127,-1.0072160439944993,0.19505052315761343
hyperliquid,LTC,20250727,250,162,1.2022665671521127,-1.0072160439944993,0.19505052315761343
hyperliquid,LTC,20250727,500,153,1.2242819720566973,-0.866408287255447,0.35787368480125015
hyperliquid,LTC,20250727,1000,119,1.342099928243686,-1.0475594847385405,0.29454044350514513
hyperliquid,LTC,20250727,2000,106,1.358124567459853,-1.3588830407983765,-0.0007584733385233734
hyperliquid,LTC,20250727,5000,85,1.5179017553329903,-1.4927267564527193,0.025174998880271145
hyperliquid,LTC,20250727,10000,75,1.678491055116168,-1.0719589349749026,0.6065321201412655
hyperliquid,LTC,20250728,100,301,0.843479600864523,-1.1262743898004715,-0.28279478893594867
hyperliquid,LTC,20250728,250,302,0.8467162534711321,-1.1390812336639382,-0.29236498019280627
hyperliquid,LTC,20250728,500,295,0.8749202523802599,-1.1694997837582033,-0.29457953137794335
hyperliquid,LTC,20250728,1000,252,1.0959279608479873,-1.6353116929316538,-0.5393837320836669
hyperliquid,LTC,20250728,2000,246,1.1368964315668368,-1.5592983791686874,-0.4224019476018508
hyperliquid,LTC,20250728,5000,178,1.1414936523257175,-1.2146601591913284,-0.07316650686561078
hyperliquid,LTC,20250728,10000,146,1.193124226837985,-0.5804142847489807,0.6127099420890038
hyperliquid,LTC,20250729,100,290,1.4586425450263218,-1.6395742563457183,-0.18093171131939648
hyperliquid,LTC,20250729,250,289,1.422112249482133,-1.5924764489580492,-0.17036419947591636
hyperliquid,LTC,20250729,500,279,1.4021364258110312,-1.3186783257498904,0.08345810006114071
hyperliquid,LTC,20250729,1000,253,1.3724379974326777,-1.7770171339365257,-0.4045791365038478
hyperliquid,LTC,20250729,2000,236,1.5111189311929345,-2.0020229485751524,-0.49090401738221784
hyperliquid,LTC,20250729,5000,184,1.538041027820718,-1.707423105223474,-0.16938207740275618
hyperliquid,LTC,20250729,10000,170,1.7557786774937432,-1.1318273693943437,0.6239513080993998
hyperliquid,LTC,20250730,100,299,2.017357602860545,-1.7280661261618755,0.2892914766986696
hyperliquid,LTC,20250730,250,300,2.013734141182511,-1.74556388322761,0.2681702579549007
hyperliquid,LTC,20250730,500,296,3.7121422429353745,-2.591943748882615,1.120198494052759
hyperliquid,LTC,20250730,1000,266,4.041216026837678,-1.7508806212138215,2.2903354056238574
hyperliquid,LTC,20250730,2000,242,2.576113280544674,-6.032611151650396,-3.456497871105722
hyperliquid,LTC,20250730,5000,178,1.946619213320184,-1.284898808173855,0.6617204051463296
hyperliquid,LTC,20250730,10000,147,3.2086812565888128,-2.0163152506456665,1.1923660059431467
hyperliquid,LTC,20250731,100,294,0.9421719737100132,-1.2977598524189555,-0.3555878787089421
hyperliquid,LTC,20250731,250,293,0.9438173134953417,-1.281759994155695,-0.3379426806603532
hyperliquid,LTC,20250731,500,285,0.9679924362874626,-1.423156937842049,-0.45516450155458615
hyperliquid,LTC,20250731,1000,228,1.1106446646175523,-1.5689625747583675,-0.45831791014081547
hyperliquid,LTC,20250731,2000,212,1.1761207506733704,-2.2273126613857936,-1.0511919107124232
hyperliquid,LTC,20250731,5000,173,1.2407354166822566,-1.6056434421751826,-0.3649080254929261
hyperliquid,LTC,20250731,10000,157,1.1529741493853345,-1.004793205653387,0.14818094373194776
hyperliquid,LTC,20250801,100,483,1.374765889617724,-1.9697376702093181,-0.5949717805915941
hyperliquid,LTC,20250801,250,484,1.3660667585133404,-1.9216740587610985,-0.5556073002477583
hyperliquid,LTC,20250801,500,445,1.389713120539195,-1.991581577860176,-0.6018684573209813
hyperliquid,LTC,20250801,1000,424,1.4583244336176073,-2.3006051748665053,-0.8422807412488975
hyperliquid,LTC,20250801,2000,358,1.5406500893899768,-2.1813369775445475,-0.6406868881545708
hyperliquid,LTC,20250801,5000,282,1.5125310903616396,-2.8466863030481835,-1.3341552126865437
hyperliquid,LTC,20250801,10000,209,1.5435870493383126,-2.1832330136130067,-0.6396459642746946
hyperliquid,LTC,20250802,100,288,1.35887702507361,-0.8470944085968295,0.5117826164767806
hyperliquid,LTC,20250802,250,288,1.35887702507361,-0.8470944085968295,0.5117826164767806
hyperliquid,LTC,20250802,500,282,1.378271568234764,-0.8015492247266094,0.5767223435081545
hyperliquid,LTC,20250802,1000,268,1.344121120167374,-0.7385643519899945,0.6055567681773792
hyperliquid,LTC,20250802,2000,236,1.387533868998958,-1.1992316878697435,0.1883021811292145
hyperliquid,LTC,20250802,5000,186,1.4259028050144567,-1.1982610438036092,0.22764176121084764
hyperliquid,LTC,20250802,10000,147,1.4320206466818641,-0.8848043084493403,0.5472163382325237
hyperliquid,LTC,20250803,100,177,1.0802063228300385,-1.269481240958631,-0.18927491812859212
hyperliquid,LTC,20250803,250,177,1.0827742595105476,-1.2669123703980743,-0.1841381108875264
hyperliquid,LTC,20250803,500,169,1.1038191553967227,-1.3636155453288226,-0.25979638993209975
hyperliquid,LTC,20250803,1000,151,1.1854219078536148,-1.2609554893787123,-0.07553358152509794
hyperliquid,LTC,20250803,2000,141,1.258261156621632,-0.8483644743610491,0.40989668226058296
hyperliquid,LTC,20250803,5000,121,1.2523738399629694,-1.1705013796000965,0.08187246036287298
hyperliquid,LTC,20250803,10000,102,1.2186005204477908,-0.9233510888628863,0.29524943158490474
hyperliquid,LTC,20250804,100,478,1.3033419335606804,-0.9232089781641795,0.3801329553965008
hyperliquid,LTC,20250804,250,477,1.3016653979462123,-0.9233808632994003,0.3782845346468119
hyperliquid,LTC,20250804,500,465,1.3173991556254676,-0.8637502739448466,0.45364888168062095
hyperliquid,LTC,20250804,1000,404,1.3568813709293945,-1.1259976144529429,0.23088375647645146
hyperliquid,LTC,20250804,2000,372,1.4748137007498776,-1.0071549199507221,0.4676587807991553
hyperliquid,LTC,20250804,5000,294,1.4628266527187197,-0.766086825093519,0.6967398276252007
hyperliquid,LTC,20250804,10000,236,1.422580918393559,-0.29933574394473017,1.1232451744488288
hyperliquid,LTC,20250805,100,757,1.3449702507416932,-0.5820393374779661,0.7629309132637274
hyperliquid,LTC,20250805,250,757,1.3449702507416932,-0.5815072538742239,0.7634629968674695
hyperliquid,LTC,20250805,500,739,1.37061076794819,-0.4090177713949577,0.9615929965532326
hyperliquid,LTC,20250805,1000,659,1.4821193378973654,-0.4334201345994845,1.0486992032978812
hyperliquid,LTC,20250805,2000,599,1.3331369172395646,-0.5539028136149552,0.7792341036246095
hyperliquid,LTC,20250805,5000,510,1.269862880757345,-0.685418436592077,0.5844444441652679
hyperliquid,LTC,20250805,10000,368,1.6573404797254656,-0.553750393744511,1.1035900859809549
hyperliquid,LTC,20250806,100,450,1.1399972801500728,-0.6785541268381308,0.4614431533119418
hyperliquid,LTC,20250806,250,448,1.1394012554486823,-0.6361010001450333,0.5033002553036491
hyperliquid,LTC,20250806,500,431,1.1324193685588957,-0.6864852353083243,0.44593413325057135
hyperliquid,LTC,20250806,1000,388,1.1735377420748756,-0.7166024416322418,0.4569353004426337
hyperliquid,LTC,20250806,2000,341,1.159779118992657,-0.9126649362034186,0.2471141827892387
hyperliquid,LTC,20250806,5000,296,1.2343292273647097,-0.8726833812671815,0.3616458460975284
hyperliquid,LTC,20250806,10000,217,1.1643944101097952,-0.6128133664446248,0.5515810436651704
hyperliquid,LTC,20250807,100,607,1.0693309910652598,-0.4712256569582031,0.5981053341070568
hyperliquid,LTC,20250807,250,607,1.0693309910652598,-0.4712256569582031,0.5981053341070568
hyperliquid,LTC,20250807,500,594,1.0941402163736225,-0.5030937297970199,0.5910464865766026
hyperliquid,LTC,20250807,1000,503,1.137370448206648,-0.4124033957260464,0.7249670524806018
hyperliquid,LTC,20250807,2000,459,1.2063720526392099,-0.9650249471515967,0.2413471054876134
hyperliquid,LTC,20250807,5000,407,1.2118189701686957,-1.0693927647420332,0.14242620542666246
hyperliquid,LTC,20250807,10000,336,1.2490357410980688,-0.8146761732344416,0.43435956786362717
hyperliquid,LTC,20250808,100,472,1.106501888889458,-1.6527371333650962,-0.5462352444756385
hyperliquid,LTC,20250808,250,472,1.1099773546929836,-1.656221004336781,-0.5462436496437975
hyperliquid,LTC,20250808,500,453,1.1209624809039973,-1.2908191286078403,-0.16985664770384293
hyperliquid,LTC,20250808,1000,380,1.2269056406995962,-1.8311841527143784,-0.6042785120147824
hyperliquid,LTC,20250808,2000,322,1.1976933850571254,-1.6462819655694247,-0.44858858051229933
hyperliquid,LTC,20250808,5000,295,1.316583916339304,-1.0470318984537208,0.2695520178855835
hyperliquid,LTC,20250808,10000,240,1.1646793330707312,-1.224579236845398,-0.05989990377466695
hyperliquid,LTC,20250809,100,451,0.9678854461648381,-0.8484973135001899,0.11938813266464834
hyperliquid,LTC,20250809,250,451,0.9678854461648381,-0.8484973135001899,0.11938813266464834
hyperliquid,LTC,20250809,500,449,0.9811670607578367,-0.9262955435559403,0.054871517201896314
hyperliquid,LTC,20250809,1000,378,1.0380741924286339,-1.0943309885099959,-0.056256796081362054
hyperliquid,LTC,20250809,2000,350,1.1777189016565803,-1.065669134574757,0.1120497670818234
hyperliquid,LTC,20250809,5000,295,1.119164591559324,-0.6363593300059815,0.4828052615533428
hyperliquid,LTC,20250809,10000,231,1.1035738160617135,-0.3553401271364688,0.7482336889252447
hyperliquid,LTC,20250810,100,601,0.8594317403351851,-1.3526508073436854,-0.49321906700850054
hyperliquid,LTC,20250810,250,601,0.8594317403351851,-1.3526508073436854,-0.49321906700850054
hyperliquid,LTC,20250810,500,578,0.8670153426352063,-1.3857755722689244,-0.5187602296337183
hyperliquid,LTC,20250810,1000,509,1.0083181266624743,-1.47233162606442,-0.4640134994019453
hyperliquid,LTC,20250810,2000,446,1.0833628376044555,-1.5095450834166897,-0.426182245812234
hyperliquid,LTC,20250810,5000,323,1.1179423395803898,-1.1639948248931424,-0.04605248531275248
hyperliquid,LTC,20250810,10000,259,1.1360031571817377,-0.6201791666548303,0.5158239905269073
hyperliquid,LTC,20250811,100,801,0.9938825096344055,-0.7423053693966065,0.25157714023779876
hyperliquid,LTC,20250811,250,801,0.994874279132956,-0.7432957599053093,0.25157851922764657
hyperliquid,LTC,20250811,500,757,0.9941293453905241,-0.9503973225908576,0.043732022799666495
hyperliquid,LTC,20250811,1000,653,1.0643285518813796,-0.8618196099371326,0.20250894194424704
hyperliquid,LTC,20250811,2000,544,1.1245967351632171,-1.0450780664049077,0.07951866875830936
hyperliquid,LTC,20250811,5000,435,1.148181245799319,-1.0285552222263816,0.11962602357293727
hyperliquid,LTC,20250811,10000,331,1.1824548067366267,-1.0930074997073775,0.08944730702924912
hyperliquid,LTC,20250812,100,703,0.8494131647274018,-0.6201390376179214,0.2292741271094802
hyperliquid,LTC,20250812,250,703,0.8494131647274018,-0.6201390376179214,0.2292741271094802
hyperliquid,LTC,20250812,500,685,0.8594140132545385,-0.5746233561388249,0.28479065711571355
hyperliquid,LTC,20250812,1000,566,0.9798388143122457,-0.9503410226195118,0.029497791692733893
hyperliquid,LTC,20250812,2000,459,0.9790145924179223,-0.9490960299490919,0.02991856246883027
hyperliquid,LTC,20250812,5000,369,1.0423751375144712,-0.8491578374782052,0.1932173000362662
hyperliquid,LTC,20250812,10000,314,0.9476560237556415,-0.9160082354196852,0.03164778833595616
hyperliquid,LTC,20250813,100,1330,0.634488319918497,-1.2456499543748647,-0.6111616344563676
hyperliquid,LTC,20250813,250,1330,0.6350652687234695,-1.2459437849322046,-0.6108785162087349
hyperliquid,LTC,20250813,500,1280,0.6458639044840955,-1.2888965267285233,-0.6430326222444276
hyperliquid,LTC,20250813,1000,1007,0.7260351285570426,-1.078067940241276,-0.3520328116842334
hyperliquid,LTC,20250813,2000,931,0.7906496241854444,-1.0803667293449295,-0.2897171051594852
hyperliquid,LTC,20250813,5000,724,0.8117436970937799,-1.1488490171601915,-0.3371053200664118
hyperliquid,LTC,20250813,10000,601,0.8419570650049174,-0.6666351723342356,0.17532189267068168
hyperliquid,LTC,20250814,100,775,1.0071618070853694,-1.7519163560258364,-0.7447545489404669
hyperliquid,LTC,20250814,250,774,0.9892707160715236,-1.6865352032732996,-0.6972644872017759
hyperliquid,LTC,20250814,500,742,0.9975352112406327,-1.9156777361599227,-0.9181425249192902
hyperliquid,LTC,20250814,1000,627,1.0558010597099563,-1.4721285392119416,-0.41632747950198523
hyperliquid,LTC,20250814,2000,547,1.1372799923685604,-1.2963835032526903,-0.15910351088412958
hyperliquid,LTC,20250814,5000,422,1.0930621368321463,-2.2938964513206224,-1.200834314488476
hyperliquid,LTC,20250814,10000,326,1.058668214039438,-1.0055579145691824,0.05311029947025558
hyperliquid,LTC,20250815,100,312,0.8265529235566117,-1.29745702669265,-0.4709041031360383
hyperliquid,LTC,20250815,250,312,0.8265529235566117,-1.29745702669265,-0.4709041031360383
hyperliquid,LTC,20250815,500,305,0.8678401473973097,-1.4744754614804505,-0.6066353140831411
hyperliquid,LTC,20250815,1000,266,0.9397741782211699,-1.436281715255871,-0.4965075370347009
hyperliquid,LTC,20250815,2000,248,1.0477263000456996,-1.4884528913933708,-0.44072659134767134
hyperliquid,LTC,20250815,5000,205,0.9889013711364992,-1.4274679384373297,-0.4385665673008302
hyperliquid,LTC,20250815,10000,183,1.004450752492149,-0.751376921419528,0.2530738310726213
hyperliquid,LTC,20250816,100,121,0.7235544590187685,-0.7283731443282944,-0.004818685309525816
hyperliquid,LTC,20250816,250,121,0.7235544590187685,-0.7283731443282944,-0.004818685309525816
hyperliquid,LTC,20250816,500,119,0.7217124041288087,-0.7025419789288553,0.01917042519995311
hyperliquid,LTC,20250816,1000,105,0.8742491879886586,-0.865425235345612,0.008823952643046416
hyperliquid,LTC,20250816,2000,100,0.9217088559347478,-1.2461873315010423,-0.3244784755662948
hyperliquid,LTC,20250816,5000,70,0.8795173504929453,-0.8152788480633765,0.06423850242956887
hyperliquid,LTC,20250816,10000,62,0.9529088878536283,-0.519219178826565,0.43368970902706333
hyperliquid,LTC,20250817,100,136,0.9335310177544394,-1.2995521966572263,-0.366021178902787
hyperliquid,LTC,20250817,250,136,0.9335310177544394,-1.2995521966572263,-0.366021178902787
hyperliquid,LTC,20250817,500,134,0.935261082714309,-1.3775539375857604,-0.4422928548714516
hyperliquid,LTC,20250817,1000,117,1.0743400198691058,-1.1252390643154149,-0.05089904444630905
hyperliquid,LTC,20250817,2000,118,1.047951008436722,-0.6286893646181533,0.4192616438185688
hyperliquid,LTC,20250817,5000,102,0.9871579885837569,-1.0767587683427635,-0.08960077975900656
hyperliquid,LTC,20250817,10000,101,0.9119564684874328,-0.4306910211172623,0.48126544737017024
hyperliquid,LTC,20250818,100,199,1.0240330250594345,-1.3253114255467875,-0.3012784004873528
hyperliquid,LTC,20250818,250,199,1.0240330250594345,-1.3210450710634978,-0.2970120460040627
hyperliquid,LTC,20250818,500,194,1.013999043793892,-1.2513763248799434,-0.23737728108605116
hyperliquid,LTC,20250818,1000,191,1.1077117212615233,-1.4053638766875671,-0.29765215542604373
hyperliquid,LTC,20250818,2000,162,1.0471349873797655,-1.0108867220569864,0.03624826532277939
hyperliquid,LTC,20250818,5000,148,1.179670180621005,-0.8388661560885077,0.3408040245324975
hyperliquid,LTC,20250818,10000,127,1.0491127307394195,-1.2625811892434646,-0.2134684585040451
hyperliquid,LTC,20250819,100,244,0.9538533040872804,-1.2177646954927526,-0.263911391405472
hyperliquid,LTC,20250819,250,245,0.9553355457126582,-1.2558075387653838,-0.3004719930527256
hyperliquid,LTC,20250819,500,234,0.9635050258144183,-1.2991109621868764,-0.33560593637245817
hyperliquid,LTC,20250819,1000,187,1.0495959680451163,-1.4488292050978089,-0.39923323705269237
hyperliquid,LTC,20250819,2000,177,1.1116605490954807,-1.1538820631077549,-0.04222151401227399
hyperliquid,LTC,20250819,5000,129,1.1294140637031043,-0.9674981757206695,0.16191588798243473
hyperliquid,LTC,20250819,10000,119,1.1586068872248438,-1.2810318954868045,-0.12242500826196069
hyperliquid,LTC,20250820,100,184,0.9838877664495469,-1.0918863154690288,-0.1079985490194818
hyperliquid,LTC,20250820,250,183,0.9844064541992293,-1.0711352926277673,-0.08672883842853794
hyperliquid,LTC,20250820,500,178,1.0242068870555527,-1.123094157695333,-0.09888727063978026
hyperliquid,LTC,20250820,1000,155,1.0712852418274477,-1.3749958662043509,-0.30371062437690344
hyperliquid,LTC,20250820,2000,157,1.1601215059946561,-1.1094950306046796,0.05062647538997664
hyperliquid,LTC,20250820,5000,124,1.1513984527682593,-1.618644845184727,-0.4672463924164681
hyperliquid,LTC,20250820,10000,99,1.0396630326537453,-0.9238294974430428,0.11583353521070226
hyperliquid,NEAR,20250727,100,48,1.643346579875466,-0.715300572227725,0.9280460076477413
hyperliquid,NEAR,20250727,250,48,1.643346579875466,-0.715300572227725,0.9280460076477413
hyperliquid,NEAR,20250727,500,46,1.4565621013013972,-0.96650201032091,0.49006009098048703
hyperliquid,NEAR,20250727,1000,39,1.457598180192908,-0.6296947864247391,0.8279033937681693
hyperliquid,NEAR,20250727,2000,24,1.1708331536945924,-2.390044762492362,-1.21921160879777
hyperliquid,NEAR,20250727,5000,28,1.4572269545840417,-1.7601269000518038,-0.3028999454677622
hyperliquid,NEAR,20250727,10000,22,1.544285758485338,-1.4706826849821166,0.07360307350322148
hyperliquid,NEAR,20250728,100,66,1.4381886903991445,-1.95167965500309,-0.5134909646039455
hyperliquid,NEAR,20250728,250,66,1.4381886903991445,-1.95167965500309,-0.5134909646039455
hyperliquid,NEAR,20250728,500,63,1.4469283894499883,-1.9265591238340414,-0.4796307343840534
hyperliquid,NEAR,20250728,1000,52,1.4411027635407814,-2.2210651122524503,-0.7799623487116691
hyperliquid,NEAR,20250728,2000,55,1.4671599135808029,-2.261479862538439,-0.794319948957636
hyperliquid,NEAR,20250728,5000,39,1.4782043382485723,-3.3386238128085592,-1.8604194745599865
hyperliquid,NEAR,20250728,10000,28,1.2854796692345833,-1.7620850600018576,-0.4766053907672743
hyperliquid,NEAR,20250729,100,112,2.4605436809739856,-1.2757448114843082,1.1847988694896776
hyperliquid,NEAR,20250729,250,112,2.4605436809739856,-1.2757448114843082,1.1847988694896776
hyperliquid,NEAR,20250729,500,112,2.4462706811377,-1.0257950404199294,1.4204756407177708
hyperliquid,NEAR,20250729,1000,87,2.167775125587281,-0.9905884313103164,1.177186694276965
hyperliquid,NEAR,20250729,2000,71,2.210153391003804,-1.447864701126498,0.7622886898773062
hyperliquid,NEAR,20250729,5000,49,2.074468099546165,-0.39418860019770285,1.680279499348462
hyperliquid,NEAR,20250729,10000,32,2.092376049533791,-1.9677361671496114,0.12463988238418006
hyperliquid,NEAR,20250730,100,103,1.8447198185678637,-2.1783767137613936,-0.33365689519352953
hyperliquid,NEAR,20250730,250,103,1.8447198185678637,-2.1783767137613936,-0.33365689519352953
hyperliquid,NEAR,20250730,500,100,1.6270859693546407,-1.4628714422149183,0.16421452713972237
hyperliquid,NEAR,20250730,1000,82,1.8040784323736732,-2.290888164483771,-0.4868097321100979
hyperliquid,NEAR,20250730,2000,76,1.6363586258309912,-2.376970087072363,-0.7406114612413721
hyperliquid,NEAR,20250730,5000,46,1.6317946780628558,-1.5973649207787888,0.034429757284067025
hyperliquid,NEAR,20250730,10000,45,1.6477047389507555,-1.6904820745976168,-0.042777335646861446
hyperliquid,NEAR,20250731,100,95,1.8236352410830128,-1.131157504389772,0.6924777366932405
hyperliquid,NEAR,20250731,250,95,1.8236352410830128,-1.131157504389772,0.6924777366932405
hyperliquid,NEAR,20250731,500,91,1.6300712831987663,-1.0058408236346776,0.6242304595640883
hyperliquid,NEAR,20250731,1000,83,1.7434201975546266,-1.6580850958604585,0.08533510169416816
hyperliquid,NEAR,20250731,2000,71,1.7503971094791582,-1.0166371523859656,0.7337599570931927
hyperliquid,NEAR,20250731,5000,62,1.4883132394130003,-1.1740078571740515,0.3143053822389494
hyperliquid,NEAR,20250731,10000,55,2.201061212749486,-0.8329109002401456,1.3681503125093406
hyperliquid,NEAR,20250801,100,134,1.5549269155262033,-3.3750177647937725,-1.8200908492675685
hyperliquid,NEAR,20250801,250,133,1.549762211159888,-3.363617363633714,-1.8138551524738258
hyperliquid,NEAR,20250801,500,127,1.619978452574789,-3.414253978356727,-1.7942755257819392
hyperliquid,NEAR,20250801,1000,112,1.6172258944117124,-1.9939762512920205,-0.376750356880308
hyperliquid,NEAR,20250801,2000,101,2.007047316726086,-3.3410978739557677,-1.3340505572296824
hyperliquid,NEAR,20250801,5000,76,1.720859952011808,-4.69319754697765,-2.9723375949658415
hyperliquid,NEAR,20250801,10000,53,1.858325493385581,-2.8134191201985526,-0.9550936268129715
hyperliquid,NEAR,20250802,100,42,1.5106888680684627,-1.941878494135161,-0.4311896260666983
hyperliquid,NEAR,20250802,250,42,1.5106888680684627,-1.941878494135161,-0.4311896260666983
hyperliquid,NEAR,20250802,500,40,1.5862164180090974,-1.2520431119670004,0.33417330604209683
hyperliquid,NEAR,20250802,1000,30,1.5321817570084693,-3.462413665136029,-1.9302319081275594
hyperliquid,NEAR,20250802,2000,30,1.4082929058059654,-3.1254685459215206,-1.7171756401155556
hyperliquid,NEAR,20250802,5000,19,1.7429781545175398,-3.698505274136173,-1.9555271196186335
hyperliquid,NEAR,20250802,10000,18,1.7610007020947065,-1.3478984125511138,0.4131022895435925
hyperliquid,NEAR,20250803,100,28,1.4551079602183477,-1.0440078906343446,0.4111000695840028
hyperliquid,NEAR,20250803,250,28,1.4551079602183477,-1.0440078906343446,0.4111000695840028
hyperliquid,NEAR,20250803,500,26,1.4241664574420225,-0.8451998023550022,0.5789666550870203
hyperliquid,NEAR,20250803,1000,26,1.4467095604910793,-0.858185414496983,0.5885241459940967
hyperliquid,NEAR,20250803,2000,20,1.448342142991623,0.2663224373095525,1.7146645803011757
hyperliquid,NEAR,20250803,5000,15,1.5059182896273753,-0.8669485633492319,0.6389697262781426
hyperliquid,NEAR,20250803,10000,11,1.878780654902856,0.6046144729890516,2.483395127891907
hyperliquid,NEAR,20250804,100,40,1.9112954664028583,-0.7270806911416401,1.184214775261218
hyperliquid,NEAR,20250804,250,40,1.9112954664028583,-0.7270806911416401,1.184214775261218
hyperliquid,NEAR,20250804,500,39,1.859800470146901,-0.016601333331292763,1.8431991368156087
hyperliquid,NEAR,20250804,1000,33,1.799483658148291,-0.4329641505412911,1.3665195076069996
hyperliquid,NEAR,20250804,2000,34,1.6345218053979775,-1.6746703415072408,-0.04014853610926326
hyperliquid,NEAR,20250804,5000,22,1.8753904005962836,0.06825745063969467,1.9436478512359783
hyperliquid,NEAR,20250804,10000,19,2.098184539840423,-0.48547292585550234,1.6127116139849202
hyperliquid,NEAR,20250805,100,33,1.1755153901629385,0.03138583607367338,1.206901226236612
hyperliquid,NEAR,20250805,250,33,1.1755153901629385,0.03138583607367338,1.206901226236612
hyperliquid,NEAR,20250805,500,36,1.200737688776419,-0.7947905969893864,0.4059470917870326
hyperliquid,NEAR,20250805,1000,40,1.4118958688584988,-1.5043833381345944,-0.09248746927609566
hyperliquid,NEAR,20250805,2000,31,1.6270425518028844,-1.3006022378061837,0.3264403139967011
hyperliquid,NEAR,20250805,5000,27,1.3771289075397588,-3.6151212353329853,-2.2379923277932265
hyperliquid,NEAR,20250805,10000,15,1.2929854829129979,-0.5551867838522905,0.7377986990607076
hyperliquid,NEAR,20250806,100,37,1.1045682755177655,-1.8449156001118698,-0.7403473245941042
hyperliquid,NEAR,20250806,250,38,1.0808958119132877,-2.3628530618865056,-1.2819572499732184
hyperliquid,NEAR,20250806,500,35,1.1506050134610648,-2.6719813798522516,-1.5213763663911875
hyperliquid,NEAR,20250806,1000,28,1.171582355280878,-1.2197345026136144,-0.04815214733273666
hyperliquid,NEAR,20250806,2000,22,1.82929854214146,-1.6059060337313893,0.22339250841007152
hyperliquid,NEAR,20250806,5000,14,2.183952352791064,-3.4525737910047365,-1.2686214382136716
hyperliquid,NEAR,20250806,10000,13,1.6104535069122066,-2.745496383326446,-1.1350428764142388
hyperliquid,NEAR,20250807,100,49,1.3302245604692853,-0.852540479851926,0.47768408061735906
hyperliquid,NEAR,20250807,250,49,1.3302245604692853,-0.852540479851926,0.47768408061735906
hyperliquid,NEAR,20250807,500,46,1.3620098225604502,-1.8322893883911202,-0.4702795658306696
hyperliquid,NEAR,20250807,1000,38,1.4982076171624263,-1.0374473794947483,0.46076023766767765
hyperliquid,NEAR,20250807,2000,24,1.543880801997527,-1.1300538878868969,0.41382691411063
hyperliquid,NEAR,20250807,5000,23,1.7193441050037295,-2.013527563570731,-0.29418345856700084
hyperliquid,NEAR,20250807,10000,21,1.6942713526259316,-0.2516585488184547,1.442612803807477
hyperliquid,NEAR,20250808,100,93,0.9780189838942214,-2.8718691012105824,-1.8938501173163615
hyperliquid,NEAR,20250808,250,90,0.9582176125789992,-2.8125600760213247,-1.8543424634423258
hyperliquid,NEAR,20250808,500,81,0.9015216737036988,-2.9885003658128877,-2.086978692109189
hyperliquid,NEAR,20250808,1000,70,0.8591357160204379,-4.299238420415056,-3.440102704394619
hyperliquid,NEAR,20250808,2000,60,0.8531890646797213,-0.9015971383068943,-0.048408073627172594
hyperliquid,NEAR,20250808,5000,52,1.372079429445736,-0.39311089693148804,0.9789685325142475
hyperliquid,NEAR,20250808,10000,42,1.0418630881421866,0.01563160932671015,1.0574946974688966
hyperliquid,NEAR,20250809,100,96,1.5577867563157066,-1.259517148155995,0.29826960815971143
hyperliquid,NEAR,20250809,250,96,1.5577867563157066,-1.259517148155995,0.29826960815971143
hyperliquid,NEAR,20250809,500,95,1.4288651250897335,-1.0302785422724632,0.39858658281727005
hyperliquid,NEAR,20250809,1000,75,1.5730820246178807,-0.8916756548658159,0.6814063697520646
hyperliquid,NEAR,20250809,2000,70,1.7984607631249638,-1.5921175812394048,0.2063431818855595
hyperliquid,NEAR,20250809,5000,46,1.733388525070322,-1.1166215065877878,0.6167670184825345
hyperliquid,NEAR,20250809,10000,39,1.3761279225523657,-0.8511894194860142,0.5249385030663514
hyperliquid,NEAR,20250810,100,48,1.1457486658640534,-1.4988902019686765,-0.35314153610462273
hyperliquid,NEAR,20250810,250,48,1.1457486658640534,-1.4988902019686765,-0.35314153610462273
hyperliquid,NEAR,20250810,500,45,1.1287447210540271,-1.3389924704218727,-0.2102477493678454
hyperliquid,NEAR,20250810,1000,40,1.210922083320601,-2.156437904265924,-0.945515820945323
hyperliquid,NEAR,20250810,2000,30,1.3608146673361396,-1.7303601001727542,-0.3695454328366141
hyperliquid,NEAR,20250810,5000,22,1.3419684491615018,-2.5990018515548474,-1.2570334023933458
hyperliquid,NEAR,20250810,10000,24,1.4469993401773091,-1.6877644088078851,-0.24076506863057578
hyperliquid,NEAR,20250811,100,49,0.9087560961295172,-2.6274051548577333,-1.7186490587282162
hyperliquid,NEAR,20250811,250,49,0.9087560961295172,-2.6274051548577333,-1.7186490587282162
hyperliquid,NEAR,20250811,500,49,0.7882335471489615,-2.3484928579663458,-1.5602593108173843
hyperliquid,NEAR,20250811,1000,42,0.9321291549074582,-3.049053718508492,-2.1169245636010334
hyperliquid,NEAR,20250811,2000,36,1.0223602098612352,-4.1731167101876,-3.1507565003263656
hyperliquid,NEAR,20250811,5000,28,1.174341219460686,-2.557825828213785,-1.3834846087530983
hyperliquid,NEAR,20250811,10000,27,1.132146668925549,-3.0077092739742497,-1.8755626050487009
hyperliquid,NEAR,20250812,100,60,1.5178271697119468,-2.7408911039691803,-1.2230639342572343
hyperliquid,NEAR,20250812,250,60,1.5178271697119468,-2.7408911039691803,-1.2230639342572343
hyperliquid,NEAR,20250812,500,64,1.4685014521182511,-3.059210574549157,-1.5907091224309053
hyperliquid,NEAR,20250812,1000,60,1.5806650213439735,-2.680231349186303,-1.099566327842329
hyperliquid,NEAR,20250812,2000,56,1.2503514276274474,-2.719400859121468,-1.4690494314940206
hyperliquid,NEAR,20250812,5000,39,1.5838925083491902,-1.5468998252717985,0.03699268307739166
hyperliquid,NEAR,20250812,10000,40,1.472499895059229,-0.4795561622101083,0.9929437328491209
hyperliquid,NEAR,20250813,100,144,1.6399035759955567,-0.8282766464975172,0.811626929498039
hyperliquid,NEAR,20250813,250,144,1.6399035759955567,-0.8282766464975172,0.811626929498039
hyperliquid,NEAR,20250813,500,136,1.6250469888585157,-0.7333484070034346,0.8916985818550808
hyperliquid,NEAR,20250813,1000,113,1.6421693173090428,-0.2940491906776304,1.3481201266314127
hyperliquid,NEAR,20250813,2000,107,1.6574193388470717,-0.30797850809677285,1.349440830750299
hyperliquid,NEAR,20250813,5000,87,1.7366464081363286,-0.8639393313358655,0.8727070768004637
hyperliquid,NEAR,20250813,10000,59,1.9625332220436582,-0.4346745779333399,1.5278586441103186
hyperliquid,NEAR,20250814,100,193,1.48473127463941,-2.516446057682539,-1.0317147830431288
hyperliquid,NEAR,20250814,250,194,1.4780113755589284,-2.3802718378013346,-0.9022604622424063
hyperliquid,NEAR,20250814,500,197,1.583845838806346,-2.3260902129870633,-0.7422443741807168
hyperliquid,NEAR,20250814,1000,167,1.4137034072472003,-2.65560801555437,-1.2419046083071692
hyperliquid,NEAR,20250814,2000,144,1.473662726473962,-2.334835308772594,-0.8611725822986318
hyperliquid,NEAR,20250814,5000,110,2.0131029494006283,-2.77203021637049,-0.7589272669698612
hyperliquid,NEAR,20250814,10000,74,1.6180861039623993,-2.6865546447762676,-1.0684685408138686
hyperliquid,NEAR,20250815,100,73,1.1462817170300827,-1.6831882405448557,-0.5369065235147727
hyperliquid,NEAR,20250815,250,73,1.1462817170300827,-1.6831882405448557,-0.5369065235147727
hyperliquid,NEAR,20250815,500,69,1.2225098929439484,-1.8913379348462336,-0.6688280419022852
hyperliquid,NEAR,20250815,1000,61,1.2703067701703878,-1.1776483855798114,0.09265838459057656
hyperliquid,NEAR,20250815,2000,49,1.4275538474226923,-1.794237383833909,-0.3666835364112163
hyperliquid,NEAR,20250815,5000,53,1.3534101356277943,-1.2300215503799818,0.12338858524781247
hyperliquid,NEAR,20250815,10000,50,1.3231715261691186,-1.4001111793268977,-0.0769396531577793
hyperliquid,NEAR,20250816,100,31,1.4053653924459508,0.23710941072112643,1.6424748031670773
hyperliquid,NEAR,20250816,250,31,1.4053653924459508,0.23710941072112643,1.6424748031670773
hyperliquid,NEAR,20250816,500,31,1.4166332002912292,0.22127210861216606,1.637905308903395
hyperliquid,NEAR,20250816,1000,28,1.2802380889085276,0.3086673285379589,1.5889054174464863
hyperliquid,NEAR,20250816,2000,26,1.322183657833577,0.4571835139176927,1.7793671717512698
hyperliquid,NEAR,20250816,5000,20,1.6821783581881593,-1.7284784632637413,-0.04630010507558258
hyperliquid,NEAR,20250816,10000,22,1.286381730304662,0.07041935638906391,1.3568010866937263
hyperliquid,NEAR,20250817,100,109,1.5289411813609266,-0.584583132146145,0.9443580492147812
hyperliquid,NEAR,20250817,250,109,1.5289411813609266,-0.584583132146145,0.9443580492147812
hyperliquid,NEAR,20250817,500,103,1.5970867542554728,-0.6517611346826141,0.9453256195728589
hyperliquid,NEAR,20250817,1000,99,1.6215112366199034,-0.4938084458170938,1.1277027908028097
hyperliquid,NEAR,20250817,2000,85,1.7306073278376883,-0.8586787617444724,0.871928566093216
hyperliquid,NEAR,20250817,5000,62,1.6097020587791813,-1.3817447745764766,0.22795728420270434
hyperliquid,NEAR,20250817,10000,47,1.626890689996606,-1.1917581231847467,0.4351325668118596
hyperliquid,NEAR,20250818,100,142,1.5010183152555923,-1.5196294817461506,-0.018611166490558318
hyperliquid,NEAR,20250818,250,142,1.5010183152555923,-1.5248849928722101,-0.02386667761661791
hyperliquid,NEAR,20250818,500,138,1.462743366850708,-1.5632454776588796,-0.10050211080817113
hyperliquid,NEAR,20250818,1000,121,1.669488641050861,-1.6708458148448455,-0.0013571737939850038
hyperliquid,NEAR,20250818,2000,111,1.5799295966415812,-0.9494657207769638,0.6304638758646166
hyperliquid,NEAR,20250818,5000,92,1.429022013223889,-0.39946870845562465,1.0295533047682652
hyperliquid,NEAR,20250818,10000,68,1.5296893498604758,-0.8392367782794031,0.6904525715810725
hyperliquid,NEAR,20250819,100,81,1.344452093942049,-3.284971147282621,-1.940519053340572
hyperliquid,NEAR,20250819,250,81,1.344452093942049,-3.2824970417160717,-1.9380449477740227
hyperliquid,NEAR,20250819,500,81,1.3617444230665359,-3.3199491843901923,-1.9582047613236555
hyperliquid,NEAR,20250819,1000,79,1.4955423131030945,-3.818438402128575,-2.32289608902548
hyperliquid,NEAR,20250819,2000,59,1.5227150366741877,-3.019634535041394,-1.4969194983672065
hyperliquid,NEAR,20250819,5000,46,1.4866899290140456,-3.837403134064344,-2.350713205050298
hyperliquid,NEAR,20250819,10000,39,1.178446325877709,-1.7500846096766272,-0.5716382837989177
hyperliquid,NEAR,20250820,100,66,1.376976133086176,-1.6350074413489815,-0.2580313082628048
hyperliquid,NEAR,20250820,250,66,1.376976133086176,-1.6350074413489815,-0.2580313082628048
hyperliquid,NEAR,20250820,500,59,1.3553485708270494,-1.1687127304368377,0.1866358403902122
hyperliquid,NEAR,20250820,1000,51,1.3789273137716538,-1.4712350044798561,-0.09230769070820226
hyperliquid,NEAR,20250820,2000,37,1.3378665268756738,-1.1057756241594514,0.2320909027162222
hyperliquid,NEAR,20250820,5000,37,1.312709333177382,-1.4741068403245898,-0.16139750714720774
hyperliquid,NEAR,20250820,10000,38,1.5917506279462674,0.5432514166420805,2.135002044588348
hyperliquid,OP,20250727,100,38,1.3717179534757047,-0.5639356288775775,0.807782324598127
hyperliquid,OP,20250727,250,38,1.3717179534757047,-0.5639356288775775,0.807782324598127
hyperliquid,OP,20250727,500,36,1.2870926277991688,-0.9507222500927947,0.33637037770637385
hyperliquid,OP,20250727,1000,24,1.601281910597562,-0.35208499299370344,1.2491969176038586
hyperliquid,OP,20250727,2000,21,1.4792481594590055,1.136052492138552,2.615300651597557
hyperliquid,OP,20250727,5000,10,1.7774385466892841,-0.7242850553931429,1.0531534912961409
hyperliquid,OP,20250727,10000,8,1.7002036949751982,0.19650146028513357,1.8967051552603318
hyperliquid,OP,20250728,100,505,2.100666363525037,1.5081364683261491,3.608802831851186
hyperliquid,OP,20250728,250,507,2.096844042527817,1.5142728225356303,3.611116865063447
hyperliquid,OP,20250728,500,493,2.0739319433916763,1.3108988560857937,3.384830799477471
hyperliquid,OP,20250728,1000,386,2.081492640615258,0.007191287944310188,2.0886839285595684
hyperliquid,OP,20250728,2000,284,2.0899609953266447,0.5011571696026508,2.5911181649292954
hyperliquid,OP,20250728,5000,171,2.178571546029972,1.9764825261855614,4.155054072215534
hyperliquid,OP,20250728,10000,116,1.7611314441380232,0.21913318256608105,1.9802646267041042
hyperliquid,OP,20250729,100,234,1.7891455894357642,-1.0174237650883087,0.7717218243474553
hyperliquid,OP,20250729,250,231,1.7991104916251832,-0.9463438511641531,0.8527666404610299
hyperliquid,OP,20250729,500,215,1.7985060457581943,-0.7429819136767158,1.0555241320814788
hyperliquid,OP,20250729,1000,169,1.8312700161756894,0.14268311931129823,1.973953135486988
hyperliquid,OP,20250729,2000,138,1.6853884233703726,-0.9534906949818713,0.7318977283885013
hyperliquid,OP,20250729,5000,92,1.7978549192860513,-0.7539425530100582,1.0439123662759933
hyperliquid,OP,20250729,10000,64,1.5246584766830904,-0.9632463139087926,0.5614121627742975
hyperliquid,OP,20250730,100,164,2.284670219165043,-2.9577487816109094,-0.6730785624458664
hyperliquid,OP,20250730,250,164,2.2755574909859044,-3.048998632958152,-0.7734411419722481
hyperliquid,OP,20250730,500,154,2.366581917975699,-3.0631614797386635,-0.696579561762964
hyperliquid,OP,20250730,1000,129,2.377107627857248,-3.7982063733982296,-1.4210987455409816
hyperliquid,OP,20250730,2000,107,2.1218908812965354,-3.373140206551644,-1.251249325255109
hyperliquid,OP,20250730,5000,70,2.664774522251064,-2.75610254072481,-0.0913280184737452
hyperliquid,OP,20250730,10000,52,1.723752583666843,-1.4166703730682753,0.30708221059856766
hyperliquid,OP,20250731,100,117,1.8294035891961613,-1.7989714521699098,0.03043213702625146
hyperliquid,OP,20250731,250,117,1.8294035891961613,-1.7989714521699098,0.03043213702625146
hyperliquid,OP,20250731,500,107,1.8122270444800797,-2.2205848910366073,-0.4083578465565274
hyperliquid,OP,20250731,1000,90,1.6663107629029663,-1.7299969478067279,-0.06368618490376192
hyperliquid,OP,20250731,2000,86,1.4082903639300475,-1.2464886282480439,0.16180173568200398
hyperliquid,OP,20250731,5000,51,1.341477024844451,-2.7549476354971185,-1.4134706106526675
hyperliquid,OP,20250731,10000,38,1.5499204438069203,-0.6143028712967107,0.9356175725102097
hyperliquid,OP,20250801,100,199,1.9779040895811586,-3.469274370039358,-1.491370280458199
hyperliquid,OP,20250801,250,195,1.8507366139478474,-3.3286127188988934,-1.4778761049510463
hyperliquid,OP,20250801,500,170,1.7990659181300446,-3.038444009784307,-1.2393780916542627
hyperliquid,OP,20250801,1000,146,1.703315694534215,-4.056877667803348,-2.3535619732691333
hyperliquid,OP,20250801,2000,117,1.5453000711943121,-3.5785278259344575,-2.033227754740146
hyperliquid,OP,20250801,5000,94,1.9756132335361696,-3.227518943187234,-1.2519057096510637
hyperliquid,OP,20250801,10000,67,1.7084824886784122,-1.7799051953833054,-0.07142270670489348
hyperliquid,OP,20250802,100,86,1.17866621464818,-1.2335622718409625,-0.05489605719278224
hyperliquid,OP,20250802,250,86,1.17866621464818,-1.2281828418130962,-0.049516627164916026
hyperliquid,OP,20250802,500,82,1.2206170558863176,-1.1008174608332448,0.119799595053073
hyperliquid,OP,20250802,1000,72,1.2396604489917182,-1.3648051171986222,-0.12514466820690368
hyperliquid,OP,20250802,2000,52,1.37081503988436,0.22342094813617033,1.5942359880205306
hyperliquid,OP,20250802,5000,36,1.4197042137847204,-0.6326464961522756,0.7870577176324449
hyperliquid,OP,20250802,10000,23,1.401538388614155,-1.1006358945357457,0.30090249407840947
hyperliquid,OP,20250803,100,86,1.2913205703202426,-0.5422390894741287,0.749081480846114
hyperliquid,OP,20250803,250,86,1.2913205703202426,-0.5422390894741287,0.749081480846114
hyperliquid,OP,20250803,500,82,1.2828429045349803,-0.7381169828235736,0.5447259217114064
hyperliquid,OP,20250803,1000,70,1.5892370723234792,-0.3490439066388459,1.2401931656846334
hyperliquid,OP,20250803,2000,48,1.6183116738229797,-0.5084432719306551,1.1098684018923244
hyperliquid,OP,20250803,5000,40,1.7279019097083563,-0.6295566204327316,1.098345289275625
hyperliquid,OP,20250803,10000,42,1.8477650001643087,-0.3544665552470816,1.4932984449172273
hyperliquid,OP,20250804,100,88,1.3816339104983415,-1.4464362590658064,-0.06480234856746507
hyperliquid,OP,20250804,250,88,1.3816339104983415,-1.4464362590658064,-0.06480234856746507
hyperliquid,OP,20250804,500,85,1.4850235933279847,-1.4193698926748337,0.0656537006531512
hyperliquid,OP,20250804,1000,79,1.5264561392766587,-1.5608635296245408,-0.03440739034788236
hyperliquid,OP,20250804,2000,53,1.513902284275122,-2.2248058821241483,-0.7109035978490263
hyperliquid,OP,20250804,5000,48,1.6257641071321236,-0.35179087150370103,1.2739732356284226
hyperliquid,OP,20250804,10000,28,1.5920640569653892,-0.3042780702914145,1.2877859866739747
hyperliquid,OP,20250805,100,88,1.3729675463158142,-1.1563171628393119,0.21665038347650226
hyperliquid,OP,20250805,250,87,1.3266748685356176,-0.6878796212806729,0.6387952472549445
hyperliquid,OP,20250805,500,82,1.3921644397027715,-0.49601637006473004,0.8961480696380415
hyperliquid,OP,20250805,1000,62,1.43324750724638,-0.617504345634934,0.8157431616114461
hyperliquid,OP,20250805,2000,56,1.2594059065704901,0.056684763320925306,1.3160906698914157
hyperliquid,OP,20250805,5000,41,1.177332652906067,-0.4047864116919071,0.77254624121416
hyperliquid,OP,20250805,10000,32,1.7139377491504135,-0.26366962507167746,1.450268124078736
hyperliquid,OP,20250806,100,59,1.2744326622025783,-2.0607293906332003,-0.7862967284306218
hyperliquid,OP,20250806,250,59,1.2744326622025783,-2.0607293906332003,-0.7862967284306218
hyperliquid,OP,20250806,500,55,1.241599149188791,-1.3527353110234344,-0.11113616183464321
hyperliquid,OP,20250806,1000,46,1.308357194932507,-1.4450680771730198,-0.13671088224051267
hyperliquid,OP,20250806,2000,37,1.3309220442262275,-0.9905732094013341,0.3403488348248938
hyperliquid,OP,20250806,5000,29,1.5196116312160208,-1.6803362985339074,-0.1607246673178871
hyperliquid,OP,20250806,10000,21,1.2383341035234043,-0.15231430317996145,1.0860198003434431
hyperliquid,OP,20250807,100,65,1.5165760921646831,-1.9093890618035818,-0.3928129696388985
hyperliquid,OP,20250807,250,64,1.4972671758274885,-1.5940482021557072,-0.09678102632821876
hyperliquid,OP,20250807,500,62,1.478594322496881,-1.2492757060740463,0.22931861642283471
hyperliquid,OP,20250807,1000,45,1.696251920139816,-0.7521121204840484,0.9441397996557673
hyperliquid,OP,20250807,2000,34,1.7463231660917504,-0.34911657472030994,1.3972065913714409
hyperliquid,OP,20250807,5000,37,1.4584126470446614,-1.1027150353592627,0.355697611685399
hyperliquid,OP,20250807,10000,21,1.3947538911284652,-0.691508485081165,0.7032454060473001
hyperliquid,OP,20250808,100,105,1.3358518223906883,-1.899815659966603,-0.563963837575914
hyperliquid,OP,20250808,250,103,1.269301738299085,-2.3455769357236598,-1.0762751974245748
hyperliquid,OP,20250808,500,97,1.3531181839579731,-1.9539702575256201,-0.6008520735676467
hyperliquid,OP,20250808,1000,82,1.3434744409635018,-2.111227436408405,-0.767752995444903
hyperliquid,OP,20250808,2000,75,1.3648525372450055,-2.1095771810839024,-0.7447246438388975
hyperliquid,OP,20250808,5000,47,1.327717111806276,-1.6176446900183057,-0.28992757821202975
hyperliquid,OP,20250808,10000,35,1.1836258896673804,-0.9341369794404313,0.24948891022694875
hyperliquid,OP,20250809,100,156,1.193308453170275,-1.1399509125021374,0.053357540668137624
hyperliquid,OP,20250809,250,156,1.193308453170275,-1.1399509125021374,0.053357540668137624
hyperliquid,OP,20250809,500,157,1.2550481202086416,-1.2699142819029512,-0.01486616169430927
hyperliquid,OP,20250809,1000,133,1.3556132952931919,-1.1766571935762384,0.17895610171695348
hyperliquid,OP,20250809,2000,105,1.4351628930743932,-0.7719406438330937,0.6632222492412995
hyperliquid,OP,20250809,5000,72,1.4413881332115759,-0.5210533678683003,0.9203347653432755
hyperliquid,OP,20250809,10000,61,1.0890722199689702,-0.8815305411151502,0.20754167885382024
hyperliquid,OP,20250810,100,126,1.603622559860451,-0.4063093032837744,1.197313256576677
hyperliquid,OP,20250810,250,126,1.603622559860451,-0.4063093032837744,1.197313256576677
hyperliquid,OP,20250810,500,121,1.5394561750885667,-0.15660817618030848,1.3828479989082585
hyperliquid,OP,20250810,1000,108,1.758411025979046,-1.2279858754391768,0.5304251505398689
hyperliquid,OP,20250810,2000,100,1.6815042958616953,-1.3694619304618145,0.3120423653998804
hyperliquid,OP,20250810,5000,84,1.626234987433764,-0.9650760458770062,0.6611589415567577
hyperliquid,OP,20250810,10000,53,1.974659858299257,-0.5839396330458159,1.3907202252534412
hyperliquid,OP,20250811,100,141,1.4147133494125312,0.5771938173678208,1.9919071667803516
hyperliquid,OP,20250811,250,141,1.4147133494125312,0.5771938173678208,1.9919071667803516
hyperliquid,OP,20250811,500,137,1.4795402166897746,0.8538746285028971,2.3334148451926717
hyperliquid,OP,20250811,1000,108,1.5980397946510971,-0.16225950404804867,1.4357802906030481
hyperliquid,OP,20250811,2000,93,1.4318483609297155,0.43955469302885136,1.871403053958567
hyperliquid,OP,20250811,5000,72,1.2884240901445405,-0.33761650115487124,0.9508075889896693
hyperliquid,OP,20250811,10000,39,1.1659345867654847,-1.1399332559147601,0.02600133085072444
hyperliquid,OP,20250812,100,192,1.3379027087928337,-2.473653130415771,-1.1357504216229377
hyperliquid,OP,20250812,250,192,1.3379027087928337,-2.473653130415771,-1.1357504216229377
hyperliquid,OP,20250812,500,184,1.3620738958093748,-2.5519141389449946,-1.1898402431356196
hyperliquid,OP,20250812,1000,142,1.3711188236390583,-2.527389160513246,-1.1562703368741876
hyperliquid,OP,20250812,2000,113,1.5418057099408162,-2.0036520404208096,-0.46184633047999346
hyperliquid,OP,20250812,5000,88,1.41508115923333,-2.5814968422496873,-1.1664156830163572
hyperliquid,OP,20250812,10000,66,1.436328649121511,-1.1692896628386473,0.26703898628286377
hyperliquid,OP,20250813,100,531,0.9667608576695942,-2.6676030219990188,-1.7008421643294243
hyperliquid,OP,20250813,250,530,0.9646822490092564,-2.6556166971274267,-1.690934448118171
hyperliquid,OP,20250813,500,530,0.9323680308357745,-2.63733135763512,-1.7049633267993451
hyperliquid,OP,20250813,1000,489,0.8845194024215531,-3.324605988483497,-2.440086586061944
hyperliquid,OP,20250813,2000,495,0.9949624541045905,-4.44918248071513,-3.4542200266105394
hyperliquid,OP,20250813,5000,424,0.8857074950816441,-4.434332228691499,-3.5486247336098558
hyperliquid,OP,20250813,10000,293,0.9009551041668737,-3.744159535392563,-2.84320443122569
hyperliquid,OP,20250814,100,291,1.7942327551987558,-2.1863485517636514,-0.392115796564896
hyperliquid,OP,20250814,250,291,1.7942327551987558,-2.1863485517636514,-0.392115796564896
hyperliquid,OP,20250814,500,276,1.776726534937949,-2.126226749919318,-0.34950021498136885
hyperliquid,OP,20250814,1000,218,1.72449453657769,-2.3094172369109778,-0.584922700333288
hyperliquid,OP,20250814,2000,181,1.5080567187214626,-2.6620601974272353,-1.1540034787057727
hyperliquid,OP,20250814,5000,142,1.61267812281333,-2.0971559298344147,-0.4844778070210839
hyperliquid,OP,20250814,10000,101,1.8748970824107112,-0.5924221960066596,1.2824748864040512
hyperliquid,OP,20250815,100,224,1.374326206855543,-0.14679307178259596,1.2275331350729468
hyperliquid,OP,20250815,250,224,1.374326206855543,-0.14679307178259596,1.2275331350729468
hyperliquid,OP,20250815,500,211,1.362305879266144,-0.45394008056331014,0.9083657987028336
hyperliquid,OP,20250815,1000,184,1.4226660848131663,-0.3580598319757167,1.0646062528374496
hyperliquid,OP,20250815,2000,132,1.395803467076825,0.26974667767303206,1.665550144749857
hyperliquid,OP,20250815,5000,102,1.4081924384105327,-0.06653991969776579,1.3416525187127668
hyperliquid,OP,20250815,10000,64,1.4801922838731174,-0.263644125039251,1.216548158833866
hyperliquid,OP,20250816,100,112,1.4703781039992714,-1.4450241008407916,0.02535400315847977
hyperliquid,OP,20250816,250,112,1.4703781039992714,-1.4450241008407916,0.02535400315847977
hyperliquid,OP,20250816,500,106,1.4973899352308215,-1.3124968148038745,0.18489312042694697
hyperliquid,OP,20250816,1000,96,1.571093684240739,-1.0922781710917497,0.4788155131489893
hyperliquid,OP,20250816,2000,87,1.4768987036019994,-1.2779908504944992,0.19890785310749984
hyperliquid,OP,20250816,5000,74,1.391807888166262,-0.7913326760854972,0.6004752120807647
hyperliquid,OP,20250816,10000,49,1.447007579532258,-0.4548117313287768,0.9921958482034814
hyperliquid,OP,20250817,100,165,1.0665391361794223,-1.884261031323474,-0.8177218951440519
hyperliquid,OP,20250817,250,165,1.0665391361794223,-1.884261031323474,-0.8177218951440519
hyperliquid,OP,20250817,500,165,1.1060798104086207,-1.9646016777522712,-0.8585218673436504
hyperliquid,OP,20250817,1000,147,1.1445347397433498,-2.504203274377407,-1.359668534634057
hyperliquid,OP,20250817,2000,115,1.2520272794835952,-2.460152551091686,-1.2081252716080912
hyperliquid,OP,20250817,5000,101,1.281610736984767,-2.7513867164216914,-1.4697759794369247
hyperliquid,OP,20250817,10000,81,1.2194246972134872,-3.2342909428966737,-2.014866245683186
hyperliquid,OP,20250818,100,173,1.4389605509272123,-0.8339821411935039,0.6049784097337085
hyperliquid,OP,20250818,250,173,1.4389605509272123,-0.8339821411935039,0.6049784097337085
hyperliquid,OP,20250818,500,162,1.4604021501623776,-0.5563101862317509,0.9040919639306264
hyperliquid,OP,20250818,1000,146,1.4114024995873367,-0.9932889381779257,0.41811356140941114
hyperliquid,OP,20250818,2000,132,1.53125705934652,-1.6045134599501873,-0.07325640060366712
hyperliquid,OP,20250818,5000,97,1.3453361861385613,-1.608388868396732,-0.2630526822581709
hyperliquid,OP,20250818,10000,77,1.4285734715107536,-0.38981341201475855,1.038760059495995
hyperliquid,OP,20250819,100,177,1.9865518418041226,-1.8937827529441906,0.09276908885993211
hyperliquid,OP,20250819,250,177,1.9865518418041226,-1.8929680739273107,0.09358376787681218
hyperliquid,OP,20250819,500,166,1.9064753563835584,-2.1593664685284404,-0.25289111214488236
hyperliquid,OP,20250819,1000,143,1.8856277957056475,-2.183548160819162,-0.29792036511351405
hyperliquid,OP,20250819,2000,131,1.718068972589254,-1.9009053196579215,-0.18283634706866775
hyperliquid,OP,20250819,5000,111,1.6925280687847581,-0.9601760371179543,0.7323520316668041
hyperliquid,OP,20250819,10000,74,1.5869569697737205,-1.6666416288817318,-0.07968465910801141
hyperliquid,OP,20250820,100,258,1.3496511241021345,-1.5671721558651688,-0.21752103176303447
hyperliquid,OP,20250820,250,256,1.3358444588434282,-1.6181218878371184,-0.28227742899369035
hyperliquid,OP,20250820,500,247,1.3195535104653895,-1.7752965434493506,-0.45574303298396124
hyperliquid,OP,20250820,1000,201,1.3029410579057374,-2.0381848568120837,-0.7352437989063463
hyperliquid,OP,20250820,2000,188,1.2002225188618725,-1.6543687875756183,-0.4541462687137458
hyperliquid,OP,20250820,5000,161,1.0980161579333152,-2.394632394329961,-1.2966162363966454
hyperliquid,OP,20250820,10000,136,1.3477246852846299,-1.5143259623995944,-0.16660127711496442
hyperliquid,SEI,20250727,100,183,1.456568777229981,-1.0269820586133809,0.42958671861660025
hyperliquid,SEI,20250727,250,183,1.456568777229981,-1.0269820586133809,0.42958671861660025
hyperliquid,SEI,20250727,500,178,1.4462839461474908,-1.1216375344842862,0.32464641166320485
hyperliquid,SEI,20250727,1000,134,1.5748557503901441,-0.5260533238537668,1.0488024265363773
hyperliquid,SEI,20250727,2000,108,1.462934885374299,-0.8053380156103994,0.6575968697638994
hyperliquid,SEI,20250727,5000,86,1.4614789176302467,-1.8701920758312411,-0.40871315820099396
hyperliquid,SEI,20250727,10000,77,1.3717122170339986,-1.927859201736271,-0.5561469847022724
hyperliquid,SEI,20250728,100,277,1.0721096574137858,-0.6891246425054832,0.38298501490830295
hyperliquid,SEI,20250728,250,276,1.0715864749633068,-0.6960291086513221,0.37555736631198455
hyperliquid,SEI,20250728,500,265,1.077242880716077,-0.6335585359387865,0.44368434477729046
hyperliquid,SEI,20250728,1000,225,1.083477675659446,-0.7866953510220868,0.2967823246373592
hyperliquid,SEI,20250728,2000,194,1.039872948788195,-0.7655769354084044,0.2742960133797907
hyperliquid,SEI,20250728,5000,177,1.0575766208506825,-0.550533775288029,0.5070428455626534
hyperliquid,SEI,20250728,10000,129,1.0752159062750135,-1.6679733627902489,-0.5927574565152354
hyperliquid,SEI,20250729,100,244,1.2794723555341498,-0.9561900645027824,0.3232822910313678
hyperliquid,SEI,20250729,250,243,1.2821338418361132,-0.9900690714258277,0.2920647704102858
hyperliquid,SEI,20250729,500,232,1.2650265016502873,-0.9868749235372809,0.27815157811300634
hyperliquid,SEI,20250729,1000,192,1.3096777824604187,-1.3068170890109503,0.002860693449468123
hyperliquid,SEI,20250729,2000,175,1.2684884908421257,-1.4925309541711915,-0.22404246332906577
hyperliquid,SEI,20250729,5000,120,1.3319766564456033,-0.7637983011568263,0.5681783552887771
hyperliquid,SEI,20250729,10000,100,1.3454459580004623,-2.350228433479855,-1.0047824754793933
hyperliquid,SEI,20250730,100,276,1.4851630478384195,-2.6768534913312187,-1.1916904434927988
hyperliquid,SEI,20250730,250,276,1.4851630478384195,-2.6768534913312187,-1.1916904434927988
hyperliquid,SEI,20250730,500,252,1.5133829155577612,-3.0085688539699795,-1.495185938412219
hyperliquid,SEI,20250730,1000,228,1.5610238084271613,-2.659189435041386,-1.0981656266142248
hyperliquid,SEI,20250730,2000,180,1.4211080542763288,-2.4600062265491913,-1.0388981722728625
hyperliquid,SEI,20250730,5000,157,1.4827977359227265,-1.8692139771935181,-0.38641624127079166
hyperliquid,SEI,20250730,10000,120,1.5889012722537599,-1.110087852977428,0.4788134192763317
hyperliquid,SEI,20250731,100,206,1.1148093891691317,-1.0286626351193777,0.08614675404975429
hyperliquid,SEI,20250731,250,204,1.114493610287043,-1.016955611503935,0.09753799878310812
hyperliquid,SEI,20250731,500,192,1.090711293919154,-1.2467203329402434,-0.15600903902108973
hyperliquid,SEI,20250731,1000,169,1.240809726931346,-0.91364662291943,0.32716310401191606
hyperliquid,SEI,20250731,2000,159,1.2417763330347542,-1.3668661786894956,-0.12508984565474146
hyperliquid,SEI,20250731,5000,136,1.1659943161336312,-1.3918916799738692,-0.22589736384023776
hyperliquid,SEI,20250731,10000,98,1.234609038287174,-1.3780386386814358,-0.1434296003942617
hyperliquid,SEI,20250801,100,579,1.4787519987548456,-1.6036813118726772,-0.12492931311783131
hyperliquid,SEI,20250801,250,572,1.4809519509646623,-1.5678833726268668,-0.0869314216622046
hyperliquid,SEI,20250801,500,522,1.4478962027547184,-1.766456044581736,-0.3185598418270179
hyperliquid,SEI,20250801,1000,438,1.4777392089675192,-1.8087787472535342,-0.3310395382860147
hyperliquid,SEI,20250801,2000,368,1.4738096306037802,-2.084821962884429,-0.6110123322806488
hyperliquid,SEI,20250801,5000,270,1.4957812343281203,-1.7342276594312582,-0.23844642510313796
hyperliquid,SEI,20250801,10000,198,1.484418180443601,-0.7495601070929903,0.7348580733506106
hyperliquid,SEI,20250802,100,175,1.4769408905633354,-0.9661289749894647,0.5108119155738708
hyperliquid,SEI,20250802,250,175,1.479318449029233,-1.1000444502342985,0.379273998794934
hyperliquid,SEI,20250802,500,169,1.5207166136760926,-0.5231748726800989,0.9975417409959938
hyperliquid,SEI,20250802,1000,160,1.4439559929894363,-0.7545153241584607,0.6894406688309755
hyperliquid,SEI,20250802,2000,141,1.429548803066403,-0.9540136451412364,0.4755351579251667
hyperliquid,SEI,20250802,5000,105,1.2399559754168015,-0.9832877540193259,0.25666822139747564
hyperliquid,SEI,20250802,10000,68,1.3646382561481751,-0.5774790201534012,0.7871592359947738
hyperliquid,SEI,20250803,100,127,0.9405137898214948,-1.3375321898627484,-0.3970184000412538
hyperliquid,SEI,20250803,250,127,0.9405137898214948,-1.3375321898627484,-0.3970184000412538
hyperliquid,SEI,20250803,500,121,0.8992466576163216,-1.3130349165839004,-0.4137882589675789
hyperliquid,SEI,20250803,1000,106,0.9687462587083836,-1.3346079790499832,-0.36586172034159975
hyperliquid,SEI,20250803,2000,88,0.9565415043594635,-0.7535288842976883,0.20301262006177537
hyperliquid,SEI,20250803,5000,86,0.8604451699481803,-0.8736988719297815,-0.013253701981601184
hyperliquid,SEI,20250803,10000,76,1.0215481522212546,-0.1956777913007942,0.8258703609204605
hyperliquid,SEI,20250804,100,204,1.4130255550073976,-0.7074073926667791,0.7056181623406182
hyperliquid,SEI,20250804,250,203,1.4084560991553845,-0.7058922007905412,0.7025638983648431
hyperliquid,SEI,20250804,500,191,1.404924967600749,-0.8149076194459581,0.5900173481547908
hyperliquid,SEI,20250804,1000,174,1.492618182724963,-0.8376677354371078,0.654950447287855
hyperliquid,SEI,20250804,2000,143,1.3840237398153425,-1.7733677154259213,-0.3893439756105789
hyperliquid,SEI,20250804,5000,123,1.3417586224351712,-0.2649886868967379,1.0767699355384333
hyperliquid,SEI,20250804,10000,102,1.4910446433731268,-0.2933863004247672,1.1976583429483596
hyperliquid,SEI,20250805,100,198,1.1506344572610199,-0.6113822228775246,0.539252234383495
hyperliquid,SEI,20250805,250,198,1.1447591788358567,-0.4291355219185067,0.7156236569173499
hyperliquid,SEI,20250805,500,190,1.0004282628347803,-0.10571061530716046,0.8947176475276192
hyperliquid,SEI,20250805,1000,140,1.229726589972158,-0.44875020693208595,0.7809763830400718
hyperliquid,SEI,20250805,2000,128,1.0942734531698206,-0.7956847247993519,0.2985887283704687
hyperliquid,SEI,20250805,5000,102,1.0020324225009016,-1.2444872459218166,-0.2424548234209149
hyperliquid,SEI,20250805,10000,72,1.1382625551728849,-0.4127174645722602,0.7255450906006249
hyperliquid,SEI,20250806,100,138,1.2980705189614072,-0.6701498520630392,0.6279206668983673
hyperliquid,SEI,20250806,250,138,1.2980705189614072,-0.6701498520630392,0.6279206668983673
hyperliquid,SEI,20250806,500,131,1.3308547575039116,-0.5187960035729227,0.8120587539309888
hyperliquid,SEI,20250806,1000,102,1.5090650303293018,-0.7913115412229709,0.7177534891063309
hyperliquid,SEI,20250806,2000,102,1.3766352578554213,-1.4578827596707462,-0.08124750181532485
hyperliquid,SEI,20250806,5000,80,1.3111035485018352,-1.5015773961004164,-0.19047384759858108
hyperliquid,SEI,20250806,10000,59,1.6172818469411396,-1.628320867283638,-0.011039020342498354
hyperliquid,SEI,20250807,100,175,1.3796219619639505,-0.9010168702588159,0.4786050917051348
hyperliquid,SEI,20250807,250,174,1.3739857683274246,-0.8083329421213032,0.5656528262061216
hyperliquid,SEI,20250807,500,171,1.3574267400913616,-0.7338841052432705,0.6235426348480914
hyperliquid,SEI,20250807,1000,136,1.4561539770291376,-0.6065469132754296,0.8496070637537084
hyperliquid,SEI,20250807,2000,116,1.2717046401192813,-0.7919026459393286,0.4798019941799528
hyperliquid,SEI,20250807,5000,88,1.4245641353774805,-0.9930356218044023,0.4315285135730782
hyperliquid,SEI,20250807,10000,89,1.2470373883182004,-0.9517270434005555,0.29531034491764485
hyperliquid,SEI,20250808,100,156,1.2325871971627447,-0.96424179927471,0.2683453978880347
hyperliquid,SEI,20250808,250,157,1.2318061698444485,-1.0126389479983982,0.21916722184604986
hyperliquid,SEI,20250808,500,150,1.240783178596749,-1.0407809710126146,0.20000220758413434
hyperliquid,SEI,20250808,1000,135,1.3301847354189553,-1.4472615972818763,-0.11707686186292082
hyperliquid,SEI,20250808,2000,120,1.4427742870916138,-0.7585425993115803,0.6842316877800335
hyperliquid,SEI,20250808,5000,100,1.283904694099283,-1.5558673807217147,-0.2719626866224317
hyperliquid,SEI,20250808,10000,79,1.5402420174112956,-0.9655666431334314,0.5746753742778637
hyperliquid,SEI,20250809,100,211,1.0676114111367205,-0.597700293272544,0.46991111786417666
hyperliquid,SEI,20250809,250,211,1.0676114111367205,-0.597700293272544,0.46991111786417666
hyperliquid,SEI,20250809,500,212,1.0765866519072675,-0.6066669772164144,0.46991967469085305
hyperliquid,SEI,20250809,1000,160,1.0884814405672116,-0.42037680773342256,0.6681046328337887
hyperliquid,SEI,20250809,2000,143,1.0698347116916422,-0.632999490523295,0.4368352211683475
hyperliquid,SEI,20250809,5000,117,1.0456304908381953,-0.37863859028433144,0.6669919005538635
hyperliquid,SEI,20250809,10000,102,1.2210086472076307,-0.402351800795791,0.8186568464118396
hyperliquid,SEI,20250810,100,180,1.0883168627266415,-0.7001189041283143,0.38819795859832723
hyperliquid,SEI,20250810,250,181,1.0866698165313715,-0.6779146764491045,0.40875514008226715
hyperliquid,SEI,20250810,500,176,1.1098437869862925,-0.6346278985578946,0.47521588842839807
hyperliquid,SEI,20250810,1000,159,1.1461963747464825,-0.975156322772877,0.17104005197360578
hyperliquid,SEI,20250810,2000,121,1.3489600045721861,-0.963158999648255,0.3858010049239315
hyperliquid,SEI,20250810,5000,115,1.2615768012641033,-0.6254946082543522,0.636082193009751
hyperliquid,SEI,20250810,10000,93,1.187770049994806,-1.0950595887506613,0.09271046124414446
hyperliquid,SEI,20250811,100,305,0.9537263091870638,-0.8595434010352132,0.09418290815185071
hyperliquid,SEI,20250811,250,303,0.9501988598133483,-0.9119911544359324,0.03820770537741592
hyperliquid,SEI,20250811,500,284,0.9378703730083938,-0.864482158617467,0.07338821439092685
hyperliquid,SEI,20250811,1000,238,1.0276277340566071,-0.3458362248640132,0.6817915091925938
hyperliquid,SEI,20250811,2000,203,1.133415585676767,-1.474524482852125,-0.34110889717535775
hyperliquid,SEI,20250811,5000,161,1.094831816691402,-0.8120443117431708,0.2827875049482311
hyperliquid,SEI,20250811,10000,122,1.0755541397742385,-1.2621288860914328,-0.1865747463171941
hyperliquid,SEI,20250812,100,169,1.1315992887983026,-1.2303334905875463,-0.09873420178924369
hyperliquid,SEI,20250812,250,169,1.1315992887983026,-1.2350629051720958,-0.10346361637379291
hyperliquid,SEI,20250812,500,162,1.1664132503470364,-1.4741743502112055,-0.30776109986416905
hyperliquid,SEI,20250812,1000,126,1.2093249500445018,-1.654370437182338,-0.44504548713783654
hyperliquid,SEI,20250812,2000,119,1.262365058273365,-1.1688458183542934,0.09351923991907216
hyperliquid,SEI,20250812,5000,82,1.0934975388677255,-0.14906221200995587,0.9444353268577699
hyperliquid,SEI,20250812,10000,61,1.064067047320578,-0.3355123066604095,0.7285547406601688
hyperliquid,SEI,20250813,100,385,1.3092170057618588,-0.7246523326214018,0.5845646731404569
hyperliquid,SEI,20250813,250,384,1.3079209501335247,-0.7441849789990803,0.5637359711344442
hyperliquid,SEI,20250813,500,356,1.3000473233000656,-0.8454494814048618,0.45459784189520414
hyperliquid,SEI,20250813,1000,332,1.3568595977762485,-1.5392068697705725,-0.18234727199432388
hyperliquid,SEI,20250813,2000,269,1.3479389503746753,-0.9043206576523654,0.44361829272231035
hyperliquid,SEI,20250813,5000,231,1.3716665935820105,-1.7275409254758045,-0.3558743318937942
hyperliquid,SEI,20250813,10000,148,1.1321804823602384,-1.2973663816279546,-0.16518589926771587
hyperliquid,SEI,20250814,100,368,1.4902711182368502,-1.6657020373928124,-0.17543091915596187
hyperliquid,SEI,20250814,250,367,1.4674480077797263,-1.7300395593020639,-0.2625915515223372
hyperliquid,SEI,20250814,500,359,1.473929218297002,-1.7854191267810233,-0.3114899084840212
hyperliquid,SEI,20250814,1000,292,1.4154723095819342,-1.9692880342258088,-0.5538157246438749
hyperliquid,SEI,20250814,2000,269,1.4313290641406837,-0.9292270915877571,0.5021019725529269
hyperliquid,SEI,20250814,5000,198,1.5019666527602547,-1.3440099343184686,0.15795671844178621
hyperliquid,SEI,20250814,10000,151,1.6391314030424173,-0.8667460788588777,0.7723853241835399
hyperliquid,SEI,20250815,100,231,1.2904170730793922,-2.026449298558825,-0.7360322254794327
hyperliquid,SEI,20250815,250,231,1.2904170730793922,-2.031191853695772,-0.7407747806163796
hyperliquid,SEI,20250815,500,216,1.2944192229369353,-1.486873956541391,-0.19245473360445595
hyperliquid,SEI,20250815,1000,183,1.231560192977748,-1.6684831755471878,-0.4369229825694399
hyperliquid,SEI,20250815,2000,169,1.2595855311700097,-1.360897686275194,-0.1013121551051839
hyperliquid,SEI,20250815,5000,128,1.1576049147865033,-1.8706599282569365,-0.7130550134704335
hyperliquid,SEI,20250815,10000,104,1.1162700316043677,-1.077221262828651,0.039048768775716815
hyperliquid,SEI,20250816,100,62,1.1002874273582293,-0.8848793025580451,0.21540812480018437
hyperliquid,SEI,20250816,250,62,1.1002874273582293,-0.8848793025580451,0.21540812480018437
hyperliquid,SEI,20250816,500,61,1.108069940173666,-0.9215579732851058,0.18651196688856053
hyperliquid,SEI,20250816,1000,57,1.2983368592238753,-1.75508612722603,-0.4567492680021546
hyperliquid,SEI,20250816,2000,42,1.4181108953168553,-1.330340030439842,0.08777086487701344
hyperliquid,SEI,20250816,5000,40,1.492850147167277,-2.087724895722789,-0.5948747485555118
hyperliquid,SEI,20250816,10000,32,1.3044245893007465,-0.5613131861985781,0.7431114031021683
hyperliquid,SEI,20250817,100,240,1.3765650395384927,-0.9955184163125183,0.3810466232259742
hyperliquid,SEI,20250817,250,240,1.3765650395384927,-0.9955184163125183,0.3810466232259742
hyperliquid,SEI,20250817,500,241,1.390769489492362,-0.8854570871840066,0.505312402308355
hyperliquid,SEI,20250817,1000,202,1.3928043925705942,-1.2144912481291306,0.17831314444146334
hyperliquid,SEI,20250817,2000,170,1.3634027239951254,-1.5789586058826588,-0.21555588188753322
hyperliquid,SEI,20250817,5000,114,1.3749453742478794,-0.8843740398152645,0.4905713344326153
hyperliquid,SEI,20250817,10000,93,1.3670116360053022,-0.988943524845774,0.37806811115952826
hyperliquid,SEI,20250818,100,328,1.0951390488216153,-1.9041977954010114,-0.809058746579396
hyperliquid,SEI,20250818,250,328,1.0951390488216153,-1.9041977954010114,-0.809058746579396
hyperliquid,SEI,20250818,500,311,1.0798269563268665,-1.757692679594342,-0.6778657232674756
hyperliquid,SEI,20250818,1000,268,1.1804236582796819,-2.076186403820692,-0.8957627455410101
hyperliquid,SEI,20250818,2000,243,1.1562060524631264,-2.008780799941511,-0.8525747474783848
hyperliquid,SEI,20250818,5000,176,1.2080033049844523,-2.1595425903302137,-0.9515392853457617
hyperliquid,SEI,20250818,10000,136,1.204402166756267,-1.3095644824269617,-0.10516231567069446
hyperliquid,SEI,20250819,100,219,1.0977369315361305,-1.7435575567964878,-0.6458206252603576
hyperliquid,SEI,20250819,250,218,1.1080182379595374,-1.784693661870032,-0.6766754239104946
hyperliquid,SEI,20250819,500,205,1.107174325358035,-1.941373845844239,-0.8341995204862039
hyperliquid,SEI,20250819,1000,169,1.146905755947573,-1.7837570402528518,-0.6368512843052789
hyperliquid,SEI,20250819,2000,147,1.2021957006733623,-2.103920992634233,-0.9017252919608707
hyperliquid,SEI,20250819,5000,109,1.2952042995662154,-2.1466033341558366,-0.8513990345896213
hyperliquid,SEI,20250819,10000,79,1.4206237987589876,-2.8026151928116816,-1.3819913940526938
hyperliquid,SEI,20250820,100,273,1.1007076336804822,-1.1924338888576447,-0.09172625517716228
hyperliquid,SEI,20250820,250,273,1.0963657447095885,-1.214306436177372,-0.11794069146778324
hyperliquid,SEI,20250820,500,256,1.1287375086274922,-1.1473490737445098,-0.018611565117017528
hyperliquid,SEI,20250820,1000,217,1.2441397625994364,-1.1487393464810232,0.095400416118413
hyperliquid,SEI,20250820,2000,187,1.1377556225027394,-1.526088856732778,-0.3883332342300385
hyperliquid,SEI,20250820,5000,139,1.19711963883016,-2.196685425036002,-0.9995657862058421
hyperliquid,SEI,20250820,10000,94,1.0962326749058566,-1.2741946280149203,-0.17796195310906385
hyperliquid,SOL,20250727,100,2495,0.301588928049905,-0.5684175025691166,-0.26682857451921166
hyperliquid,SOL,20250727,250,2495,0.301588928049905,-0.5683146420025604,-0.2667257139526555
hyperliquid,SOL,20250727,500,2446,0.30642563970942843,-0.5526690338700582,-0.2462433941606296
hyperliquid,SOL,20250727,1000,2043,0.3721711370620743,-0.6430686987217243,-0.27089756165965007
hyperliquid,SOL,20250727,2000,1608,0.358556284596951,-0.5393568369172719,-0.18080055232032088
hyperliquid,SOL,20250727,5000,1157,0.37426979206066274,-0.700540850482729,-0.3262710584220662
hyperliquid,SOL,20250727,10000,867,0.37710964119247353,-0.3916324150107376,-0.014522773818264084
hyperliquid,SOL,20250728,100,5428,0.31895685286559466,-0.7103311103436757,-0.3913742574780812
hyperliquid,SOL,20250728,250,5417,0.3191721924759854,-0.7071275956135759,-0.3879554031375904
hyperliquid,SOL,20250728,500,5192,0.32893098973416,-0.7121334543479689,-0.38320246461380914
hyperliquid,SOL,20250728,1000,4177,0.37420795010069524,-0.8005303775045842,-0.42632242740388887
hyperliquid,SOL,20250728,2000,3171,0.37936130178762856,-0.7753951202985888,-0.39603381851096026
hyperliquid,SOL,20250728,5000,2050,0.37891724232796237,-0.693036603482244,-0.31411936115428174
hyperliquid,SOL,20250728,10000,1526,0.3751859433135787,-0.7166440454379153,-0.3414581021243367
hyperliquid,SOL,20250729,100,4132,0.35878504527424687,-0.7409032909467812,-0.3821182456725343
hyperliquid,SOL,20250729,250,4120,0.3596208990769355,-0.7387093190528007,-0.3790884199758652
hyperliquid,SOL,20250729,500,3969,0.3680778546237278,-0.7630626921544694,-0.39498483753074154
hyperliquid,SOL,20250729,1000,3249,0.42259796308389924,-0.7563155812874617,-0.33371761820356255
hyperliquid,SOL,20250729,2000,2437,0.4332114127863142,-0.6368759059249084,-0.2036644931385941
hyperliquid,SOL,20250729,5000,1664,0.4331805349675843,-0.6689703307999806,-0.23578979583239626
hyperliquid,SOL,20250729,10000,1197,0.42918053396580486,-0.32367539057410033,0.10550514339170446
hyperliquid,SOL,20250730,100,4172,0.46182870652389063,-0.8393607875088565,-0.3775320809849656
hyperliquid,SOL,20250730,250,4161,0.4632282751631277,-0.8491570929404141,-0.3859288177772863
hyperliquid,SOL,20250730,500,3965,0.47802242579303095,-0.8178189997828732,-0.3397965739898422
hyperliquid,SOL,20250730,1000,3223,0.5414195222037176,-0.82497707782308,-0.28355755561936236
hyperliquid,SOL,20250730,2000,2485,0.5318499334246446,-0.7640439379953957,-0.23219400457075115
hyperliquid,SOL,20250730,5000,1661,0.5437093405776737,-0.5576644917092204,-0.01395515113154655
hyperliquid,SOL,20250730,10000,1189,0.5531987629710106,-0.12664793144762757,0.4265508315233829
hyperliquid,SOL,20250731,100,5090,0.35865868656800903,-0.8327848898688568,-0.47412620330084787
hyperliquid,SOL,20250731,250,5075,0.3594979032953952,-0.8274761062833503,-0.4679782029879551
hyperliquid,SOL,20250731,500,4866,0.37194145083143304,-0.8349354820126627,-0.4629940311812296
hyperliquid,SOL,20250731,1000,4013,0.43606857779192587,-0.8804707805911168,-0.4444022027991911
hyperliquid,SOL,20250731,2000,3100,0.436867965592202,-0.8202189093844575,-0.38335094379225554
hyperliquid,SOL,20250731,5000,2078,0.43007307411144097,-0.7227445026282836,-0.29267142851684264
hyperliquid,SOL,20250731,10000,1480,0.4371659932136521,-0.43266194527497853,0.00450404793867361
hyperliquid,SOL,20250801,100,7668,0.40543025291438534,-0.8948817226195561,-0.48945146970517084
hyperliquid,SOL,20250801,250,7643,0.4049222318306572,-0.9036154581993199,-0.49869322636866265
hyperliquid,SOL,20250801,500,7087,0.42295714804466233,-0.9323211796766653,-0.5093640316320031
hyperliquid,SOL,20250801,1000,5677,0.47254025396212407,-0.982889167580133,-0.510348913618009
hyperliquid,SOL,20250801,2000,4126,0.46739311007932177,-1.0338244370098852,-0.5664313269305637
hyperliquid,SOL,20250801,5000,2606,0.46595980714869095,-0.8797399398497304,-0.4137801327010396
hyperliquid,SOL,20250801,10000,1831,0.4605208903859639,-0.5066027266352743,-0.046081836249310434
hyperliquid,SOL,20250802,100,3373,0.3725503918659457,-0.846768885704694,-0.4742184938387483
hyperliquid,SOL,20250802,250,3369,0.37418250500075867,-0.8466222724826804,-0.4724397674819217
hyperliquid,SOL,20250802,500,3226,0.38271361899516454,-0.7900358128213496,-0.4073221938261852
hyperliquid,SOL,20250802,1000,2671,0.4426081108274271,-0.8097238415047918,-0.3671157306773647
hyperliquid,SOL,20250802,2000,2005,0.45116725420329107,-0.7017620241511832,-0.25059476994789215
hyperliquid,SOL,20250802,5000,1362,0.4343650026455377,-0.6455019494995068,-0.21113694685396917
hyperliquid,SOL,20250802,10000,954,0.4524873237366199,-0.2432106790893662,0.2092766446472536
hyperliquid,SOL,20250803,100,2420,0.34682018404155085,-0.6010071997276153,-0.25418701568606444
hyperliquid,SOL,20250803,250,2419,0.3459301940674346,-0.601656163735425,-0.2557259696679903
hyperliquid,SOL,20250803,500,2339,0.3575417147982385,-0.6180539743755393,-0.2605122595773008
hyperliquid,SOL,20250803,1000,2006,0.4248858771471115,-0.6233494021483948,-0.1984635250012834
hyperliquid,SOL,20250803,2000,1616,0.42058004281598893,-0.5959135115487254,-0.17533346873273642
hyperliquid,SOL,20250803,5000,1136,0.4221373952050786,-0.5926501401230914,-0.17051274491801274
hyperliquid,SOL,20250803,10000,888,0.4298860664446412,-0.3378248930253694,0.09206117341927186
hyperliquid,SOL,20250804,100,3383,0.3563318182818495,-0.6459168398059701,-0.28958502152412063
hyperliquid,SOL,20250804,250,3380,0.3573696341171387,-0.645615023191773,-0.28824538907463426
hyperliquid,SOL,20250804,500,3238,0.3685377871973723,-0.6604544592018973,-0.2919166720045249
hyperliquid,SOL,20250804,1000,2781,0.43497384776878706,-0.6845533163905493,-0.24957946862176228
hyperliquid,SOL,20250804,2000,2144,0.43998790611566035,-0.6037179194581638,-0.1637300133425033
hyperliquid,SOL,20250804,5000,1478,0.4441937514762997,-0.4579972769540567,-0.013803525477756996
hyperliquid,SOL,20250804,10000,1145,0.4344977212937006,-0.2817912211314702,0.15270650016223045
hyperliquid,SOL,20250805,100,3772,0.36330932916163966,-0.4787092492156504,-0.11539992005401081
hyperliquid,SOL,20250805,250,3766,0.3632500291321668,-0.46521658785295683,-0.10196655872078998
hyperliquid,SOL,20250805,500,3577,0.37253624174253436,-0.47057076746982285,-0.0980345257272884
hyperliquid,SOL,20250805,1000,3008,0.44104662563461833,-0.6058014446701535,-0.16475481903553527
hyperliquid,SOL,20250805,2000,2270,0.43693270218965347,-0.505455427109427,-0.0685227249197736
hyperliquid,SOL,20250805,5000,1548,0.4326216463683361,-0.5519745739159398,-0.1193529275476036
hyperliquid,SOL,20250805,10000,1116,0.4323731192612682,-0.41142426368389495,0.020948855577373342
hyperliquid,SOL,20250806,100,2663,0.3668630136588285,-0.5800898137577813,-0.21322680009895278
hyperliquid,SOL,20250806,250,2663,0.36721655192734903,-0.5810694498323618,-0.21385289790501263
hyperliquid,SOL,20250806,500,2564,0.37243560294009015,-0.6051533077210023,-0.23271770478091222
hyperliquid,SOL,20250806,1000,2088,0.43378419866221124,-0.6396207352219405,-0.2058365365597294
hyperliquid,SOL,20250806,2000,1667,0.42736871569787277,-0.5080653443658671,-0.08069662866799429
hyperliquid,SOL,20250806,5000,1168,0.42003192856001786,-0.4531001393189825,-0.033068210758964565
hyperliquid,SOL,20250806,10000,827,0.3960295198972381,-0.3506313969478072,0.04539812294943082
hyperliquid,SOL,20250807,100,3830,0.3413670815207987,-0.509233203321257,-0.16786612180045823
hyperliquid,SOL,20250807,250,3826,0.3414929157695604,-0.5065977369331317,-0.16510482116357128
hyperliquid,SOL,20250807,500,3694,0.34904633270732616,-0.541050421886213,-0.1920040891788869
hyperliquid,SOL,20250807,1000,3125,0.41569856054605875,-0.6527682404621298,-0.237069679916071
hyperliquid,SOL,20250807,2000,2444,0.4219213480754292,-0.7203754423100291,-0.2984540942346
hyperliquid,SOL,20250807,5000,1767,0.4351645432718632,-0.6934136775183448,-0.25824913424648155
hyperliquid,SOL,20250807,10000,1339,0.4298924318591086,-0.3080467707895166,0.121845661069592
hyperliquid,SOL,20250808,100,4184,0.3327792513575523,-0.9125517774220401,-0.5797725260644877
hyperliquid,SOL,20250808,250,4175,0.33315861078999187,-0.9116430702104791,-0.5784844594204871
hyperliquid,SOL,20250808,500,4007,0.3436459370876484,-0.9364033012152573,-0.5927573641276088
hyperliquid,SOL,20250808,1000,3364,0.407584761361909,-1.0389896513030397,-0.6314048899411308
hyperliquid,SOL,20250808,2000,2602,0.4094377236225641,-0.9496255715764131,-0.5401878479538491
hyperliquid,SOL,20250808,5000,1824,0.4102516906238297,-0.6884330008592976,-0.27818131023546805
hyperliquid,SOL,20250808,10000,1310,0.41419480183242485,-0.49103269703868846,-0.07683789520626352
hyperliquid,SOL,20250809,100,3364,0.32668512612688494,-0.6449214134988489,-0.3182362873719639
hyperliquid,SOL,20250809,250,3364,0.32668512612688494,-0.6449214134988489,-0.3182362873719639
hyperliquid,SOL,20250809,500,3273,0.3350020222311686,-0.6383546966903069,-0.30335267445913827
hyperliquid,SOL,20250809,1000,2782,0.38566311821426374,-0.6903469050903721,-0.3046837868761084
hyperliquid,SOL,20250809,2000,2156,0.38608871390746874,-0.673268405669784,-0.2871796917623153
hyperliquid,SOL,20250809,5000,1516,0.38899632358475383,-0.7024463266585791,-0.31345000307382515
hyperliquid,SOL,20250809,10000,1166,0.38291523473919253,-0.41621829134746946,-0.03330305660827699
hyperliquid,SOL,20250810,100,3606,0.3284005914652566,-0.7585547512808624,-0.4301541598156058
hyperliquid,SOL,20250810,250,3607,0.3286194485286777,-0.7600443319848404,-0.4314248834561627
hyperliquid,SOL,20250810,500,3488,0.34031860336211267,-0.7952714663735594,-0.45495286301144683
hyperliquid,SOL,20250810,1000,2869,0.39497214829058325,-0.8236919849248143,-0.4287198366342311
hyperliquid,SOL,20250810,2000,2194,0.3920344849011696,-0.7585165429847276,-0.36648205808355805
hyperliquid,SOL,20250810,5000,1528,0.391582023159582,-0.5838157552337664,-0.19223373207418434
hyperliquid,SOL,20250810,10000,1124,0.38196019082969096,-0.35652934799766,0.02543084283203101
hyperliquid,SOL,20250811,100,4900,0.3332813981466482,-0.6485111220570299,-0.31522972391038173
hyperliquid,SOL,20250811,250,4894,0.3333949835901484,-0.645364165032852,-0.3119691814427035
hyperliquid,SOL,20250811,500,4706,0.34483791007660997,-0.6611586008311865,-0.3163206907545765
hyperliquid,SOL,20250811,1000,3919,0.4139679277801008,-0.6878695293868096,-0.27390160160670873
hyperliquid,SOL,20250811,2000,2994,0.41229350403217374,-0.6884034739251402,-0.2761099698929665
hyperliquid,SOL,20250811,5000,2086,0.420338638965611,-0.6553385242547253,-0.23499988528911422
hyperliquid,SOL,20250811,10000,1539,0.4288400506192639,-0.34015165727857327,0.08868839334069056
hyperliquid,SOL,20250812,100,4608,0.3392033034414799,-0.5094106314540147,-0.17020732801253474
hyperliquid,SOL,20250812,250,4607,0.3392753024868099,-0.5111505170580061,-0.17187521457119626
hyperliquid,SOL,20250812,500,4424,0.3449898656896548,-0.5257574117148415,-0.1807675460251866
hyperliquid,SOL,20250812,1000,3602,0.4144868090098823,-0.5683923335327595,-0.15390552452287717
hyperliquid,SOL,20250812,2000,2659,0.4143308781247423,-0.5123056470252426,-0.09797476890050032
hyperliquid,SOL,20250812,5000,1811,0.42120505783201817,-0.35417500999653767,0.06703004783548047
hyperliquid,SOL,20250812,10000,1303,0.44511992748799595,-0.3268988539038067,0.11822107358418944
hyperliquid,SOL,20250813,100,7247,0.33034577740193605,-0.8023846806889501,-0.47203890328701403
hyperliquid,SOL,20250813,250,7247,0.33048732252618096,-0.8001418070496654,-0.4696544845234844
hyperliquid,SOL,20250813,500,6898,0.3389245634897295,-0.8253358216611448,-0.4864112581714154
hyperliquid,SOL,20250813,1000,5567,0.4100971964909745,-0.8814252114882819,-0.47132801499730764
hyperliquid,SOL,20250813,2000,4092,0.42007672349671205,-0.8839021092809656,-0.4638253857842534
hyperliquid,SOL,20250813,5000,2791,0.40489582399119756,-0.740687112082583,-0.33579128809138564
hyperliquid,SOL,20250813,10000,1905,0.4187410653520474,-0.6470169966500773,-0.22827593129802973
hyperliquid,SOL,20250814,100,9792,0.47195865032842005,-0.8521332365612767,-0.3801745862328567
hyperliquid,SOL,20250814,250,9786,0.4709974102695351,-0.8678594646147051,-0.3968620543451699
hyperliquid,SOL,20250814,500,9299,0.4796626791539478,-0.9023940883149785,-0.4227314091610308
hyperliquid,SOL,20250814,1000,7284,0.5224267668497238,-0.9757929904291173,-0.45336622357939355
hyperliquid,SOL,20250814,2000,5277,0.5279453069448966,-0.8349207640598744,-0.30697545711497787
hyperliquid,SOL,20250814,5000,3342,0.4915279339746032,-0.953766533191701,-0.462238599217098
hyperliquid,SOL,20250814,10000,2263,0.49394296642584645,-0.5792506927086926,-0.08530772628284608
hyperliquid,SOL,20250815,100,5210,0.34254729996359645,-0.8229051209688913,-0.48035782100529484
hyperliquid,SOL,20250815,250,5207,0.34361982365219335,-0.8252256869261487,-0.4816058632739552
hyperliquid,SOL,20250815,500,4945,0.35309095074771973,-0.8474508514651474,-0.4943599007174278
hyperliquid,SOL,20250815,1000,3924,0.41949655948777154,-0.8700964588408715,-0.4505998993531001
hyperliquid,SOL,20250815,2000,2879,0.42012243555499085,-0.8509323687079607,-0.43080993315296995
hyperliquid,SOL,20250815,5000,1882,0.4167078128679881,-0.605338359781438,-0.18863054691344988
hyperliquid,SOL,20250815,10000,1307,0.4252691753031518,-0.2788279725555562,0.1464412027475957
hyperliquid,SOL,20250816,100,2477,0.29573163451534296,-0.5488728380448782,-0.2531412035295353
hyperliquid,SOL,20250816,250,2478,0.29711463635365915,-0.5586312010082318,-0.2615165646545726
hyperliquid,SOL,20250816,500,2426,0.30081354092463497,-0.571225009266723,-0.27041146834208807
hyperliquid,SOL,20250816,1000,2050,0.36594629896401026,-0.5124316016602964,-0.1464853026962862
hyperliquid,SOL,20250816,2000,1575,0.3669056859205171,-0.4758493574089678,-0.1089436714884508
hyperliquid,SOL,20250816,5000,1066,0.38341779650819197,-0.4560601629857237,-0.07264236647753168
hyperliquid,SOL,20250816,10000,844,0.3751216693543059,-0.26381845141798477,0.11130321793632107
hyperliquid,SOL,20250817,100,2822,0.29958284037529115,-0.4624281481565843,-0.16284530778129305
hyperliquid,SOL,20250817,250,2821,0.29959732365153285,-0.4653434950871375,-0.16574617143560474
hyperliquid,SOL,20250817,500,2752,0.30483174578650424,-0.40853985369192947,-0.10370810790542523
hyperliquid,SOL,20250817,1000,2314,0.37186877925888845,-0.5296577146978404,-0.15778893543895198
hyperliquid,SOL,20250817,2000,1836,0.3742016875544484,-0.45483052705069404,-0.08062883949624572
hyperliquid,SOL,20250817,5000,1349,0.37133859535434893,-0.38559940592885167,-0.014260810574502746
hyperliquid,SOL,20250817,10000,1012,0.3728810460386333,-0.21301970606023912,0.15986133997839425
hyperliquid,SOL,20250818,100,4134,0.32472489651574815,-0.4418296716553969,-0.11710477513964876
hyperliquid,SOL,20250818,250,4127,0.32494360656474597,-0.45133139509790016,-0.12638778853315413
hyperliquid,SOL,20250818,500,3953,0.3392520517415069,-0.4741977584444071,-0.13494570670290024
hyperliquid,SOL,20250818,1000,3267,0.39299051778026084,-0.5795720423766398,-0.186581524596379
hyperliquid,SOL,20250818,2000,2471,0.39296533160183733,-0.5593548131498639,-0.16638948154802663
hyperliquid,SOL,20250818,5000,1687,0.3937050065168744,-0.5494889719244292,-0.15578396540755488
hyperliquid,SOL,20250818,10000,1180,0.3870919411622352,-0.3326414341379642,0.05445050702427101
hyperliquid,SOL,20250819,100,4759,0.33639200166100414,-0.9014871272603217,-0.5650951255993176
hyperliquid,SOL,20250819,250,4755,0.3378938388033579,-0.8846254015555397,-0.546731562752182
hyperliquid,SOL,20250819,500,4537,0.3488179246895972,-0.8578233782618901,-0.5090054535722929
hyperliquid,SOL,20250819,1000,3737,0.4231396070448281,-0.8706590565855022,-0.4475194495406742
hyperliquid,SOL,20250819,2000,2826,0.42224814458263066,-0.7695981188558493,-0.34734997427321856
hyperliquid,SOL,20250819,5000,1875,0.4478935970826745,-0.8226213453325595,-0.37472774824988486
hyperliquid,SOL,20250819,10000,1368,0.4251414894354805,-0.41792464540997754,0.007216844025503094
hyperliquid,SOL,20250820,100,3879,0.33734014325040745,-0.6520891328161631,-0.3147489895657556
hyperliquid,SOL,20250820,250,3875,0.33720560024912993,-0.6514277073982734,-0.31422210714914345
hyperliquid,SOL,20250820,500,3692,0.35163206615835474,-0.6390563341406419,-0.28742426798228726
hyperliquid,SOL,20250820,1000,3032,0.4124375337355437,-0.7170215060916072,-0.3045839723560636
hyperliquid,SOL,20250820,2000,2250,0.3998564435059727,-0.5909630866717328,-0.19110664316576
hyperliquid,SOL,20250820,5000,1577,0.4199961136857362,-0.48693702083756796,-0.06694090715183164
hyperliquid,SOL,20250820,10000,1101,0.4086109326421296,-0.32803183318056317,0.08057909946156647
hyperliquid,SUI,20250727,100,2318,0.3179119599101571,-0.5477539077062045,-0.22984194779604747
hyperliquid,SUI,20250727,250,2316,0.31632007552757474,-0.5579633399352353,-0.24164326440766037
hyperliquid,SUI,20250727,500,2261,0.3282209725916401,-0.510700061598607,-0.182479089006967
hyperliquid,SUI,20250727,1000,1761,0.4737239224069988,-0.6310092896052203,-0.15728536719822153
hyperliquid,SUI,20250727,2000,1272,0.5017086155033716,-0.8517397873562526,-0.35003117185288096
hyperliquid,SUI,20250727,5000,886,0.5173221746294747,-0.7388418188823362,-0.22151964425286133
hyperliquid,SUI,20250727,10000,607,0.5179212159321397,-0.49686976726049825,0.021051448671641482
hyperliquid,SUI,20250728,100,3066,0.3089846699160259,-0.5283115240519803,-0.21932685413595449
hyperliquid,SUI,20250728,250,3063,0.3095460176058578,-0.5358434413671406,-0.22629742376128276
hyperliquid,SUI,20250728,500,2924,0.31556609707113337,-0.5613222529354169,-0.24575615586428362
hyperliquid,SUI,20250728,1000,2319,0.42105478754974646,-0.8003296380776622,-0.37927485052791576
hyperliquid,SUI,20250728,2000,1827,0.47646184620383597,-0.7937197754058612,-0.3172579292020254
hyperliquid,SUI,20250728,5000,1229,0.48714963722314003,-1.0091390040485466,-0.5219893668254065
hyperliquid,SUI,20250728,10000,885,0.4861658634373288,-0.7079304158830639,-0.22176455244573504
hyperliquid,SUI,20250729,100,2463,0.696462763139595,-0.3598435582788841,0.33661920486071106
hyperliquid,SUI,20250729,250,2460,0.6970945123106402,-0.36078312802533097,0.33631138428530943
hyperliquid,SUI,20250729,500,2361,0.7242926098406147,-0.4006979974026357,0.3235946124379791
hyperliquid,SUI,20250729,1000,1887,0.804821404100552,-0.4677278594810511,0.33709354461950086
hyperliquid,SUI,20250729,2000,1590,0.9079151338384727,-0.5673962462175979,0.3405188876208749
hyperliquid,SUI,20250729,5000,1098,0.7758511970340917,-0.5320081092741966,0.24384308775989494
hyperliquid,SUI,20250729,10000,733,0.821414835292548,-0.44270803727195174,0.3787067980205963
hyperliquid,SUI,20250730,100,1078,0.626665106334841,-1.016910791405148,-0.39024568507030716
hyperliquid,SUI,20250730,250,1075,0.6277920804738285,-1.0039362278774517,-0.37614414740362323
hyperliquid,SUI,20250730,500,1018,0.6347689931868249,-0.9426798362102212,-0.3079108430233962
hyperliquid,SUI,20250730,1000,836,0.6532475654027952,-0.9623434882902484,-0.3090959228874535
hyperliquid,SUI,20250730,2000,671,0.6419687945914204,-0.9777838315030302,-0.3358150369116095
hyperliquid,SUI,20250730,5000,459,0.7634729760836192,-0.77679143830952,-0.013318462225900747
hyperliquid,SUI,20250730,10000,320,0.5591222096945682,-0.4643073899493452,0.0948148197452229
hyperliquid,SUI,20250731,100,1408,0.3899699216736761,-0.2837892262716019,0.1061806954020742
hyperliquid,SUI,20250731,250,1408,0.38977142480492427,-0.2716332309752533,0.118138193829671
hyperliquid,SUI,20250731,500,1352,0.40606576871284156,-0.3631418141536397,0.04292395455920185
hyperliquid,SUI,20250731,1000,1134,0.4697049987473708,-0.33739684567761546,0.13230815306975535
hyperliquid,SUI,20250731,2000,904,0.5094377328067842,-0.5603218868192936,-0.05088415401250958
hyperliquid,SUI,20250731,5000,616,0.5498304387775911,-0.5529465422332815,-0.003116103455690561
hyperliquid,SUI,20250731,10000,423,0.501223706134953,-0.24751498634674393,0.25370871978820897
hyperliquid,SUI,20250801,100,2436,0.5729539740558733,-1.3484200927855987,-0.7754661187297253
hyperliquid,SUI,20250801,250,2430,0.5744405370388301,-1.3331930996233001,-0.75875256258447
hyperliquid,SUI,20250801,500,2249,0.5738351700986445,-1.2339430405742935,-0.660107870475649
hyperliquid,SUI,20250801,1000,1822,0.6515650899451034,-1.1088182749174147,-0.45725318497231127
hyperliquid,SUI,20250801,2000,1456,0.6650209265381246,-1.2665296411801366,-0.6015087146420123
hyperliquid,SUI,20250801,5000,962,0.6443719998437855,-1.1383784682846874,-0.49400646844090196
hyperliquid,SUI,20250801,10000,611,0.651552021538912,-1.1207729123974164,-0.46922089085850427
hyperliquid,SUI,20250802,100,914,0.42060695613834215,-0.7333674922371751,-0.31276053609883286
hyperliquid,SUI,20250802,250,914,0.4150564336879802,-0.7351745625922284,-0.32011812890424796
hyperliquid,SUI,20250802,500,867,0.42941530763404406,-0.6384794786277008,-0.20906417099365687
hyperliquid,SUI,20250802,1000,689,0.5431717961336535,-1.1943417802989758,-0.6511699841653221
hyperliquid,SUI,20250802,2000,578,0.5213750465543374,-0.9571385411199302,-0.4357634945655928
hyperliquid,SUI,20250802,5000,394,0.6297799048093862,-1.3782555034035244,-0.7484755985941385
hyperliquid,SUI,20250802,10000,282,0.5454953490400846,-0.962655946262809,-0.41716059722272436
hyperliquid,SUI,20250803,100,566,0.3292101974242694,-0.31937292432604136,0.009837273098227928
hyperliquid,SUI,20250803,250,566,0.3292101974242694,-0.31937292432604136,0.009837273098227928
hyperliquid,SUI,20250803,500,545,0.33467598429356255,-0.41408371711649794,-0.07940773282293537
hyperliquid,SUI,20250803,1000,433,0.40880699404005205,-0.4547558844157983,-0.04594889037574616
hyperliquid,SUI,20250803,2000,348,0.4319139149352741,-0.6924212898035359,-0.26050737486826175
hyperliquid,SUI,20250803,5000,249,0.44614099320992584,-0.6158209779383005,-0.16967998472837462
hyperliquid,SUI,20250803,10000,183,0.4203778599803626,-0.4968289033247297,-0.07645104334436716
hyperliquid,SUI,20250804,100,791,0.46154939413184426,-0.5147767265314345,-0.05322733239959022
hyperliquid,SUI,20250804,250,790,0.4615967724279918,-0.5218011242009725,-0.06020435177298079
hyperliquid,SUI,20250804,500,742,0.46423239054839927,-0.35830588047768414,0.10592651007071514
hyperliquid,SUI,20250804,1000,593,0.5579462372253506,-0.7511327374508812,-0.19318650022553033
hyperliquid,SUI,20250804,2000,464,0.5660013310054351,-0.6606725949508341,-0.09467126394539892
hyperliquid,SUI,20250804,5000,328,0.6571736892573601,-0.9589640503957331,-0.30179036113837293
hyperliquid,SUI,20250804,10000,238,0.6617376626305982,-0.4090927960638201,0.25264486656677815
hyperliquid,SUI,20250805,100,975,0.33195649113459486,-0.6864907508509427,-0.3545342597163479
hyperliquid,SUI,20250805,250,973,0.3339776407054248,-0.6813988230370355,-0.34742118233161096
hyperliquid,SUI,20250805,500,922,0.3418218166038941,-0.7958779536218055,-0.45405613701791125
hyperliquid,SUI,20250805,1000,705,0.46083712434680196,-0.5595041537819778,-0.09866702943517576
hyperliquid,SUI,20250805,2000,554,0.5079006198010108,-0.6820057689815561,-0.1741051491805453
hyperliquid,SUI,20250805,5000,371,0.4893309195859422,-0.6107330303954079,-0.12140211080946565
hyperliquid,SUI,20250805,10000,254,0.5785948967194104,-0.7332605535898625,-0.15466565687045217
hyperliquid,SUI,20250806,100,653,0.32194918091127095,-0.6392946936088195,-0.3173455126975487
hyperliquid,SUI,20250806,250,652,0.32265240506400056,-0.6255214737073067,-0.30286906864330615
hyperliquid,SUI,20250806,500,630,0.3353741217594541,-0.5306179504463086,-0.19524382868685447
hyperliquid,SUI,20250806,1000,493,0.4251496536179497,-1.0602231474546622,-0.6350734938367122
hyperliquid,SUI,20250806,2000,402,0.4564301755795557,-1.1116025947867756,-0.6551724192072198
hyperliquid,SUI,20250806,5000,290,0.5038053247339579,-1.2197011133408628,-0.7158957886069051
hyperliquid,SUI,20250806,10000,194,0.5209675870956377,-0.6700390879124489,-0.1490715008168113
hyperliquid,SUI,20250807,100,1131,0.37331260119216003,-0.5988961103913976,-0.22558350919923756
hyperliquid,SUI,20250807,250,1129,0.3729048962228098,-0.6061196497125403,-0.2332147534897305
hyperliquid,SUI,20250807,500,1092,0.3736309227157735,-0.658030223352782,-0.2843993006370085
hyperliquid,SUI,20250807,1000,837,0.49150593760398686,-0.6325417805143281,-0.14103584291034119
hyperliquid,SUI,20250807,2000,671,0.5425028197089449,-0.9090822800836151,-0.3665794603746703
hyperliquid,SUI,20250807,5000,464,0.49476106588096236,-0.6650759589849616,-0.17031489310399933
hyperliquid,SUI,20250807,10000,327,0.5383447817169287,-0.2953236156182591,0.2430211660986695
hyperliquid,SUI,20250808,100,1127,0.3505001125628307,-0.6332453014652195,-0.28274518890238903
hyperliquid,SUI,20250808,250,1126,0.3505764756505805,-0.6433471772219355,-0.2927707015713551
hyperliquid,SUI,20250808,500,1063,0.3572399414501426,-0.5885233215371072,-0.23128338008696472
hyperliquid,SUI,20250808,1000,882,0.4617144685701557,-1.0438058019504453,-0.5820913333802895
hyperliquid,SUI,20250808,2000,669,0.4534722256604042,-0.8511963332751189,-0.39772410761471466
hyperliquid,SUI,20250808,5000,409,0.5215628054992215,-1.1673490906688835,-0.6457862851696621
hyperliquid,SUI,20250808,10000,305,0.5037632159730663,-1.2820267418740563,-0.7782635259009901
hyperliquid,SUI,20250809,100,912,0.3276578655804978,-0.3583942206790229,-0.030736355098525132
hyperliquid,SUI,20250809,250,912,0.3276578655804978,-0.3583942206790229,-0.030736355098525132
hyperliquid,SUI,20250809,500,898,0.33615573666105963,-0.3878694839228665,-0.051713747261806935
hyperliquid,SUI,20250809,1000,731,0.4079253153600823,-0.2832147314471213,0.12471058391296097
hyperliquid,SUI,20250809,2000,573,0.41089605003229374,-0.07282761475631727,0.3380684352759765
hyperliquid,SUI,20250809,5000,388,0.4529715152115867,-0.40159659147241084,0.05137492373917587
hyperliquid,SUI,20250809,10000,296,0.4457907053671647,-0.3630305613055027,0.08276014406166189
hyperliquid,SUI,20250810,100,841,0.31586216930071875,-0.34441320455848295,-0.02855103525776428
hyperliquid,SUI,20250810,250,841,0.31586216930071875,-0.34441320455848295,-0.02855103525776428
hyperliquid,SUI,20250810,500,813,0.3259776554308686,-0.25972800606494606,0.06624964936592258
hyperliquid,SUI,20250810,1000,632,0.4203179112615955,-0.31584691848893814,0.10447099277265728
hyperliquid,SUI,20250810,2000,526,0.4381117312926549,-0.3970394886180336,0.04107224267462128
hyperliquid,SUI,20250810,5000,354,0.4817628494318303,-0.38049339599230786,0.10126945343952254
hyperliquid,SUI,20250810,10000,261,0.4730402444580254,-0.7063873903711877,-0.23334714591316238
hyperliquid,SUI,20250811,100,1446,0.3384602529576686,-0.8500419241635182,-0.5115816712058495
hyperliquid,SUI,20250811,250,1440,0.33334268828184244,-0.8527088989965914,-0.5193662107147492
hyperliquid,SUI,20250811,500,1383,0.34202392385641306,-0.7693025922104918,-0.42727866835407863
hyperliquid,SUI,20250811,1000,1054,0.45445840455814085,-1.1544137182793142,-0.6999553137211734
hyperliquid,SUI,20250811,2000,803,0.4942797926747911,-1.4858881342603314,-0.99160834158554
hyperliquid,SUI,20250811,5000,554,0.5185541964958248,-1.2493126872393983,-0.7307584907435734
hyperliquid,SUI,20250811,10000,397,0.5162861118008522,-1.0461552301033752,-0.5298691183025231
hyperliquid,SUI,20250812,100,1040,0.3767134008036951,-0.45591979952546696,-0.07920639872177195
hyperliquid,SUI,20250812,250,1039,0.3766785625661249,-0.4591320257481289,-0.08245346318200407
hyperliquid,SUI,20250812,500,997,0.3824857911186983,-0.33219939791269465,0.050286393206003664
hyperliquid,SUI,20250812,1000,777,0.47789777311907716,-0.6015665511286173,-0.12366877800954026
hyperliquid,SUI,20250812,2000,579,0.5049972982637544,-0.6026289150894523,-0.09763161682569771
hyperliquid,SUI,20250812,5000,372,0.4932860750598825,-0.679042583749427,-0.18575650868954455
hyperliquid,SUI,20250812,10000,281,0.49125309032009307,-0.0229308741845343,0.4683222161355587
hyperliquid,SUI,20250813,100,1803,0.2946075523455095,-0.984494685329096,-0.6898871329835866
hyperliquid,SUI,20250813,250,1803,0.29508757003918046,-0.9950339896449547,-0.6999464196057742
hyperliquid,SUI,20250813,500,1748,0.31463136357769605,-0.9468028848428199,-0.6321715212651237
hyperliquid,SUI,20250813,1000,1324,0.43357905820416237,-1.0908284013801064,-0.6572493431759437
hyperliquid,SUI,20250813,2000,982,0.4736678891624402,-1.1384569428500548,-0.6647890536876149
hyperliquid,SUI,20250813,5000,653,0.49265662284405787,-1.171719835528797,-0.6790632126847391
hyperliquid,SUI,20250813,10000,417,0.4947377493045174,-0.5171216379733442,-0.02238388866882692
hyperliquid,SUI,20250814,100,1926,0.6183319284745914,-1.5506801255834637,-0.9323481971088716
hyperliquid,SUI,20250814,250,1926,0.6210692999595098,-1.556421543656557,-0.9353522436970473
hyperliquid,SUI,20250814,500,1842,0.6272011767732764,-1.4815796609573484,-0.854378484184072
hyperliquid,SUI,20250814,1000,1502,0.7324757055024617,-1.449381813827974,-0.716906108325512
hyperliquid,SUI,20250814,2000,1156,0.7885074729993478,-1.613792504428862,-0.8252850314295144
hyperliquid,SUI,20250814,5000,767,0.7746412654716301,-1.3294111360310523,-0.5547698705594221
hyperliquid,SUI,20250814,10000,497,0.7596455653579407,-1.0355122366913845,-0.27586667133344367
hyperliquid,SUI,20250815,100,663,0.4477229509583262,-0.8845279208055583,-0.43680496984723205
hyperliquid,SUI,20250815,250,660,0.4431039101923077,-0.878327542620485,-0.4352236324281771
hyperliquid,SUI,20250815,500,623,0.4679066798097591,-0.7075588171518622,-0.2396521373421031
hyperliquid,SUI,20250815,1000,525,0.4960694174606811,-0.7675033867835448,-0.27143396932286395
hyperliquid,SUI,20250815,2000,400,0.5711569650310255,-0.9668446315318109,-0.3956876665007855
hyperliquid,SUI,20250815,5000,275,0.6410289193386229,-0.7637132297164239,-0.12268431037780084
hyperliquid,SUI,20250815,10000,199,0.6155785242934184,-0.7573160075770267,-0.14173748328360833
hyperliquid,SUI,20250816,100,202,0.4085961301239186,-0.8095961780521019,-0.40100004792818333
hyperliquid,SUI,20250816,250,202,0.4085961301239186,-0.8095961780521019,-0.40100004792818333
hyperliquid,SUI,20250816,500,200,0.40544843972849326,-0.8382793155531698,-0.4328308758246765
hyperliquid,SUI,20250816,1000,163,0.48104706188484236,-0.9954553428215329,-0.5144082809366903
hyperliquid,SUI,20250816,2000,145,0.508168898027505,-0.8563837792722457,-0.3482148812447408
hyperliquid,SUI,20250816,5000,112,0.5110996435501187,-0.8792751918104151,-0.3681755482602965
hyperliquid,SUI,20250816,10000,87,0.46228031525449576,-0.12463815433807876,0.33764216091641697
hyperliquid,SUI,20250817,100,306,0.4647765520048719,-0.455805874351261,0.008970677653610867
hyperliquid,SUI,20250817,250,306,0.4647765520048719,-0.455805874351261,0.008970677653610867
hyperliquid,SUI,20250817,500,298,0.4552752521131721,-0.32998402559268286,0.12529122652048919
hyperliquid,SUI,20250817,1000,234,0.5146327653638093,-0.613768248734408,-0.0991354833705986
hyperliquid,SUI,20250817,2000,192,0.5418416391824283,-0.5792177117795622,-0.03737607259713375
hyperliquid,SUI,20250817,5000,152,0.5136553937641931,-0.7750554535594639,-0.2614000597952707
hyperliquid,SUI,20250817,10000,113,0.5167510550412912,-0.32464950669788684,0.19210154834340426
hyperliquid,SUI,20250818,100,580,0.44577488607191673,-0.8310550763514912,-0.3852801902795745
hyperliquid,SUI,20250818,250,578,0.43641211435822247,-0.8043928946652597,-0.3679807803070372
hyperliquid,SUI,20250818,500,553,0.43375088650884386,-0.7863831396336401,-0.3526322531247965
hyperliquid,SUI,20250818,1000,471,0.5341629626341993,-0.7617109724595182,-0.22754800982531895
hyperliquid,SUI,20250818,2000,379,0.6169307366383764,-0.9843056603744376,-0.3673749237360612
hyperliquid,SUI,20250818,5000,236,0.5767766140347127,-0.8464342841145732,-0.26965767007986063
hyperliquid,SUI,20250818,10000,207,0.550616818883108,-0.6196703265291501,-0.06905350764604212
hyperliquid,SUI,20250819,100,737,0.5896487693487245,-0.6044823330281475,-0.014833563679422764
hyperliquid,SUI,20250819,250,732,0.587882233457862,-0.6066847773314604,-0.01880254387359845
hyperliquid,SUI,20250819,500,692,0.6082229447254573,-0.7270942269559246,-0.11887128223046713
hyperliquid,SUI,20250819,1000,568,0.6199127638814871,-0.8370706867179254,-0.21715792283643828
hyperliquid,SUI,20250819,2000,416,0.6232660097769008,-1.2549066154563393,-0.6316406056794386
hyperliquid,SUI,20250819,5000,256,0.6381356656096296,-1.4610703863968437,-0.8229347207872142
hyperliquid,SUI,20250819,10000,205,0.6041257646517363,-1.0625445190338945,-0.4584187543821579
hyperliquid,SUI,20250820,100,454,0.43752805837544445,-0.4061084684882228,0.03141958988722167
hyperliquid,SUI,20250820,250,454,0.4378295774655361,-0.448900967744248,-0.011071390278711723
hyperliquid,SUI,20250820,500,436,0.4137761528007824,-0.33051785661323285,0.08325829618754949
hyperliquid,SUI,20250820,1000,357,0.5082051633510787,-0.7194089060017955,-0.21120374265071665
hyperliquid,SUI,20250820,2000,274,0.5812307341847271,-0.3010359385535921,0.28019479563113503
hyperliquid,SUI,20250820,5000,190,0.5845269000344406,0.051606653180442254,0.6361335532148829
hyperliquid,SUI,20250820,10000,139,0.611044084010683,-0.9140768779068136,-0.30303279389613036
hyperliquid,TIA,20250727,100,105,1.2057633816790398,-0.5970430944696845,0.6087202872093552
hyperliquid,TIA,20250727,250,106,1.1966898393407903,-0.6121248675824779,0.5845649717583127
hyperliquid,TIA,20250727,500,109,1.2209299604140826,-0.5156523249790274,0.7052776354350553
hyperliquid,TIA,20250727,1000,97,1.311191128813376,-0.5616596386599135,0.7495314901534624
hyperliquid,TIA,20250727,2000,70,1.3184317257680114,-0.7171799779533392,0.6012517478146719
hyperliquid,TIA,20250727,5000,64,1.2392698297781493,-0.5132788664907458,0.7259909632874035
hyperliquid,TIA,20250727,10000,47,1.286738116212645,-1.2122059783743888,0.07453213783825577
hyperliquid,TIA,20250728,100,272,0.9845766219370152,-1.4828470005554304,-0.49827037861841533
hyperliquid,TIA,20250728,250,273,0.9941558724904979,-1.4039518158864692,-0.40979594339597164
hyperliquid,TIA,20250728,500,257,1.0198462869080003,-1.4129887767109042,-0.39314248980290434
hyperliquid,TIA,20250728,1000,240,1.0302068537210511,-1.7156950631760457,-0.6854882094549942
hyperliquid,TIA,20250728,2000,217,1.0794591869847916,-1.8394124933336966,-0.7599533063489047
hyperliquid,TIA,20250728,5000,151,1.0701695477580513,-1.3256278972769193,-0.2554583495188678
hyperliquid,TIA,20250728,10000,99,1.0248241193370906,-1.0420141960061613,-0.017190076669071224
hyperliquid,TIA,20250729,100,235,1.2656449889672678,-1.661867689519855,-0.3962227005525877
hyperliquid,TIA,20250729,250,235,1.2656449889672678,-1.6596270465290932,-0.3939820575618256
hyperliquid,TIA,20250729,500,223,1.2820923093773966,-1.6635491501399824,-0.38145684076258574
hyperliquid,TIA,20250729,1000,200,1.2446111339008161,-1.7106712674671378,-0.4660601335663214
hyperliquid,TIA,20250729,2000,159,1.2475973827659466,-0.48598866822172815,0.7616087145442187
hyperliquid,TIA,20250729,5000,118,1.3318992569216024,-1.1943568772789799,0.13754237964262234
hyperliquid,TIA,20250729,10000,92,1.2511401683377203,-0.9099187846268922,0.34122138371082805
hyperliquid,TIA,20250730,100,280,1.7012026648456045,-0.5984490323506757,1.1027536324949292
hyperliquid,TIA,20250730,250,279,1.7011137042592774,-0.5542435846530007,1.146870119606277
hyperliquid,TIA,20250730,500,265,1.3290239042735692,-0.6499279959706938,0.6790959083028757
hyperliquid,TIA,20250730,1000,230,1.2653354887050727,-0.1659755859787446,1.0993599027263283
hyperliquid,TIA,20250730,2000,186,1.2327863153720784,-0.15518109159170093,1.0776052237803775
hyperliquid,TIA,20250730,5000,145,1.4991158018889594,-0.3460350159910326,1.153080785897927
hyperliquid,TIA,20250730,10000,86,1.3720220798831428,0.2744105466640401,1.6464326265471831
hyperliquid,TIA,20250731,100,280,1.0552531346196032,-1.4506620286193381,-0.3954088939997347
hyperliquid,TIA,20250731,250,278,1.060865289963577,-1.454999010066615,-0.39413372010303777
hyperliquid,TIA,20250731,500,260,1.0085724486275944,-1.2026725632704591,-0.19410011464286459
hyperliquid,TIA,20250731,1000,240,1.0389750709245098,-1.4374148417668025,-0.3984397708422927
hyperliquid,TIA,20250731,2000,223,1.0626965318210386,-1.3405343837420318,-0.277837851920993
hyperliquid,TIA,20250731,5000,158,1.1310578840820935,-0.8444506181136044,0.28660726596848907
hyperliquid,TIA,20250731,10000,111,1.3001395925339885,-0.7186483138543943,0.5814912786795937
hyperliquid,TIA,20250801,100,454,1.1010139795569704,-2.959479329571142,-1.8584653500141717
hyperliquid,TIA,20250801,250,449,1.1001244445809104,-2.7470313244085607,-1.6469068798276507
hyperliquid,TIA,20250801,500,418,1.0572002333444108,-3.0648683713660625,-2.007668138021652
hyperliquid,TIA,20250801,1000,414,1.166819717964517,-2.721928462068221,-1.555108744103704
hyperliquid,TIA,20250801,2000,335,1.2862903014877463,-1.868499269076158,-0.5822089675884118
hyperliquid,TIA,20250801,5000,222,1.473332641125969,-2.039730283873172,-0.5663976427472033
hyperliquid,TIA,20250801,10000,158,1.3128335601739995,-2.4871201021016165,-1.1742865419276174
hyperliquid,TIA,20250802,100,136,1.195631444709748,-2.0199099309112833,-0.8242784862015353
hyperliquid,TIA,20250802,250,136,1.195631444709748,-2.0222867544102767,-0.8266553097005287
hyperliquid,TIA,20250802,500,127,1.231670036359298,-2.3120449196990505,-1.0803748833397524
hyperliquid,TIA,20250802,1000,109,1.2524053540043985,-1.9667082831238432,-0.7143029291194443
hyperliquid,TIA,20250802,2000,114,1.3682515832618953,-1.166915595116279,0.20133598814561665
hyperliquid,TIA,20250802,5000,67,1.2955237096400951,-3.019833729580929,-1.7243100199408345
hyperliquid,TIA,20250802,10000,54,1.2183691223091349,-1.1776102105829163,0.040758911726218164
hyperliquid,TIA,20250803,100,88,1.2022078018741285,0.8682589106380234,2.0704667125121516
hyperliquid,TIA,20250803,250,88,1.2022078018741285,0.8682589106380234,2.0704667125121516
hyperliquid,TIA,20250803,500,81,0.9210278346036916,0.7660297992233613,1.687057633827053
hyperliquid,TIA,20250803,1000,70,1.171347187637789,-0.007336848344361061,1.164010339293428
hyperliquid,TIA,20250803,2000,59,0.984515320410387,-0.8228992036315429,0.16161611677884405
hyperliquid,TIA,20250803,5000,51,1.5462772057598269,-0.04779109783600426,1.4984861079238228
hyperliquid,TIA,20250803,10000,38,1.07969361343426,-0.3690868168257391,0.7106067966085212
hyperliquid,TIA,20250804,100,135,1.189109775190859,-2.212992874078108,-1.0238830988872487
hyperliquid,TIA,20250804,250,134,1.1600828320018417,-2.2161309591897043,-1.0560481271878623
hyperliquid,TIA,20250804,500,134,1.1748282293301942,-1.9398089882062335,-0.7649807588760393
hyperliquid,TIA,20250804,1000,114,1.2917239256683182,-3.254050319530832,-1.9623263938625137
hyperliquid,TIA,20250804,2000,93,1.335162139104437,-1.7436271808652826,-0.4084650417608463
hyperliquid,TIA,20250804,5000,76,1.2396365637153468,-2.074164595258573,-0.8345280315432265
hyperliquid,TIA,20250804,10000,55,1.5689200623470765,-1.1449371904674144,0.4239828718796623
hyperliquid,TIA,20250805,100,122,1.039164633695541,0.4461890117287404,1.485353645424281
hyperliquid,TIA,20250805,250,123,1.020302291361884,0.23750328611892838,1.2578055774808123
hyperliquid,TIA,20250805,500,124,1.0537482003412644,-0.03504326049730418,1.0187049398439598
hyperliquid,TIA,20250805,1000,117,1.062482802126697,-0.5594146361527829,0.5030681659739141
hyperliquid,TIA,20250805,2000,115,1.1421140927910678,-1.3822133803325694,-0.24009928754150223
hyperliquid,TIA,20250805,5000,75,1.0821547193252665,-0.8324490115742238,0.2497057077510425
hyperliquid,TIA,20250805,10000,56,0.938070113231619,-0.8442665226680474,0.09380359056357197
hyperliquid,TIA,20250806,100,97,0.925020077909328,-0.595418979457521,0.32960109845180713
hyperliquid,TIA,20250806,250,97,0.925020077909328,-0.607888246610633,0.317131831298695
hyperliquid,TIA,20250806,500,92,0.9248235167501121,-0.1789631110480504,0.7458604057020614
hyperliquid,TIA,20250806,1000,93,1.009017996461345,0.07679403708468927,1.0858120335460346
hyperliquid,TIA,20250806,2000,77,1.05517036439168,-0.11642203154598843,0.9387483328456918
hyperliquid,TIA,20250806,5000,62,1.1480493470698938,-0.7013681121909525,0.4466812348789411
hyperliquid,TIA,20250806,10000,48,0.9525032309501537,-1.7620986355692694,-0.8095954046191163
hyperliquid,TIA,20250807,100,92,0.7609302858438207,-0.10325733475943293,0.6576729510843878
hyperliquid,TIA,20250807,250,92,0.7609302858438207,-0.10001568815856623,0.6609145976852546
hyperliquid,TIA,20250807,500,90,0.7772674528545608,-0.1021415205564978,0.6751259322980632
hyperliquid,TIA,20250807,1000,67,0.7825613868704686,-0.8515374318312791,-0.06897604496081047
hyperliquid,TIA,20250807,2000,62,0.865022158436077,-0.4505512320709982,0.414470926365079
hyperliquid,TIA,20250807,5000,57,1.024277437570595,-2.4602114615677886,-1.4359340239971936
hyperliquid,TIA,20250807,10000,44,1.0092179927260339,-1.2026170659915023,-0.1933990732654681
hyperliquid,TIA,20250808,100,202,0.8016720063383659,-1.3466213973268408,-0.544949390988475
hyperliquid,TIA,20250808,250,201,0.8042549822119002,-1.3056199655390357,-0.5013649833271353
hyperliquid,TIA,20250808,500,190,0.8386464981105527,-0.9147444834513191,-0.07609798534076662
hyperliquid,TIA,20250808,1000,179,0.8638010918774166,-0.9046195092090584,-0.04081841733164232
hyperliquid,TIA,20250808,2000,163,0.986036664159911,-1.1152350103627875,-0.12919834620287662
hyperliquid,TIA,20250808,5000,124,1.0934389906383841,-1.089551419253893,0.0038875713844908144
hyperliquid,TIA,20250808,10000,84,1.0014850166309717,-0.568033638453881,0.4334513781770909
hyperliquid,TIA,20250809,100,117,0.9888356179889319,0.6740816639059733,1.6629172818949054
hyperliquid,TIA,20250809,250,117,0.9888356179889319,0.6693244721618793,1.6581600901508111
hyperliquid,TIA,20250809,500,117,0.9704169470291065,1.0353444613676155,2.0057614083967223
hyperliquid,TIA,20250809,1000,107,0.9360790321892344,0.10548139037560639,1.041560422564841
hyperliquid,TIA,20250809,2000,93,0.9321638928016702,0.35182185604027977,1.2839857488419502
hyperliquid,TIA,20250809,5000,76,0.9860789320930211,-1.6361459503690625,-0.6500670182760415
hyperliquid,TIA,20250809,10000,60,1.0267402005246886,-0.33350966779088226,0.6932305327338063
hyperliquid,TIA,20250810,100,109,1.075852249722839,-0.573945799681158,0.501906450041681
hyperliquid,TIA,20250810,250,109,1.075852249722839,-0.573945799681158,0.501906450041681
hyperliquid,TIA,20250810,500,99,1.0072614765669006,-0.8148329974378776,0.19242847912902272
hyperliquid,TIA,20250810,1000,96,1.1052476886169362,-0.9663618638383356,0.13888582477860067
hyperliquid,TIA,20250810,2000,86,1.208235161183952,-0.583676426205113,0.6245587349788388
hyperliquid,TIA,20250810,5000,66,1.011091330882492,0.2503132183058335,1.2614045491883252
hyperliquid,TIA,20250810,10000,48,0.8980238703979125,-0.9799139162959031,-0.08189004589799044
hyperliquid,TIA,20250811,100,196,0.9031111678944477,-0.4937971622775035,0.40931400561694437
hyperliquid,TIA,20250811,250,197,0.9041943983332503,-0.5068763431894545,0.3973180551437964
hyperliquid,TIA,20250811,500,179,0.9861655258918861,-0.8952605848510734,0.09090494104081256
hyperliquid,TIA,20250811,1000,148,1.0261632893914812,-0.08397576194802028,0.9421875274434609
hyperliquid,TIA,20250811,2000,115,1.103498504670844,-1.9710072685916367,-0.8675087639207925
hyperliquid,TIA,20250811,5000,74,1.0206841724245224,-0.3187105346314247,0.701973637793098
hyperliquid,TIA,20250811,10000,58,1.0507548113439884,-0.4531490581519101,0.5976057531920784
hyperliquid,TIA,20250812,100,151,0.918056448584685,-1.1615853068032027,-0.24352885821851777
hyperliquid,TIA,20250812,250,151,0.918056448584685,-1.1615853068032027,-0.24352885821851777
hyperliquid,TIA,20250812,500,144,0.9565093089844325,-0.9443921887265807,0.012117120257851964
hyperliquid,TIA,20250812,1000,143,1.0544050866033292,-0.3568052818897957,0.6975998047135337
hyperliquid,TIA,20250812,2000,147,1.119830273752219,-0.9756580549662224,0.14417221878599698
hyperliquid,TIA,20250812,5000,87,1.1031907965482008,-1.0013812173714933,0.10180957917670777
hyperliquid,TIA,20250812,10000,62,0.9681772432281754,-0.05824506762457325,0.9099321756036022
hyperliquid,TIA,20250813,100,229,1.0444837797492277,-1.5884743531678551,-0.5439905734186273
hyperliquid,TIA,20250813,250,229,1.048989828894903,-1.5907273777406978,-0.5417375488457946
hyperliquid,TIA,20250813,500,218,0.9777955249983565,-1.6485132091950512,-0.6707176841966948
hyperliquid,TIA,20250813,1000,200,1.0119243359962669,-1.1157628804237072,-0.10383854442744021
hyperliquid,TIA,20250813,2000,168,1.050446137572019,-0.8512217193505084,0.19922441822151085
hyperliquid,TIA,20250813,5000,123,1.13802276140797,-2.0491864726199975,-0.9111637112120274
hyperliquid,TIA,20250813,10000,75,1.2461216406044162,-0.3047108305729999,0.9414108100314165
hyperliquid,TIA,20250814,100,327,1.1445340725780988,-2.946316382479208,-1.8017823099011097
hyperliquid,TIA,20250814,250,326,1.141268562349735,-2.9739891278834936,-1.8327205655337588
hyperliquid,TIA,20250814,500,306,1.2642285357064804,-2.7986636258663458,-1.5344350901598658
hyperliquid,TIA,20250814,1000,281,1.4123937713322248,-3.1134612032907607,-1.7010674319585364
hyperliquid,TIA,20250814,2000,259,1.3111374490666534,-2.354981847624482,-1.0438443985578287
hyperliquid,TIA,20250814,5000,180,1.7748087119682414,-3.366999738114509,-1.5921910261462675
hyperliquid,TIA,20250814,10000,136,1.375167245242427,-2.067215626761143,-0.6920483815187167
hyperliquid,TIA,20250815,100,158,1.2658702175513732,-3.5661792318687784,-2.3003090143174054
hyperliquid,TIA,20250815,250,158,1.2658702175513732,-3.568002500939174,-2.3021322833878006
hyperliquid,TIA,20250815,500,151,1.319379396574353,-3.596710493020209,-2.277331096445856
hyperliquid,TIA,20250815,1000,152,1.350500226396058,-2.8787937423380217,-1.5282935159419635
hyperliquid,TIA,20250815,2000,125,1.2561483110751877,-1.2259129435286524,0.030235367546535098
hyperliquid,TIA,20250815,5000,83,0.9892621235172258,-0.6141134059459703,0.3751487175712556
hyperliquid,TIA,20250815,10000,62,1.894819769134564,0.06874022003550377,1.963559989170068
hyperliquid,TIA,20250816,100,56,1.1860872769328414,-2.2644715678827056,-1.0783842909498647
hyperliquid,TIA,20250816,250,56,1.1860872769328414,-2.2644715678827056,-1.0783842909498647
hyperliquid,TIA,20250816,500,57,1.1850508159155875,-2.1273401027409826,-0.9422892868253954
hyperliquid,TIA,20250816,1000,52,1.3030116661889042,-2.24120532705558,-0.9381936608666762
hyperliquid,TIA,20250816,2000,51,1.1727613395567877,-2.2436151493648553,-1.070853809808068
hyperliquid,TIA,20250816,5000,41,1.2939272768164287,-1.159821284699734,0.1341059921166951
hyperliquid,TIA,20250816,10000,30,1.2705399085869198,-1.478554240552935,-0.20801433196601501
hyperliquid,TIA,20250817,100,78,0.9471198251093902,-1.927865472309809,-0.9807456472004183
hyperliquid,TIA,20250817,250,78,0.9471198251093902,-1.927865472309809,-0.9807456472004183
hyperliquid,TIA,20250817,500,66,0.9506108704751277,-1.6654877354985067,-0.714876865023379
hyperliquid,TIA,20250817,1000,67,0.9891536102741872,-2.175866842934169,-1.186713232659982
hyperliquid,TIA,20250817,2000,50,1.185377088436231,-2.093579944425617,-0.9082028559893857
hyperliquid,TIA,20250817,5000,45,1.1066727361525939,-2.852464228142761,-1.7457914919901665
hyperliquid,TIA,20250817,10000,35,1.2053254905574295,-1.1651613812013757,0.040164109356054335
hyperliquid,TIA,20250818,100,165,0.7570482229291515,-0.7930273013922705,-0.035979078463119166
hyperliquid,TIA,20250818,250,163,0.7223568612741069,-0.6955037709316514,0.026853090342455636
hyperliquid,TIA,20250818,500,149,0.7320895667887831,-0.5868514823298913,0.1452380844588919
hyperliquid,TIA,20250818,1000,144,0.9073228290676999,-0.49102342021250905,0.4162994088551905
hyperliquid,TIA,20250818,2000,124,0.897547052013233,-0.905506331299367,-0.007959279286133799
hyperliquid,TIA,20250818,5000,90,0.9681251297336093,-1.2158491046499498,-0.2477239749163402
hyperliquid,TIA,20250818,10000,79,0.9596629182419588,-0.7154737845076122,0.2441891337343462
hyperliquid,TIA,20250819,100,227,0.9856023641955747,-2.694570964867396,-1.7089686006718212
hyperliquid,TIA,20250819,250,225,0.9693914723627226,-2.487274559799139,-1.5178830874364164
hyperliquid,TIA,20250819,500,210,0.9214537162530423,-2.528873568198652,-1.607419851945609
hyperliquid,TIA,20250819,1000,163,1.1098322088807857,-2.1636602169166044,-1.0538280080358189
hyperliquid,TIA,20250819,2000,146,1.1969921827496293,-1.671504980926785,-0.47451279817715625
hyperliquid,TIA,20250819,5000,99,1.5285621355176715,-0.6470569309856978,0.8815052045319735
hyperliquid,TIA,20250819,10000,66,1.658111066579048,-0.9938898946152401,0.6642211719638071
hyperliquid,TIA,20250820,100,162,0.8238741313746437,-1.9746295615691987,-1.1507554301945548
hyperliquid,TIA,20250820,250,162,0.8090247209852787,-1.9579592865712392,-1.1489345655859604
hyperliquid,TIA,20250820,500,149,0.8060075107028507,-1.7000218209721945,-0.8940143102693436
hyperliquid,TIA,20250820,1000,134,0.8567934039834085,-1.6083634838201573,-0.7515700798367481
hyperliquid,TIA,20250820,2000,123,0.9003900452009682,-1.2989187395426713,-0.3985286943417032
hyperliquid,TIA,20250820,5000,91,0.9564843461111815,-1.516840460882204,-0.5603561147710223
hyperliquid,TIA,20250820,10000,58,1.0244459879524532,-0.545148575744564,0.4792974122078894
hyperliquid,WLD,20250727,100,148,1.0729546068566713,-1.6409547691402793,-0.5680001622836075
hyperliquid,WLD,20250727,250,148,1.0729546068566713,-1.6409547691402793,-0.5680001622836075
hyperliquid,WLD,20250727,500,144,1.0768938267478299,-1.6296329562130996,-0.5527391294652692
hyperliquid,WLD,20250727,1000,119,1.1634096914580647,-1.4645600673365256,-0.3011503758784607
hyperliquid,WLD,20250727,2000,104,1.2718811168431676,-1.35027291025171,-0.07839179340854212
hyperliquid,WLD,20250727,5000,74,1.3345877194933649,-0.3146973718721074,1.0198903476212577
hyperliquid,WLD,20250727,10000,72,1.220674255017962,-0.5109245621815004,0.7097496928364612
hyperliquid,WLD,20250728,100,284,1.0448420097235631,-0.12270551206840291,0.9221364976551599
hyperliquid,WLD,20250728,250,282,1.041989206768942,-0.22505180684752535,0.8169373999214166
hyperliquid,WLD,20250728,500,264,1.04447077955515,-0.20683603843069803,0.837634741124452
hyperliquid,WLD,20250728,1000,230,1.1521447677392331,-0.6625402452545366,0.4896045224846967
hyperliquid,WLD,20250728,2000,192,1.2074000120152248,-1.024637990495108,0.18276202152011692
hyperliquid,WLD,20250728,5000,157,1.2640822889271384,-0.4782735543116062,0.7858087346155321
hyperliquid,WLD,20250728,10000,103,1.2045853823078712,-0.05322575923968255,1.1513596230681886
hyperliquid,WLD,20250729,100,227,1.565759755647803,-0.5368502690689851,1.0289094865788175
hyperliquid,WLD,20250729,250,227,1.5699435976297702,-0.5999141825717855,0.9700294150579847
hyperliquid,WLD,20250729,500,220,1.3993070644554342,-0.5834976301066684,0.8158094343487661
hyperliquid,WLD,20250729,1000,190,1.668846348580744,0.0010072989543909482,1.6698536475351347
hyperliquid,WLD,20250729,2000,163,1.5617184786255767,0.40545395363553016,1.9671724322611064
hyperliquid,WLD,20250729,5000,127,1.9432349974706848,-0.4754387012126377,1.4677962962580473
hyperliquid,WLD,20250729,10000,92,2.292806479216623,-1.3136399643170316,0.9791665148995916
hyperliquid,WLD,20250730,100,242,1.661319663063508,-2.440326665770071,-0.7790070027065626
hyperliquid,WLD,20250730,250,242,1.661319663063508,-2.440326665770071,-0.7790070027065626
hyperliquid,WLD,20250730,500,229,1.681607463310134,-2.245882740210994,-0.5642752769008607
hyperliquid,WLD,20250730,1000,209,1.7750073168680733,-2.6283902980204594,-0.8533829811523868
hyperliquid,WLD,20250730,2000,176,1.7785589376812845,-2.074279528043543,-0.2957205903622588
hyperliquid,WLD,20250730,5000,131,1.5019297280014055,-0.6399424535229075,0.8619872744784981
hyperliquid,WLD,20250730,10000,114,1.7350427977771425,-1.2743032241326264,0.460739573644516
hyperliquid,WLD,20250731,100,212,1.2086481641263591,-0.7272734480116269,0.4813747161147319
hyperliquid,WLD,20250731,250,209,1.196419366268621,-0.8453979891801617,0.35102137708845915
hyperliquid,WLD,20250731,500,198,1.2175857384207813,-0.8231737092324942,0.3944120291882868
hyperliquid,WLD,20250731,1000,175,1.2920756337475383,-1.2396627109763725,0.052412922771165625
hyperliquid,WLD,20250731,2000,167,1.2899581937816533,-0.5355216534532337,0.7544365403284192
hyperliquid,WLD,20250731,5000,144,1.1916265174627172,-1.3669509395570592,-0.17532442209434196
hyperliquid,WLD,20250731,10000,116,1.3399812193758394,-0.9095949934611917,0.4303862259146481
hyperliquid,WLD,20250801,100,371,1.1933551226343577,-3.9180929216809,-2.724737799046543
hyperliquid,WLD,20250801,250,368,1.1986745411692137,-4.037535066165848,-2.8388605249966337
hyperliquid,WLD,20250801,500,327,1.1469769654465338,-3.917276090125084,-2.7702991246785498
hyperliquid,WLD,20250801,1000,295,1.1106095546522297,-3.1629688632719493,-2.0523593086197196
hyperliquid,WLD,20250801,2000,237,1.0417007084765615,-2.6721042189504933,-1.6304035104739318
hyperliquid,WLD,20250801,5000,157,1.1441496106340332,-2.1190199781010883,-0.9748703674670552
hyperliquid,WLD,20250801,10000,90,0.9301361038505923,-2.251731068249735,-1.321594964399143
hyperliquid,WLD,20250802,100,101,1.0518291511989304,-1.697651246638363,-0.6458220954394319
hyperliquid,WLD,20250802,250,102,1.052142354374914,-1.6425543079405485,-0.5904119535656348
hyperliquid,WLD,20250802,500,98,1.0571960801279066,-0.6712357559299421,0.3859603241979643
hyperliquid,WLD,20250802,1000,72,1.0290110586625347,-1.3816051649982346,-0.35259410633569976
hyperliquid,WLD,20250802,2000,71,1.1950138907607681,-1.0211511369512416,0.17386275380952654
hyperliquid,WLD,20250802,5000,46,1.1923970676559499,-1.8271966673830655,-0.6347995997271156
hyperliquid,WLD,20250802,10000,23,1.137181062588005,-1.3821733202911215,-0.24499225770311694
hyperliquid,WLD,20250803,100,50,1.2419879459163168,-1.8374415660926147,-0.595453620176298
hyperliquid,WLD,20250803,250,49,1.2249047016540289,-1.8494824113422337,-0.6245777096882048
hyperliquid,WLD,20250803,500,48,1.2598866047654524,-1.4337911020597265,-0.17390449729427362
hyperliquid,WLD,20250803,1000,42,1.0003506475135011,-1.5271979748427198,-0.5268473273292188
hyperliquid,WLD,20250803,2000,35,1.372726796706697,-2.374231949503701,-1.0015051527970042
hyperliquid,WLD,20250803,5000,25,1.3872281559016573,0.24384568222360073,1.6310738381252576
hyperliquid,WLD,20250803,10000,21,0.6405354586130025,-0.31218011637259385,0.32835534224040874
hyperliquid,WLD,20250804,100,214,0.8024199827853493,0.03904396033478415,0.8414639431201333
hyperliquid,WLD,20250804,250,214,0.8024199827853493,0.041171120051860584,0.84359110283721
hyperliquid,WLD,20250804,500,204,0.7979761241105459,-0.06329806262230467,0.7346780614882412
hyperliquid,WLD,20250804,1000,168,0.9132765998296986,-0.362170670778242,0.5511059290514567
hyperliquid,WLD,20250804,2000,151,1.0291077600205147,-0.5174976557929611,0.5116101042275535
hyperliquid,WLD,20250804,5000,86,1.1528056271970608,-1.3263589354982084,-0.17355330830114798
hyperliquid,WLD,20250804,10000,65,0.9642836152280485,-0.4136994823079054,0.5505841329201432
hyperliquid,WLD,20250805,100,88,1.019120772444704,-0.8490164765241333,0.17010429592057066
hyperliquid,WLD,20250805,250,88,1.019120772444704,-0.8490164765241333,0.17010429592057066
hyperliquid,WLD,20250805,500,85,0.9963403679897075,-0.269529562335841,0.7268108056538665
hyperliquid,WLD,20250805,1000,72,0.9880272231193739,-0.5124183523177455,0.47560887080162817
hyperliquid,WLD,20250805,2000,58,0.9990903191393768,-1.4767838507150246,-0.4776935315756475
hyperliquid,WLD,20250805,5000,46,0.8198412973653887,-1.8605408845223872,-1.0406995871569986
hyperliquid,WLD,20250805,10000,32,0.8445109630417249,-0.7712954313110432,0.0732155317306816
hyperliquid,WLD,20250806,100,79,1.283220873978865,0.3861204953525698,1.669341369331435
hyperliquid,WLD,20250806,250,79,1.283220873978865,0.3861204953525698,1.669341369331435
hyperliquid,WLD,20250806,500,75,1.209546680832898,0.9479423908135308,2.157489071646429
hyperliquid,WLD,20250806,1000,64,1.3249641688792044,0.015530900551907692,1.3404950694311124
hyperliquid,WLD,20250806,2000,52,1.3132474715561406,0.31758491790319804,1.6308323894593382
hyperliquid,WLD,20250806,5000,45,1.4076882913513058,-0.18130172321974225,1.2263865681315635
hyperliquid,WLD,20250806,10000,28,1.6836724505173455,0.10559510080702543,1.789267551324371
hyperliquid,WLD,20250807,100,229,1.1329559874819846,-0.74289675079935,0.3900592366826345
hyperliquid,WLD,20250807,250,229,1.1329559874819846,-0.74289675079935,0.3900592366826345
hyperliquid,WLD,20250807,500,228,1.1378759303463801,-0.7266784432169988,0.41119748712938115
hyperliquid,WLD,20250807,1000,196,1.0045068825275187,-0.8298471298511153,0.1746597526764033
hyperliquid,WLD,20250807,2000,184,1.0728626242189931,-0.6302873245874367,0.44257529963155606
hyperliquid,WLD,20250807,5000,139,1.0389069835016087,-0.25947805958276665,0.779428923918842
hyperliquid,WLD,20250807,10000,108,1.026416283736387,-0.5274862987730563,0.4989299849633305
hyperliquid,WLD,20250808,100,336,1.1101117493151058,-0.85458890128936,0.2555228480257457
hyperliquid,WLD,20250808,250,334,1.113872078063313,-0.8192109846876453,0.2946610933756676
hyperliquid,WLD,20250808,500,322,1.1157621077387918,-0.6625100402559269,0.4532520674828649
hyperliquid,WLD,20250808,1000,288,1.3334331829907873,-0.8086346588029394,0.5247985241878477
hyperliquid,WLD,20250808,2000,270,1.4296865138024202,-1.2498838646701358,0.17980264913228447
hyperliquid,WLD,20250808,5000,215,1.5070757526272507,-1.7162248819941228,-0.209149129366872
hyperliquid,WLD,20250808,10000,164,1.4383081035301977,-1.331381084067822,0.10692701946237564
hyperliquid,WLD,20250809,100,871,1.1943984906629506,-1.3549756014759289,-0.1605771108129782
hyperliquid,WLD,20250809,250,871,1.1943984906629506,-1.3549756014759289,-0.1605771108129782
hyperliquid,WLD,20250809,500,852,1.1701809677770738,-1.353201996351066,-0.18302102857399222
hyperliquid,WLD,20250809,1000,732,1.3521273468894213,-1.5695028650563547,-0.21737551816693335
hyperliquid,WLD,20250809,2000,693,1.3613138525944284,-1.1747645759848915,0.18654927660953652
hyperliquid,WLD,20250809,5000,515,1.447599320671919,-1.2677967952064417,0.17980252546547756
hyperliquid,WLD,20250809,10000,383,1.3955681170761278,-1.115612352993315,0.2799557640828129
hyperliquid,WLD,20250810,100,717,1.2651909951752307,-1.0373617716401369,0.2278292235350937
hyperliquid,WLD,20250810,250,717,1.2651909951752307,-1.0373617716401369,0.2278292235350937
hyperliquid,WLD,20250810,500,717,1.2826728065077635,-1.1262158503428654,0.15645695616489821
hyperliquid,WLD,20250810,1000,630,1.4050585523994712,-1.0701299132507405,0.3349286391487303
hyperliquid,WLD,20250810,2000,531,1.450262180810997,-0.7784953389209455,0.6717668418900514
hyperliquid,WLD,20250810,5000,424,1.4368746127867027,-0.765603914849538,0.6712706979371649
hyperliquid,WLD,20250810,10000,327,1.387418157549821,-0.5444053977614879,0.8430127597883331
hyperliquid,WLD,20250811,100,302,1.0089739884858824,-1.0368603326354586,-0.027886344149576317
hyperliquid,WLD,20250811,250,301,1.0111423969140239,-1.0330339686625092,-0.021891571748485453
hyperliquid,WLD,20250811,500,292,1.024601017694145,-1.2305985741955314,-0.20599755650138646
hyperliquid,WLD,20250811,1000,262,1.1947235486309453,-0.9520581167024237,0.2426654319285216
hyperliquid,WLD,20250811,2000,225,1.2236836903259425,-0.8195754144659915,0.40410827585995096
hyperliquid,WLD,20250811,5000,153,1.155433245615455,-1.2977413898424277,-0.1423081442269728
hyperliquid,WLD,20250811,10000,127,1.1622391875481606,-1.2457423893823483,-0.0835032018341873
hyperliquid,WLD,20250812,100,215,0.9598366191554351,-0.9324011623066141,0.027435456848820552
hyperliquid,WLD,20250812,250,215,0.9598366191554351,-0.9324011623066141,0.027435456848820552
hyperliquid,WLD,20250812,500,209,1.0235520882908904,-0.817760104466162,0.20579198382472857
hyperliquid,WLD,20250812,1000,192,1.0040764103969693,-1.0783077362215925,-0.07423132582462325
hyperliquid,WLD,20250812,2000,167,1.0936623706108033,-1.1968556922916425,-0.10319332168083911
hyperliquid,WLD,20250812,5000,121,1.0651201222290776,-0.5832308067652489,0.48188931546382857
hyperliquid,WLD,20250812,10000,88,1.1073954575469767,-0.7964805664237942,0.3109148911231826
hyperliquid,WLD,20250813,100,331,1.0082028875284113,-1.7218022029403037,-0.7135993154118927
hyperliquid,WLD,20250813,250,330,1.005624651093735,-1.6582633915631875,-0.6526387404694525
hyperliquid,WLD,20250813,500,320,1.0224180445349986,-1.3960344479256823,-0.37361640339068336
hyperliquid,WLD,20250813,1000,283,1.117233329876207,-1.7721002360041234,-0.6548669061279166
hyperliquid,WLD,20250813,2000,261,1.1707931459997905,-0.9503756433780018,0.2204175026217887
hyperliquid,WLD,20250813,5000,198,1.2150573086183498,-1.1766706305175791,0.03838667810077064
hyperliquid,WLD,20250813,10000,148,1.294932853090836,-0.6889965957779367,0.6059362573128996
hyperliquid,WLD,20250814,100,537,1.399426476053566,-2.122034703932888,-0.7226082278793223
hyperliquid,WLD,20250814,250,536,1.4002365049916308,-2.144002137433716,-0.7437656324420852
hyperliquid,WLD,20250814,500,516,1.455956912223184,-2.1157610375540283,-0.6598041253308445
hyperliquid,WLD,20250814,1000,440,1.649253991386683,-1.8486521970956062,-0.19939820570892328
hyperliquid,WLD,20250814,2000,417,1.5512971773686024,-2.805019794483171,-1.253722617114569
hyperliquid,WLD,20250814,5000,318,1.5292814120891238,-2.3020602569686703,-0.7727788448795463
hyperliquid,WLD,20250814,10000,211,1.45730357074636,-1.972367609017737,-0.5150640382713768
hyperliquid,WLD,20250815,100,219,0.8220448804167594,-2.835796932042576,-2.0137520516258167
hyperliquid,WLD,20250815,250,219,0.8220448804167594,-2.831223426909794,-2.0091785464930343
hyperliquid,WLD,20250815,500,201,0.8421532711287919,-2.765420016648085,-1.9232667455192924
hyperliquid,WLD,20250815,1000,189,0.9497039560765305,-2.3384638217999156,-1.3887598657233857
hyperliquid,WLD,20250815,2000,153,0.9381222488225393,-3.3034827515392577,-2.365360502716719
hyperliquid,WLD,20250815,5000,106,1.0288267864713245,-1.2795097473330477,-0.250682960861723
hyperliquid,WLD,20250815,10000,73,1.080750692466672,-1.9894796496501725,-0.9087289571834999
hyperliquid,WLD,20250816,100,68,1.0912199881752989,-2.2385037545508015,-1.1472837663755022
hyperliquid,WLD,20250816,250,68,1.0912199881752989,-2.2385037545508015,-1.1472837663755022
hyperliquid,WLD,20250816,500,64,1.0755378919741219,-1.7115049017385295,-0.635967009764408
hyperliquid,WLD,20250816,1000,49,1.2245021285744562,-1.615807514830764,-0.39130538625630756
hyperliquid,WLD,20250816,2000,53,0.862212211857732,-1.4491480239595453,-0.5869358121018132
hyperliquid,WLD,20250816,5000,34,0.8786619643437471,-0.6635878756132332,0.2150740887305138
hyperliquid,WLD,20250816,10000,25,0.7273206250232792,0.6796709304856633,1.4069915555089425
hyperliquid,WLD,20250817,100,60,1.456025547984893,-3.2889763885567436,-1.8329508405718513
hyperliquid,WLD,20250817,250,60,1.456025547984893,-3.2889763885567436,-1.8329508405718513
hyperliquid,WLD,20250817,500,57,1.4979747128038507,-2.8667275831460715,-1.3687528703422216
hyperliquid,WLD,20250817,1000,49,1.3349081743976512,-3.2919113336479096,-1.9570031592502588
hyperliquid,WLD,20250817,2000,44,1.5781460609155755,-2.8052829085134996,-1.2271368475979234
hyperliquid,WLD,20250817,5000,40,1.2724025129486494,-0.17264774322406926,1.0997547697245802
hyperliquid,WLD,20250817,10000,25,1.0947702548325717,-0.5956305255996881,0.49913972923288336
hyperliquid,WLD,20250818,100,201,0.8076139007671778,-0.048575824710778925,0.7590380760563988
hyperliquid,WLD,20250818,250,201,0.7946428888738829,0.005943846279232487,0.8005867351531153
hyperliquid,WLD,20250818,500,192,0.803173125574004,0.03884595230814397,0.8420190778821479
hyperliquid,WLD,20250818,1000,162,0.7814019572492182,0.2941401093985359,1.0755420666477538
hyperliquid,WLD,20250818,2000,149,0.8104741440712191,-0.29980535424118754,0.5106687898300315
hyperliquid,WLD,20250818,5000,90,0.9438028918303044,-0.3096879629308422,0.6341149288994619
hyperliquid,WLD,20250818,10000,76,1.1345062506775685,-0.7585099668034754,0.37599628387409345
hyperliquid,WLD,20250819,100,233,0.7427513225381213,-1.093872741164839,-0.351121418626718
hyperliquid,WLD,20250819,250,235,0.740195057364247,-1.1091664800188215,-0.3689714226545746
hyperliquid,WLD,20250819,500,216,0.7144413895345791,-0.9491646457883615,-0.2347232562537823
hyperliquid,WLD,20250819,1000,176,0.8741714733905143,-1.0850457306525252,-0.21087425726201087
hyperliquid,WLD,20250819,2000,136,0.8698107445118455,-1.5316120424730826,-0.6618012979612375
hyperliquid,WLD,20250819,5000,93,0.7575089949859793,-2.4404283670929363,-1.682919372106957
hyperliquid,WLD,20250819,10000,66,0.8063215833440727,-0.4377639742696552,0.3685576090744172
hyperliquid,WLD,20250820,100,139,0.7439013410611606,-0.43133015430500193,0.3125711867561584
hyperliquid,WLD,20250820,250,139,0.7439013410611606,-0.43133015430500193,0.3125711867561584
hyperliquid,WLD,20250820,500,130,0.7203842282030808,-0.49280202366848214,0.22758220453459868
hyperliquid,WLD,20250820,1000,124,0.7961495169487547,-0.6374665837584381,0.15868293319031618
hyperliquid,WLD,20250820,2000,108,0.5853501842155698,-0.9582270934892702,-0.37287690927370043
hyperliquid,WLD,20250820,5000,71,0.7288251011286563,-1.6603258006694825,-0.9315006995408269
hyperliquid,WLD,20250820,10000,49,0.9073127579137459,0.46701281975923514,1.3743255776729808
hyperliquid,XRP,20250727,100,1748,0.2209082429438016,-0.4895483051088685,-0.2686400621650668
hyperliquid,XRP,20250727,250,1748,0.22117527584167582,-0.48990421230129866,-0.26872893645962287
hyperliquid,XRP,20250727,500,1700,0.22797419707632477,-0.5212250427783879,-0.29325084570206306
hyperliquid,XRP,20250727,1000,1321,0.29067256675066155,-0.5274127310063342,-0.23674016425567268
hyperliquid,XRP,20250727,2000,990,0.2895897558787614,-0.6210666693165819,-0.3314769134378205
hyperliquid,XRP,20250727,5000,647,0.29610137030855976,-0.4172762166523815,-0.12117484634382174
hyperliquid,XRP,20250727,10000,476,0.319120690054154,-0.12907371216505173,0.1900469778891023
hyperliquid,XRP,20250728,100,3319,0.2489393681493087,-0.47183545201890664,-0.22289608386959803
hyperliquid,XRP,20250728,250,3309,0.24873843631159082,-0.4753827318763086,-0.22664429556471777
hyperliquid,XRP,20250728,500,3103,0.24922348246573078,-0.5073827841614933,-0.2581593016957626
hyperliquid,XRP,20250728,1000,2412,0.3051626269655397,-0.49754295439085044,-0.19238032742531064
hyperliquid,XRP,20250728,2000,1714,0.31854571208039556,-0.5317431858146594,-0.2131974737342638
hyperliquid,XRP,20250728,5000,1089,0.3198513213644486,-0.40019153754303666,-0.08034021617858803
hyperliquid,XRP,20250728,10000,729,0.29006715159221447,-0.17381450702303877,0.11625264456917567
hyperliquid,XRP,20250729,100,2582,0.29861900238211503,-0.5448525059915853,-0.24623350360947022
hyperliquid,XRP,20250729,250,2584,0.29981739047634104,-0.5470849521587362,-0.24726756168239514
hyperliquid,XRP,20250729,500,2442,0.31403817108467513,-0.5712279687498477,-0.2571897976651726
hyperliquid,XRP,20250729,1000,1906,0.37747441740393534,-0.5927738340995431,-0.21529941669560784
hyperliquid,XRP,20250729,2000,1397,0.38371512891756704,-0.7572412346937818,-0.37352610577621476
hyperliquid,XRP,20250729,5000,908,0.40882246204644285,-0.7091440935225383,-0.3003216314760955
hyperliquid,XRP,20250729,10000,657,0.4315344306424734,-0.46712631706651053,-0.035591886424037204
hyperliquid,XRP,20250730,100,2744,0.33462203698943743,-0.6389776330642909,-0.3043555960748536
hyperliquid,XRP,20250730,250,2742,0.3350885759654543,-0.6295588131383563,-0.2944702371729019
hyperliquid,XRP,20250730,500,2593,0.34142832480943275,-0.5913162621292585,-0.24988793731982584
hyperliquid,XRP,20250730,1000,1963,0.36816853603769506,-0.5258424952542531,-0.15767395921655805
hyperliquid,XRP,20250730,2000,1456,0.40840730324614677,-0.5484051167683561,-0.13999781352220936
hyperliquid,XRP,20250730,5000,929,0.3959223653349762,-0.3652902203861714,0.030632144948804826
hyperliquid,XRP,20250730,10000,665,0.4356705416165605,-0.25474586962741963,0.1809246719891408
hyperliquid,XRP,20250731,100,2562,0.22375680959412403,-0.5811532463413774,-0.3573964367472534
hyperliquid,XRP,20250731,250,2562,0.2241362932562009,-0.5784615092343485,-0.3543252159781476
hyperliquid,XRP,20250731,500,2388,0.2327230846248242,-0.6008752108133842,-0.3681521261885601
hyperliquid,XRP,20250731,1000,1873,0.3047093373131954,-0.6404305622692854,-0.3357212249560901
hyperliquid,XRP,20250731,2000,1445,0.3155014482931566,-0.7923362530167753,-0.4768348047236188
hyperliquid,XRP,20250731,5000,1017,0.31133521763207883,-0.6645706012670556,-0.35323538363497664
hyperliquid,XRP,20250731,10000,739,0.294678709629714,-0.4056160823056345,-0.11093737267592062
hyperliquid,XRP,20250801,100,4287,0.3329078516467007,-0.9721966057818855,-0.6392887541351846
hyperliquid,XRP,20250801,250,4254,0.3318962512979782,-0.9782335987487977,-0.6463373474508193
hyperliquid,XRP,20250801,500,3888,0.33831800797117645,-1.0332063515319554,-0.6948883435607789
hyperliquid,XRP,20250801,1000,2993,0.38599044067973387,-1.1114928505918642,-0.7255024099121302
hyperliquid,XRP,20250801,2000,2155,0.40616908147963504,-0.9805762996098814,-0.5744072181302461
hyperliquid,XRP,20250801,5000,1296,0.4224356796188305,-0.8183578796299974,-0.395922200011167
hyperliquid,XRP,20250801,10000,915,0.4219871603272762,-0.8091175103685619,-0.3871303500412858
hyperliquid,XRP,20250802,100,2294,0.29821600521679004,-0.6028913199094873,-0.3046753146926973
hyperliquid,XRP,20250802,250,2288,0.2968390753757689,-0.6088787280810994,-0.3120396527053305
hyperliquid,XRP,20250802,500,2142,0.2994500038781934,-0.6172436697467225,-0.3177936658685293
hyperliquid,XRP,20250802,1000,1676,0.36332490640845083,-0.5951809983317105,-0.23185609192325968
hyperliquid,XRP,20250802,2000,1245,0.3685061761324841,-0.6203504815655068,-0.2518443054330227
hyperliquid,XRP,20250802,5000,757,0.3697603555019336,-0.7187938044145308,-0.34903344891259724
hyperliquid,XRP,20250802,10000,544,0.35521570614958237,-0.6342210077027947,-0.2790053015532123
hyperliquid,XRP,20250803,100,1714,0.24055716828101883,-0.33063040385049824,-0.0900732355694793
hyperliquid,XRP,20250803,250,1715,0.24156716015679439,-0.32270402263314546,-0.08113686247635107
hyperliquid,XRP,20250803,500,1647,0.24732769948032038,-0.35311661248290105,-0.10578891300258067
hyperliquid,XRP,20250803,1000,1339,0.3073962865008765,-0.4176165073989525,-0.11022022089807602
hyperliquid,XRP,20250803,2000,980,0.30821574499425275,-0.46569745891083336,-0.1574817139165806
hyperliquid,XRP,20250803,5000,676,0.30061316253371534,-0.5017843631929056,-0.20117120065919028
hyperliquid,XRP,20250803,10000,484,0.3131898570601631,-0.3973902267254786,-0.08420036966531556
hyperliquid,XRP,20250804,100,2437,0.24653528865022156,-0.45888984536923866,-0.21235455671901718
hyperliquid,XRP,20250804,250,2429,0.2455832939569018,-0.45786219284065194,-0.2122788988837501
hyperliquid,XRP,20250804,500,2300,0.2549285564740893,-0.502865945247948,-0.24793738877385874
hyperliquid,XRP,20250804,1000,1826,0.3400310823818331,-0.5179912497609338,-0.17796016737910073
hyperliquid,XRP,20250804,2000,1402,0.33657640344168743,-0.6825582835570064,-0.34598188011531883
hyperliquid,XRP,20250804,5000,902,0.3373042442395272,-0.6259080812563624,-0.2886038370168352
hyperliquid,XRP,20250804,10000,649,0.3524205598036859,-0.4549093176785394,-0.10248875787485351
hyperliquid,XRP,20250805,100,1866,0.23846255889896947,-0.6242838669946162,-0.3858213080956468
hyperliquid,XRP,20250805,250,1863,0.23741937335064622,-0.6147058378691002,-0.3772864645184538
hyperliquid,XRP,20250805,500,1737,0.2510301420093789,-0.6826632523967201,-0.4316331103873412
hyperliquid,XRP,20250805,1000,1349,0.3343860695856147,-0.6491286104051541,-0.3147425408195394
hyperliquid,XRP,20250805,2000,1047,0.35895686919348496,-0.6457874618293358,-0.2868305926358507
hyperliquid,XRP,20250805,5000,660,0.3617786906777642,-0.6666076942617783,-0.3048290035840142
hyperliquid,XRP,20250805,10000,469,0.3556708471097427,-0.3849387558362914,-0.02926790872654856
hyperliquid,XRP,20250806,100,1681,0.2353705781003385,-0.5305538593467319,-0.2951832812463933
hyperliquid,XRP,20250806,250,1680,0.2354178915250041,-0.5456731588500227,-0.31025526732501857
hyperliquid,XRP,20250806,500,1602,0.24389210161823846,-0.5521949310634358,-0.30830282944519716
hyperliquid,XRP,20250806,1000,1224,0.29939494560419905,-0.5930357214811601,-0.293640775876961
hyperliquid,XRP,20250806,2000,947,0.312979116543334,-0.680956265648754,-0.36797714910542
hyperliquid,XRP,20250806,5000,627,0.301023374043393,-0.6893894647381863,-0.3883660906947933
hyperliquid,XRP,20250806,10000,439,0.325640153543286,-0.5121849428057466,-0.1865447892624605
hyperliquid,XRP,20250807,100,2612,0.28523124488490703,-0.3589051970616989,-0.07367395217679183
hyperliquid,XRP,20250807,250,2612,0.28459629376356665,-0.35517771742014187,-0.07058142365657519
hyperliquid,XRP,20250807,500,2494,0.29609218033415313,-0.4205678415372215,-0.12447566120306838
hyperliquid,XRP,20250807,1000,1903,0.34900183605513274,-0.49207155067884917,-0.14306971462371632
hyperliquid,XRP,20250807,2000,1403,0.35312515318185644,-0.24365069353394586,0.10947445964791057
hyperliquid,XRP,20250807,5000,872,0.35716433237534206,-0.21316395373803038,0.14400037863731174
hyperliquid,XRP,20250807,10000,565,0.3552579344180777,-0.09931889108692,0.25593904333115763
hyperliquid,XRP,20250808,100,3826,0.23614166609108006,-0.6083505726059,-0.37220890651482
hyperliquid,XRP,20250808,250,3817,0.23467033532602416,-0.6009130134112795,-0.3662426780852552
hyperliquid,XRP,20250808,500,3662,0.2445269210539321,-0.6058737773676091,-0.3613468563136769
hyperliquid,XRP,20250808,1000,2857,0.3126670678952177,-0.8441625694045911,-0.5314955015093735
hyperliquid,XRP,20250808,2000,2126,0.3331533743185545,-0.6211131711288436,-0.28795979681028916
hyperliquid,XRP,20250808,5000,1310,0.34397348954219364,-0.6661360056695251,-0.3221625161273315
hyperliquid,XRP,20250808,10000,905,0.34087199814819247,-0.6671540974485567,-0.3262820993003642
hyperliquid,XRP,20250809,100,2146,0.20255253532114412,-0.5905226613809926,-0.3879701260598485
hyperliquid,XRP,20250809,250,2146,0.20255253532114412,-0.5905226613809926,-0.3879701260598485
hyperliquid,XRP,20250809,500,2103,0.21150811551264184,-0.5789165750115124,-0.36740845949887063
hyperliquid,XRP,20250809,1000,1690,0.26881428479578773,-0.625238662847264,-0.35642437805147625
hyperliquid,XRP,20250809,2000,1326,0.271732300567179,-0.5306541912727304,-0.25892189070555155
hyperliquid,XRP,20250809,5000,917,0.2666203677751115,-0.46143625576361746,-0.19481588798850596
hyperliquid,XRP,20250809,10000,627,0.25600033998103594,-0.3130212002389892,-0.057020860257953276
hyperliquid,XRP,20250810,100,1881,0.23300276710880274,-0.6835442806225651,-0.4505415135137625
hyperliquid,XRP,20250810,250,1880,0.23254383907011372,-0.6860712892874203,-0.4535274502173067
hyperliquid,XRP,20250810,500,1825,0.24093959951936642,-0.6557208316484077,-0.4147812321290412
hyperliquid,XRP,20250810,1000,1462,0.2957213949760634,-0.9341102578135535,-0.63838886283749
hyperliquid,XRP,20250810,2000,1157,0.2894070674108123,-0.6990163692777113,-0.40960930186689887
hyperliquid,XRP,20250810,5000,766,0.30800419747006286,-0.5423677707822949,-0.23436357331223207
hyperliquid,XRP,20250810,10000,564,0.2880737876034972,-0.4303019254043442,-0.142228137800847
hyperliquid,XRP,20250811,100,3096,0.25722493870390994,-0.6692597460312165,-0.41203480732730663
hyperliquid,XRP,20250811,250,3097,0.25734052910688765,-0.6744177658465338,-0.4170772367396462
hyperliquid,XRP,20250811,500,2921,0.2648244641046907,-0.661867005330965,-0.3970425412262742
hyperliquid,XRP,20250811,1000,2305,0.3231281994400617,-0.7551329067579067,-0.43200470731784485
hyperliquid,XRP,20250811,2000,1648,0.33287667203901694,-0.7135585495711081,-0.3806818775320911
hyperliquid,XRP,20250811,5000,1046,0.3235827637366602,-0.5920896771934236,-0.26850691345676353
hyperliquid,XRP,20250811,10000,742,0.3448188471550942,-0.6250993063129552,-0.280280459157861
hyperliquid,XRP,20250812,100,2101,0.22228444643142023,-0.30164915062306136,-0.07936470419164116
hyperliquid,XRP,20250812,250,2100,0.2223145143074171,-0.301565447494542,-0.07925093318712488
hyperliquid,XRP,20250812,500,1987,0.22638060527473916,-0.29551121299406735,-0.06913060771932826
hyperliquid,XRP,20250812,1000,1603,0.2794761539105779,-0.4937521273541213,-0.2142759734435433
hyperliquid,XRP,20250812,2000,1277,0.30059009125744146,-0.42543296965267624,-0.12484287839523485
hyperliquid,XRP,20250812,5000,818,0.3133279093171707,-0.456109036432517,-0.1427811271153463
hyperliquid,XRP,20250812,10000,578,0.30108905832426175,-0.2577817404502108,0.043307317874050996
hyperliquid,XRP,20250813,100,2074,0.24755802742587651,-0.5895831143168949,-0.3420250868910185
hyperliquid,XRP,20250813,250,2073,0.24664184941690423,-0.591504100286967,-0.3448622508700627
hyperliquid,XRP,20250813,500,1992,0.2517981217642008,-0.5793923217868561,-0.3275942000226552
hyperliquid,XRP,20250813,1000,1566,0.3222416311770115,-0.6510094008204931,-0.3287677696434816
hyperliquid,XRP,20250813,2000,1178,0.309779215470815,-0.5115001975976139,-0.2017209821267989
hyperliquid,XRP,20250813,5000,742,0.31243908733710135,-0.4884571297450671,-0.17601804240796584
hyperliquid,XRP,20250813,10000,547,0.30750131462386254,-0.20042985143675968,0.10707146318710285
hyperliquid,XRP,20250814,100,3166,0.35090708776251417,-1.107805927646426,-0.7568988398839119
hyperliquid,XRP,20250814,250,3164,0.35138387140299565,-1.098914593212994,-0.7475307218099985
hyperliquid,XRP,20250814,500,3052,0.35613569866909545,-1.127005542557934,-0.7708698438888384
hyperliquid,XRP,20250814,1000,2368,0.4439034505748979,-1.1874077424398313,-0.7435042918649333
hyperliquid,XRP,20250814,2000,1744,0.4414472491692235,-1.0728228764570409,-0.6313756272878174
hyperliquid,XRP,20250814,5000,1100,0.45221253181336835,-1.0958769380291218,-0.6436644062157532
hyperliquid,XRP,20250814,10000,779,0.3939533725825679,-0.9195078459575649,-0.5255544733749968
hyperliquid,XRP,20250815,100,1990,0.24676610419809197,-0.7070993744159163,-0.46033327021782433
hyperliquid,XRP,20250815,250,1987,0.2445619056882872,-0.7013761503605497,-0.45681424467226245
hyperliquid,XRP,20250815,500,1863,0.2574853418574933,-0.6904339346641903,-0.432948592806697
hyperliquid,XRP,20250815,1000,1501,0.3136949004354521,-0.8121053996869361,-0.498410499251484
hyperliquid,XRP,20250815,2000,1123,0.3168487269618103,-0.8779824291715302,-0.5611337022097201
hyperliquid,XRP,20250815,5000,765,0.31714237443709986,-0.9238033632432848,-0.6066609888061849
hyperliquid,XRP,20250815,10000,549,0.31533054133864596,-0.7027406249219259,-0.38741008358327994
hyperliquid,XRP,20250816,100,789,0.21094638604217505,-0.5194126526085724,-0.3084662665663973
hyperliquid,XRP,20250816,250,788,0.21101050135683674,-0.5282151315122753,-0.3172046301554386
hyperliquid,XRP,20250816,500,764,0.21511557057405367,-0.5170530204189389,-0.3019374498448852
hyperliquid,XRP,20250816,1000,630,0.26060067358985284,-0.5730419441635503,-0.3124412705736975
hyperliquid,XRP,20250816,2000,512,0.2705094967176025,-0.6363940629873811,-0.36588456626977856
hyperliquid,XRP,20250816,5000,366,0.25197472521229874,-0.5904754522017889,-0.3385007269894902
hyperliquid,XRP,20250816,10000,281,0.2590869211303033,-0.29021222661026996,-0.03112530547996668
hyperliquid,XRP,20250817,100,891,0.1987456763645708,-0.36721490289649805,-0.16846922653192728
hyperliquid,XRP,20250817,250,892,0.1997817977573341,-0.3653802227438481,-0.16559842498651398
hyperliquid,XRP,20250817,500,859,0.20280413374098993,-0.40583287725753564,-0.20302874351654562
hyperliquid,XRP,20250817,1000,722,0.24931652059862774,-0.41514302537285136,-0.16582650477422364
hyperliquid,XRP,20250817,2000,576,0.2508627797212137,-0.4378191845144705,-0.18695640479325681
hyperliquid,XRP,20250817,5000,423,0.2518843087358566,-0.42972093587366256,-0.17783662713780596
hyperliquid,XRP,20250817,10000,329,0.2534836595132913,-0.20409802242857225,0.04938563708471906
hyperliquid,XRP,20250818,100,1950,0.2438172438483779,-0.7913588937152158,-0.5475416498668381
hyperliquid,XRP,20250818,250,1943,0.24350031938987204,-0.7781184488630892,-0.5346181294732172
hyperliquid,XRP,20250818,500,1839,0.2481690800663311,-0.7069653125985919,-0.4587962325322608
hyperliquid,XRP,20250818,1000,1476,0.30457140451799425,-0.8719988791061967,-0.5674274745882023
hyperliquid,XRP,20250818,2000,1120,0.3162082738742896,-0.8389380856731564,-0.5227298117988669
hyperliquid,XRP,20250818,5000,756,0.29517859956562387,-0.7492160876345263,-0.45403748806890243
hyperliquid,XRP,20250818,10000,554,0.3243232081252182,-0.4878714575936166,-0.16354824946839835
hyperliquid,XRP,20250819,100,2086,0.23901546495695963,-0.4074569085601906,-0.168441443603231
hyperliquid,XRP,20250819,250,2084,0.23861642510696926,-0.3948572671495655,-0.15624084204259622
hyperliquid,XRP,20250819,500,1947,0.2490795598667481,-0.4161305271840636,-0.16705096731731567
hyperliquid,XRP,20250819,1000,1546,0.3060604389685445,-0.49710668119878443,-0.1910462422302398
hyperliquid,XRP,20250819,2000,1198,0.3274268634702299,-0.39792169537428634,-0.07049483190405637
hyperliquid,XRP,20250819,5000,776,0.31287690411015046,-0.4480462098312621,-0.13516930572111144
hyperliquid,XRP,20250819,10000,578,0.3126721480326046,-0.3864355611099866,-0.07376341307738203
hyperliquid,XRP,20250820,100,1658,0.24542643934454061,-0.35887473997012886,-0.11344830062558825
hyperliquid,XRP,20250820,250,1657,0.24547012619740372,-0.3571241102477145,-0.11165398405031082
hyperliquid,XRP,20250820,500,1546,0.2554862985311221,-0.3934568268193703,-0.13797052828824824
hyperliquid,XRP,20250820,1000,1195,0.30757794001666666,-0.5347006410082286,-0.22712270099156193
hyperliquid,XRP,20250820,2000,923,0.3056709307460015,-0.41451346348413665,-0.10884253273813503
hyperliquid,XRP,20250820,5000,635,0.3236304833878689,-0.3735102941098772,-0.04987981072200825
hyperliquid,XRP,20250820,10000,422,0.3155279124709116,-0.1818023786860408,0.13372553378487084
